id,cases,file_name,file_id,data_type,data_category,experimental_strategy
b02c0043-1771-4b91-81af-a921f4bfd0ae,"[{'case_id': '878f975b-94fd-4d69-b7e7-1ed3ac2ee438', 'submitter_id': 'TCGA-BH-A18H'}]",5da2d9f8-b6db-4bda-b550-900c237e58dc.wxs.Pindel.aliquot.maf.gz,b02c0043-1771-4b91-81af-a921f4bfd0ae,Annotated Somatic Mutation,Simple Nucleotide Variation,WXS
d18318e6-8606-4c10-93c3-92b2a174821a,"[{'case_id': '878f975b-94fd-4d69-b7e7-1ed3ac2ee438', 'submitter_id': 'TCGA-BH-A18H'}]",ba78649a-774b-4db2-843b-4532e9666b82.wgs.gatk4.copy_number_variation.supplementary.tar.gz,d18318e6-8606-4c10-93c3-92b2a174821a,Intermediate Analysis Archive,Copy Number Variation,WGS
16276c0a-480c-4dff-82b7-737e02012e9f,"[{'case_id': '878f975b-94fd-4d69-b7e7-1ed3ac2ee438', 'submitter_id': 'TCGA-BH-A18H'}]",277ef499-3b0f-429e-a5fd-b63b59ce731f.mirbase21.isoforms.quantification.txt,16276c0a-480c-4dff-82b7-737e02012e9f,Isoform Expression Quantification,Transcriptome Profiling,miRNA-Seq
8b3b91ce-1493-4372-b58e-21a72131491c,"[{'case_id': '878f975b-94fd-4d69-b7e7-1ed3ac2ee438', 'submitter_id': 'TCGA-BH-A18H'}]",d3c1b990-aae2-45f8-be28-8ccd192a0fab_wxs_gdc_realn.bam,8b3b91ce-1493-4372-b58e-21a72131491c,Aligned Reads,Sequencing Reads,WXS
eab43ec9-2092-4e6d-a2c3-9134dcfe11bd,"[{'case_id': '878f975b-94fd-4d69-b7e7-1ed3ac2ee438', 'submitter_id': 'TCGA-BH-A18H'}]",HITCH_p_TCGASNP_b93_N_GenomeWideSNP_6_F09_741494.nocnv_grch38.seg.v2.txt,eab43ec9-2092-4e6d-a2c3-9134dcfe11bd,Masked Copy Number Segment,Copy Number Variation,Genotyping Array
45b85a68-517c-4c71-86fe-5dd4f82f2324,"[{'case_id': '878f975b-94fd-4d69-b7e7-1ed3ac2ee438', 'submitter_id': 'TCGA-BH-A18H'}]",a3dad6d1-c405-4458-b5d2-63da84596781_noid_Grn.idat,45b85a68-517c-4c71-86fe-5dd4f82f2324,Masked Intensities,DNA Methylation,Methylation Array
b1f6fb10-406c-440a-bf58-4ac21156930b,"[{'case_id': '878f975b-94fd-4d69-b7e7-1ed3ac2ee438', 'submitter_id': 'TCGA-BH-A18H'}]",TCGA-BRCA.cdcbf3a0-b1eb-4a63-b669-f7a6438c6902.ascat3.allelic_specific.seg.txt,b1f6fb10-406c-440a-bf58-4ac21156930b,Allele-specific Copy Number Segment,Copy Number Variation,Genotyping Array
d9f99e77-4336-4c90-840c-045209575af3,"[{'case_id': '878f975b-94fd-4d69-b7e7-1ed3ac2ee438', 'submitter_id': 'TCGA-BH-A18H'}]",58aeeac6-81bc-42a9-b5b9-10b84cf5978d.wxs.MuSE.aliquot.maf.gz,d9f99e77-4336-4c90-840c-045209575af3,Annotated Somatic Mutation,Simple Nucleotide Variation,WXS
ec5079b6-cfcd-42c8-bb1a-f96852e00d51,"[{'case_id': '878f975b-94fd-4d69-b7e7-1ed3ac2ee438', 'submitter_id': 'TCGA-BH-A18H'}]",TCGA-BRCA.cdcbf3a0-b1eb-4a63-b669-f7a6438c6902.ascat2.allelic_specific.seg.txt,ec5079b6-cfcd-42c8-bb1a-f96852e00d51,Allele-specific Copy Number Segment,Copy Number Variation,Genotyping Array
cb2ad5de-d456-461c-b495-1f7342ebe6b6,"[{'case_id': '878f975b-94fd-4d69-b7e7-1ed3ac2ee438', 'submitter_id': 'TCGA-BH-A18H'}]",HITCH_p_TCGASNP_b93_N_GenomeWideSNP_6_C12_741462.birdseed.data.txt,cb2ad5de-d456-461c-b495-1f7342ebe6b6,Simple Germline Variation,Simple Nucleotide Variation,Genotyping Array
a921446c-8e5b-4214-8094-d96cc48889b8,"[{'case_id': '878f975b-94fd-4d69-b7e7-1ed3ac2ee438', 'submitter_id': 'TCGA-BH-A18H'}]",HITCH_p_TCGASNP_b93_N_GenomeWideSNP_6_C12_741462.nocnv_grch38.seg.v2.txt,a921446c-8e5b-4214-8094-d96cc48889b8,Masked Copy Number Segment,Copy Number Variation,Genotyping Array
8e00d994-44f0-454e-9aaa-be1ea06cf32b,"[{'case_id': '878f975b-94fd-4d69-b7e7-1ed3ac2ee438', 'submitter_id': 'TCGA-BH-A18H'}]",HITCH_p_TCGASNP_b93_N_GenomeWideSNP_6_F09_741494.CEL,8e00d994-44f0-454e-9aaa-be1ea06cf32b,Raw Intensities,Copy Number Variation,Genotyping Array
0c436722-7fb6-4578-b95c-8eb3c8569d2e,"[{'case_id': '878f975b-94fd-4d69-b7e7-1ed3ac2ee438', 'submitter_id': 'TCGA-BH-A18H'}]",TCGA_BRCA.11b93b92-eea3-4599-9c2e-c15506f04648.wxs.Pindel.somatic_annotation.vcf.gz,0c436722-7fb6-4578-b95c-8eb3c8569d2e,Annotated Somatic Mutation,Simple Nucleotide Variation,WXS
7daca2fc-d41f-4888-af9c-44cecac8ee17,"[{'case_id': '878f975b-94fd-4d69-b7e7-1ed3ac2ee438', 'submitter_id': 'TCGA-BH-A18H'}]",nationwidechildrens.org_ssf.TCGA-BH-A18H.xml,7daca2fc-d41f-4888-af9c-44cecac8ee17,Biospecimen Supplement,Biospecimen,
a99f52cc-dff7-461d-b7e8-caa7be75df6a,"[{'case_id': '878f975b-94fd-4d69-b7e7-1ed3ac2ee438', 'submitter_id': 'TCGA-BH-A18H'}]",a582f851-94c7-499e-8f52-ef2c645b3be9.somatic.SV.bedpe,a99f52cc-dff7-461d-b7e8-caa7be75df6a,Structural Rearrangement,Structural Variation,WGS
2d4f48cf-f74d-4a19-b79f-b59cc5e1b9de,"[{'case_id': '878f975b-94fd-4d69-b7e7-1ed3ac2ee438', 'submitter_id': 'TCGA-BH-A18H'}]",c5d5a4be-7df1-4e62-9f6d-bf81c43830f8.wxs.mutect2.raw_somatic_mutation.vcf.gz,2d4f48cf-f74d-4a19-b79f-b59cc5e1b9de,Raw Simple Somatic Mutation,Simple Nucleotide Variation,WXS
de146eff-a6de-4701-b884-443488b6c865,"[{'case_id': '878f975b-94fd-4d69-b7e7-1ed3ac2ee438', 'submitter_id': 'TCGA-BH-A18H'}]",94027f46-390c-4dda-ab89-cb1ac0a291cd.rna_seq.transcriptome.gdc_realn.bam,de146eff-a6de-4701-b884-443488b6c865,Aligned Reads,Sequencing Reads,RNA-Seq
6704f5b8-2a41-454f-a561-4b289f8c34b2,"[{'case_id': '878f975b-94fd-4d69-b7e7-1ed3ac2ee438', 'submitter_id': 'TCGA-BH-A18H'}]",56e45106-ff44-40ed-b7e3-8e7c4d1a7b71.somatic.SV.bedpe,6704f5b8-2a41-454f-a561-4b289f8c34b2,Structural Rearrangement,Somatic Structural Variation,WGS
0fb99af0-710b-41a3-985d-01c956e45107,"[{'case_id': '878f975b-94fd-4d69-b7e7-1ed3ac2ee438', 'submitter_id': 'TCGA-BH-A18H'}]",TCGA_BRCA.b50042e4-d160-4bc9-85f1-ba08d7673666.wxs.MuSE.somatic_annotation.vcf.gz,0fb99af0-710b-41a3-985d-01c956e45107,Annotated Somatic Mutation,Simple Nucleotide Variation,WXS
3830a05a-a4ec-4b6c-942b-2e2a333482b8,"[{'case_id': '878f975b-94fd-4d69-b7e7-1ed3ac2ee438', 'submitter_id': 'TCGA-BH-A18H'}]",nationwidechildrens.org_biospecimen.TCGA-BH-A18H.xml,3830a05a-a4ec-4b6c-942b-2e2a333482b8,Biospecimen Supplement,Biospecimen,
afbaf5e2-aed7-4e48-9434-2d33c782f2cb,"[{'case_id': '878f975b-94fd-4d69-b7e7-1ed3ac2ee438', 'submitter_id': 'TCGA-BH-A18H'}]",c5d5a4be-7df1-4e62-9f6d-bf81c43830f8.wxs.muse.raw_somatic_mutation.vcf.gz,afbaf5e2-aed7-4e48-9434-2d33c782f2cb,Raw Simple Somatic Mutation,Simple Nucleotide Variation,WXS
62c32125-507f-4672-b9e3-c13d7608a0f2,"[{'case_id': '878f975b-94fd-4d69-b7e7-1ed3ac2ee438', 'submitter_id': 'TCGA-BH-A18H'}]",TCGA-BH-A18H.DF536409-601F-489B-9F8A-A2B372BF9999.PDF,62c32125-507f-4672-b9e3-c13d7608a0f2,Pathology Report,Clinical,
8e88d951-8151-4b4e-a494-e3d8f907ccda,"[{'case_id': '878f975b-94fd-4d69-b7e7-1ed3ac2ee438', 'submitter_id': 'TCGA-BH-A18H'}]",TCGA-BRCA.cdcbf3a0-b1eb-4a63-b669-f7a6438c6902.absolute_liftover.gene_level_copy_number.v36.tsv,8e88d951-8151-4b4e-a494-e3d8f907ccda,Gene Level Copy Number,Copy Number Variation,Genotyping Array
8f110ef6-9332-4fb9-a95c-9ffab1f53cb1,"[{'case_id': '878f975b-94fd-4d69-b7e7-1ed3ac2ee438', 'submitter_id': 'TCGA-BH-A18H'}]",TCGA-BH-A18H-01A-11D-A895-36.WholeGenome.RP-1657.bam,8f110ef6-9332-4fb9-a95c-9ffab1f53cb1,Aligned Reads,Sequencing Reads,WGS
3a58b381-4a5c-48c3-9ca3-cf822f30af21,"[{'case_id': '878f975b-94fd-4d69-b7e7-1ed3ac2ee438', 'submitter_id': 'TCGA-BH-A18H'}]",ac832a8b-83de-4fc4-aafa-a9289c338f13.wxs.MuTect2.aliquot.maf.gz,3a58b381-4a5c-48c3-9ca3-cf822f30af21,Annotated Somatic Mutation,Simple Nucleotide Variation,WXS
ee89e7ea-b2ef-4064-91b3-3222cfe00e85,"[{'case_id': '878f975b-94fd-4d69-b7e7-1ed3ac2ee438', 'submitter_id': 'TCGA-BH-A18H'}]",HITCH_p_TCGASNP_b93_N_GenomeWideSNP_6_C12_741462.CEL,ee89e7ea-b2ef-4064-91b3-3222cfe00e85,Raw Intensities,Copy Number Variation,Genotyping Array
6dd43709-60a7-481d-9748-03c2d248f0b6,"[{'case_id': '878f975b-94fd-4d69-b7e7-1ed3ac2ee438', 'submitter_id': 'TCGA-BH-A18H'}]",nationwidechildrens.org_omf.TCGA-BH-A18H.xml,6dd43709-60a7-481d-9748-03c2d248f0b6,Clinical Supplement,Clinical,
744a6d3d-b666-49aa-8d26-47f34e3d1eb5,"[{'case_id': '878f975b-94fd-4d69-b7e7-1ed3ac2ee438', 'submitter_id': 'TCGA-BH-A18H'}]",94027f46-390c-4dda-ab89-cb1ac0a291cd.rna_seq.augmented_star_gene_counts.tsv,744a6d3d-b666-49aa-8d26-47f34e3d1eb5,Gene Expression Quantification,Transcriptome Profiling,RNA-Seq
0e14a024-d7be-48ca-9aa4-8ce915a584e9,"[{'case_id': '878f975b-94fd-4d69-b7e7-1ed3ac2ee438', 'submitter_id': 'TCGA-BH-A18H'}]",277ef499-3b0f-429e-a5fd-b63b59ce731f.mirbase21.mirnas.quantification.txt,0e14a024-d7be-48ca-9aa4-8ce915a584e9,miRNA Expression Quantification,Transcriptome Profiling,miRNA-Seq
73932a9e-1dd3-4875-b50f-a1f490fc8540,"[{'case_id': '878f975b-94fd-4d69-b7e7-1ed3ac2ee438', 'submitter_id': 'TCGA-BH-A18H'}]",HITCH_p_TCGASNP_b93_N_GenomeWideSNP_6_C12_741462.grch38.seg.v2.txt,73932a9e-1dd3-4875-b50f-a1f490fc8540,Copy Number Segment,Copy Number Variation,Genotyping Array
427165b3-4ee6-4295-9eb7-fd8a78a0e96a,"[{'case_id': '878f975b-94fd-4d69-b7e7-1ed3ac2ee438', 'submitter_id': 'TCGA-BH-A18H'}]",HITCH_p_TCGASNP_b93_N_GenomeWideSNP_6_F09_741494.birdseed.data.txt,427165b3-4ee6-4295-9eb7-fd8a78a0e96a,Simple Germline Variation,Simple Nucleotide Variation,Genotyping Array
e485e192-ded2-4274-b773-1f817cd6df90,"[{'case_id': '878f975b-94fd-4d69-b7e7-1ed3ac2ee438', 'submitter_id': 'TCGA-BH-A18H'}]",TCGA-BRCA.cdcbf3a0-b1eb-4a63-b669-f7a6438c6902.ascat3.gene_level_copy_number.v36.tsv,e485e192-ded2-4274-b773-1f817cd6df90,Gene Level Copy Number,Copy Number Variation,Genotyping Array
8d77ccc3-2349-4c8d-be61-bc18152d2ac0,"[{'case_id': '878f975b-94fd-4d69-b7e7-1ed3ac2ee438', 'submitter_id': 'TCGA-BH-A18H'}]",TCGA-BH-A18H-01A-11R-A12C-13_mirna_gdc_realn.bam,8d77ccc3-2349-4c8d-be61-bc18152d2ac0,Aligned Reads,Sequencing Reads,miRNA-Seq
495ab2ae-0286-4d87-8c7b-4d4af7eded01,"[{'case_id': '878f975b-94fd-4d69-b7e7-1ed3ac2ee438', 'submitter_id': 'TCGA-BH-A18H'}]",TCGA-BH-A18H-01A-01-TSA.75dba5a3-f9f5-4ff4-814c-7d2451820e03.svs,495ab2ae-0286-4d87-8c7b-4d4af7eded01,Slide Image,Biospecimen,Tissue Slide
d4056ea4-e306-4aba-9da1-64940d151a67,"[{'case_id': '878f975b-94fd-4d69-b7e7-1ed3ac2ee438', 'submitter_id': 'TCGA-BH-A18H'}]",TCGA_BRCA.705f76c8-1528-4a60-aac0-b46a97e7c428.wgs.VarScan2.somatic_annotation.vcf.gz,d4056ea4-e306-4aba-9da1-64940d151a67,Annotated Somatic Mutation,Simple Nucleotide Variation,WGS
07f3d456-b741-4de0-ae75-7c9cc10e2abf,"[{'case_id': '878f975b-94fd-4d69-b7e7-1ed3ac2ee438', 'submitter_id': 'TCGA-BH-A18H'}]",94027f46-390c-4dda-ab89-cb1ac0a291cd.rna_seq.genomic.gdc_realn.bam,07f3d456-b741-4de0-ae75-7c9cc10e2abf,Aligned Reads,Sequencing Reads,RNA-Seq
cf8a9d2e-0967-453d-9de9-8140b1d4afda,"[{'case_id': '878f975b-94fd-4d69-b7e7-1ed3ac2ee438', 'submitter_id': 'TCGA-BH-A18H'}]",a3dad6d1-c405-4458-b5d2-63da84596781.methylation_array.sesame.level3betas.txt,cf8a9d2e-0967-453d-9de9-8140b1d4afda,Methylation Beta Value,DNA Methylation,Methylation Array
83234788-6611-4902-89da-e847c40739b3,"[{'case_id': '878f975b-94fd-4d69-b7e7-1ed3ac2ee438', 'submitter_id': 'TCGA-BH-A18H'}]",nationwidechildrens.org_clinical.TCGA-BH-A18H.xml,83234788-6611-4902-89da-e847c40739b3,Clinical Supplement,Clinical,
ed0ea641-a2dc-4368-9c82-bf2833a99f10,"[{'case_id': '878f975b-94fd-4d69-b7e7-1ed3ac2ee438', 'submitter_id': 'TCGA-BH-A18H'}]",a582f851-94c7-499e-8f52-ef2c645b3be9.svaba.somatic.sv.vcf.gz,ed0ea641-a2dc-4368-9c82-bf2833a99f10,Structural Rearrangement,Somatic Structural Variation,WGS
abea0766-d7d3-4763-b329-815b9237b676,"[{'case_id': '878f975b-94fd-4d69-b7e7-1ed3ac2ee438', 'submitter_id': 'TCGA-BH-A18H'}]",f1867c9b-0242-44f1-b25c-58e6e6abf877.wxs.VarScan2.aliquot.maf.gz,abea0766-d7d3-4763-b329-815b9237b676,Annotated Somatic Mutation,Simple Nucleotide Variation,WXS
fb319d50-23ab-4c2b-9981-d296fdeeb983,"[{'case_id': '878f975b-94fd-4d69-b7e7-1ed3ac2ee438', 'submitter_id': 'TCGA-BH-A18H'}]",01d89297-2636-4115-bfcf-993e9523401e.wxs.aliquot_ensemble_masked.maf.gz,fb319d50-23ab-4c2b-9981-d296fdeeb983,Masked Somatic Mutation,Simple Nucleotide Variation,WXS
fd8eb4e3-6741-4bfc-8e7e-24bd4d68e059,"[{'case_id': 'e4fc0909-f284-4471-866d-d8967b6adcbc', 'submitter_id': 'TCGA-E2-A14P'}]",TCGA-BRCA.32d3f1cd-077f-43bf-843e-1fe9f0ec0cba.gene_level_copy_number.v36.tsv,fd8eb4e3-6741-4bfc-8e7e-24bd4d68e059,Gene Level Copy Number,Copy Number Variation,Genotyping Array
5d6896af-ff76-4dd2-b3f1-0a96e888ff40,"[{'case_id': 'e4fc0909-f284-4471-866d-d8967b6adcbc', 'submitter_id': 'TCGA-E2-A14P'}]",HITCH_p_TCGASNP_b93_N_GenomeWideSNP_6_A10_741498.nocnv_grch38.seg.v2.txt,5d6896af-ff76-4dd2-b3f1-0a96e888ff40,Masked Copy Number Segment,Copy Number Variation,Genotyping Array
b2b5700f-bbea-4a7b-bdeb-986e3c833c8f,"[{'case_id': 'e4fc0909-f284-4471-866d-d8967b6adcbc', 'submitter_id': 'TCGA-E2-A14P'}]",TCGA-BRCA.32d3f1cd-077f-43bf-843e-1fe9f0ec0cba.ascat3.allelic_specific.seg.txt,b2b5700f-bbea-4a7b-bdeb-986e3c833c8f,Allele-specific Copy Number Segment,Copy Number Variation,Genotyping Array
d4dad058-dcf9-4de6-98aa-54455e05b6c6,"[{'case_id': 'e4fc0909-f284-4471-866d-d8967b6adcbc', 'submitter_id': 'TCGA-E2-A14P'}]",TCGA-BRCA.c90f9072-1f7c-4943-aad4-6a77b83803a8.wgs.tumor_normal.gatk4_mutect2.raw_somatic_mutation.vcf.gz,d4dad058-dcf9-4de6-98aa-54455e05b6c6,Raw Simple Somatic Mutation,Simple Nucleotide Variation,WGS
9181a982-ccbb-4635-b1c7-0d112936490e,"[{'case_id': 'e4fc0909-f284-4471-866d-d8967b6adcbc', 'submitter_id': 'TCGA-E2-A14P'}]",TCGA-BRCA.a9893b4c-4ce5-40e1-9253-9b8e3663592f.star_fusion.rna_fusion.tsv,9181a982-ccbb-4635-b1c7-0d112936490e,Transcript Fusion,Structural Variation,RNA-Seq
2ad08459-a1f3-46fc-b1be-123fef22c511,"[{'case_id': 'e4fc0909-f284-4471-866d-d8967b6adcbc', 'submitter_id': 'TCGA-E2-A14P'}]",063bf8e3-5656-4dcd-a2dc-49b4864c57c9.wxs.muse.raw_somatic_mutation.vcf.gz,2ad08459-a1f3-46fc-b1be-123fef22c511,Raw Simple Somatic Mutation,Simple Nucleotide Variation,WXS
75242f37-07d6-4114-90fc-948efec008e3,"[{'case_id': 'e4fc0909-f284-4471-866d-d8967b6adcbc', 'submitter_id': 'TCGA-E2-A14P'}]",063bf8e3-5656-4dcd-a2dc-49b4864c57c9.wxs.mutect2.raw_somatic_mutation.vcf.gz,75242f37-07d6-4114-90fc-948efec008e3,Raw Simple Somatic Mutation,Simple Nucleotide Variation,WXS
d2d96dab-762b-440b-b456-d667f2e0590a,"[{'case_id': 'e4fc0909-f284-4471-866d-d8967b6adcbc', 'submitter_id': 'TCGA-E2-A14P'}]",df45fb41-4511-4dab-b865-fcdfcda0400a.rna_seq.chimeric.gdc_realn.bam,d2d96dab-762b-440b-b456-d667f2e0590a,Aligned Reads,Sequencing Reads,RNA-Seq
46c798c3-a30c-44c1-bb9b-20a0534d6074,"[{'case_id': 'e4fc0909-f284-4471-866d-d8967b6adcbc', 'submitter_id': 'TCGA-E2-A14P'}]",TCGA-BRCA.32d3f1cd-077f-43bf-843e-1fe9f0ec0cba.ascat2.allelic_specific.seg.txt,46c798c3-a30c-44c1-bb9b-20a0534d6074,Allele-specific Copy Number Segment,Copy Number Variation,Genotyping Array
1446bcc5-5d0f-4458-8ba8-96502aab2601,"[{'case_id': 'e4fc0909-f284-4471-866d-d8967b6adcbc', 'submitter_id': 'TCGA-E2-A14P'}]",TCGA_BRCA.47ecc5cf-3699-444c-b80c-b43519c3e607.wxs.MuSE.somatic_annotation.vcf.gz,1446bcc5-5d0f-4458-8ba8-96502aab2601,Annotated Somatic Mutation,Simple Nucleotide Variation,WXS
4730b23e-aea1-49a2-ba63-2231fd88b592,"[{'case_id': 'e4fc0909-f284-4471-866d-d8967b6adcbc', 'submitter_id': 'TCGA-E2-A14P'}]",TCGA-E2-A14P-01Z-00-DX1.663B02FF-C64B-41A6-8685-FD61CD76F9C6.svs,4730b23e-aea1-49a2-ba63-2231fd88b592,Slide Image,Biospecimen,Diagnostic Slide
ba0f6207-5df5-4ae9-9e46-2f6723143fe2,"[{'case_id': 'e4fc0909-f284-4471-866d-d8967b6adcbc', 'submitter_id': 'TCGA-E2-A14P'}]",e7998511-28bb-40dd-b034-b09763b3d011.somatic.SV.bedpe,ba0f6207-5df5-4ae9-9e46-2f6723143fe2,Structural Rearrangement,Somatic Structural Variation,WGS
2d64ac7d-1a25-48bc-82f2-2961d7b7d8e4,"[{'case_id': 'e4fc0909-f284-4471-866d-d8967b6adcbc', 'submitter_id': 'TCGA-E2-A14P'}]",TCGA_BRCA.3a9dcb1c-1e1d-4f52-962c-bff8660868ff.wgs.GATK4_MuTect2_Pair.somatic_annotation.vcf.gz,2d64ac7d-1a25-48bc-82f2-2961d7b7d8e4,Annotated Somatic Mutation,Simple Nucleotide Variation,WGS
ad5486ed-513a-4603-9601-495b81ad933e,"[{'case_id': 'e4fc0909-f284-4471-866d-d8967b6adcbc', 'submitter_id': 'TCGA-E2-A14P'}]",TCGA-BRCA.a512c4d2-1c90-4f77-aabc-c0e1bc442a4b.wgs.varscan2.raw_somatic_mutation.vcf.gz,ad5486ed-513a-4603-9601-495b81ad933e,Raw Simple Somatic Mutation,Simple Nucleotide Variation,WGS
f7957492-ec34-4c71-9f33-6adce8461031,"[{'case_id': 'e4fc0909-f284-4471-866d-d8967b6adcbc', 'submitter_id': 'TCGA-E2-A14P'}]",6c9a1c25-7676-4c89-88a7-64d4e1d091c1.wgs.gatk4.copy_number_variation.supplementary.tar.gz,f7957492-ec34-4c71-9f33-6adce8461031,Intermediate Analysis Archive,Copy Number Variation,WGS
655c497e-2a84-43f1-8e1a-2f7214b21e4d,"[{'case_id': 'e4fc0909-f284-4471-866d-d8967b6adcbc', 'submitter_id': 'TCGA-E2-A14P'}]",TCGA_BRCA.2c40d3ea-6f77-44a6-8fa3-ede4eb5147be.wgs.VarScan2.somatic_annotation.vcf.gz,655c497e-2a84-43f1-8e1a-2f7214b21e4d,Annotated Somatic Mutation,Simple Nucleotide Variation,WGS
553b4690-ab00-465f-9dc6-38bfeb4832be,"[{'case_id': 'e4fc0909-f284-4471-866d-d8967b6adcbc', 'submitter_id': 'TCGA-E2-A14P'}]",TCGA-E2-A14P-01A-31D-A895-36.WholeGenome.RP-1657.bam,553b4690-ab00-465f-9dc6-38bfeb4832be,Aligned Reads,Sequencing Reads,WGS
ad72243d-a477-4138-a970-6ca4c221db46,"[{'case_id': 'e4fc0909-f284-4471-866d-d8967b6adcbc', 'submitter_id': 'TCGA-E2-A14P'}]",ddf38d71-5acf-4b09-9796-d26fa1089daa_wxs_gdc_realn.bam,ad72243d-a477-4138-a970-6ca4c221db46,Aligned Reads,Sequencing Reads,WXS
c3802561-995a-4e8a-98c6-2562737c69ec,"[{'case_id': 'e4fc0909-f284-4471-866d-d8967b6adcbc', 'submitter_id': 'TCGA-E2-A14P'}]",TCGA-E2-A14P-01A-31R-A12C-13_mirna_gdc_realn.bam,c3802561-995a-4e8a-98c6-2562737c69ec,Aligned Reads,Sequencing Reads,miRNA-Seq
3278c6b5-a534-43e0-9ceb-4aea95d27b94,"[{'case_id': 'e4fc0909-f284-4471-866d-d8967b6adcbc', 'submitter_id': 'TCGA-E2-A14P'}]",TCGA_BRCA.37c3d798-87df-4381-a8be-9067b48aff31.wgs.VarScan2.somatic_annotation.vcf.gz,3278c6b5-a534-43e0-9ceb-4aea95d27b94,Annotated Somatic Mutation,Simple Nucleotide Variation,WGS
83c653fe-99a4-4f16-b22e-22cd09182655,"[{'case_id': 'e4fc0909-f284-4471-866d-d8967b6adcbc', 'submitter_id': 'TCGA-E2-A14P'}]",df45fb41-4511-4dab-b865-fcdfcda0400a.rna_seq.genomic.gdc_realn.bam,83c653fe-99a4-4f16-b22e-22cd09182655,Aligned Reads,Sequencing Reads,RNA-Seq
8ec31b5f-bb8d-4c61-aac5-3204b66e81e2,"[{'case_id': 'e4fc0909-f284-4471-866d-d8967b6adcbc', 'submitter_id': 'TCGA-E2-A14P'}]",a9c72a75-2d8b-4f11-8af0-8cfed17e0ec4.mirbase21.isoforms.quantification.txt,8ec31b5f-bb8d-4c61-aac5-3204b66e81e2,Isoform Expression Quantification,Transcriptome Profiling,miRNA-Seq
4b6479ec-f045-4bcd-b61c-700e67785acf,"[{'case_id': 'e4fc0909-f284-4471-866d-d8967b6adcbc', 'submitter_id': 'TCGA-E2-A14P'}]",TCGA_BRCA.55f54a8f-4582-473b-9446-c621bc696663.wxs.Pindel.somatic_annotation.vcf.gz,4b6479ec-f045-4bcd-b61c-700e67785acf,Annotated Somatic Mutation,Simple Nucleotide Variation,WXS
4a32101d-5819-4b48-a919-e137f2884b81,"[{'case_id': 'e4fc0909-f284-4471-866d-d8967b6adcbc', 'submitter_id': 'TCGA-E2-A14P'}]",HITCH_p_TCGASNP_b93_N_GenomeWideSNP_6_A10_741498.CEL,4a32101d-5819-4b48-a919-e137f2884b81,Raw Intensities,Copy Number Variation,Genotyping Array
d9cdb49b-a186-4a8c-99cb-6b79cc3bed51,"[{'case_id': 'e4fc0909-f284-4471-866d-d8967b6adcbc', 'submitter_id': 'TCGA-E2-A14P'}]",81c76576-e96e-40c0-bbed-ad69ce8fdcb3.wxs.VarScan2.aliquot.maf.gz,d9cdb49b-a186-4a8c-99cb-6b79cc3bed51,Annotated Somatic Mutation,Simple Nucleotide Variation,WXS
4ecc1f1a-8ff4-4552-a5e8-7a9652b6d1d5,"[{'case_id': 'e4fc0909-f284-4471-866d-d8967b6adcbc', 'submitter_id': 'TCGA-E2-A14P'}]",df45fb41-4511-4dab-b865-fcdfcda0400a.rna_seq.augmented_star_gene_counts.tsv,4ecc1f1a-8ff4-4552-a5e8-7a9652b6d1d5,Gene Expression Quantification,Transcriptome Profiling,RNA-Seq
6984b085-3858-4b32-808d-a2e7b8dfc99b,"[{'case_id': 'e4fc0909-f284-4471-866d-d8967b6adcbc', 'submitter_id': 'TCGA-E2-A14P'}]",74b57d2c-a83f-4798-b86b-a533975e4cc0_wgs_gdc_realn.cr.igv.reheader.seg.txt,6984b085-3858-4b32-808d-a2e7b8dfc99b,Copy Number Segment,Copy Number Variation,WGS
85928f67-a208-4573-9b18-2771b5a7aa96,"[{'case_id': 'e4fc0909-f284-4471-866d-d8967b6adcbc', 'submitter_id': 'TCGA-E2-A14P'}]",ac6d1baf-0724-4c40-a28f-4c9f7f6c5437.wxs.pindel.raw_somatic_mutation.vcf.gz,85928f67-a208-4573-9b18-2771b5a7aa96,Raw Simple Somatic Mutation,Simple Nucleotide Variation,WXS
8c980e31-3eab-4d71-8b19-9be213a8765a,"[{'case_id': 'e4fc0909-f284-4471-866d-d8967b6adcbc', 'submitter_id': 'TCGA-E2-A14P'}]",TCGA-BRCA.a9893b4c-4ce5-40e1-9253-9b8e3663592f.star_fusion.rna_fusion.bedpe,8c980e31-3eab-4d71-8b19-9be213a8765a,Transcript Fusion,Structural Variation,RNA-Seq
2c2acb21-606f-4816-a2f7-e69508b4cf99,"[{'case_id': 'e4fc0909-f284-4471-866d-d8967b6adcbc', 'submitter_id': 'TCGA-E2-A14P'}]",nationwidechildrens.org_clinical.TCGA-E2-A14P.xml,2c2acb21-606f-4816-a2f7-e69508b4cf99,Clinical Supplement,Clinical,
200ca531-2fbb-491e-92a6-2694ba7b8074,"[{'case_id': 'e4fc0909-f284-4471-866d-d8967b6adcbc', 'submitter_id': 'TCGA-E2-A14P'}]",TCGA-BRCA.b0b3a721-2fa3-4a3a-a1fb-863493a91170.arriba.rna_fusion.tsv,200ca531-2fbb-491e-92a6-2694ba7b8074,Transcript Fusion,Structural Variation,RNA-Seq
94337200-7df9-470b-8030-af47b1f37ca5,"[{'case_id': 'e4fc0909-f284-4471-866d-d8967b6adcbc', 'submitter_id': 'TCGA-E2-A14P'}]",063bf8e3-5656-4dcd-a2dc-49b4864c57c9.wxs.varscan2.raw_somatic_mutation.vcf.gz,94337200-7df9-470b-8030-af47b1f37ca5,Raw Simple Somatic Mutation,Simple Nucleotide Variation,WXS
08104942-1ebb-4c07-9b39-cdeb1a7bcf85,"[{'case_id': 'e4fc0909-f284-4471-866d-d8967b6adcbc', 'submitter_id': 'TCGA-E2-A14P'}]",TCGA-E2-A14P.FD8CDFD9-6DCF-4CE1-9BB1-A7FF568EE53C.PDF,08104942-1ebb-4c07-9b39-cdeb1a7bcf85,Pathology Report,Clinical,
a00dc202-205a-4523-8ede-39404e5f82d8,"[{'case_id': 'e4fc0909-f284-4471-866d-d8967b6adcbc', 'submitter_id': 'TCGA-E2-A14P'}]",TCGA_BRCA.161a2bd2-beed-48bb-9f0b-6271761a1c96.wxs.VarScan2.somatic_annotation.vcf.gz,a00dc202-205a-4523-8ede-39404e5f82d8,Annotated Somatic Mutation,Simple Nucleotide Variation,WXS
0fa8645e-887c-4ae3-8932-8c8f984183ed,"[{'case_id': 'e4fc0909-f284-4471-866d-d8967b6adcbc', 'submitter_id': 'TCGA-E2-A14P'}]",TCGA_BRCA.f0d2100e-e24b-4e95-b34f-19d2e2131639.wxs.MuTect2.somatic_annotation.vcf.gz,0fa8645e-887c-4ae3-8932-8c8f984183ed,Annotated Somatic Mutation,Simple Nucleotide Variation,WXS
85c8efa9-c2aa-45e3-9bfe-2d12c889009e,"[{'case_id': 'e4fc0909-f284-4471-866d-d8967b6adcbc', 'submitter_id': 'TCGA-E2-A14P'}]",df45fb41-4511-4dab-b865-fcdfcda0400a.rna_seq.star_splice_junctions.tsv.gz,85c8efa9-c2aa-45e3-9bfe-2d12c889009e,Splice Junction Quantification,Transcriptome Profiling,RNA-Seq
9f55d2eb-bcd6-4ff6-a9e3-6e7fc602c4cb,"[{'case_id': 'e4fc0909-f284-4471-866d-d8967b6adcbc', 'submitter_id': 'TCGA-E2-A14P'}]",TCGA-E2-A14P-01A-31D-A895-36.WholeGenome.RP-1657.cr.igv.reheader.seg.txt,9f55d2eb-bcd6-4ff6-a9e3-6e7fc602c4cb,Copy Number Segment,Copy Number Variation,WGS
50f51f43-981b-48cb-80af-bd7ade6587a1,"[{'case_id': 'e4fc0909-f284-4471-866d-d8967b6adcbc', 'submitter_id': 'TCGA-E2-A14P'}]",19d539d7-e9ed-42c4-b374-e8cd4798b30e_noid_Grn.idat,50f51f43-981b-48cb-80af-bd7ade6587a1,Masked Intensities,DNA Methylation,Methylation Array
2dad7f43-870e-4556-afbe-b0abf1d02b47,"[{'case_id': 'e4fc0909-f284-4471-866d-d8967b6adcbc', 'submitter_id': 'TCGA-E2-A14P'}]",TCGA-E2-A14P-01A-03-TSC.e301fe1e-c75b-4ed2-b304-16a9d63fd835.svs,2dad7f43-870e-4556-afbe-b0abf1d02b47,Slide Image,Biospecimen,Tissue Slide
287e503e-79d1-484e-9c48-2897e455ee77,"[{'case_id': 'e4fc0909-f284-4471-866d-d8967b6adcbc', 'submitter_id': 'TCGA-E2-A14P'}]",50de7aa1-b9d0-4720-84a0-c98869bd7a13.wxs.Pindel.aliquot.maf.gz,287e503e-79d1-484e-9c48-2897e455ee77,Annotated Somatic Mutation,Simple Nucleotide Variation,WXS
1966ed1a-830b-4470-8be1-4c203e9c8304,"[{'case_id': 'e4fc0909-f284-4471-866d-d8967b6adcbc', 'submitter_id': 'TCGA-E2-A14P'}]",HITCH_p_TCGASNP_b93_N_GenomeWideSNP_6_A11_741394.CEL,1966ed1a-830b-4470-8be1-4c203e9c8304,Raw Intensities,Copy Number Variation,Genotyping Array
3e1f4ff0-4b50-4f86-af30-e20962078fe7,"[{'case_id': 'e4fc0909-f284-4471-866d-d8967b6adcbc', 'submitter_id': 'TCGA-E2-A14P'}]",a8c3b4fb-5566-490b-9df5-b23fa8ec18b7.wxs.MuTect2.aliquot.maf.gz,3e1f4ff0-4b50-4f86-af30-e20962078fe7,Annotated Somatic Mutation,Simple Nucleotide Variation,WXS
e1e5afc1-c541-46de-b47e-727b9bc7409e,"[{'case_id': 'e4fc0909-f284-4471-866d-d8967b6adcbc', 'submitter_id': 'TCGA-E2-A14P'}]",0df7a6c4-2934-4b71-9cbd-005b3b9cc183.somatic.SV.bedpe,e1e5afc1-c541-46de-b47e-727b9bc7409e,Structural Rearrangement,Somatic Structural Variation,WGS
a96adf45-1076-4469-97a5-e14d9a796cb9,"[{'case_id': 'e4fc0909-f284-4471-866d-d8967b6adcbc', 'submitter_id': 'TCGA-E2-A14P'}]",TCGA-E2-A14P-01A-21-A13E-20_RPPA_data.tsv,a96adf45-1076-4469-97a5-e14d9a796cb9,Protein Expression Quantification,Proteome Profiling,Reverse Phase Protein Array
c083b504-33f7-40c5-a180-985a665f80b2,"[{'case_id': 'e4fc0909-f284-4471-866d-d8967b6adcbc', 'submitter_id': 'TCGA-E2-A14P'}]",nationwidechildrens.org_biospecimen.TCGA-E2-A14P.xml,c083b504-33f7-40c5-a180-985a665f80b2,Biospecimen Supplement,Biospecimen,
c5fcd8ee-5273-49c8-b5e4-385a996789f8,"[{'case_id': 'e4fc0909-f284-4471-866d-d8967b6adcbc', 'submitter_id': 'TCGA-E2-A14P'}]",nationwidechildrens.org_ssf.TCGA-E2-A14P.xml,c5fcd8ee-5273-49c8-b5e4-385a996789f8,Biospecimen Supplement,Biospecimen,
2a2ffb0c-c185-4518-897d-f023307ebae9,"[{'case_id': 'e4fc0909-f284-4471-866d-d8967b6adcbc', 'submitter_id': 'TCGA-E2-A14P'}]",HITCH_p_TCGASNP_b93_N_GenomeWideSNP_6_A11_741394.nocnv_grch38.seg.v2.txt,2a2ffb0c-c185-4518-897d-f023307ebae9,Masked Copy Number Segment,Copy Number Variation,Genotyping Array
94267e8c-a128-44bc-8fd5-58216ff24227,"[{'case_id': 'e4fc0909-f284-4471-866d-d8967b6adcbc', 'submitter_id': 'TCGA-E2-A14P'}]",74b57d2c-a83f-4798-b86b-a533975e4cc0_wgs_gdc_realn.bam,94267e8c-a128-44bc-8fd5-58216ff24227,Aligned Reads,Sequencing Reads,WGS
3bea36a6-7944-48bf-9535-3c09fafc786d,"[{'case_id': 'e4fc0909-f284-4471-866d-d8967b6adcbc', 'submitter_id': 'TCGA-E2-A14P'}]",df45fb41-4511-4dab-b865-fcdfcda0400a.rna_seq.transcriptome.gdc_realn.bam,3bea36a6-7944-48bf-9535-3c09fafc786d,Aligned Reads,Sequencing Reads,RNA-Seq
da945bb0-59bc-449e-8bf7-f12c31422837,"[{'case_id': 'e4fc0909-f284-4471-866d-d8967b6adcbc', 'submitter_id': 'TCGA-E2-A14P'}]",TCGA-BRCA.65a1066e-7945-4322-a223-47ac81e18547.wgs.varscan2.raw_somatic_mutation.vcf.gz,da945bb0-59bc-449e-8bf7-f12c31422837,Raw Simple Somatic Mutation,Simple Nucleotide Variation,WGS
fa8d70cc-6a48-4997-880c-f87640a03650,"[{'case_id': 'e4fc0909-f284-4471-866d-d8967b6adcbc', 'submitter_id': 'TCGA-E2-A14P'}]",HITCH_p_TCGASNP_b93_N_GenomeWideSNP_6_A11_741394.birdseed.data.txt,fa8d70cc-6a48-4997-880c-f87640a03650,Simple Germline Variation,Simple Nucleotide Variation,Genotyping Array
0427a46b-c219-40aa-aa95-bdb913c6453f,"[{'case_id': 'e4fc0909-f284-4471-866d-d8967b6adcbc', 'submitter_id': 'TCGA-E2-A14P'}]",0df8aa28-cefc-4c98-bb13-1da467c6e00e.wgs.gatk4.copy_number_variation.supplementary.tar.gz,0427a46b-c219-40aa-aa95-bdb913c6453f,Intermediate Analysis Archive,Copy Number Variation,WGS
865f6eda-4412-4f1f-a0da-c808929ed06b,"[{'case_id': 'e4fc0909-f284-4471-866d-d8967b6adcbc', 'submitter_id': 'TCGA-E2-A14P'}]",45561da8-6073-4f1d-9cfc-b627516d1242_wgs_gdc_realn.bam,865f6eda-4412-4f1f-a0da-c808929ed06b,Aligned Reads,Sequencing Reads,WGS
b27fd3c6-02e1-441c-8f7e-514756edcc32,"[{'case_id': 'e4fc0909-f284-4471-866d-d8967b6adcbc', 'submitter_id': 'TCGA-E2-A14P'}]",TCGA-BRCA.b0b3a721-2fa3-4a3a-a1fb-863493a91170.arriba.rna_fusion.bedpe,b27fd3c6-02e1-441c-8f7e-514756edcc32,Transcript Fusion,Structural Variation,RNA-Seq
3fbcdc58-7816-48e8-9720-e4b85beb0e8e,"[{'case_id': 'e4fc0909-f284-4471-866d-d8967b6adcbc', 'submitter_id': 'TCGA-E2-A14P'}]",917569dc-8716-447b-b47f-654a639dfc74.wxs.aliquot_ensemble_raw.maf.gz,3fbcdc58-7816-48e8-9720-e4b85beb0e8e,Aggregated Somatic Mutation,Simple Nucleotide Variation,WXS
26c23369-f3fa-494f-bed5-bc9ae1a19aeb,"[{'case_id': 'e4fc0909-f284-4471-866d-d8967b6adcbc', 'submitter_id': 'TCGA-E2-A14P'}]",0df7a6c4-2934-4b71-9cbd-005b3b9cc183.somatic_sv.vcf.gz,26c23369-f3fa-494f-bed5-bc9ae1a19aeb,Structural Rearrangement,Somatic Structural Variation,WGS
4b38d3d6-e5cf-45ef-882c-83093bec4e00,"[{'case_id': 'e4fc0909-f284-4471-866d-d8967b6adcbc', 'submitter_id': 'TCGA-E2-A14P'}]",HITCH_p_TCGASNP_b93_N_GenomeWideSNP_6_A11_741394.grch38.seg.v2.txt,4b38d3d6-e5cf-45ef-882c-83093bec4e00,Copy Number Segment,Copy Number Variation,Genotyping Array
c80fdecb-1abf-4632-8e60-e8a1a86af3aa,"[{'case_id': 'e4fc0909-f284-4471-866d-d8967b6adcbc', 'submitter_id': 'TCGA-E2-A14P'}]",TCGA-E2-A14P-10A-01D-A895-36.WholeGenome.RP-1657.bam,c80fdecb-1abf-4632-8e60-e8a1a86af3aa,Aligned Reads,Sequencing Reads,WGS
9f64ef8f-6828-4ae8-9e51-81d12041af61,"[{'case_id': 'e4fc0909-f284-4471-866d-d8967b6adcbc', 'submitter_id': 'TCGA-E2-A14P'}]",HITCH_p_TCGASNP_b93_N_GenomeWideSNP_6_A10_741498.grch38.seg.v2.txt,9f64ef8f-6828-4ae8-9e51-81d12041af61,Copy Number Segment,Copy Number Variation,Genotyping Array
d2936840-5eee-4f70-beb1-c4e67b16bcdb,"[{'case_id': 'e4fc0909-f284-4471-866d-d8967b6adcbc', 'submitter_id': 'TCGA-E2-A14P'}]",420e20ff-4c97-4e66-bd9e-8d745906b1bd.wxs.MuSE.aliquot.maf.gz,d2936840-5eee-4f70-beb1-c4e67b16bcdb,Annotated Somatic Mutation,Simple Nucleotide Variation,WXS
2a3ab721-1c06-4953-9a27-5ed5f6327375,"[{'case_id': 'e4fc0909-f284-4471-866d-d8967b6adcbc', 'submitter_id': 'TCGA-E2-A14P'}]",TCGA-BRCA.d351e659-b329-4643-bdb2-c900e6860971.wgs.tumor_normal.gatk4_mutect2.raw_somatic_mutation.vcf.gz,2a3ab721-1c06-4953-9a27-5ed5f6327375,Raw Simple Somatic Mutation,Simple Nucleotide Variation,WGS
c27e8e90-2ab5-4cc6-aa29-77da64c9a0bb,"[{'case_id': 'e4fc0909-f284-4471-866d-d8967b6adcbc', 'submitter_id': 'TCGA-E2-A14P'}]",TCGA-BRCA.32d3f1cd-077f-43bf-843e-1fe9f0ec0cba.ascat3.gene_level_copy_number.v36.tsv,c27e8e90-2ab5-4cc6-aa29-77da64c9a0bb,Gene Level Copy Number,Copy Number Variation,Genotyping Array
b8f31d17-41b8-4dc3-b710-44a93fd9ac1f,"[{'case_id': 'e4fc0909-f284-4471-866d-d8967b6adcbc', 'submitter_id': 'TCGA-E2-A14P'}]",e7998511-28bb-40dd-b034-b09763b3d011.somatic_sv.vcf.gz,b8f31d17-41b8-4dc3-b710-44a93fd9ac1f,Structural Rearrangement,Somatic Structural Variation,WGS
5c50f5de-8495-43d9-a6af-1a0cdec79f9e,"[{'case_id': 'e4fc0909-f284-4471-866d-d8967b6adcbc', 'submitter_id': 'TCGA-E2-A14P'}]",a9c72a75-2d8b-4f11-8af0-8cfed17e0ec4.mirbase21.mirnas.quantification.txt,5c50f5de-8495-43d9-a6af-1a0cdec79f9e,miRNA Expression Quantification,Transcriptome Profiling,miRNA-Seq
937580eb-cc6c-400b-9f8c-3f57fdc967f3,"[{'case_id': 'e4fc0909-f284-4471-866d-d8967b6adcbc', 'submitter_id': 'TCGA-E2-A14P'}]",19d539d7-e9ed-42c4-b374-e8cd4798b30e_noid_Red.idat,937580eb-cc6c-400b-9f8c-3f57fdc967f3,Masked Intensities,DNA Methylation,Methylation Array
a094ef1b-c20c-4f95-820b-bcfaa02ba0f3,"[{'case_id': 'e4fc0909-f284-4471-866d-d8967b6adcbc', 'submitter_id': 'TCGA-E2-A14P'}]",35a96eee-113b-45cb-a999-81c13545b104_wxs_gdc_realn.bam,a094ef1b-c20c-4f95-820b-bcfaa02ba0f3,Aligned Reads,Sequencing Reads,WXS
3e24d060-eaaf-4a03-b735-66ee28022279,"[{'case_id': 'e4fc0909-f284-4471-866d-d8967b6adcbc', 'submitter_id': 'TCGA-E2-A14P'}]",HITCH_p_TCGASNP_b93_N_GenomeWideSNP_6_A10_741498.birdseed.data.txt,3e24d060-eaaf-4a03-b735-66ee28022279,Simple Germline Variation,Simple Nucleotide Variation,Genotyping Array
d65025f4-8924-4112-a546-c73475a2e2d8,"[{'case_id': 'e4fc0909-f284-4471-866d-d8967b6adcbc', 'submitter_id': 'TCGA-E2-A14P'}]",917569dc-8716-447b-b47f-654a639dfc74.wxs.aliquot_ensemble_masked.maf.gz,d65025f4-8924-4112-a546-c73475a2e2d8,Masked Somatic Mutation,Simple Nucleotide Variation,WXS
a099690a-23d9-4b0c-b033-c2eef296bbce,"[{'case_id': 'e4fc0909-f284-4471-866d-d8967b6adcbc', 'submitter_id': 'TCGA-E2-A14P'}]",19d539d7-e9ed-42c4-b374-e8cd4798b30e.methylation_array.sesame.level3betas.txt,a099690a-23d9-4b0c-b033-c2eef296bbce,Methylation Beta Value,DNA Methylation,Methylation Array
c9cdadd6-7029-404c-96f5-6e045e13ba43,"[{'case_id': 'e4fc0909-f284-4471-866d-d8967b6adcbc', 'submitter_id': 'TCGA-E2-A14P'}]",TCGA-BRCA.32d3f1cd-077f-43bf-843e-1fe9f0ec0cba.absolute_liftover.gene_level_copy_number.v36.tsv,c9cdadd6-7029-404c-96f5-6e045e13ba43,Gene Level Copy Number,Copy Number Variation,Genotyping Array
f6c28cb2-232d-439b-aaa0-e25e09d525f4,"[{'case_id': 'e5aae05a-478e-4a55-a27c-12b2b4be302a', 'submitter_id': 'TCGA-AN-A04A'}]",7e8f250c-6162-4049-8559-5bfdf054b021_wxs_gdc_realn.bam,f6c28cb2-232d-439b-aaa0-e25e09d525f4,Aligned Reads,Sequencing Reads,WXS
d8bf2e9c-6167-490c-9f1d-2de4af4fca38,"[{'case_id': 'e5aae05a-478e-4a55-a27c-12b2b4be302a', 'submitter_id': 'TCGA-AN-A04A'}]",TCGA-AN-A04A-01A-02-BS2.44355b22-95d3-491c-af4c-27225e753d7d.svs,d8bf2e9c-6167-490c-9f1d-2de4af4fca38,Slide Image,Biospecimen,Tissue Slide
f342982c-48d3-4cb2-bbd0-93b08982df30,"[{'case_id': 'e5aae05a-478e-4a55-a27c-12b2b4be302a', 'submitter_id': 'TCGA-AN-A04A'}]",c33ecc28-d5ba-4416-b93d-445b7883b6e8.rna_seq.star_splice_junctions.tsv.gz,f342982c-48d3-4cb2-bbd0-93b08982df30,Splice Junction Quantification,Transcriptome Profiling,RNA-Seq
c05f22bb-06d9-4def-bca7-df742c17c04f,"[{'case_id': 'e5aae05a-478e-4a55-a27c-12b2b4be302a', 'submitter_id': 'TCGA-AN-A04A'}]",TCGA-AN-A04A-01A-21D-A89H-36.WholeGenome.RP-1657.cr.igv.reheader.seg.txt,c05f22bb-06d9-4def-bca7-df742c17c04f,Copy Number Segment,Copy Number Variation,WGS
c720b428-a397-44b2-8f0f-d1548d76d184,"[{'case_id': 'e5aae05a-478e-4a55-a27c-12b2b4be302a', 'submitter_id': 'TCGA-AN-A04A'}]",c33ecc28-d5ba-4416-b93d-445b7883b6e8.rna_seq.transcriptome.gdc_realn.bam,c720b428-a397-44b2-8f0f-d1548d76d184,Aligned Reads,Sequencing Reads,RNA-Seq
081d36b1-8f96-4dad-aa74-617ff5ca8e6c,"[{'case_id': 'e5aae05a-478e-4a55-a27c-12b2b4be302a', 'submitter_id': 'TCGA-AN-A04A'}]",BONZE_p_TCGAb56_SNP_1N_GenomeWideSNP_6_D07_667028.birdseed.data.txt,081d36b1-8f96-4dad-aa74-617ff5ca8e6c,Simple Germline Variation,Simple Nucleotide Variation,Genotyping Array
c944bed1-ade8-44e8-8be4-8486ee97cca1,"[{'case_id': 'e5aae05a-478e-4a55-a27c-12b2b4be302a', 'submitter_id': 'TCGA-AN-A04A'}]",TCGA-AN-A04A-10A-01D-A89H-36.WholeGenome.RP-1657.bam,c944bed1-ade8-44e8-8be4-8486ee97cca1,Aligned Reads,Sequencing Reads,WGS
2d15fdce-ba85-4abd-844d-94091c226569,"[{'case_id': 'e5aae05a-478e-4a55-a27c-12b2b4be302a', 'submitter_id': 'TCGA-AN-A04A'}]",7764b1e4-4495-4781-afa0-c086fbda1aec.wxs.MuTect2.aliquot.maf.gz,2d15fdce-ba85-4abd-844d-94091c226569,Annotated Somatic Mutation,Simple Nucleotide Variation,WXS
e038757a-8e07-4a8a-bf33-e82708cffb7e,"[{'case_id': 'e5aae05a-478e-4a55-a27c-12b2b4be302a', 'submitter_id': 'TCGA-AN-A04A'}]",TCGA_BRCA.669dc9e9-3fb7-4afa-9577-1e5ac02e868c.wxs.VarScan2.somatic_annotation.vcf.gz,e038757a-8e07-4a8a-bf33-e82708cffb7e,Annotated Somatic Mutation,Simple Nucleotide Variation,WXS
536bb10c-acec-4dc6-beb8-740161969daa,"[{'case_id': 'e5aae05a-478e-4a55-a27c-12b2b4be302a', 'submitter_id': 'TCGA-AN-A04A'}]",BONZE_p_TCGAb56_SNP_1N_GenomeWideSNP_6_D07_667028.nocnv_grch38.seg.v2.txt,536bb10c-acec-4dc6-beb8-740161969daa,Masked Copy Number Segment,Copy Number Variation,Genotyping Array
0ef58327-9dc3-450b-a49c-030b8b73a950,"[{'case_id': 'e5aae05a-478e-4a55-a27c-12b2b4be302a', 'submitter_id': 'TCGA-AN-A04A'}]",TCGA-BRCA.58b63db9-81ca-4301-af22-61c9880dcd42.arriba.rna_fusion.bedpe,0ef58327-9dc3-450b-a49c-030b8b73a950,Transcript Fusion,Structural Variation,RNA-Seq
20df3fc2-ddb4-4cc6-aae0-14370826a8af,"[{'case_id': 'e5aae05a-478e-4a55-a27c-12b2b4be302a', 'submitter_id': 'TCGA-AN-A04A'}]",0da9917b-d5d1-43b1-b237-cd1f0bfcc459.wxs.Pindel.aliquot.maf.gz,20df3fc2-ddb4-4cc6-aae0-14370826a8af,Annotated Somatic Mutation,Simple Nucleotide Variation,WXS
36ca615e-f142-4b41-92bf-a0bf61a53647,"[{'case_id': 'e5aae05a-478e-4a55-a27c-12b2b4be302a', 'submitter_id': 'TCGA-AN-A04A'}]",ee16a10b-11e6-4846-9f8c-59d8d6be9faa_noid_Grn.idat,36ca615e-f142-4b41-92bf-a0bf61a53647,Masked Intensities,DNA Methylation,Methylation Array
65bb33ab-92af-4069-9fc5-478a146a776c,"[{'case_id': 'e5aae05a-478e-4a55-a27c-12b2b4be302a', 'submitter_id': 'TCGA-AN-A04A'}]",TCGA-BRCA.c06ac4ef-903f-41d1-aa46-91ee5de7bf45.wgs.varscan2.raw_somatic_mutation.vcf.gz,65bb33ab-92af-4069-9fc5-478a146a776c,Raw Simple Somatic Mutation,Simple Nucleotide Variation,WGS
f3d2995c-a16a-409d-8318-ef3ec6248f9f,"[{'case_id': 'e5aae05a-478e-4a55-a27c-12b2b4be302a', 'submitter_id': 'TCGA-AN-A04A'}]",BONZE_p_TCGAb56_SNP_1N_GenomeWideSNP_6_B05_666944.CEL,f3d2995c-a16a-409d-8318-ef3ec6248f9f,Raw Intensities,Copy Number Variation,Genotyping Array
67dbe453-13cf-4792-9e7b-622e6093251e,"[{'case_id': 'e5aae05a-478e-4a55-a27c-12b2b4be302a', 'submitter_id': 'TCGA-AN-A04A'}]",c33ecc28-d5ba-4416-b93d-445b7883b6e8.rna_seq.chimeric.gdc_realn.bam,67dbe453-13cf-4792-9e7b-622e6093251e,Aligned Reads,Sequencing Reads,RNA-Seq
51a12f67-cf0c-428e-b285-62de2db51f7f,"[{'case_id': 'e5aae05a-478e-4a55-a27c-12b2b4be302a', 'submitter_id': 'TCGA-AN-A04A'}]",ee16a10b-11e6-4846-9f8c-59d8d6be9faa_noid_Red.idat,51a12f67-cf0c-428e-b285-62de2db51f7f,Masked Intensities,DNA Methylation,Methylation Array
8236340d-3205-448a-87ee-d083aba743ea,"[{'case_id': 'e5aae05a-478e-4a55-a27c-12b2b4be302a', 'submitter_id': 'TCGA-AN-A04A'}]",BONZE_p_TCGAb56_SNP_1N_GenomeWideSNP_6_B05_666944.birdseed.data.txt,8236340d-3205-448a-87ee-d083aba743ea,Simple Germline Variation,Simple Nucleotide Variation,Genotyping Array
08eff3a0-27d0-4bdd-b68d-69d874e37805,"[{'case_id': 'e5aae05a-478e-4a55-a27c-12b2b4be302a', 'submitter_id': 'TCGA-AN-A04A'}]",ab51e5cd-cdb1-4f0c-bc83-5ee9055739f6.wxs.mutect2.raw_somatic_mutation.vcf.gz,08eff3a0-27d0-4bdd-b68d-69d874e37805,Raw Simple Somatic Mutation,Simple Nucleotide Variation,WXS
7e671200-6cee-41cc-b8c3-41bc7c353ef5,"[{'case_id': 'e5aae05a-478e-4a55-a27c-12b2b4be302a', 'submitter_id': 'TCGA-AN-A04A'}]",TCGA-AN-A04A-01A-21D-A89H-36.WholeGenome.RP-1657.bam,7e671200-6cee-41cc-b8c3-41bc7c353ef5,Aligned Reads,Sequencing Reads,WGS
1fa17d4f-c895-48a6-92a9-b56b320ef17a,"[{'case_id': 'e5aae05a-478e-4a55-a27c-12b2b4be302a', 'submitter_id': 'TCGA-AN-A04A'}]",TCGA-AN-A04A-01A-21R-A035-13_mirna_gdc_realn.bam,1fa17d4f-c895-48a6-92a9-b56b320ef17a,Aligned Reads,Sequencing Reads,miRNA-Seq
63066516-dab4-4d95-802c-bf8f32b35af7,"[{'case_id': 'e5aae05a-478e-4a55-a27c-12b2b4be302a', 'submitter_id': 'TCGA-AN-A04A'}]",3394403e-1ebe-4384-a98c-f9ec608bc327.wgs.gatk4.copy_number_variation.supplementary.tar.gz,63066516-dab4-4d95-802c-bf8f32b35af7,Intermediate Analysis Archive,Copy Number Variation,WGS
3d25121c-e2d0-4882-9dc5-409d02c8561c,"[{'case_id': 'e5aae05a-478e-4a55-a27c-12b2b4be302a', 'submitter_id': 'TCGA-AN-A04A'}]",nationwidechildrens.org_ssf.TCGA-AN-A04A.xml,3d25121c-e2d0-4882-9dc5-409d02c8561c,Biospecimen Supplement,Biospecimen,
fced5b63-c2d1-4000-9fa8-c046d0a40c0c,"[{'case_id': 'e5aae05a-478e-4a55-a27c-12b2b4be302a', 'submitter_id': 'TCGA-AN-A04A'}]",TCGA-BRCA.928be25e-9343-4042-a5c0-851465def55b.ascat3.allelic_specific.seg.txt,fced5b63-c2d1-4000-9fa8-c046d0a40c0c,Allele-specific Copy Number Segment,Copy Number Variation,Genotyping Array
c510cc7b-cf55-427e-973f-b19a07b45e3e,"[{'case_id': 'e5aae05a-478e-4a55-a27c-12b2b4be302a', 'submitter_id': 'TCGA-AN-A04A'}]",TCGA-AN-A04A.6FB7A794-C3E7-4501-A844-CF65B9C3D32C.PDF,c510cc7b-cf55-427e-973f-b19a07b45e3e,Pathology Report,Clinical,
63c5e345-11a4-4e05-8535-64126b6008ea,"[{'case_id': 'e5aae05a-478e-4a55-a27c-12b2b4be302a', 'submitter_id': 'TCGA-AN-A04A'}]",nationwidechildrens.org_clinical.TCGA-AN-A04A.xml,63c5e345-11a4-4e05-8535-64126b6008ea,Clinical Supplement,Clinical,
1a477d9b-0e78-4dd0-85ba-0a790410f8eb,"[{'case_id': 'e5aae05a-478e-4a55-a27c-12b2b4be302a', 'submitter_id': 'TCGA-AN-A04A'}]",TCGA_BRCA.e2d97b31-4902-41bb-a8e9-98707f544e6f.wxs.MuTect2.somatic_annotation.vcf.gz,1a477d9b-0e78-4dd0-85ba-0a790410f8eb,Annotated Somatic Mutation,Simple Nucleotide Variation,WXS
b2670a30-47ca-47a2-9e5a-b1bb788d3bdb,"[{'case_id': 'e5aae05a-478e-4a55-a27c-12b2b4be302a', 'submitter_id': 'TCGA-AN-A04A'}]",TCGA-AN-A04A-01A-01-BS1.647f0482-49a8-4794-b9c4-5941b14fd1af.svs,b2670a30-47ca-47a2-9e5a-b1bb788d3bdb,Slide Image,Biospecimen,Tissue Slide
61691ba0-a72d-41cb-a11f-347724cc6cc5,"[{'case_id': 'e5aae05a-478e-4a55-a27c-12b2b4be302a', 'submitter_id': 'TCGA-AN-A04A'}]",BONZE_p_TCGAb56_SNP_1N_GenomeWideSNP_6_B05_666944.grch38.seg.v2.txt,61691ba0-a72d-41cb-a11f-347724cc6cc5,Copy Number Segment,Copy Number Variation,Genotyping Array
fa5a2109-4fe0-483e-a22f-5cef8cc02252,"[{'case_id': 'e5aae05a-478e-4a55-a27c-12b2b4be302a', 'submitter_id': 'TCGA-AN-A04A'}]",TCGA_BRCA.45608be1-2152-4be4-9915-610ad6a26403.wxs.MuSE.somatic_annotation.vcf.gz,fa5a2109-4fe0-483e-a22f-5cef8cc02252,Annotated Somatic Mutation,Simple Nucleotide Variation,WXS
4b8e9475-be2c-434c-ac98-c3e414a39707,"[{'case_id': 'e5aae05a-478e-4a55-a27c-12b2b4be302a', 'submitter_id': 'TCGA-AN-A04A'}]",848e7b44-8904-4dc8-9d19-829841abd205.wxs.VarScan2.aliquot.maf.gz,4b8e9475-be2c-434c-ac98-c3e414a39707,Annotated Somatic Mutation,Simple Nucleotide Variation,WXS
f2c0cbcd-ac5f-4e25-baef-c6fcf4efbbd6,"[{'case_id': 'e5aae05a-478e-4a55-a27c-12b2b4be302a', 'submitter_id': 'TCGA-AN-A04A'}]",TCGA-BRCA.0f557a6a-3b8b-4f93-a023-16d46e5b16c2.star_fusion.rna_fusion.tsv,f2c0cbcd-ac5f-4e25-baef-c6fcf4efbbd6,Transcript Fusion,Structural Variation,RNA-Seq
5d1279b3-d49e-4e61-b310-96bc51115627,"[{'case_id': 'e5aae05a-478e-4a55-a27c-12b2b4be302a', 'submitter_id': 'TCGA-AN-A04A'}]",TCGA-BRCA.928be25e-9343-4042-a5c0-851465def55b.gene_level_copy_number.v36.tsv,5d1279b3-d49e-4e61-b310-96bc51115627,Gene Level Copy Number,Copy Number Variation,Genotyping Array
eb32d344-800a-4de3-8f84-52cfbb443853,"[{'case_id': 'e5aae05a-478e-4a55-a27c-12b2b4be302a', 'submitter_id': 'TCGA-AN-A04A'}]",TCGA_BRCA.53d40e5b-bcec-4e3f-b202-b4f8f7a3cfb1.wxs.Pindel.somatic_annotation.vcf.gz,eb32d344-800a-4de3-8f84-52cfbb443853,Annotated Somatic Mutation,Simple Nucleotide Variation,WXS
9ffe4074-da8b-402b-8820-2d50aff099a0,"[{'case_id': 'e5aae05a-478e-4a55-a27c-12b2b4be302a', 'submitter_id': 'TCGA-AN-A04A'}]",6bd02673-dd3f-42ed-9997-e371b09f22ee.mirbase21.mirnas.quantification.txt,9ffe4074-da8b-402b-8820-2d50aff099a0,miRNA Expression Quantification,Transcriptome Profiling,miRNA-Seq
26123142-fa05-414c-848d-db206fb17c42,"[{'case_id': 'e5aae05a-478e-4a55-a27c-12b2b4be302a', 'submitter_id': 'TCGA-AN-A04A'}]",BONZE_p_TCGAb56_SNP_1N_GenomeWideSNP_6_D07_667028.grch38.seg.v2.txt,26123142-fa05-414c-848d-db206fb17c42,Copy Number Segment,Copy Number Variation,Genotyping Array
0797c21b-6b5a-4949-bcb4-01b8ace6159c,"[{'case_id': 'e5aae05a-478e-4a55-a27c-12b2b4be302a', 'submitter_id': 'TCGA-AN-A04A'}]",TCGA_BRCA.f1fa6278-9a34-41c1-b73a-a4040f482966.wgs.GATK4_MuTect2_Pair.somatic_annotation.vcf.gz,0797c21b-6b5a-4949-bcb4-01b8ace6159c,Annotated Somatic Mutation,Simple Nucleotide Variation,WGS
b64e2002-de26-44ae-9eda-3036374c3961,"[{'case_id': 'e5aae05a-478e-4a55-a27c-12b2b4be302a', 'submitter_id': 'TCGA-AN-A04A'}]",99bcbc76-0e30-46d2-8222-63fb81180766.wxs.MuSE.aliquot.maf.gz,b64e2002-de26-44ae-9eda-3036374c3961,Annotated Somatic Mutation,Simple Nucleotide Variation,WXS
6a4da6b5-1fe3-42f1-b387-892b504e0d3c,"[{'case_id': 'e5aae05a-478e-4a55-a27c-12b2b4be302a', 'submitter_id': 'TCGA-AN-A04A'}]",TCGA-BRCA.928be25e-9343-4042-a5c0-851465def55b.ascat3.gene_level_copy_number.v36.tsv,6a4da6b5-1fe3-42f1-b387-892b504e0d3c,Gene Level Copy Number,Copy Number Variation,Genotyping Array
afe9295a-d748-422f-b519-26e876d53657,"[{'case_id': 'e5aae05a-478e-4a55-a27c-12b2b4be302a', 'submitter_id': 'TCGA-AN-A04A'}]",ab51e5cd-cdb1-4f0c-bc83-5ee9055739f6.wxs.muse.raw_somatic_mutation.vcf.gz,afe9295a-d748-422f-b519-26e876d53657,Raw Simple Somatic Mutation,Simple Nucleotide Variation,WXS
d2a4bc3c-901c-4f34-b58f-9e6c8d46d2e7,"[{'case_id': 'e5aae05a-478e-4a55-a27c-12b2b4be302a', 'submitter_id': 'TCGA-AN-A04A'}]",98d08b18-0c5a-4108-8355-9b6d3eb5b3da.somatic_sv.vcf.gz,d2a4bc3c-901c-4f34-b58f-9e6c8d46d2e7,Structural Rearrangement,Somatic Structural Variation,WGS
2df412ee-b989-4cf3-9bce-6aeb7ed585d5,"[{'case_id': 'e5aae05a-478e-4a55-a27c-12b2b4be302a', 'submitter_id': 'TCGA-AN-A04A'}]",TCGA-BRCA.0f557a6a-3b8b-4f93-a023-16d46e5b16c2.star_fusion.rna_fusion.bedpe,2df412ee-b989-4cf3-9bce-6aeb7ed585d5,Transcript Fusion,Structural Variation,RNA-Seq
05858e21-cc01-430c-b4bc-edbdd3774b8d,"[{'case_id': 'e5aae05a-478e-4a55-a27c-12b2b4be302a', 'submitter_id': 'TCGA-AN-A04A'}]",ab51e5cd-cdb1-4f0c-bc83-5ee9055739f6.wxs.varscan2.raw_somatic_mutation.vcf.gz,05858e21-cc01-430c-b4bc-edbdd3774b8d,Raw Simple Somatic Mutation,Simple Nucleotide Variation,WXS
fdf61102-731e-4e9d-81e5-a39a5008d739,"[{'case_id': 'e5aae05a-478e-4a55-a27c-12b2b4be302a', 'submitter_id': 'TCGA-AN-A04A'}]",BONZE_p_TCGAb56_SNP_1N_GenomeWideSNP_6_B05_666944.nocnv_grch38.seg.v2.txt,fdf61102-731e-4e9d-81e5-a39a5008d739,Masked Copy Number Segment,Copy Number Variation,Genotyping Array
58ec8394-fdd5-4cef-865e-3b2115a35abe,"[{'case_id': 'e5aae05a-478e-4a55-a27c-12b2b4be302a', 'submitter_id': 'TCGA-AN-A04A'}]",c33ecc28-d5ba-4416-b93d-445b7883b6e8.rna_seq.genomic.gdc_realn.bam,58ec8394-fdd5-4cef-865e-3b2115a35abe,Aligned Reads,Sequencing Reads,RNA-Seq
7a4a5192-3f01-442e-ae1a-015eff6fb8ac,"[{'case_id': 'e5aae05a-478e-4a55-a27c-12b2b4be302a', 'submitter_id': 'TCGA-AN-A04A'}]",ee16a10b-11e6-4846-9f8c-59d8d6be9faa.methylation_array.sesame.level3betas.txt,7a4a5192-3f01-442e-ae1a-015eff6fb8ac,Methylation Beta Value,DNA Methylation,Methylation Array
7ebc749a-83bd-4924-a8b2-ef6f52258b8d,"[{'case_id': 'e5aae05a-478e-4a55-a27c-12b2b4be302a', 'submitter_id': 'TCGA-AN-A04A'}]",BONZE_p_TCGAb56_SNP_1N_GenomeWideSNP_6_D07_667028.CEL,7ebc749a-83bd-4924-a8b2-ef6f52258b8d,Raw Intensities,Copy Number Variation,Genotyping Array
9ee77cd4-bc8f-4ce5-ac58-ae0af9bf9705,"[{'case_id': 'e5aae05a-478e-4a55-a27c-12b2b4be302a', 'submitter_id': 'TCGA-AN-A04A'}]",fc2a9d28-f6bd-4b6b-bcc2-05c1eaf56dca.wxs.aliquot_ensemble_raw.maf.gz,9ee77cd4-bc8f-4ce5-ac58-ae0af9bf9705,Aggregated Somatic Mutation,Simple Nucleotide Variation,WXS
1ace2a0c-773d-45b5-8fd6-968c88731bbb,"[{'case_id': 'e5aae05a-478e-4a55-a27c-12b2b4be302a', 'submitter_id': 'TCGA-AN-A04A'}]",c33ecc28-d5ba-4416-b93d-445b7883b6e8.rna_seq.augmented_star_gene_counts.tsv,1ace2a0c-773d-45b5-8fd6-968c88731bbb,Gene Expression Quantification,Transcriptome Profiling,RNA-Seq
4011d66c-9111-41f8-892d-08905c861557,"[{'case_id': 'e5aae05a-478e-4a55-a27c-12b2b4be302a', 'submitter_id': 'TCGA-AN-A04A'}]",2761c6e7-affc-4ffe-a72a-1d1203d574c4_wxs_gdc_realn.bam,4011d66c-9111-41f8-892d-08905c861557,Aligned Reads,Sequencing Reads,WXS
c9dd7733-fb5f-4ecf-bffe-ef3cc5944f4e,"[{'case_id': 'e5aae05a-478e-4a55-a27c-12b2b4be302a', 'submitter_id': 'TCGA-AN-A04A'}]",TCGA-AN-A04A-01A-11-A13A-20_RPPA_data.tsv,c9dd7733-fb5f-4ecf-bffe-ef3cc5944f4e,Protein Expression Quantification,Proteome Profiling,Reverse Phase Protein Array
1afe3408-03f8-4cde-a01a-1f039b28d9df,"[{'case_id': 'e5aae05a-478e-4a55-a27c-12b2b4be302a', 'submitter_id': 'TCGA-AN-A04A'}]",98d08b18-0c5a-4108-8355-9b6d3eb5b3da.somatic.SV.bedpe,1afe3408-03f8-4cde-a01a-1f039b28d9df,Structural Rearrangement,Somatic Structural Variation,WGS
ad24caa6-4d37-4034-a7fb-534a8c7ff8a4,"[{'case_id': 'e5aae05a-478e-4a55-a27c-12b2b4be302a', 'submitter_id': 'TCGA-AN-A04A'}]",TCGA-BRCA.58b63db9-81ca-4301-af22-61c9880dcd42.arriba.rna_fusion.tsv,ad24caa6-4d37-4034-a7fb-534a8c7ff8a4,Transcript Fusion,Structural Variation,RNA-Seq
302777ab-17d5-4407-a7fe-714c385aaf6f,"[{'case_id': 'e5aae05a-478e-4a55-a27c-12b2b4be302a', 'submitter_id': 'TCGA-AN-A04A'}]",6bd02673-dd3f-42ed-9997-e371b09f22ee.mirbase21.isoforms.quantification.txt,302777ab-17d5-4407-a7fe-714c385aaf6f,Isoform Expression Quantification,Transcriptome Profiling,miRNA-Seq
7e4cff89-b845-467b-bbad-dab9063143a7,"[{'case_id': 'e5aae05a-478e-4a55-a27c-12b2b4be302a', 'submitter_id': 'TCGA-AN-A04A'}]",TCGA-BRCA.928be25e-9343-4042-a5c0-851465def55b.absolute_liftover.gene_level_copy_number.v36.tsv,7e4cff89-b845-467b-bbad-dab9063143a7,Gene Level Copy Number,Copy Number Variation,Genotyping Array
02c81467-2d45-4930-93a3-82b4077add88,"[{'case_id': 'e5aae05a-478e-4a55-a27c-12b2b4be302a', 'submitter_id': 'TCGA-AN-A04A'}]",1d46dac3-686e-445d-8d2a-77cff1f9989d.wxs.pindel.raw_somatic_mutation.vcf.gz,02c81467-2d45-4930-93a3-82b4077add88,Raw Simple Somatic Mutation,Simple Nucleotide Variation,WXS
a2cc6445-5131-41e0-b57a-4ab12c84cc92,"[{'case_id': 'e5aae05a-478e-4a55-a27c-12b2b4be302a', 'submitter_id': 'TCGA-AN-A04A'}]",nationwidechildrens.org_biospecimen.TCGA-AN-A04A.xml,a2cc6445-5131-41e0-b57a-4ab12c84cc92,Biospecimen Supplement,Biospecimen,
ba4e57dc-c15b-4282-90dd-e9ace6fb9d2b,"[{'case_id': 'e5aae05a-478e-4a55-a27c-12b2b4be302a', 'submitter_id': 'TCGA-AN-A04A'}]",fc2a9d28-f6bd-4b6b-bcc2-05c1eaf56dca.wxs.aliquot_ensemble_masked.maf.gz,ba4e57dc-c15b-4282-90dd-e9ace6fb9d2b,Masked Somatic Mutation,Simple Nucleotide Variation,WXS
ed0dd573-c86d-4fbc-8bc7-e8c61e6083b1,"[{'case_id': 'e5aae05a-478e-4a55-a27c-12b2b4be302a', 'submitter_id': 'TCGA-AN-A04A'}]",TCGA-BRCA.d277c5c6-aa3f-4ab8-9642-0ee18c4bbe98.wgs.tumor_normal.gatk4_mutect2.raw_somatic_mutation.vcf.gz,ed0dd573-c86d-4fbc-8bc7-e8c61e6083b1,Raw Simple Somatic Mutation,Simple Nucleotide Variation,WGS
7b463df9-91b9-44db-b7d7-9c8c547579b4,"[{'case_id': 'e5aae05a-478e-4a55-a27c-12b2b4be302a', 'submitter_id': 'TCGA-AN-A04A'}]",TCGA-BRCA.928be25e-9343-4042-a5c0-851465def55b.ascat2.allelic_specific.seg.txt,7b463df9-91b9-44db-b7d7-9c8c547579b4,Allele-specific Copy Number Segment,Copy Number Variation,Genotyping Array
f18960d5-1dcf-4bde-8369-3ace8271a4c0,"[{'case_id': 'e5aae05a-478e-4a55-a27c-12b2b4be302a', 'submitter_id': 'TCGA-AN-A04A'}]",TCGA_BRCA.01887cf4-f695-4dcc-a257-c32715b1b7ba.wgs.VarScan2.somatic_annotation.vcf.gz,f18960d5-1dcf-4bde-8369-3ace8271a4c0,Annotated Somatic Mutation,Simple Nucleotide Variation,WGS
3a37d601-6940-4757-8221-b2b3a60aed47,"[{'case_id': 'e7a00d67-2c26-4d1f-bd17-35f659e88bc1', 'submitter_id': 'TCGA-BH-A202'}]",a2612f1b-bf42-40ee-ab1b-e188cd1cb6cf.wxs.VarScan2.aliquot.maf.gz,3a37d601-6940-4757-8221-b2b3a60aed47,Annotated Somatic Mutation,Simple Nucleotide Variation,WXS
492cb318-9af9-4f6d-8684-ec01b563846c,"[{'case_id': 'e7a00d67-2c26-4d1f-bd17-35f659e88bc1', 'submitter_id': 'TCGA-BH-A202'}]",TCGA_BRCA.1a4c8f80-a2a9-48a0-a143-3d3a17fae3d3.wxs.Pindel.somatic_annotation.vcf.gz,492cb318-9af9-4f6d-8684-ec01b563846c,Annotated Somatic Mutation,Simple Nucleotide Variation,WXS
2012d8f5-81f2-464a-9115-c5f8059e7193,"[{'case_id': 'e7a00d67-2c26-4d1f-bd17-35f659e88bc1', 'submitter_id': 'TCGA-BH-A202'}]",TCGA_BRCA.f8f05cc7-2c21-434f-8623-7868afd57461.wxs.MuTect2.somatic_annotation.vcf.gz,2012d8f5-81f2-464a-9115-c5f8059e7193,Annotated Somatic Mutation,Simple Nucleotide Variation,WXS
4e8f027a-d311-470c-ae1b-c030e1bfa58e,"[{'case_id': 'e7a00d67-2c26-4d1f-bd17-35f659e88bc1', 'submitter_id': 'TCGA-BH-A202'}]",fe712c27-8dbb-4531-afb3-10999e319a7b.mirbase21.mirnas.quantification.txt,4e8f027a-d311-470c-ae1b-c030e1bfa58e,miRNA Expression Quantification,Transcriptome Profiling,miRNA-Seq
459cb682-8235-412f-afd8-41871451b5bc,"[{'case_id': 'e7a00d67-2c26-4d1f-bd17-35f659e88bc1', 'submitter_id': 'TCGA-BH-A202'}]",TCGA-BH-A202-01A-11R-A14L-13_mirna_gdc_realn.bam,459cb682-8235-412f-afd8-41871451b5bc,Aligned Reads,Sequencing Reads,miRNA-Seq
ceff1988-516c-47ee-8424-9f676c776da6,"[{'case_id': 'e7a00d67-2c26-4d1f-bd17-35f659e88bc1', 'submitter_id': 'TCGA-BH-A202'}]",e6feb69a-8827-4d43-94aa-036cf5150549_wxs_gdc_realn.bam,ceff1988-516c-47ee-8424-9f676c776da6,Aligned Reads,Sequencing Reads,WXS
a8b928e9-7627-48d9-8f7c-efedc474d0bf,"[{'case_id': 'e7a00d67-2c26-4d1f-bd17-35f659e88bc1', 'submitter_id': 'TCGA-BH-A202'}]",fe712c27-8dbb-4531-afb3-10999e319a7b.mirbase21.isoforms.quantification.txt,a8b928e9-7627-48d9-8f7c-efedc474d0bf,Isoform Expression Quantification,Transcriptome Profiling,miRNA-Seq
1ad9409b-2800-4181-80ac-634c2d1b0656,"[{'case_id': 'e7a00d67-2c26-4d1f-bd17-35f659e88bc1', 'submitter_id': 'TCGA-BH-A202'}]",2bbbdb50-4486-473c-a158-6b1656bdb242.rna_seq.transcriptome.gdc_realn.bam,1ad9409b-2800-4181-80ac-634c2d1b0656,Aligned Reads,Sequencing Reads,RNA-Seq
4eb9b489-fc52-49a2-8bc1-cb3f434e3fe2,"[{'case_id': 'e7a00d67-2c26-4d1f-bd17-35f659e88bc1', 'submitter_id': 'TCGA-BH-A202'}]",BULGY_p_TCGA_bM1_124_SNP_N_GenomeWideSNP_6_F10_780774.nocnv_grch38.seg.v2.txt,4eb9b489-fc52-49a2-8bc1-cb3f434e3fe2,Masked Copy Number Segment,Copy Number Variation,Genotyping Array
526bea01-1012-4b60-a5a0-f2429c20b59d,"[{'case_id': 'e7a00d67-2c26-4d1f-bd17-35f659e88bc1', 'submitter_id': 'TCGA-BH-A202'}]",TCGA_BRCA.af724531-a90f-4a7c-b2c1-30405700e5de.wxs.MuSE.somatic_annotation.vcf.gz,526bea01-1012-4b60-a5a0-f2429c20b59d,Annotated Somatic Mutation,Simple Nucleotide Variation,WXS
77d187ea-08f3-477f-917a-4c7fef8c57d3,"[{'case_id': 'e7a00d67-2c26-4d1f-bd17-35f659e88bc1', 'submitter_id': 'TCGA-BH-A202'}]",TCGA-BRCA.d4120070-5cf6-4487-a26a-edb4e4dcc8a7.wgs.tumor_normal.gatk4_mutect2.raw_somatic_mutation.vcf.gz,77d187ea-08f3-477f-917a-4c7fef8c57d3,Raw Simple Somatic Mutation,Simple Nucleotide Variation,WGS
f7c137c3-39d2-4081-bdfc-8119082e55b0,"[{'case_id': 'e7a00d67-2c26-4d1f-bd17-35f659e88bc1', 'submitter_id': 'TCGA-BH-A202'}]",TCGA-BRCA.6240a75f-6fd6-45e8-9a0b-58773e4fe83b.arriba.rna_fusion.tsv,f7c137c3-39d2-4081-bdfc-8119082e55b0,Transcript Fusion,Structural Variation,RNA-Seq
06e3b451-f923-4221-8f93-2f07d45f051f,"[{'case_id': 'e7a00d67-2c26-4d1f-bd17-35f659e88bc1', 'submitter_id': 'TCGA-BH-A202'}]",89609f6d-58eb-4a4e-baab-ee1ff69ba350.wxs.varscan2.raw_somatic_mutation.vcf.gz,06e3b451-f923-4221-8f93-2f07d45f051f,Raw Simple Somatic Mutation,Simple Nucleotide Variation,WXS
266122bb-2236-4a16-b2fb-4591273fb833,"[{'case_id': 'e7a00d67-2c26-4d1f-bd17-35f659e88bc1', 'submitter_id': 'TCGA-BH-A202'}]",TCGA-BRCA.6a4af154-27d5-4a5d-9d88-1f4db2dc70d8.ascat3.allelic_specific.seg.txt,266122bb-2236-4a16-b2fb-4591273fb833,Allele-specific Copy Number Segment,Copy Number Variation,Genotyping Array
e45a60fe-9713-4df9-abab-7f8055ee5641,"[{'case_id': 'e7a00d67-2c26-4d1f-bd17-35f659e88bc1', 'submitter_id': 'TCGA-BH-A202'}]",BULGY_p_TCGA_bM1_124_SNP_N_GenomeWideSNP_6_F10_780774.CEL,e45a60fe-9713-4df9-abab-7f8055ee5641,Raw Intensities,Copy Number Variation,Genotyping Array
e8e53f81-ac72-49ad-bdbd-8ba9724e6e15,"[{'case_id': 'e7a00d67-2c26-4d1f-bd17-35f659e88bc1', 'submitter_id': 'TCGA-BH-A202'}]",TCGA-BRCA.6a4af154-27d5-4a5d-9d88-1f4db2dc70d8.ascat2.allelic_specific.seg.txt,e8e53f81-ac72-49ad-bdbd-8ba9724e6e15,Allele-specific Copy Number Segment,Copy Number Variation,Genotyping Array
565fb3de-406c-49b0-8194-2dd129dd5876,"[{'case_id': 'e7a00d67-2c26-4d1f-bd17-35f659e88bc1', 'submitter_id': 'TCGA-BH-A202'}]",nationwidechildrens.org_clinical.TCGA-BH-A202.xml,565fb3de-406c-49b0-8194-2dd129dd5876,Clinical Supplement,Clinical,
d6a41e27-f12e-4e65-aa85-c896c60eb04b,"[{'case_id': '5c9d8163-a68e-43ce-9cba-effb7405761e', 'submitter_id': 'TCGA-LL-A6FP'}]",TCGA-BRCA.03ac2559-f367-43e0-9a11-3f32f1858174.star_fusion.rna_fusion.tsv,d6a41e27-f12e-4e65-aa85-c896c60eb04b,Transcript Fusion,Structural Variation,RNA-Seq
06219cdf-221e-4e62-b142-43409f1495c5,"[{'case_id': '09765b0a-94f6-47d2-af56-93368084ac3a', 'submitter_id': 'TCGA-A7-A0CD'}]",fd752031-c38d-448c-b7e1-8e780c178b0a.wxs.muse.raw_somatic_mutation.vcf.gz,06219cdf-221e-4e62-b142-43409f1495c5,Raw Simple Somatic Mutation,Simple Nucleotide Variation,WXS
38c1c863-3d8c-4934-8677-cca91c1684de,"[{'case_id': '5c9d8163-a68e-43ce-9cba-effb7405761e', 'submitter_id': 'TCGA-LL-A6FP'}]",5c9eae3b-6c81-4582-8ccc-6f76158b4631.wxs.VarScan2.aliquot.maf.gz,38c1c863-3d8c-4934-8677-cca91c1684de,Annotated Somatic Mutation,Simple Nucleotide Variation,WXS
fa3ac1a7-d1db-4b11-ba5f-93c42ab4ec46,"[{'case_id': 'f39edd06-1016-4e8e-a42e-12f7e699ddc5', 'submitter_id': 'TCGA-A8-A091'}]",1b11a87f-e0b3-4ba0-8101-c1226c5b0b02.wxs.Pindel.aliquot.maf.gz,fa3ac1a7-d1db-4b11-ba5f-93c42ab4ec46,Annotated Somatic Mutation,Simple Nucleotide Variation,WXS
4c9f0ae4-cea7-4bec-840c-1ca575b0a425,"[{'case_id': '09765b0a-94f6-47d2-af56-93368084ac3a', 'submitter_id': 'TCGA-A7-A0CD'}]",CUSKS_p_TCGAb47_SNP_1N_GenomeWideSNP_6_D11_628352.grch38.seg.v2.txt,4c9f0ae4-cea7-4bec-840c-1ca575b0a425,Copy Number Segment,Copy Number Variation,Genotyping Array
e4ff02e6-9f5a-4263-9f04-87af8ed41e74,"[{'case_id': '5c9d8163-a68e-43ce-9cba-effb7405761e', 'submitter_id': 'TCGA-LL-A6FP'}]",TCGA-BRCA.3b858956-2141-4776-b3ba-f13e95a5f36e.wgs.varscan2.raw_somatic_mutation.vcf.gz,e4ff02e6-9f5a-4263-9f04-87af8ed41e74,Raw Simple Somatic Mutation,Simple Nucleotide Variation,WGS
2faac5c8-f1d8-484b-b4e9-93418d499ad6,"[{'case_id': 'f39edd06-1016-4e8e-a42e-12f7e699ddc5', 'submitter_id': 'TCGA-A8-A091'}]",0b1fc180-4aae-4781-9a12-b356d93e2c79.wxs.MuTect2.aliquot.maf.gz,2faac5c8-f1d8-484b-b4e9-93418d499ad6,Annotated Somatic Mutation,Simple Nucleotide Variation,WXS
d7a4a91e-d7f7-42e4-9623-8adf76bec024,"[{'case_id': '5c9d8163-a68e-43ce-9cba-effb7405761e', 'submitter_id': 'TCGA-LL-A6FP'}]",TCGA_BRCA.2a8efa14-c9ce-4879-bce3-408d9c267899.wxs.MuSE.somatic_annotation.vcf.gz,d7a4a91e-d7f7-42e4-9623-8adf76bec024,Annotated Somatic Mutation,Simple Nucleotide Variation,WXS
e54ff593-0891-4f8a-ba2f-4b4ea955fe3e,"[{'case_id': 'f39edd06-1016-4e8e-a42e-12f7e699ddc5', 'submitter_id': 'TCGA-A8-A091'}]",TCGA-BRCA.25c9830a-a26a-4946-9de8-79ff8b7b12a9.arriba.rna_fusion.tsv,e54ff593-0891-4f8a-ba2f-4b4ea955fe3e,Transcript Fusion,Structural Variation,RNA-Seq
3e8db08b-f342-4b1c-8e0e-c2440652e3bb,"[{'case_id': '5c9d8163-a68e-43ce-9cba-effb7405761e', 'submitter_id': 'TCGA-LL-A6FP'}]",TCGA-BRCA.23353deb-8af1-474e-8654-70d444529e5e.ascat2.allelic_specific.seg.txt,3e8db08b-f342-4b1c-8e0e-c2440652e3bb,Allele-specific Copy Number Segment,Copy Number Variation,Genotyping Array
dd843cab-dd21-4e1b-996a-516eda5d7ecb,"[{'case_id': 'f39edd06-1016-4e8e-a42e-12f7e699ddc5', 'submitter_id': 'TCGA-A8-A091'}]",88798b3b-1eee-4a15-a405-a1110066e7f3.wxs.MuSE.aliquot.maf.gz,dd843cab-dd21-4e1b-996a-516eda5d7ecb,Annotated Somatic Mutation,Simple Nucleotide Variation,WXS
f648416a-e716-44a5-902e-f6a5ab8f4c0d,"[{'case_id': '09765b0a-94f6-47d2-af56-93368084ac3a', 'submitter_id': 'TCGA-A7-A0CD'}]",53f0dd88-244d-4d09-8c0f-26a9e9331cc6.svaba.somatic.indel.vcf.gz,f648416a-e716-44a5-902e-f6a5ab8f4c0d,Raw Simple Somatic Mutation,Simple Nucleotide Variation,WGS
0417a4fa-1bbb-4a47-83e2-5b45bdb88de8,"[{'case_id': '09765b0a-94f6-47d2-af56-93368084ac3a', 'submitter_id': 'TCGA-A7-A0CD'}]",CUSKS_p_TCGAb47_SNP_1N_GenomeWideSNP_6_B07_628378.nocnv_grch38.seg.v2.txt,0417a4fa-1bbb-4a47-83e2-5b45bdb88de8,Masked Copy Number Segment,Copy Number Variation,Genotyping Array
d6709b52-b2fb-4b89-89d4-a426de3f21f0,"[{'case_id': '09765b0a-94f6-47d2-af56-93368084ac3a', 'submitter_id': 'TCGA-A7-A0CD'}]",ac3dbb7f-2ce9-43b7-9f45-1c1521e6bbf5.wxs.aliquot_ensemble_masked.maf.gz,d6709b52-b2fb-4b89-89d4-a426de3f21f0,Masked Somatic Mutation,Simple Nucleotide Variation,WXS
8885fde4-1257-4d1d-819d-c6f625bf3a55,"[{'case_id': '5c9d8163-a68e-43ce-9cba-effb7405761e', 'submitter_id': 'TCGA-LL-A6FP'}]",d0f46c64-763a-4439-838c-bc95323a9290.wxs.aliquot_ensemble_raw.maf.gz,8885fde4-1257-4d1d-819d-c6f625bf3a55,Aggregated Somatic Mutation,Simple Nucleotide Variation,WXS
709bf883-78a9-4e35-8344-c4672a7c373d,"[{'case_id': 'f39edd06-1016-4e8e-a42e-12f7e699ddc5', 'submitter_id': 'TCGA-A8-A091'}]",42326da9-67bf-4c43-849c-8acbf5d876a5.wxs.mutect2.raw_somatic_mutation.vcf.gz,709bf883-78a9-4e35-8344-c4672a7c373d,Raw Simple Somatic Mutation,Simple Nucleotide Variation,WXS
1304fc51-cb16-40b1-a5fd-5b6703028347,"[{'case_id': '5c9d8163-a68e-43ce-9cba-effb7405761e', 'submitter_id': 'TCGA-LL-A6FP'}]",d0f46c64-763a-4439-838c-bc95323a9290.wxs.aliquot_ensemble_masked.maf.gz,1304fc51-cb16-40b1-a5fd-5b6703028347,Masked Somatic Mutation,Simple Nucleotide Variation,WXS
21937950-ee13-4e9a-8668-03cb2c4cbb0f,"[{'case_id': 'f39edd06-1016-4e8e-a42e-12f7e699ddc5', 'submitter_id': 'TCGA-A8-A091'}]",HAULS_p_TCGAb47_SNP_2N_GenomeWideSNP_6_A06_628440.grch38.seg.v2.txt,21937950-ee13-4e9a-8668-03cb2c4cbb0f,Copy Number Segment,Copy Number Variation,Genotyping Array
90331e98-10cf-4603-a8f0-95425abebc33,"[{'case_id': 'f39edd06-1016-4e8e-a42e-12f7e699ddc5', 'submitter_id': 'TCGA-A8-A091'}]",42326da9-67bf-4c43-849c-8acbf5d876a5.wxs.muse.raw_somatic_mutation.vcf.gz,90331e98-10cf-4603-a8f0-95425abebc33,Raw Simple Somatic Mutation,Simple Nucleotide Variation,WXS
b4596b10-dc97-44fa-a1bf-5cb361707262,"[{'case_id': '09765b0a-94f6-47d2-af56-93368084ac3a', 'submitter_id': 'TCGA-A7-A0CD'}]",93655b20-9109-4c7e-afd7-7bc76ca61578_noid_Grn.idat,b4596b10-dc97-44fa-a1bf-5cb361707262,Masked Intensities,DNA Methylation,Methylation Array
dc0ccc69-ce1a-44ac-952b-416b9a889a32,"[{'case_id': 'f39edd06-1016-4e8e-a42e-12f7e699ddc5', 'submitter_id': 'TCGA-A8-A091'}]",TCGA-A8-A091-01A-01-BS1.e7e9318d-a627-472a-9f2e-10cc917036d3.svs,dc0ccc69-ce1a-44ac-952b-416b9a889a32,Slide Image,Biospecimen,Tissue Slide
6327ca85-2831-4e01-a2ed-1ae6d072ede2,"[{'case_id': '09765b0a-94f6-47d2-af56-93368084ac3a', 'submitter_id': 'TCGA-A7-A0CD'}]",TCGA-BRCA.b3c41117-fc30-49a8-90ad-9b4d5085b17d.wgs.tumor_normal.gatk4_mutect2.raw_somatic_mutation.vcf.gz,6327ca85-2831-4e01-a2ed-1ae6d072ede2,Raw Simple Somatic Mutation,Simple Nucleotide Variation,WGS
edf19df4-4733-4036-91d4-a86d41402344,"[{'case_id': '09765b0a-94f6-47d2-af56-93368084ac3a', 'submitter_id': 'TCGA-A7-A0CD'}]",d5fa5ab2-5576-444b-a19c-27239235c93f.wxs.MuTect2.aliquot.maf.gz,edf19df4-4733-4036-91d4-a86d41402344,Annotated Somatic Mutation,Simple Nucleotide Variation,WXS
554855d7-4e21-406b-8f9f-458b1e7c89c9,"[{'case_id': '09765b0a-94f6-47d2-af56-93368084ac3a', 'submitter_id': 'TCGA-A7-A0CD'}]",TCGA-A7-A0CD-01Z-00-DX1.F045B9C8-049C-41BF-8432-EF89F236D34D.svs,554855d7-4e21-406b-8f9f-458b1e7c89c9,Slide Image,Biospecimen,Diagnostic Slide
f663b70b-d05b-43ff-9427-4602f6a4ef1d,"[{'case_id': '09765b0a-94f6-47d2-af56-93368084ac3a', 'submitter_id': 'TCGA-A7-A0CD'}]",TCGA_BRCA.ee74c77b-2ed4-4a2c-8a00-c632e041029c.wgs.VarScan2.somatic_annotation.vcf.gz,f663b70b-d05b-43ff-9427-4602f6a4ef1d,Annotated Somatic Mutation,Simple Nucleotide Variation,WGS
36059334-46c6-4bcb-b0ce-015f0c30971e,"[{'case_id': '5c9d8163-a68e-43ce-9cba-effb7405761e', 'submitter_id': 'TCGA-LL-A6FP'}]",3574e83f-a983-425b-9082-63d5a32c01d6.rna_seq.transcriptome.gdc_realn.bam,36059334-46c6-4bcb-b0ce-015f0c30971e,Aligned Reads,Sequencing Reads,RNA-Seq
b0419011-adde-453f-ae1a-8f2a753a0a60,"[{'case_id': '5c9d8163-a68e-43ce-9cba-effb7405761e', 'submitter_id': 'TCGA-LL-A6FP'}]",nationwidechildrens.org_clinical.TCGA-LL-A6FP.xml,b0419011-adde-453f-ae1a-8f2a753a0a60,Clinical Supplement,Clinical,
79406476-c35a-4e47-b78d-b936155efa67,"[{'case_id': '09765b0a-94f6-47d2-af56-93368084ac3a', 'submitter_id': 'TCGA-A7-A0CD'}]",bbe0036c-2e33-435a-a641-e5cef2d92c1b.wxs.Pindel.aliquot.maf.gz,79406476-c35a-4e47-b78d-b936155efa67,Annotated Somatic Mutation,Simple Nucleotide Variation,WXS
c0ddffef-0805-4ac2-8f58-6bf2ecaa2377,"[{'case_id': '09765b0a-94f6-47d2-af56-93368084ac3a', 'submitter_id': 'TCGA-A7-A0CD'}]",TCGA_BRCA.5651ed19-3580-47ce-9e69-9d8e319e5a8d.wgs.SvABA_Somatic.somatic_annotation.vcf.gz,c0ddffef-0805-4ac2-8f58-6bf2ecaa2377,Annotated Somatic Mutation,Simple Nucleotide Variation,WGS
bfe66100-3bf3-42bc-8974-9e17b23bd542,"[{'case_id': '5c9d8163-a68e-43ce-9cba-effb7405761e', 'submitter_id': 'TCGA-LL-A6FP'}]",TCGA-BRCA.23353deb-8af1-474e-8654-70d444529e5e.ascat3.allelic_specific.seg.txt,bfe66100-3bf3-42bc-8974-9e17b23bd542,Allele-specific Copy Number Segment,Copy Number Variation,Genotyping Array
b8ad16fa-d9dd-446f-9f15-167bbbae2a79,"[{'case_id': '09765b0a-94f6-47d2-af56-93368084ac3a', 'submitter_id': 'TCGA-A7-A0CD'}]",480a1869-3f9f-446e-b8a0-0e2dc1982d6e.wxs.VarScan2.aliquot.maf.gz,b8ad16fa-d9dd-446f-9f15-167bbbae2a79,Annotated Somatic Mutation,Simple Nucleotide Variation,WXS
cb6ce568-f4e3-4543-80aa-9f9380c426e4,"[{'case_id': '5c9d8163-a68e-43ce-9cba-effb7405761e', 'submitter_id': 'TCGA-LL-A6FP'}]",TCGA_BRCA.2d24695a-a90e-4441-bd52-615aed6d5497.wxs.VarScan2.somatic_annotation.vcf.gz,cb6ce568-f4e3-4543-80aa-9f9380c426e4,Annotated Somatic Mutation,Simple Nucleotide Variation,WXS
7127bf82-e38d-40ca-8eba-7d2b229dcec6,"[{'case_id': '09765b0a-94f6-47d2-af56-93368084ac3a', 'submitter_id': 'TCGA-A7-A0CD'}]",0a9e33db-2527-4cc3-8669-a7c10fed7a7f.rna_seq.chimeric.gdc_realn.bam,7127bf82-e38d-40ca-8eba-7d2b229dcec6,Aligned Reads,Sequencing Reads,RNA-Seq
743acfee-d89c-451b-9f43-d90afc694f03,"[{'case_id': '09765b0a-94f6-47d2-af56-93368084ac3a', 'submitter_id': 'TCGA-A7-A0CD'}]",fd752031-c38d-448c-b7e1-8e780c178b0a.wxs.varscan2.raw_somatic_mutation.vcf.gz,743acfee-d89c-451b-9f43-d90afc694f03,Raw Simple Somatic Mutation,Simple Nucleotide Variation,WXS
69de36f3-27c2-459d-b98e-6972cec5e916,"[{'case_id': '5c9d8163-a68e-43ce-9cba-effb7405761e', 'submitter_id': 'TCGA-LL-A6FP'}]",TCGA-BRCA.23353deb-8af1-474e-8654-70d444529e5e.ascat3.gene_level_copy_number.v36.tsv,69de36f3-27c2-459d-b98e-6972cec5e916,Gene Level Copy Number,Copy Number Variation,Genotyping Array
c2cc2ed5-7031-4678-9394-f9472a547fca,"[{'case_id': '5c9d8163-a68e-43ce-9cba-effb7405761e', 'submitter_id': 'TCGA-LL-A6FP'}]",TCGA_BRCA.f5b944ff-aa24-44c1-af55-50bdcd4dc29d.wxs.MuTect2.somatic_annotation.vcf.gz,c2cc2ed5-7031-4678-9394-f9472a547fca,Annotated Somatic Mutation,Simple Nucleotide Variation,WXS
098806f4-ebbe-4dd1-b96b-e81bbaf8118f,"[{'case_id': 'f39edd06-1016-4e8e-a42e-12f7e699ddc5', 'submitter_id': 'TCGA-A8-A091'}]",TCGA_BRCA.550079d1-5319-48af-9935-2be8a42f3182.wxs.VarScan2.somatic_annotation.vcf.gz,098806f4-ebbe-4dd1-b96b-e81bbaf8118f,Annotated Somatic Mutation,Simple Nucleotide Variation,WXS
3340d99f-6ac1-4a27-a008-58cd1b0567e0,"[{'case_id': '5c9d8163-a68e-43ce-9cba-effb7405761e', 'submitter_id': 'TCGA-LL-A6FP'}]",4c890cc7-33be-4c33-9cb0-77207c2b93b8.wxs.MuSE.aliquot.maf.gz,3340d99f-6ac1-4a27-a008-58cd1b0567e0,Annotated Somatic Mutation,Simple Nucleotide Variation,WXS
cfcadf80-32c4-4e45-8849-e56c7165ffc4,"[{'case_id': 'f39edd06-1016-4e8e-a42e-12f7e699ddc5', 'submitter_id': 'TCGA-A8-A091'}]",9732d7d3-7a55-4eba-9a18-76e59ca082a6_wxs_gdc_realn.bam,cfcadf80-32c4-4e45-8849-e56c7165ffc4,Aligned Reads,Sequencing Reads,WXS
6b835c4e-a767-44e2-a544-45b1c267c1b0,"[{'case_id': '5c9d8163-a68e-43ce-9cba-effb7405761e', 'submitter_id': 'TCGA-LL-A6FP'}]",20052182-27ee-4eea-bb57-c2d4aca8d244.wxs.pindel.raw_somatic_mutation.vcf.gz,6b835c4e-a767-44e2-a544-45b1c267c1b0,Raw Simple Somatic Mutation,Simple Nucleotide Variation,WXS
8ebbed71-0703-491c-8169-ff5505fef9f6,"[{'case_id': '09765b0a-94f6-47d2-af56-93368084ac3a', 'submitter_id': 'TCGA-A7-A0CD'}]",TCGA-A7-A0CD-01A-01-TSA.8966c3d7-c0d2-47a4-badf-df9412a1e5f0.svs,8ebbed71-0703-491c-8169-ff5505fef9f6,Slide Image,Biospecimen,Tissue Slide
6bec4b9c-c107-4b02-a505-10c2b8bf8e54,"[{'case_id': '5c9d8163-a68e-43ce-9cba-effb7405761e', 'submitter_id': 'TCGA-LL-A6FP'}]",TCGA_BRCA.fb72f727-6518-4ca5-9e4f-5382ed877bb7.wxs.Pindel.somatic_annotation.vcf.gz,6bec4b9c-c107-4b02-a505-10c2b8bf8e54,Annotated Somatic Mutation,Simple Nucleotide Variation,WXS
f258c71e-dd8d-408e-a577-ee74d67aff53,"[{'case_id': '5c9d8163-a68e-43ce-9cba-effb7405761e', 'submitter_id': 'TCGA-LL-A6FP'}]",nationwidechildrens.org_ssf.TCGA-LL-A6FP.xml,f258c71e-dd8d-408e-a577-ee74d67aff53,Biospecimen Supplement,Biospecimen,
6c3aadbf-0145-4236-9ad0-178dc8c423f4,"[{'case_id': '16fc3677-0393-4ed1-ad3f-c8355f056369', 'submitter_id': 'TCGA-5L-AAT1'}]",602e3d24-a45d-4fe4-9b70-a679d93f470d.rna_seq.genomic.gdc_realn.bam,6c3aadbf-0145-4236-9ad0-178dc8c423f4,Aligned Reads,Sequencing Reads,RNA-Seq
9b5c26c8-e6ff-4d95-91db-fda52840406c,"[{'case_id': '2c04a2f5-321e-4dea-8e00-268325da65cb', 'submitter_id': 'TCGA-A8-A06T'}]",44beea06-28a7-490a-b6bb-4e023230e51c.rna_seq.genomic.gdc_realn.bam,9b5c26c8-e6ff-4d95-91db-fda52840406c,Aligned Reads,Sequencing Reads,RNA-Seq
64acb581-a350-4931-87cc-4c58f3b9a015,"[{'case_id': '16fc3677-0393-4ed1-ad3f-c8355f056369', 'submitter_id': 'TCGA-5L-AAT1'}]",TCGA-5L-AAT1-10A-01D-A89F-36.WholeGenome.RP-1657.bam,64acb581-a350-4931-87cc-4c58f3b9a015,Aligned Reads,Sequencing Reads,WGS
5a5a1c8a-e545-4f2c-9e14-5543cbd4bac3,"[{'case_id': '16fc3677-0393-4ed1-ad3f-c8355f056369', 'submitter_id': 'TCGA-5L-AAT1'}]",071a05c1-f9df-4e68-b73e-8f6716d75d52_noid_Red.idat,5a5a1c8a-e545-4f2c-9e14-5543cbd4bac3,Masked Intensities,DNA Methylation,Methylation Array
24c2a9a6-7822-4f42-adc6-a9da54d787a7,"[{'case_id': '2c04a2f5-321e-4dea-8e00-268325da65cb', 'submitter_id': 'TCGA-A8-A06T'}]",CUSKS_p_TCGAb47_SNP_1N_GenomeWideSNP_6_D09_628270.grch38.seg.v2.txt,24c2a9a6-7822-4f42-adc6-a9da54d787a7,Copy Number Segment,Copy Number Variation,Genotyping Array
5f903314-6279-4c06-964e-d40ef2272f01,"[{'case_id': '16fc3677-0393-4ed1-ad3f-c8355f056369', 'submitter_id': 'TCGA-5L-AAT1'}]",13b107fb-dbf4-4cae-bcfe-833aecb25c9f.somatic.SV.bedpe,5f903314-6279-4c06-964e-d40ef2272f01,Structural Rearrangement,Structural Variation,WGS
21ee6372-e2f8-4523-a670-c6c88cee5500,"[{'case_id': 'f39edd06-1016-4e8e-a42e-12f7e699ddc5', 'submitter_id': 'TCGA-A8-A091'}]",8367802a-7892-48de-ab3e-a11a226aa0af.somatic_sv.vcf.gz,21ee6372-e2f8-4523-a670-c6c88cee5500,Structural Rearrangement,Somatic Structural Variation,WGS
f97fa7a6-8c73-4656-8abb-65f09900eb11,"[{'case_id': '2c04a2f5-321e-4dea-8e00-268325da65cb', 'submitter_id': 'TCGA-A8-A06T'}]",8585afe0-a21f-4093-bd82-269cc8e5698f.mirbase21.isoforms.quantification.txt,f97fa7a6-8c73-4656-8abb-65f09900eb11,Isoform Expression Quantification,Transcriptome Profiling,miRNA-Seq
8584fedc-8bb7-4013-a3e2-c1061006c668,"[{'case_id': 'f39edd06-1016-4e8e-a42e-12f7e699ddc5', 'submitter_id': 'TCGA-A8-A091'}]",5cffec5d-5ca6-49e0-9b72-6e41390248f9.wgs.gatk4.copy_number_variation.supplementary.tar.gz,8584fedc-8bb7-4013-a3e2-c1061006c668,Intermediate Analysis Archive,Copy Number Variation,WGS
269b809e-f369-4cbd-9fe0-37451084b994,"[{'case_id': '16fc3677-0393-4ed1-ad3f-c8355f056369', 'submitter_id': 'TCGA-5L-AAT1'}]",602e3d24-a45d-4fe4-9b70-a679d93f470d.rna_seq.chimeric.gdc_realn.bam,269b809e-f369-4cbd-9fe0-37451084b994,Aligned Reads,Sequencing Reads,RNA-Seq
fdbd3736-9bbe-4c9b-8da9-299978eefd1b,"[{'case_id': '2c04a2f5-321e-4dea-8e00-268325da65cb', 'submitter_id': 'TCGA-A8-A06T'}]",44beea06-28a7-490a-b6bb-4e023230e51c.rna_seq.chimeric.gdc_realn.bam,fdbd3736-9bbe-4c9b-8da9-299978eefd1b,Aligned Reads,Sequencing Reads,RNA-Seq
fc05f5c2-5fd3-497f-b6ca-a6cd3be0639c,"[{'case_id': 'f39edd06-1016-4e8e-a42e-12f7e699ddc5', 'submitter_id': 'TCGA-A8-A091'}]",465c6270-2bfa-410a-b282-e7cc7b7b028c_noid_Red.idat,fc05f5c2-5fd3-497f-b6ca-a6cd3be0639c,Masked Intensities,DNA Methylation,Methylation Array
34f3e224-58be-4339-8a3a-97aed0f3bffa,"[{'case_id': '2c04a2f5-321e-4dea-8e00-268325da65cb', 'submitter_id': 'TCGA-A8-A06T'}]",44beea06-28a7-490a-b6bb-4e023230e51c.rna_seq.transcriptome.gdc_realn.bam,34f3e224-58be-4339-8a3a-97aed0f3bffa,Aligned Reads,Sequencing Reads,RNA-Seq
4a705a20-e5f2-4307-98d1-4f8550cd3887,"[{'case_id': 'f39edd06-1016-4e8e-a42e-12f7e699ddc5', 'submitter_id': 'TCGA-A8-A091'}]",37471af4-1248-4dd2-bb13-ebbdcb61c3e3.mirbase21.mirnas.quantification.txt,4a705a20-e5f2-4307-98d1-4f8550cd3887,miRNA Expression Quantification,Transcriptome Profiling,miRNA-Seq
81c1c24c-3e3f-4915-8853-46e8a7c82ba1,"[{'case_id': '16fc3677-0393-4ed1-ad3f-c8355f056369', 'submitter_id': 'TCGA-5L-AAT1'}]",071a05c1-f9df-4e68-b73e-8f6716d75d52.methylation_array.sesame.level3betas.txt,81c1c24c-3e3f-4915-8853-46e8a7c82ba1,Methylation Beta Value,DNA Methylation,Methylation Array
a4b60dbd-70aa-4340-b542-3098723d8e77,"[{'case_id': 'f39edd06-1016-4e8e-a42e-12f7e699ddc5', 'submitter_id': 'TCGA-A8-A091'}]",TCGA-BRCA.47577148-4ac3-4892-8cb3-85e585ce0366.wgs.tumor_normal.gatk4_mutect2.raw_somatic_mutation.vcf.gz,a4b60dbd-70aa-4340-b542-3098723d8e77,Raw Simple Somatic Mutation,Simple Nucleotide Variation,WGS
2ab5cc63-3d4b-4091-8941-551a75d7f240,"[{'case_id': '16fc3677-0393-4ed1-ad3f-c8355f056369', 'submitter_id': 'TCGA-5L-AAT1'}]",TCGA-BRCA.4d7ffa3e-0218-4fc4-b3da-691d56a7df1a.ascat2.allelic_specific.seg.txt,2ab5cc63-3d4b-4091-8941-551a75d7f240,Allele-specific Copy Number Segment,Copy Number Variation,Genotyping Array
bd490297-b881-40bf-8f4a-64d863cd28be,"[{'case_id': '2c04a2f5-321e-4dea-8e00-268325da65cb', 'submitter_id': 'TCGA-A8-A06T'}]",CUSKS_p_TCGAb47_SNP_1N_GenomeWideSNP_6_D09_628270.CEL,bd490297-b881-40bf-8f4a-64d863cd28be,Raw Intensities,Copy Number Variation,Genotyping Array
973d2129-b008-4666-b190-fb81013d70af,"[{'case_id': '2c04a2f5-321e-4dea-8e00-268325da65cb', 'submitter_id': 'TCGA-A8-A06T'}]",TCGA_BRCA.47f8d584-384d-4075-9821-30f16ac0f1b4.wgs.VarScan2.somatic_annotation.vcf.gz,973d2129-b008-4666-b190-fb81013d70af,Annotated Somatic Mutation,Simple Nucleotide Variation,WGS
301fb408-d362-4356-bbe5-eca8db8a134d,"[{'case_id': '16fc3677-0393-4ed1-ad3f-c8355f056369', 'submitter_id': 'TCGA-5L-AAT1'}]",602e3d24-a45d-4fe4-9b70-a679d93f470d.rna_seq.transcriptome.gdc_realn.bam,301fb408-d362-4356-bbe5-eca8db8a134d,Aligned Reads,Sequencing Reads,RNA-Seq
7f26ce51-73eb-4267-8062-736e224d588c,"[{'case_id': '6f959c92-b79f-4f84-9ee5-d07d3212d52d', 'submitter_id': 'TCGA-A8-A09K'}]",1cd6287d-c315-4dca-a5ad-f1fc76ca53c0.wgs.gatk4.copy_number_variation.supplementary.tar.gz,7f26ce51-73eb-4267-8062-736e224d588c,Intermediate Analysis Archive,Copy Number Variation,WGS
2836379a-1eca-4c78-85b2-d58c9466f167,"[{'case_id': '2c04a2f5-321e-4dea-8e00-268325da65cb', 'submitter_id': 'TCGA-A8-A06T'}]",TCGA-BRCA.fbfc349b-1b16-44f6-9da7-1c1bc77b81dd.wgs.varscan2.raw_somatic_mutation.vcf.gz,2836379a-1eca-4c78-85b2-d58c9466f167,Raw Simple Somatic Mutation,Simple Nucleotide Variation,WGS
4eec69ca-381b-4c17-b3e9-49492d71560e,"[{'case_id': '16fc3677-0393-4ed1-ad3f-c8355f056369', 'submitter_id': 'TCGA-5L-AAT1'}]",TCGA-5L-AAT1-01Z-00-DX1.F3449A5B-2AC4-4ED7-BF44-4C8946CDB47D.svs,4eec69ca-381b-4c17-b3e9-49492d71560e,Slide Image,Biospecimen,Diagnostic Slide
efa764bd-5a4b-43cd-b646-1283894094f4,"[{'case_id': '2c04a2f5-321e-4dea-8e00-268325da65cb', 'submitter_id': 'TCGA-A8-A06T'}]",8585afe0-a21f-4093-bd82-269cc8e5698f.mirbase21.mirnas.quantification.txt,efa764bd-5a4b-43cd-b646-1283894094f4,miRNA Expression Quantification,Transcriptome Profiling,miRNA-Seq
90898c91-cac9-4968-bd1a-11d282f77853,"[{'case_id': '16fc3677-0393-4ed1-ad3f-c8355f056369', 'submitter_id': 'TCGA-5L-AAT1'}]",TCGA_BRCA.bb2b51c4-8f69-4c77-9b3b-1cd6850e55bf.wxs.MuSE.somatic_annotation.vcf.gz,90898c91-cac9-4968-bd1a-11d282f77853,Annotated Somatic Mutation,Simple Nucleotide Variation,WXS
9dd64ada-e2c9-4a84-a485-2f6dd9a285fa,"[{'case_id': '16fc3677-0393-4ed1-ad3f-c8355f056369', 'submitter_id': 'TCGA-5L-AAT1'}]",TCGA-BRCA.4d7ffa3e-0218-4fc4-b3da-691d56a7df1a.gene_level_copy_number.v36.tsv,9dd64ada-e2c9-4a84-a485-2f6dd9a285fa,Gene Level Copy Number,Copy Number Variation,Genotyping Array
854cab48-2281-426a-910d-66ef0cdb0b83,"[{'case_id': '16fc3677-0393-4ed1-ad3f-c8355f056369', 'submitter_id': 'TCGA-5L-AAT1'}]",c74a2bd9-ce8c-4d7f-99d5-f8bac92ceaf5.mirbase21.mirnas.quantification.txt,854cab48-2281-426a-910d-66ef0cdb0b83,miRNA Expression Quantification,Transcriptome Profiling,miRNA-Seq
a6da83a7-6646-486a-b34c-5003406cef97,"[{'case_id': '6f959c92-b79f-4f84-9ee5-d07d3212d52d', 'submitter_id': 'TCGA-A8-A09K'}]",2815ef64-2ccc-424d-993a-254fc3d22c6f.wxs.varscan2.raw_somatic_mutation.vcf.gz,a6da83a7-6646-486a-b34c-5003406cef97,Raw Simple Somatic Mutation,Simple Nucleotide Variation,WXS
3b7f27c4-fd36-46f3-b4f7-0ff06083fffa,"[{'case_id': '16fc3677-0393-4ed1-ad3f-c8355f056369', 'submitter_id': 'TCGA-5L-AAT1'}]",TCGA_BRCA.606db3f7-0df8-46e4-8b23-ab62b09ef4f7.wxs.MuTect2.somatic_annotation.vcf.gz,3b7f27c4-fd36-46f3-b4f7-0ff06083fffa,Annotated Somatic Mutation,Simple Nucleotide Variation,WXS
8cd0616e-2a0a-48b1-81f8-ecfed8769e99,"[{'case_id': '6f959c92-b79f-4f84-9ee5-d07d3212d52d', 'submitter_id': 'TCGA-A8-A09K'}]",d8cd75f2-5ee5-4296-a781-a6a16ee94506_wxs_gdc_realn.bam,8cd0616e-2a0a-48b1-81f8-ecfed8769e99,Aligned Reads,Sequencing Reads,WXS
84facf02-c98f-437c-802b-7d7bc6185457,"[{'case_id': '16fc3677-0393-4ed1-ad3f-c8355f056369', 'submitter_id': 'TCGA-5L-AAT1'}]",TCGA-BRCA.a3af35c9-fb2f-4abc-a27c-5b675070cca1.star_fusion.rna_fusion.tsv,84facf02-c98f-437c-802b-7d7bc6185457,Transcript Fusion,Structural Variation,RNA-Seq
b2c1bc14-efe8-40c9-ae5c-c42453d67867,"[{'case_id': '6f959c92-b79f-4f84-9ee5-d07d3212d52d', 'submitter_id': 'TCGA-A8-A09K'}]",4ab26a32-f816-4aee-9130-12a0b3604db0.rna_seq.genomic.gdc_realn.bam,b2c1bc14-efe8-40c9-ae5c-c42453d67867,Aligned Reads,Sequencing Reads,RNA-Seq
aaf39d78-c46c-4b24-9051-278c931a0a9f,"[{'case_id': '16fc3677-0393-4ed1-ad3f-c8355f056369', 'submitter_id': 'TCGA-5L-AAT1'}]",nationwidechildrens.org_biospecimen.TCGA-5L-AAT1.xml,aaf39d78-c46c-4b24-9051-278c931a0a9f,Biospecimen Supplement,Biospecimen,
b736ca6e-53b4-4074-a446-4085aaf5a23b,"[{'case_id': '2c04a2f5-321e-4dea-8e00-268325da65cb', 'submitter_id': 'TCGA-A8-A06T'}]",TCGA-BRCA.768075b7-62ca-4f16-b1a6-7700c94a146b.absolute_liftover.gene_level_copy_number.v36.tsv,b736ca6e-53b4-4074-a446-4085aaf5a23b,Gene Level Copy Number,Copy Number Variation,Genotyping Array
1ededc0a-7ccb-41a7-bc62-68d53a46d086,"[{'case_id': '6f959c92-b79f-4f84-9ee5-d07d3212d52d', 'submitter_id': 'TCGA-A8-A09K'}]",nationwidechildrens.org_ssf.TCGA-A8-A09K.xml,1ededc0a-7ccb-41a7-bc62-68d53a46d086,Biospecimen Supplement,Biospecimen,
666d9649-ca38-424b-9cd2-9a8c58def263,"[{'case_id': '16fc3677-0393-4ed1-ad3f-c8355f056369', 'submitter_id': 'TCGA-5L-AAT1'}]",TCGA_BRCA.e6e7b384-ac0c-4874-9878-8fe7c9eb67d3.wgs.GATK4_MuTect2_Pair.somatic_annotation.vcf.gz,666d9649-ca38-424b-9cd2-9a8c58def263,Annotated Somatic Mutation,Simple Nucleotide Variation,WGS
cd7890a5-76f8-479d-9298-fda762a15701,"[{'case_id': '2c04a2f5-321e-4dea-8e00-268325da65cb', 'submitter_id': 'TCGA-A8-A06T'}]",nationwidechildrens.org_omf.TCGA-A8-A06T.xml,cd7890a5-76f8-479d-9298-fda762a15701,Clinical Supplement,Clinical,
dbd837b9-6a4c-4e19-bf78-344f843fd067,"[{'case_id': '6f959c92-b79f-4f84-9ee5-d07d3212d52d', 'submitter_id': 'TCGA-A8-A09K'}]",4ab26a32-f816-4aee-9130-12a0b3604db0.rna_seq.chimeric.gdc_realn.bam,dbd837b9-6a4c-4e19-bf78-344f843fd067,Aligned Reads,Sequencing Reads,RNA-Seq
bb29e18e-c30d-41f1-a37d-70d70f953815,"[{'case_id': '16fc3677-0393-4ed1-ad3f-c8355f056369', 'submitter_id': 'TCGA-5L-AAT1'}]",TCGA-BRCA.6040487b-5bf6-489d-bc04-3d66a722f5ec.arriba.rna_fusion.tsv,bb29e18e-c30d-41f1-a37d-70d70f953815,Transcript Fusion,Structural Variation,RNA-Seq
f73f657a-4de9-4cee-b3fe-8e23b74b1772,"[{'case_id': '6f959c92-b79f-4f84-9ee5-d07d3212d52d', 'submitter_id': 'TCGA-A8-A09K'}]",TCGA_BRCA.4923c5fd-aaf0-4a5c-91df-ad1ec49bc309.wgs.VarScan2.somatic_annotation.vcf.gz,f73f657a-4de9-4cee-b3fe-8e23b74b1772,Annotated Somatic Mutation,Simple Nucleotide Variation,WGS
3b6dfef0-1825-420b-9f23-ffb4a0f4af9c,"[{'case_id': '2c04a2f5-321e-4dea-8e00-268325da65cb', 'submitter_id': 'TCGA-A8-A06T'}]",981c4dbf-6e2e-4aec-8871-44d9ff7cefda.svaba.somatic.indel.vcf.gz,3b6dfef0-1825-420b-9f23-ffb4a0f4af9c,Raw Simple Somatic Mutation,Simple Nucleotide Variation,WGS
b1e42a9d-9e45-4b99-a351-c372ec86df03,"[{'case_id': '16fc3677-0393-4ed1-ad3f-c8355f056369', 'submitter_id': 'TCGA-5L-AAT1'}]",TCGA_BRCA.281fe004-4a4b-4421-91ac-c625eda90b82.wxs.VarScan2.somatic_annotation.vcf.gz,b1e42a9d-9e45-4b99-a351-c372ec86df03,Annotated Somatic Mutation,Simple Nucleotide Variation,WXS
1cef95ca-b0fe-48dd-a924-3ef343392b4b,"[{'case_id': '6f959c92-b79f-4f84-9ee5-d07d3212d52d', 'submitter_id': 'TCGA-A8-A09K'}]",HAULS_p_TCGAb47_SNP_2N_GenomeWideSNP_6_G03_628460.birdseed.data.txt,1cef95ca-b0fe-48dd-a924-3ef343392b4b,Simple Germline Variation,Simple Nucleotide Variation,Genotyping Array
0dec98aa-fb71-4367-8d39-6a71ae06e442,"[{'case_id': '6f959c92-b79f-4f84-9ee5-d07d3212d52d', 'submitter_id': 'TCGA-A8-A09K'}]",TCGA-A8-A09K-01Z-00-DX1.41B2DF5F-C0E1-43BB-BAA5-2946A9EC4650.svs,0dec98aa-fb71-4367-8d39-6a71ae06e442,Slide Image,Biospecimen,Diagnostic Slide
500c2fb0-6540-4f8e-b724-b4ef6b38c2d6,"[{'case_id': '16fc3677-0393-4ed1-ad3f-c8355f056369', 'submitter_id': 'TCGA-5L-AAT1'}]",nationwidechildrens.org_clinical.TCGA-5L-AAT1.xml,500c2fb0-6540-4f8e-b724-b4ef6b38c2d6,Clinical Supplement,Clinical,
970688d1-8bc5-4495-94e0-22c5f7f459da,"[{'case_id': '2c04a2f5-321e-4dea-8e00-268325da65cb', 'submitter_id': 'TCGA-A8-A06T'}]",TCGA-BRCA.2f78c688-00bf-4c30-980e-eadeecd37bf7.wgs.tumor_normal.gatk4_mutect2.raw_somatic_mutation.vcf.gz,970688d1-8bc5-4495-94e0-22c5f7f459da,Raw Simple Somatic Mutation,Simple Nucleotide Variation,WGS
2ccc4619-a40e-4efa-90d8-8e9f6b31d87f,"[{'case_id': '2c04a2f5-321e-4dea-8e00-268325da65cb', 'submitter_id': 'TCGA-A8-A06T'}]",b1e53432-5968-4fb9-acf4-f161e65013da_wxs_gdc_realn.bam,2ccc4619-a40e-4efa-90d8-8e9f6b31d87f,Aligned Reads,Sequencing Reads,WXS
c53e762a-bed1-46a2-96e7-70c8b5cda349,"[{'case_id': '16fc3677-0393-4ed1-ad3f-c8355f056369', 'submitter_id': 'TCGA-5L-AAT1'}]",TCGA-BRCA.a3af35c9-fb2f-4abc-a27c-5b675070cca1.star_fusion.rna_fusion.bedpe,c53e762a-bed1-46a2-96e7-70c8b5cda349,Transcript Fusion,Structural Variation,RNA-Seq
2b09f2e9-68c4-4a64-90c9-d981e89c123d,"[{'case_id': '6f959c92-b79f-4f84-9ee5-d07d3212d52d', 'submitter_id': 'TCGA-A8-A09K'}]",nationwidechildrens.org_omf.TCGA-A8-A09K.xml,2b09f2e9-68c4-4a64-90c9-d981e89c123d,Clinical Supplement,Clinical,
11f10310-0fbf-4ad5-b89e-d162110d0e28,"[{'case_id': '16fc3677-0393-4ed1-ad3f-c8355f056369', 'submitter_id': 'TCGA-5L-AAT1'}]",9db372b8-f687-49c1-844a-53d3e1246ef4_wxs_gdc_realn.bam,11f10310-0fbf-4ad5-b89e-d162110d0e28,Aligned Reads,Sequencing Reads,WXS
a39599fc-f738-4103-ae16-4072d7681a4a,"[{'case_id': '6f959c92-b79f-4f84-9ee5-d07d3212d52d', 'submitter_id': 'TCGA-A8-A09K'}]",TCGA-BRCA.b412fc52-5776-4ff9-b9c4-829efabfb377.ascat3.gene_level_copy_number.v36.tsv,a39599fc-f738-4103-ae16-4072d7681a4a,Gene Level Copy Number,Copy Number Variation,Genotyping Array
dc467778-f3ca-4484-89e0-e90539404157,"[{'case_id': '2c04a2f5-321e-4dea-8e00-268325da65cb', 'submitter_id': 'TCGA-A8-A06T'}]",TCGA-BRCA.768075b7-62ca-4f16-b1a6-7700c94a146b.ascat2.allelic_specific.seg.txt,dc467778-f3ca-4484-89e0-e90539404157,Allele-specific Copy Number Segment,Copy Number Variation,Genotyping Array
adbe483a-add9-4fba-940c-ee4437fd46aa,"[{'case_id': '2c04a2f5-321e-4dea-8e00-268325da65cb', 'submitter_id': 'TCGA-A8-A06T'}]",TCGA-A8-A06T-10B-01D-A891-36.WholeGenome.RP-1657.bam,adbe483a-add9-4fba-940c-ee4437fd46aa,Aligned Reads,Sequencing Reads,WGS
d8f88e52-b6ca-45ad-9197-d1f9e897df39,"[{'case_id': '2c04a2f5-321e-4dea-8e00-268325da65cb', 'submitter_id': 'TCGA-A8-A06T'}]",CUSKS_p_TCGAb47_SNP_1N_GenomeWideSNP_6_D09_628270.birdseed.data.txt,d8f88e52-b6ca-45ad-9197-d1f9e897df39,Simple Germline Variation,Simple Nucleotide Variation,Genotyping Array
3ef0d65c-c315-4b5a-acc9-a9e1fc0d3441,"[{'case_id': '6f959c92-b79f-4f84-9ee5-d07d3212d52d', 'submitter_id': 'TCGA-A8-A09K'}]",HAULS_p_TCGAb47_SNP_2N_GenomeWideSNP_6_H09_628554.nocnv_grch38.seg.v2.txt,3ef0d65c-c315-4b5a-acc9-a9e1fc0d3441,Masked Copy Number Segment,Copy Number Variation,Genotyping Array
a89b041d-e6cd-4298-93b9-13c62a5f2f01,"[{'case_id': '2c04a2f5-321e-4dea-8e00-268325da65cb', 'submitter_id': 'TCGA-A8-A06T'}]",fe1694df-4aca-4a23-bbf5-c0c1d24d4c2b.wxs.aliquot_ensemble_masked.maf.gz,a89b041d-e6cd-4298-93b9-13c62a5f2f01,Masked Somatic Mutation,Simple Nucleotide Variation,WXS
1aa85d5b-4551-48e3-ad1a-8c52076a4ff7,"[{'case_id': '6f959c92-b79f-4f84-9ee5-d07d3212d52d', 'submitter_id': 'TCGA-A8-A09K'}]",TCGA-BRCA.151d9a49-7a30-4e5c-9865-499faa82a768.wgs.varscan2.raw_somatic_mutation.vcf.gz,1aa85d5b-4551-48e3-ad1a-8c52076a4ff7,Raw Simple Somatic Mutation,Simple Nucleotide Variation,WGS
ff8c3b66-2b9f-4125-bbef-9015fe089dda,"[{'case_id': '16fc3677-0393-4ed1-ad3f-c8355f056369', 'submitter_id': 'TCGA-5L-AAT1'}]",9e2dae4d-437b-4bc2-a294-d1d9485d6aeb.wxs.Pindel.aliquot.maf.gz,ff8c3b66-2b9f-4125-bbef-9015fe089dda,Annotated Somatic Mutation,Simple Nucleotide Variation,WXS
219e1070-f5d8-4944-b23f-f11b57da7890,"[{'case_id': '6f959c92-b79f-4f84-9ee5-d07d3212d52d', 'submitter_id': 'TCGA-A8-A09K'}]",HAULS_p_TCGAb47_SNP_2N_GenomeWideSNP_6_H09_628554.grch38.seg.v2.txt,219e1070-f5d8-4944-b23f-f11b57da7890,Copy Number Segment,Copy Number Variation,Genotyping Array
c74cae56-d15f-4064-b127-3bf8540d220f,"[{'case_id': '2c04a2f5-321e-4dea-8e00-268325da65cb', 'submitter_id': 'TCGA-A8-A06T'}]",a0704216-a5c4-4caa-8e62-66de38518757.wgs.gatk4.copy_number_variation.supplementary.tar.gz,c74cae56-d15f-4064-b127-3bf8540d220f,Intermediate Analysis Archive,Copy Number Variation,WGS
69e989dc-de98-43e9-9e27-9a602606b166,"[{'case_id': '6f959c92-b79f-4f84-9ee5-d07d3212d52d', 'submitter_id': 'TCGA-A8-A09K'}]",e966e65a-f107-47a0-8ae3-649ee2148dbf_noid_Grn.idat,69e989dc-de98-43e9-9e27-9a602606b166,Masked Intensities,DNA Methylation,Methylation Array
ec290684-7097-4be6-98d4-ff294f390cdf,"[{'case_id': '6f959c92-b79f-4f84-9ee5-d07d3212d52d', 'submitter_id': 'TCGA-A8-A09K'}]",TCGA_BRCA.496d407d-8ea8-4c41-a8bb-613a807612d3.wxs.Pindel.somatic_annotation.vcf.gz,ec290684-7097-4be6-98d4-ff294f390cdf,Annotated Somatic Mutation,Simple Nucleotide Variation,WXS
92d56ca4-72cc-4780-9308-fdee13aeea36,"[{'case_id': '16fc3677-0393-4ed1-ad3f-c8355f056369', 'submitter_id': 'TCGA-5L-AAT1'}]",TAKEN_p_TCGAb_379_400_FFPE_NSP_GenomeWideSNP_6_E02_1513266.birdseed.data.txt,92d56ca4-72cc-4780-9308-fdee13aeea36,Simple Germline Variation,Simple Nucleotide Variation,Genotyping Array
2d5b0962-b5c4-4482-9f28-47e4dcdb6df6,"[{'case_id': '16fc3677-0393-4ed1-ad3f-c8355f056369', 'submitter_id': 'TCGA-5L-AAT1'}]",602e3d24-a45d-4fe4-9b70-a679d93f470d.rna_seq.augmented_star_gene_counts.tsv,2d5b0962-b5c4-4482-9f28-47e4dcdb6df6,Gene Expression Quantification,Transcriptome Profiling,RNA-Seq
9a6c9136-e53c-4866-af36-da605bf1ebb9,"[{'case_id': '2c04a2f5-321e-4dea-8e00-268325da65cb', 'submitter_id': 'TCGA-A8-A06T'}]",981c4dbf-6e2e-4aec-8871-44d9ff7cefda.somatic.SV.bedpe,9a6c9136-e53c-4866-af36-da605bf1ebb9,Structural Rearrangement,Structural Variation,WGS
3d505030-d5a9-42a2-b714-df1d3a9e5972,"[{'case_id': '2c04a2f5-321e-4dea-8e00-268325da65cb', 'submitter_id': 'TCGA-A8-A06T'}]",e4434550-3e83-4e62-a18e-504ac433404b.wxs.MuTect2.aliquot.maf.gz,3d505030-d5a9-42a2-b714-df1d3a9e5972,Annotated Somatic Mutation,Simple Nucleotide Variation,WXS
9821dfa0-6276-4e2b-b8ac-0742d0de3bb9,"[{'case_id': '6f959c92-b79f-4f84-9ee5-d07d3212d52d', 'submitter_id': 'TCGA-A8-A09K'}]",HAULS_p_TCGAb47_SNP_2N_GenomeWideSNP_6_G03_628460.grch38.seg.v2.txt,9821dfa0-6276-4e2b-b8ac-0742d0de3bb9,Copy Number Segment,Copy Number Variation,Genotyping Array
aa0a778c-b85b-4978-afbb-9509e5aa7366,"[{'case_id': '2c04a2f5-321e-4dea-8e00-268325da65cb', 'submitter_id': 'TCGA-A8-A06T'}]",TCGA-BRCA.4bb9bab8-4f25-469b-a816-427c4d32be55.arriba.rna_fusion.tsv,aa0a778c-b85b-4978-afbb-9509e5aa7366,Transcript Fusion,Structural Variation,RNA-Seq
3a864399-1802-4c0d-b3e3-24bbfc5b7bca,"[{'case_id': '6f959c92-b79f-4f84-9ee5-d07d3212d52d', 'submitter_id': 'TCGA-A8-A09K'}]",ea549f95-1d3e-4496-93a1-f2bb07310902.wxs.MuSE.aliquot.maf.gz,3a864399-1802-4c0d-b3e3-24bbfc5b7bca,Annotated Somatic Mutation,Simple Nucleotide Variation,WXS
b8933201-731b-4d7f-b2f1-17b4e7187424,"[{'case_id': '16fc3677-0393-4ed1-ad3f-c8355f056369', 'submitter_id': 'TCGA-5L-AAT1'}]",602e3d24-a45d-4fe4-9b70-a679d93f470d.rna_seq.star_splice_junctions.tsv.gz,b8933201-731b-4d7f-b2f1-17b4e7187424,Splice Junction Quantification,Transcriptome Profiling,RNA-Seq
9cf0bb91-085c-41fd-a620-6aa2321b6caf,"[{'case_id': '16fc3677-0393-4ed1-ad3f-c8355f056369', 'submitter_id': 'TCGA-5L-AAT1'}]",TCGA-BRCA.6040487b-5bf6-489d-bc04-3d66a722f5ec.arriba.rna_fusion.bedpe,9cf0bb91-085c-41fd-a620-6aa2321b6caf,Transcript Fusion,Structural Variation,RNA-Seq
4b94b8c8-471e-4298-afc8-2da8aac36c90,"[{'case_id': '33fe5833-d7a0-43d7-a03d-56985ea448a6', 'submitter_id': 'TCGA-GI-A2C8'}]",93f26994-d3de-4c8a-bfde-86af8d85b01a.rna_seq.star_splice_junctions.tsv.gz,4b94b8c8-471e-4298-afc8-2da8aac36c90,Splice Junction Quantification,Transcriptome Profiling,RNA-Seq
e076b242-ef1c-48c3-97f4-f5ccdab2f8e1,"[{'case_id': '6f959c92-b79f-4f84-9ee5-d07d3212d52d', 'submitter_id': 'TCGA-A8-A09K'}]",2815ef64-2ccc-424d-993a-254fc3d22c6f.wxs.muse.raw_somatic_mutation.vcf.gz,e076b242-ef1c-48c3-97f4-f5ccdab2f8e1,Raw Simple Somatic Mutation,Simple Nucleotide Variation,WXS
673b58d1-4cef-4638-a763-80075590a912,"[{'case_id': '33fe5833-d7a0-43d7-a03d-56985ea448a6', 'submitter_id': 'TCGA-GI-A2C8'}]",535a899d-67ca-4500-8dda-63a331a3611c_wxs_gdc_realn.bam,673b58d1-4cef-4638-a763-80075590a912,Aligned Reads,Sequencing Reads,WXS
c5d44a95-b0e9-4846-9da0-8e44f71b28d2,"[{'case_id': '33fe5833-d7a0-43d7-a03d-56985ea448a6', 'submitter_id': 'TCGA-GI-A2C8'}]",3c4a92c8-019e-461e-8d28-39c30d7bcf39.wxs.muse.raw_somatic_mutation.vcf.gz,c5d44a95-b0e9-4846-9da0-8e44f71b28d2,Raw Simple Somatic Mutation,Simple Nucleotide Variation,WXS
bfda9c14-ac57-43f3-995f-92e2b067eead,"[{'case_id': '2c04a2f5-321e-4dea-8e00-268325da65cb', 'submitter_id': 'TCGA-A8-A06T'}]",TCGA-BRCA.768075b7-62ca-4f16-b1a6-7700c94a146b.gene_level_copy_number.v36.tsv,bfda9c14-ac57-43f3-995f-92e2b067eead,Gene Level Copy Number,Copy Number Variation,Genotyping Array
b7f51922-c41b-4e3e-b1ff-387d33b4c2bb,"[{'case_id': '6f959c92-b79f-4f84-9ee5-d07d3212d52d', 'submitter_id': 'TCGA-A8-A09K'}]",TCGA_BRCA.70b6bb19-a351-42a1-bf03-4874e430ed9c.wxs.MuTect2.somatic_annotation.vcf.gz,b7f51922-c41b-4e3e-b1ff-387d33b4c2bb,Annotated Somatic Mutation,Simple Nucleotide Variation,WXS
f94e4442-b2bb-4132-91da-250549af141a,"[{'case_id': '33fe5833-d7a0-43d7-a03d-56985ea448a6', 'submitter_id': 'TCGA-GI-A2C8'}]",93f26994-d3de-4c8a-bfde-86af8d85b01a.rna_seq.genomic.gdc_realn.bam,f94e4442-b2bb-4132-91da-250549af141a,Aligned Reads,Sequencing Reads,RNA-Seq
b8be97d7-c1bd-43d2-b046-5fadd89f7e2c,"[{'case_id': '33fe5833-d7a0-43d7-a03d-56985ea448a6', 'submitter_id': 'TCGA-GI-A2C8'}]",69ca2b97-43dd-465a-84f3-ab2265dbd562.wxs.aliquot_ensemble_masked.maf.gz,b8be97d7-c1bd-43d2-b046-5fadd89f7e2c,Masked Somatic Mutation,Simple Nucleotide Variation,WXS
8f0ea563-e973-4fc2-a144-f41b95dad133,"[{'case_id': '6f959c92-b79f-4f84-9ee5-d07d3212d52d', 'submitter_id': 'TCGA-A8-A09K'}]",nationwidechildrens.org_biospecimen.TCGA-A8-A09K.xml,8f0ea563-e973-4fc2-a144-f41b95dad133,Biospecimen Supplement,Biospecimen,
1d2d23eb-ed38-47a2-9edf-354e4704d78b,"[{'case_id': 'd093173f-08ab-4138-bf3c-399c45a6e163', 'submitter_id': 'TCGA-AR-A2LR'}]",d8c6fdeb-4aba-4a11-b62e-d587dadbcc62_noid_Red.idat,1d2d23eb-ed38-47a2-9edf-354e4704d78b,Masked Intensities,DNA Methylation,Methylation Array
a92c8ac8-a440-42a2-9bc5-95dc8d65cd86,"[{'case_id': 'd093173f-08ab-4138-bf3c-399c45a6e163', 'submitter_id': 'TCGA-AR-A2LR'}]",TCGA-AR-A2LR-01A-12R-A18L-13_mirna_gdc_realn.bam,a92c8ac8-a440-42a2-9bc5-95dc8d65cd86,Aligned Reads,Sequencing Reads,miRNA-Seq
0e05c5bc-460a-4a3e-bdc2-22286f606e5d,"[{'case_id': '6f959c92-b79f-4f84-9ee5-d07d3212d52d', 'submitter_id': 'TCGA-A8-A09K'}]",TCGA_BRCA.c6b43aa6-5324-46b0-b711-0cf0eff34e9a.wxs.VarScan2.somatic_annotation.vcf.gz,0e05c5bc-460a-4a3e-bdc2-22286f606e5d,Annotated Somatic Mutation,Simple Nucleotide Variation,WXS
b22de56f-e386-4fc6-9c01-96b09a64fde3,"[{'case_id': 'd093173f-08ab-4138-bf3c-399c45a6e163', 'submitter_id': 'TCGA-AR-A2LR'}]",592cffd9-e2a6-489a-9fa9-0dfd42804b20.wxs.muse.raw_somatic_mutation.vcf.gz,b22de56f-e386-4fc6-9c01-96b09a64fde3,Raw Simple Somatic Mutation,Simple Nucleotide Variation,WXS
6032213e-0d79-4a04-9cf7-09bad4e2a4b7,"[{'case_id': '33fe5833-d7a0-43d7-a03d-56985ea448a6', 'submitter_id': 'TCGA-GI-A2C8'}]",TCGA-BRCA.d986386e-b0cc-46f5-a9dc-8e0c58178f4a.ascat2.allelic_specific.seg.txt,6032213e-0d79-4a04-9cf7-09bad4e2a4b7,Allele-specific Copy Number Segment,Copy Number Variation,Genotyping Array
0ae344e2-bdd7-4526-b411-e790a78eb98c,"[{'case_id': '6f959c92-b79f-4f84-9ee5-d07d3212d52d', 'submitter_id': 'TCGA-A8-A09K'}]",TCGA-BRCA.b412fc52-5776-4ff9-b9c4-829efabfb377.ascat3.allelic_specific.seg.txt,0ae344e2-bdd7-4526-b411-e790a78eb98c,Allele-specific Copy Number Segment,Copy Number Variation,Genotyping Array
5f91e72e-d551-48e6-b6cf-fb5477634124,"[{'case_id': 'd093173f-08ab-4138-bf3c-399c45a6e163', 'submitter_id': 'TCGA-AR-A2LR'}]",TCGA-AR-A2LR-01A-12D-A89B-36.WholeGenome.RP-1657.cr.igv.reheader.seg.txt,5f91e72e-d551-48e6-b6cf-fb5477634124,Copy Number Segment,Copy Number Variation,WGS
272cbfb7-6c7c-4af5-9308-db83e9b0d916,"[{'case_id': '6f959c92-b79f-4f84-9ee5-d07d3212d52d', 'submitter_id': 'TCGA-A8-A09K'}]",469963f3-8143-43c7-9da8-eb6176c82e19.wxs.aliquot_ensemble_raw.maf.gz,272cbfb7-6c7c-4af5-9308-db83e9b0d916,Aggregated Somatic Mutation,Simple Nucleotide Variation,WXS
6d821cf9-f546-494c-8724-ad5e084c984f,"[{'case_id': 'd093173f-08ab-4138-bf3c-399c45a6e163', 'submitter_id': 'TCGA-AR-A2LR'}]",592cffd9-e2a6-489a-9fa9-0dfd42804b20.wxs.varscan2.raw_somatic_mutation.vcf.gz,6d821cf9-f546-494c-8724-ad5e084c984f,Raw Simple Somatic Mutation,Simple Nucleotide Variation,WXS
bdddf231-486d-46fa-8c44-4c31aebdbe9a,"[{'case_id': 'd093173f-08ab-4138-bf3c-399c45a6e163', 'submitter_id': 'TCGA-AR-A2LR'}]",ed8d901f-d8ed-4c26-a7a0-a0baa383b0d2_wxs_gdc_realn.bam,bdddf231-486d-46fa-8c44-4c31aebdbe9a,Aligned Reads,Sequencing Reads,WXS
7a220ae5-37df-47ce-8f8d-ce222dfc94d9,"[{'case_id': '33fe5833-d7a0-43d7-a03d-56985ea448a6', 'submitter_id': 'TCGA-GI-A2C8'}]",d042529e-e220-4a6c-8057-a3de5da54917.wxs.VarScan2.aliquot.maf.gz,7a220ae5-37df-47ce-8f8d-ce222dfc94d9,Annotated Somatic Mutation,Simple Nucleotide Variation,WXS
5b9b4ef7-734c-4430-bc47-69627a13cc8c,"[{'case_id': 'c1442467-d618-435f-8792-b1a18f696f1a', 'submitter_id': 'TCGA-AO-A0J5'}]",TCGA-AO-A0J5-01A-21-A13A-20_RPPA_data.tsv,5b9b4ef7-734c-4430-bc47-69627a13cc8c,Protein Expression Quantification,Proteome Profiling,Reverse Phase Protein Array
c66edaed-5e53-492d-bd1f-50882eb4b803,"[{'case_id': 'c1442467-d618-435f-8792-b1a18f696f1a', 'submitter_id': 'TCGA-AO-A0J5'}]",89c06b7b-8adc-449c-8de5-d8190b0f8c4d_noid_Grn.idat,c66edaed-5e53-492d-bd1f-50882eb4b803,Masked Intensities,DNA Methylation,Methylation Array
5390f441-6557-4006-89c1-0f4756a83cae,"[{'case_id': 'd093173f-08ab-4138-bf3c-399c45a6e163', 'submitter_id': 'TCGA-AR-A2LR'}]",TCGA-BRCA.93ada259-2783-443c-ae58-62c655332d79.star_fusion.rna_fusion.tsv,5390f441-6557-4006-89c1-0f4756a83cae,Transcript Fusion,Structural Variation,RNA-Seq
45856a18-f98f-4b48-a145-19cbf03464d5,"[{'case_id': 'c1442467-d618-435f-8792-b1a18f696f1a', 'submitter_id': 'TCGA-AO-A0J5'}]",0d4038c9-b069-4b89-8359-b4546aa974c1.wxs.aliquot_ensemble_masked.maf.gz,45856a18-f98f-4b48-a145-19cbf03464d5,Masked Somatic Mutation,Simple Nucleotide Variation,WXS
17933953-f4d6-4dfa-8b9f-67c95cdc4118,"[{'case_id': '33fe5833-d7a0-43d7-a03d-56985ea448a6', 'submitter_id': 'TCGA-GI-A2C8'}]",3c4a92c8-019e-461e-8d28-39c30d7bcf39.wxs.mutect2.raw_somatic_mutation.vcf.gz,17933953-f4d6-4dfa-8b9f-67c95cdc4118,Raw Simple Somatic Mutation,Simple Nucleotide Variation,WXS
82f13202-9f6a-4e3a-8c02-38618ac7c876,"[{'case_id': 'd093173f-08ab-4138-bf3c-399c45a6e163', 'submitter_id': 'TCGA-AR-A2LR'}]",cc383d81-8a72-4071-b69b-9822403ae3d5.mirbase21.isoforms.quantification.txt,82f13202-9f6a-4e3a-8c02-38618ac7c876,Isoform Expression Quantification,Transcriptome Profiling,miRNA-Seq
bd847a57-ac31-4a75-95fa-d07f02a2441c,"[{'case_id': 'd093173f-08ab-4138-bf3c-399c45a6e163', 'submitter_id': 'TCGA-AR-A2LR'}]",17efe3f1-a97a-4e26-b28a-98702fd3c42b.rna_seq.transcriptome.gdc_realn.bam,bd847a57-ac31-4a75-95fa-d07f02a2441c,Aligned Reads,Sequencing Reads,RNA-Seq
6e47f2fd-0054-42ec-896f-206705a50a35,"[{'case_id': 'c1442467-d618-435f-8792-b1a18f696f1a', 'submitter_id': 'TCGA-AO-A0J5'}]",a4967c46-39b0-4285-ad1d-6c758155017e.mirbase21.isoforms.quantification.txt,6e47f2fd-0054-42ec-896f-206705a50a35,Isoform Expression Quantification,Transcriptome Profiling,miRNA-Seq
3fbeb306-3956-467f-ae85-cc864b21fc97,"[{'case_id': '33fe5833-d7a0-43d7-a03d-56985ea448a6', 'submitter_id': 'TCGA-GI-A2C8'}]",TCGA-BRCA.e4c4fc71-fd85-417c-82b0-0d26153e4fb3.arriba.rna_fusion.tsv,3fbeb306-3956-467f-ae85-cc864b21fc97,Transcript Fusion,Structural Variation,RNA-Seq
dee16471-d90b-4a27-8b56-3908f4a2bc79,"[{'case_id': '33fe5833-d7a0-43d7-a03d-56985ea448a6', 'submitter_id': 'TCGA-GI-A2C8'}]",WRIED_p_TCGA_143_147_150_Hahn_N_GenomeWideSNP_6_A09_799960.birdseed.data.txt,dee16471-d90b-4a27-8b56-3908f4a2bc79,Simple Germline Variation,Simple Nucleotide Variation,Genotyping Array
063aedd7-3c22-40f8-b24f-2fec5aca5dd5,"[{'case_id': '33fe5833-d7a0-43d7-a03d-56985ea448a6', 'submitter_id': 'TCGA-GI-A2C8'}]",TCGA-BRCA.d986386e-b0cc-46f5-a9dc-8e0c58178f4a.gene_level_copy_number.v36.tsv,063aedd7-3c22-40f8-b24f-2fec5aca5dd5,Gene Level Copy Number,Copy Number Variation,Genotyping Array
9aec7cd7-db0f-445f-9d3c-e106b3d72636,"[{'case_id': 'd093173f-08ab-4138-bf3c-399c45a6e163', 'submitter_id': 'TCGA-AR-A2LR'}]",TCGA_BRCA.3ca67c91-e279-4c95-b375-4a54f3b2ae42.wxs.MuTect2.somatic_annotation.vcf.gz,9aec7cd7-db0f-445f-9d3c-e106b3d72636,Annotated Somatic Mutation,Simple Nucleotide Variation,WXS
4306146a-da7e-4644-aa2a-c984c436ed42,"[{'case_id': '33fe5833-d7a0-43d7-a03d-56985ea448a6', 'submitter_id': 'TCGA-GI-A2C8'}]",03d891b3-8faf-4384-94ce-2015f1ca5df0.rna_seq.genomic.gdc_realn.bam,4306146a-da7e-4644-aa2a-c984c436ed42,Aligned Reads,Sequencing Reads,RNA-Seq
6f127a68-1bb9-47ae-83b3-232194245b1d,"[{'case_id': 'd093173f-08ab-4138-bf3c-399c45a6e163', 'submitter_id': 'TCGA-AR-A2LR'}]",TCGA-BRCA.93ada259-2783-443c-ae58-62c655332d79.star_fusion.rna_fusion.bedpe,6f127a68-1bb9-47ae-83b3-232194245b1d,Transcript Fusion,Structural Variation,RNA-Seq
8a9ebb0e-698d-4add-9ccf-9ef42f627d46,"[{'case_id': 'd093173f-08ab-4138-bf3c-399c45a6e163', 'submitter_id': 'TCGA-AR-A2LR'}]",17efe3f1-a97a-4e26-b28a-98702fd3c42b.rna_seq.genomic.gdc_realn.bam,8a9ebb0e-698d-4add-9ccf-9ef42f627d46,Aligned Reads,Sequencing Reads,RNA-Seq
bd88789e-038f-45cc-9ccb-7f249701542b,"[{'case_id': '33fe5833-d7a0-43d7-a03d-56985ea448a6', 'submitter_id': 'TCGA-GI-A2C8'}]",93f26994-d3de-4c8a-bfde-86af8d85b01a.rna_seq.chimeric.gdc_realn.bam,bd88789e-038f-45cc-9ccb-7f249701542b,Aligned Reads,Sequencing Reads,RNA-Seq
30d1864d-467b-4ea3-b475-8e00f850bc81,"[{'case_id': 'c1442467-d618-435f-8792-b1a18f696f1a', 'submitter_id': 'TCGA-AO-A0J5'}]",COZEN_p_TCGAb56_SNP_2N_GenomeWideSNP_6_B04_667212.grch38.seg.v2.txt,30d1864d-467b-4ea3-b475-8e00f850bc81,Copy Number Segment,Copy Number Variation,Genotyping Array
eda61afc-d12e-4093-81e4-5555cbdbacd7,"[{'case_id': '33fe5833-d7a0-43d7-a03d-56985ea448a6', 'submitter_id': 'TCGA-GI-A2C8'}]",TCGA-BRCA.d986386e-b0cc-46f5-a9dc-8e0c58178f4a.absolute_liftover.gene_level_copy_number.v36.tsv,eda61afc-d12e-4093-81e4-5555cbdbacd7,Gene Level Copy Number,Copy Number Variation,Genotyping Array
c53cc045-bced-4c5f-97e7-b17ab835ef23,"[{'case_id': 'd093173f-08ab-4138-bf3c-399c45a6e163', 'submitter_id': 'TCGA-AR-A2LR'}]",d8c6fdeb-4aba-4a11-b62e-d587dadbcc62.methylation_array.sesame.level3betas.txt,c53cc045-bced-4c5f-97e7-b17ab835ef23,Methylation Beta Value,DNA Methylation,Methylation Array
fc2a7cee-c918-4724-b546-57ccf739129e,"[{'case_id': 'c1442467-d618-435f-8792-b1a18f696f1a', 'submitter_id': 'TCGA-AO-A0J5'}]",d5473c06-a4b2-47d1-b220-f7ffe2153730.wxs.MuTect2.aliquot.maf.gz,fc2a7cee-c918-4724-b546-57ccf739129e,Annotated Somatic Mutation,Simple Nucleotide Variation,WXS
19995ba9-47e7-4626-b342-9773b057909a,"[{'case_id': 'd093173f-08ab-4138-bf3c-399c45a6e163', 'submitter_id': 'TCGA-AR-A2LR'}]",CELLA_p_TCGA_177_179_Esph_SNP_N_GenomeWideSNP_6_D07_871090.CEL,19995ba9-47e7-4626-b342-9773b057909a,Raw Intensities,Copy Number Variation,Genotyping Array
91837317-4f23-4e5a-8bb6-909db3a36efc,"[{'case_id': '33fe5833-d7a0-43d7-a03d-56985ea448a6', 'submitter_id': 'TCGA-GI-A2C8'}]",TCGA-BRCA.fa7045d2-2ba6-4f9b-88c0-4c1d70734be6.star_fusion.rna_fusion.bedpe,91837317-4f23-4e5a-8bb6-909db3a36efc,Transcript Fusion,Structural Variation,RNA-Seq
c75e1591-4290-44da-b5f5-afd8ac06ff47,"[{'case_id': 'c1442467-d618-435f-8792-b1a18f696f1a', 'submitter_id': 'TCGA-AO-A0J5'}]",TCGA-BRCA.f89bc6c6-3001-431f-85f2-2f99ddfc2ce4.arriba.rna_fusion.bedpe,c75e1591-4290-44da-b5f5-afd8ac06ff47,Transcript Fusion,Structural Variation,RNA-Seq
28f29013-f05d-45f3-a3e4-c3947ae09ca1,"[{'case_id': '33fe5833-d7a0-43d7-a03d-56985ea448a6', 'submitter_id': 'TCGA-GI-A2C8'}]",TCGA_BRCA.194485ae-b4cd-4e85-9583-75923c17f943.wxs.MuTect2.somatic_annotation.vcf.gz,28f29013-f05d-45f3-a3e4-c3947ae09ca1,Annotated Somatic Mutation,Simple Nucleotide Variation,WXS
988fa970-6abd-44ce-99ed-1f6884ea6a2d,"[{'case_id': 'c1442467-d618-435f-8792-b1a18f696f1a', 'submitter_id': 'TCGA-AO-A0J5'}]",61f886ca-c23c-47c9-8f22-05cc18836ee4_wgs_gdc_realn.cr.igv.reheader.seg.txt,988fa970-6abd-44ce-99ed-1f6884ea6a2d,Copy Number Segment,Copy Number Variation,WGS
fc4fcf0b-95ed-446e-847e-eae458f3573d,"[{'case_id': 'c1442467-d618-435f-8792-b1a18f696f1a', 'submitter_id': 'TCGA-AO-A0J5'}]",e71d4f32-8fa8-4a85-97f7-ccae942a3af4.somatic.SV.bedpe,fc4fcf0b-95ed-446e-847e-eae458f3573d,Structural Rearrangement,Structural Variation,WGS
1b3fcf8a-b549-45d2-9bd2-e0951d918232,"[{'case_id': '33fe5833-d7a0-43d7-a03d-56985ea448a6', 'submitter_id': 'TCGA-GI-A2C8'}]",209d014b-eb5e-4d1d-a4ab-cdf8d9c285b2.mirbase21.isoforms.quantification.txt,1b3fcf8a-b549-45d2-9bd2-e0951d918232,Isoform Expression Quantification,Transcriptome Profiling,miRNA-Seq
2aa1d120-9716-4e50-9601-7f4d8b502a24,"[{'case_id': '33fe5833-d7a0-43d7-a03d-56985ea448a6', 'submitter_id': 'TCGA-GI-A2C8'}]",9f7e2939-8899-4732-b291-14075f697205.mirbase21.isoforms.quantification.txt,2aa1d120-9716-4e50-9601-7f4d8b502a24,Isoform Expression Quantification,Transcriptome Profiling,miRNA-Seq
e9dd9471-c1e2-4f92-bd46-11b741605da9,"[{'case_id': 'd093173f-08ab-4138-bf3c-399c45a6e163', 'submitter_id': 'TCGA-AR-A2LR'}]",bb2942d4-a639-4244-85ba-328d51b50bef.wxs.aliquot_ensemble_raw.maf.gz,e9dd9471-c1e2-4f92-bd46-11b741605da9,Aggregated Somatic Mutation,Simple Nucleotide Variation,WXS
4df72739-5998-4526-a66b-f4fd74df3cf0,"[{'case_id': '33fe5833-d7a0-43d7-a03d-56985ea448a6', 'submitter_id': 'TCGA-GI-A2C8'}]",93f26994-d3de-4c8a-bfde-86af8d85b01a.rna_seq.transcriptome.gdc_realn.bam,4df72739-5998-4526-a66b-f4fd74df3cf0,Aligned Reads,Sequencing Reads,RNA-Seq
2d5ff25c-01be-470f-a204-0b75e5817101,"[{'case_id': 'd093173f-08ab-4138-bf3c-399c45a6e163', 'submitter_id': 'TCGA-AR-A2LR'}]",bb2942d4-a639-4244-85ba-328d51b50bef.wxs.aliquot_ensemble_masked.maf.gz,2d5ff25c-01be-470f-a204-0b75e5817101,Masked Somatic Mutation,Simple Nucleotide Variation,WXS
14e0a9ed-bb89-4976-b379-b88213e78cb3,"[{'case_id': '33fe5833-d7a0-43d7-a03d-56985ea448a6', 'submitter_id': 'TCGA-GI-A2C8'}]",bec3b478-c527-4378-8149-cb2a6fa88bfd.wxs.pindel.raw_somatic_mutation.vcf.gz,14e0a9ed-bb89-4976-b379-b88213e78cb3,Raw Simple Somatic Mutation,Simple Nucleotide Variation,WXS
d290efdc-d32d-4e9c-8428-3132c46f9d77,"[{'case_id': 'd093173f-08ab-4138-bf3c-399c45a6e163', 'submitter_id': 'TCGA-AR-A2LR'}]",TCGA_BRCA.594ef21e-a474-495d-b163-73e289233473.wxs.VarScan2.somatic_annotation.vcf.gz,d290efdc-d32d-4e9c-8428-3132c46f9d77,Annotated Somatic Mutation,Simple Nucleotide Variation,WXS
71c1e38b-af85-4f0b-928e-8b4ef3cb4eac,"[{'case_id': '33fe5833-d7a0-43d7-a03d-56985ea448a6', 'submitter_id': 'TCGA-GI-A2C8'}]",TCGA-BRCA.2a2d361b-75fa-4cab-93f4-ae6ae26b4a2f.star_fusion.rna_fusion.tsv,71c1e38b-af85-4f0b-928e-8b4ef3cb4eac,Transcript Fusion,Structural Variation,RNA-Seq
3e24a235-3a1f-41a1-9ec1-66db51037bcd,"[{'case_id': 'd093173f-08ab-4138-bf3c-399c45a6e163', 'submitter_id': 'TCGA-AR-A2LR'}]",TCGA-AR-A2LR-01A-21-A24A-20_RPPA_data.tsv,3e24a235-3a1f-41a1-9ec1-66db51037bcd,Protein Expression Quantification,Proteome Profiling,Reverse Phase Protein Array
84cff855-d17a-4c09-b432-53893ae69c1e,"[{'case_id': '33fe5833-d7a0-43d7-a03d-56985ea448a6', 'submitter_id': 'TCGA-GI-A2C8'}]",03d891b3-8faf-4384-94ce-2015f1ca5df0.rna_seq.augmented_star_gene_counts.tsv,84cff855-d17a-4c09-b432-53893ae69c1e,Gene Expression Quantification,Transcriptome Profiling,RNA-Seq
322e0630-39f7-4098-9886-3cdaec5c242a,"[{'case_id': 'd093173f-08ab-4138-bf3c-399c45a6e163', 'submitter_id': 'TCGA-AR-A2LR'}]",8f2265a8-ea26-41f4-acf5-89c798d85e8f_wxs_gdc_realn.bam,322e0630-39f7-4098-9886-3cdaec5c242a,Aligned Reads,Sequencing Reads,WXS
f3e8e203-ada6-4a9b-8540-0283542443b1,"[{'case_id': 'c1442467-d618-435f-8792-b1a18f696f1a', 'submitter_id': 'TCGA-AO-A0J5'}]",COZEN_p_TCGAb56_SNP_2N_GenomeWideSNP_6_B04_667212.CEL,f3e8e203-ada6-4a9b-8540-0283542443b1,Raw Intensities,Copy Number Variation,Genotyping Array
af858b58-72a1-4b0e-9a7f-801bfdd7c849,"[{'case_id': 'd093173f-08ab-4138-bf3c-399c45a6e163', 'submitter_id': 'TCGA-AR-A2LR'}]",nationwidechildrens.org_clinical.TCGA-AR-A2LR.xml,af858b58-72a1-4b0e-9a7f-801bfdd7c849,Clinical Supplement,Clinical,
4a23105a-3a0c-48ec-b178-3f38a846285a,"[{'case_id': 'd093173f-08ab-4138-bf3c-399c45a6e163', 'submitter_id': 'TCGA-AR-A2LR'}]",TCGA-BRCA.9ba65dff-5f6c-4d9e-8e58-8350a7c1dcbe.ascat2.allelic_specific.seg.txt,4a23105a-3a0c-48ec-b178-3f38a846285a,Allele-specific Copy Number Segment,Copy Number Variation,Genotyping Array
1e69b812-56fd-45fb-b8ce-aad3ebf8c012,"[{'case_id': 'c1442467-d618-435f-8792-b1a18f696f1a', 'submitter_id': 'TCGA-AO-A0J5'}]",TCGA_BRCA.8654fb10-c052-4f7c-9a2e-fe7def3e278e.wxs.MuSE.somatic_annotation.vcf.gz,1e69b812-56fd-45fb-b8ce-aad3ebf8c012,Annotated Somatic Mutation,Simple Nucleotide Variation,WXS
791bbb6f-def9-47aa-b189-297205b68d99,"[{'case_id': 'd093173f-08ab-4138-bf3c-399c45a6e163', 'submitter_id': 'TCGA-AR-A2LR'}]",TCGA-BRCA.9ba65dff-5f6c-4d9e-8e58-8350a7c1dcbe.ascat3.gene_level_copy_number.v36.tsv,791bbb6f-def9-47aa-b189-297205b68d99,Gene Level Copy Number,Copy Number Variation,Genotyping Array
fdcc4a8f-4dfc-4fe7-9109-dc05604e09b9,"[{'case_id': '1557183c-aedd-4df6-b98a-3654667f7b69', 'submitter_id': 'TCGA-A8-A09I'}]",BONZE_p_TCGAb56_SNP_1N_GenomeWideSNP_6_G04_666952.birdseed.data.txt,fdcc4a8f-4dfc-4fe7-9109-dc05604e09b9,Simple Germline Variation,Simple Nucleotide Variation,Genotyping Array
29e85a4d-4330-4fc4-83c6-1211346583ef,"[{'case_id': 'd093173f-08ab-4138-bf3c-399c45a6e163', 'submitter_id': 'TCGA-AR-A2LR'}]",TCGA-AR-A2LR-01A-12D-A89B-36.WholeGenome.RP-1657.bam,29e85a4d-4330-4fc4-83c6-1211346583ef,Aligned Reads,Sequencing Reads,WGS
8153acfd-1130-4656-bd33-2d97b5a6bda5,"[{'case_id': 'c1442467-d618-435f-8792-b1a18f696f1a', 'submitter_id': 'TCGA-AO-A0J5'}]",a4967c46-39b0-4285-ad1d-6c758155017e.mirbase21.mirnas.quantification.txt,8153acfd-1130-4656-bd33-2d97b5a6bda5,miRNA Expression Quantification,Transcriptome Profiling,miRNA-Seq
8d390261-6ef6-477b-936f-78649c1dcebf,"[{'case_id': '1557183c-aedd-4df6-b98a-3654667f7b69', 'submitter_id': 'TCGA-A8-A09I'}]",TCGA_BRCA.b1b1edf7-f361-42d4-af5c-b420f0d17005.wgs.VarScan2.somatic_annotation.vcf.gz,8d390261-6ef6-477b-936f-78649c1dcebf,Annotated Somatic Mutation,Simple Nucleotide Variation,WGS
f75d95cd-b7c9-424d-8e70-14122d013d3b,"[{'case_id': 'c1442467-d618-435f-8792-b1a18f696f1a', 'submitter_id': 'TCGA-AO-A0J5'}]",061a1748-0ede-4380-9d86-fcf4b9713699.wgs.ASCAT.gene_level.copy_number_variation.tsv,f75d95cd-b7c9-424d-8e70-14122d013d3b,Gene Level Copy Number,Copy Number Variation,WGS
e824ed51-2862-4923-bfdb-228f1f1b82ca,"[{'case_id': '1557183c-aedd-4df6-b98a-3654667f7b69', 'submitter_id': 'TCGA-A8-A09I'}]",TCGA-A8-A09I-01A-22D-A88Z-36.WholeGenome.RP-1657.cr.igv.reheader.seg.txt,e824ed51-2862-4923-bfdb-228f1f1b82ca,Copy Number Segment,Copy Number Variation,WGS
b1290bdf-cd41-47aa-920c-a435d72acc26,"[{'case_id': 'd093173f-08ab-4138-bf3c-399c45a6e163', 'submitter_id': 'TCGA-AR-A2LR'}]",8281aaaa-cc11-4f70-a255-a8c66fbd11c4.wxs.pindel.raw_somatic_mutation.vcf.gz,b1290bdf-cd41-47aa-920c-a435d72acc26,Raw Simple Somatic Mutation,Simple Nucleotide Variation,WXS
283b7962-9648-4c39-8893-f7c6d660c78d,"[{'case_id': 'c1442467-d618-435f-8792-b1a18f696f1a', 'submitter_id': 'TCGA-AO-A0J5'}]",3e4349ba-b66b-42ae-afd8-1fd2994b21c0.wxs.muse.raw_somatic_mutation.vcf.gz,283b7962-9648-4c39-8893-f7c6d660c78d,Raw Simple Somatic Mutation,Simple Nucleotide Variation,WXS
1990c09c-2468-4ced-8ee9-d5658cd224c8,"[{'case_id': '1557183c-aedd-4df6-b98a-3654667f7b69', 'submitter_id': 'TCGA-A8-A09I'}]",2912470e-ef3f-40fa-8a9b-f77aae0afa2d.methylation_array.sesame.level3betas.txt,1990c09c-2468-4ced-8ee9-d5658cd224c8,Methylation Beta Value,DNA Methylation,Methylation Array
9a7763b6-ac9d-47b3-83ad-e6d9e342aaca,"[{'case_id': '1557183c-aedd-4df6-b98a-3654667f7b69', 'submitter_id': 'TCGA-A8-A09I'}]",96706e74-619b-4df0-ad44-102db624a240.somatic_sv.vcf.gz,9a7763b6-ac9d-47b3-83ad-e6d9e342aaca,Structural Rearrangement,Somatic Structural Variation,WGS
3a22ccef-c3ae-4904-b04c-2f3c939b587b,"[{'case_id': 'c1442467-d618-435f-8792-b1a18f696f1a', 'submitter_id': 'TCGA-AO-A0J5'}]",3e4349ba-b66b-42ae-afd8-1fd2994b21c0.wxs.mutect2.raw_somatic_mutation.vcf.gz,3a22ccef-c3ae-4904-b04c-2f3c939b587b,Raw Simple Somatic Mutation,Simple Nucleotide Variation,WXS
c6d7eb13-f1d6-4aca-93bd-a8811daa184b,"[{'case_id': '1557183c-aedd-4df6-b98a-3654667f7b69', 'submitter_id': 'TCGA-A8-A09I'}]",TCGA_BRCA.3d80bbfb-3d4e-4d63-9ed2-31ea098f3eb5.wxs.VarScan2.somatic_annotation.vcf.gz,c6d7eb13-f1d6-4aca-93bd-a8811daa184b,Annotated Somatic Mutation,Simple Nucleotide Variation,WXS
1201aad3-dbb0-43fe-af77-92ac85074583,"[{'case_id': 'c1442467-d618-435f-8792-b1a18f696f1a', 'submitter_id': 'TCGA-AO-A0J5'}]",133f37ff-c459-4cc9-83e7-df1aff9babaf_wgs_gdc_realn.bam,1201aad3-dbb0-43fe-af77-92ac85074583,Aligned Reads,Sequencing Reads,WGS
bd6082f1-c74a-4405-9795-c7858ac026f1,"[{'case_id': '6bc4c56d-aac5-49a2-9913-9538d06d898f', 'submitter_id': 'TCGA-A8-A06U'}]",f09cc0c7-2896-479b-84db-401f14780092.rna_seq.transcriptome.gdc_realn.bam,bd6082f1-c74a-4405-9795-c7858ac026f1,Aligned Reads,Sequencing Reads,RNA-Seq
ef941c38-3bfa-4eb8-9f62-05c47774a2d1,"[{'case_id': 'c1442467-d618-435f-8792-b1a18f696f1a', 'submitter_id': 'TCGA-AO-A0J5'}]",6ff6aba5-17e5-4094-ab0b-ac9a44a4cbce.wxs.VarScan2.aliquot.maf.gz,ef941c38-3bfa-4eb8-9f62-05c47774a2d1,Annotated Somatic Mutation,Simple Nucleotide Variation,WXS
dedadb75-f174-47c7-bf25-1d0df319a2ce,"[{'case_id': '6bc4c56d-aac5-49a2-9913-9538d06d898f', 'submitter_id': 'TCGA-A8-A06U'}]",1a21de57-ef7d-48fc-be4d-81aef709c821.wxs.VarScan2.aliquot.maf.gz,dedadb75-f174-47c7-bf25-1d0df319a2ce,Annotated Somatic Mutation,Simple Nucleotide Variation,WXS
4683b379-31c1-4b27-a78e-b1c540f2c23f,"[{'case_id': '1557183c-aedd-4df6-b98a-3654667f7b69', 'submitter_id': 'TCGA-A8-A09I'}]",8920bcca-3863-4773-a0ea-255998d08267.wxs.MuSE.aliquot.maf.gz,4683b379-31c1-4b27-a78e-b1c540f2c23f,Annotated Somatic Mutation,Simple Nucleotide Variation,WXS
a44d6e09-87f8-467b-b87c-133909ff7479,"[{'case_id': '6bc4c56d-aac5-49a2-9913-9538d06d898f', 'submitter_id': 'TCGA-A8-A06U'}]",08d4f621-7dd1-4c56-933c-1ca082e01cfa.wgs.gatk4.copy_number_variation.supplementary.tar.gz,a44d6e09-87f8-467b-b87c-133909ff7479,Intermediate Analysis Archive,Copy Number Variation,WGS
03d6300f-131c-4b4b-bcfe-cea529c59cca,"[{'case_id': '1557183c-aedd-4df6-b98a-3654667f7b69', 'submitter_id': 'TCGA-A8-A09I'}]",TCGA_BRCA.4f61eae0-ae7e-44b2-850c-10f0698ab12a.wgs.SvABA_Somatic.somatic_annotation.vcf.gz,03d6300f-131c-4b4b-bcfe-cea529c59cca,Annotated Somatic Mutation,Simple Nucleotide Variation,WGS
e3620053-b34c-49b4-b5b2-05bba4e7aee3,"[{'case_id': 'c1442467-d618-435f-8792-b1a18f696f1a', 'submitter_id': 'TCGA-AO-A0J5'}]",65c868ba-94ed-43f2-bfd1-814979ee9486.rna_seq.genomic.gdc_realn.bam,e3620053-b34c-49b4-b5b2-05bba4e7aee3,Aligned Reads,Sequencing Reads,RNA-Seq
d8ae9e69-1f8e-4b41-aef1-908c42b15160,"[{'case_id': '1557183c-aedd-4df6-b98a-3654667f7b69', 'submitter_id': 'TCGA-A8-A09I'}]",BONZE_p_TCGAb56_SNP_1N_GenomeWideSNP_6_G04_666952.CEL,d8ae9e69-1f8e-4b41-aef1-908c42b15160,Raw Intensities,Copy Number Variation,Genotyping Array
4342c319-ba3b-48d3-b348-45366a977f2d,"[{'case_id': '6bc4c56d-aac5-49a2-9913-9538d06d898f', 'submitter_id': 'TCGA-A8-A06U'}]",CUSKS_p_TCGAb47_SNP_1N_GenomeWideSNP_6_E01_628368.grch38.seg.v2.txt,4342c319-ba3b-48d3-b348-45366a977f2d,Copy Number Segment,Copy Number Variation,Genotyping Array
d19628b3-b739-480b-8835-6862d9d6c1b2,"[{'case_id': '6bc4c56d-aac5-49a2-9913-9538d06d898f', 'submitter_id': 'TCGA-A8-A06U'}]",d185631a-e02f-451a-b9cd-d710aa59db9b.somatic.SV.bedpe,d19628b3-b739-480b-8835-6862d9d6c1b2,Structural Rearrangement,Somatic Structural Variation,WGS
6c784aa4-49c7-4e07-becf-f8729b76768e,"[{'case_id': '6bc4c56d-aac5-49a2-9913-9538d06d898f', 'submitter_id': 'TCGA-A8-A06U'}]",CUSKS_p_TCGAb47_SNP_1N_GenomeWideSNP_6_F03_628330.nocnv_grch38.seg.v2.txt,6c784aa4-49c7-4e07-becf-f8729b76768e,Masked Copy Number Segment,Copy Number Variation,Genotyping Array
e9daf569-fbed-49ec-9a0f-767675c16dc1,"[{'case_id': 'c1442467-d618-435f-8792-b1a18f696f1a', 'submitter_id': 'TCGA-AO-A0J5'}]",COZEN_p_TCGAb56_SNP_2N_GenomeWideSNP_6_B04_667212.nocnv_grch38.seg.v2.txt,e9daf569-fbed-49ec-9a0f-767675c16dc1,Masked Copy Number Segment,Copy Number Variation,Genotyping Array
fee558a0-bb18-43c1-99c9-1b1e98293a19,"[{'case_id': '1557183c-aedd-4df6-b98a-3654667f7b69', 'submitter_id': 'TCGA-A8-A09I'}]",a4455185-5506-4392-bd54-5f9cda2274d2.rna_seq.transcriptome.gdc_realn.bam,fee558a0-bb18-43c1-99c9-1b1e98293a19,Aligned Reads,Sequencing Reads,RNA-Seq
9971fba6-bfb8-4417-b2f0-1a944964f8a5,"[{'case_id': 'c1442467-d618-435f-8792-b1a18f696f1a', 'submitter_id': 'TCGA-AO-A0J5'}]",nationwidechildrens.org_clinical.TCGA-AO-A0J5.xml,9971fba6-bfb8-4417-b2f0-1a944964f8a5,Clinical Supplement,Clinical,
e3578263-d4d3-4a12-bee2-f5d39a213ad3,"[{'case_id': 'b379bfb8-284e-4300-8325-85cfd6809cb8', 'submitter_id': 'TCGA-BH-A0BD'}]",nationwidechildrens.org_clinical.TCGA-BH-A0BD.xml,e3578263-d4d3-4a12-bee2-f5d39a213ad3,Clinical Supplement,Clinical,
2a813a0d-d307-42b6-a8f7-d34af0a1466e,"[{'case_id': '1557183c-aedd-4df6-b98a-3654667f7b69', 'submitter_id': 'TCGA-A8-A09I'}]",BONZE_p_TCGAb56_SNP_1N_GenomeWideSNP_6_G04_666952.grch38.seg.v2.txt,2a813a0d-d307-42b6-a8f7-d34af0a1466e,Copy Number Segment,Copy Number Variation,Genotyping Array
af60fb6d-845d-485d-b87f-aa5f5cac22eb,"[{'case_id': 'b3354b72-2637-4edc-9a95-e55801d3ac13', 'submitter_id': 'TCGA-C8-A1HO'}]",0361ec21-e83f-40a9-b825-d92487b1239a.rna_seq.transcriptome.gdc_realn.bam,af60fb6d-845d-485d-b87f-aa5f5cac22eb,Aligned Reads,Sequencing Reads,RNA-Seq
ad286e53-9eb0-498d-bb44-3ed9e8dc3fd1,"[{'case_id': '6bc4c56d-aac5-49a2-9913-9538d06d898f', 'submitter_id': 'TCGA-A8-A06U'}]",125db152-283c-4aa4-8557-bb512fdfbf3d.wxs.pindel.raw_somatic_mutation.vcf.gz,ad286e53-9eb0-498d-bb44-3ed9e8dc3fd1,Raw Simple Somatic Mutation,Simple Nucleotide Variation,WXS
4118afca-e066-43b2-b9e8-042f37d66813,"[{'case_id': '6bc4c56d-aac5-49a2-9913-9538d06d898f', 'submitter_id': 'TCGA-A8-A06U'}]",TCGA_BRCA.4d756842-63be-4ea9-b224-61df2bb0086d.wxs.Pindel.somatic_annotation.vcf.gz,4118afca-e066-43b2-b9e8-042f37d66813,Annotated Somatic Mutation,Simple Nucleotide Variation,WXS
42b5dae1-df43-4738-b4cd-c6345db6b3f8,"[{'case_id': '1557183c-aedd-4df6-b98a-3654667f7b69', 'submitter_id': 'TCGA-A8-A09I'}]",TCGA_BRCA.3db0159f-9790-46db-98e5-91acc5bcc677.wgs.GATK4_MuTect2_Pair.somatic_annotation.vcf.gz,42b5dae1-df43-4738-b4cd-c6345db6b3f8,Annotated Somatic Mutation,Simple Nucleotide Variation,WGS
f7f6768d-9006-4133-b2fb-2490b9c48022,"[{'case_id': '1557183c-aedd-4df6-b98a-3654667f7b69', 'submitter_id': 'TCGA-A8-A09I'}]",TCGA_BRCA.02763045-5d22-45db-b30e-3f59203fcc92.wgs.VarScan2.somatic_annotation.vcf.gz,f7f6768d-9006-4133-b2fb-2490b9c48022,Annotated Somatic Mutation,Simple Nucleotide Variation,WGS
f994f4f6-3f9e-42ed-989b-35113a166a75,"[{'case_id': '6bc4c56d-aac5-49a2-9913-9538d06d898f', 'submitter_id': 'TCGA-A8-A06U'}]",TCGA_BRCA.ae682950-d80c-4ebd-99e8-17bcada22d87.wxs.VarScan2.somatic_annotation.vcf.gz,f994f4f6-3f9e-42ed-989b-35113a166a75,Annotated Somatic Mutation,Simple Nucleotide Variation,WXS
93a117c6-79a5-478d-bb2f-191d33bf0787,"[{'case_id': '1502c7d7-1535-4e56-9f34-30623acd50d5', 'submitter_id': 'TCGA-B6-A1KC'}]",5cb02d2f-dd81-4636-b91f-3e9e563a3961.wxs.muse.raw_somatic_mutation.vcf.gz,93a117c6-79a5-478d-bb2f-191d33bf0787,Raw Simple Somatic Mutation,Simple Nucleotide Variation,WXS
1ed022bd-f21a-4440-a45a-7c8b3a9b5e1e,"[{'case_id': '1502c7d7-1535-4e56-9f34-30623acd50d5', 'submitter_id': 'TCGA-B6-A1KC'}]",689fae74-9755-406a-8a6e-94e4c105035d.wxs.VarScan2.aliquot.maf.gz,1ed022bd-f21a-4440-a45a-7c8b3a9b5e1e,Annotated Somatic Mutation,Simple Nucleotide Variation,WXS
6182d009-5001-4987-b5b0-c9def8d788b5,"[{'case_id': '1502c7d7-1535-4e56-9f34-30623acd50d5', 'submitter_id': 'TCGA-B6-A1KC'}]",ffc8fa8f-f6f7-4b8a-9773-b29dc0a60410.methylation_array.sesame.level3betas.txt,6182d009-5001-4987-b5b0-c9def8d788b5,Methylation Beta Value,DNA Methylation,Methylation Array
c6828239-5dcb-401e-a5fe-1cb36006b850,"[{'case_id': '1502c7d7-1535-4e56-9f34-30623acd50d5', 'submitter_id': 'TCGA-B6-A1KC'}]",1d67d910-502f-44a0-9834-968ec71c7191.wxs.pindel.raw_somatic_mutation.vcf.gz,c6828239-5dcb-401e-a5fe-1cb36006b850,Raw Simple Somatic Mutation,Simple Nucleotide Variation,WXS
28314b11-7fe3-4955-bc53-6b1143fc0c3b,"[{'case_id': 'b3354b72-2637-4edc-9a95-e55801d3ac13', 'submitter_id': 'TCGA-C8-A1HO'}]",TCGA-BRCA.8cd0933f-c93e-4265-a6c4-6892f407ced9.gene_level_copy_number.v36.tsv,28314b11-7fe3-4955-bc53-6b1143fc0c3b,Gene Level Copy Number,Copy Number Variation,Genotyping Array
19d65661-12e7-4c16-ac95-596d1823fbbd,"[{'case_id': '6bc4c56d-aac5-49a2-9913-9538d06d898f', 'submitter_id': 'TCGA-A8-A06U'}]",TCGA-A8-A06U-01A-11D-A894-36.WholeGenome.RP-1657.bam,19d65661-12e7-4c16-ac95-596d1823fbbd,Aligned Reads,Sequencing Reads,WGS
5a752f9f-7824-471b-8ed3-fd3a9eb8c8a1,"[{'case_id': 'b3354b72-2637-4edc-9a95-e55801d3ac13', 'submitter_id': 'TCGA-C8-A1HO'}]",BEAUX_p_TCGA_b109_SNP_2N_GenomeWideSNP_6_A12_772184.nocnv_grch38.seg.v2.txt,5a752f9f-7824-471b-8ed3-fd3a9eb8c8a1,Masked Copy Number Segment,Copy Number Variation,Genotyping Array
ae724cd0-43af-432d-ae32-4ef8e13f45bd,"[{'case_id': '6bc4c56d-aac5-49a2-9913-9538d06d898f', 'submitter_id': 'TCGA-A8-A06U'}]",f09cc0c7-2896-479b-84db-401f14780092.rna_seq.chimeric.gdc_realn.bam,ae724cd0-43af-432d-ae32-4ef8e13f45bd,Aligned Reads,Sequencing Reads,RNA-Seq
b02853ee-8e68-4315-82b3-6c7a190c2ad2,"[{'case_id': 'b3354b72-2637-4edc-9a95-e55801d3ac13', 'submitter_id': 'TCGA-C8-A1HO'}]",TCGA-C8-A1HO-01A-11D-A896-36.WholeGenome.RP-1657.cr.igv.reheader.seg.txt,b02853ee-8e68-4315-82b3-6c7a190c2ad2,Copy Number Segment,Copy Number Variation,WGS
8e54aecc-1989-451c-91bf-61f4f99f61ea,"[{'case_id': 'b3354b72-2637-4edc-9a95-e55801d3ac13', 'submitter_id': 'TCGA-C8-A1HO'}]",0361ec21-e83f-40a9-b825-d92487b1239a.rna_seq.chimeric.gdc_realn.bam,8e54aecc-1989-451c-91bf-61f4f99f61ea,Aligned Reads,Sequencing Reads,RNA-Seq
d8346a8e-5d58-4ee4-8b30-15aec7977f10,"[{'case_id': '6bc4c56d-aac5-49a2-9913-9538d06d898f', 'submitter_id': 'TCGA-A8-A06U'}]",TCGA-A8-A06U-01A-01-BS1.1182603b-20e7-4a0e-a686-055841cf5ca4.svs,d8346a8e-5d58-4ee4-8b30-15aec7977f10,Slide Image,Biospecimen,Tissue Slide
d54ad1f1-a3be-4cb9-a954-ac6133525af0,"[{'case_id': '1502c7d7-1535-4e56-9f34-30623acd50d5', 'submitter_id': 'TCGA-B6-A1KC'}]",USAGE_p_TCGA_132_133_136_SNP_N_GenomeWideSNP_6_F05_787566.CEL,d54ad1f1-a3be-4cb9-a954-ac6133525af0,Raw Intensities,Copy Number Variation,Genotyping Array
2520bd73-c7b9-4c66-8bee-c1b442e4bf60,"[{'case_id': 'b3354b72-2637-4edc-9a95-e55801d3ac13', 'submitter_id': 'TCGA-C8-A1HO'}]",TCGA-BRCA.915bf513-f621-462b-bbe3-b80e7ef3991f.star_fusion.rna_fusion.bedpe,2520bd73-c7b9-4c66-8bee-c1b442e4bf60,Transcript Fusion,Structural Variation,RNA-Seq
89ebd7f7-0f32-4f65-8da3-3fcb2d49d828,"[{'case_id': '1502c7d7-1535-4e56-9f34-30623acd50d5', 'submitter_id': 'TCGA-B6-A1KC'}]",TCGA_BRCA.72607e85-0ee9-4a44-ba31-934d3211b2a1.wxs.MuTect2.somatic_annotation.vcf.gz,89ebd7f7-0f32-4f65-8da3-3fcb2d49d828,Annotated Somatic Mutation,Simple Nucleotide Variation,WXS
f28b1911-72f9-4d76-aa41-61ed57b8a4da,"[{'case_id': 'b3354b72-2637-4edc-9a95-e55801d3ac13', 'submitter_id': 'TCGA-C8-A1HO'}]",TCGA-BRCA.915bf513-f621-462b-bbe3-b80e7ef3991f.star_fusion.rna_fusion.tsv,f28b1911-72f9-4d76-aa41-61ed57b8a4da,Transcript Fusion,Structural Variation,RNA-Seq
30003167-bdf8-4f83-95fc-338475d58e9b,"[{'case_id': '1557183c-aedd-4df6-b98a-3654667f7b69', 'submitter_id': 'TCGA-A8-A09I'}]",TCGA-BRCA.bd4d930e-0848-48c1-8b03-c04a986f22d8.ascat3.gene_level_copy_number.v36.tsv,30003167-bdf8-4f83-95fc-338475d58e9b,Gene Level Copy Number,Copy Number Variation,Genotyping Array
6f60d04c-df88-4e45-9b95-326f2ab3eb99,"[{'case_id': 'b3354b72-2637-4edc-9a95-e55801d3ac13', 'submitter_id': 'TCGA-C8-A1HO'}]",TCGA-BRCA.8cd0933f-c93e-4265-a6c4-6892f407ced9.ascat2.allelic_specific.seg.txt,6f60d04c-df88-4e45-9b95-326f2ab3eb99,Allele-specific Copy Number Segment,Copy Number Variation,Genotyping Array
c6f9fe48-ce30-4f14-9e34-f90324678f1f,"[{'case_id': '1502c7d7-1535-4e56-9f34-30623acd50d5', 'submitter_id': 'TCGA-B6-A1KC'}]",TCGA-BRCA.89a93ef7-73a7-451f-9c83-251b827f02c6.ascat3.gene_level_copy_number.v36.tsv,c6f9fe48-ce30-4f14-9e34-f90324678f1f,Gene Level Copy Number,Copy Number Variation,Genotyping Array
1b5d9e68-3ab6-4d6f-8a5b-b21b49df0a9b,"[{'case_id': '1557183c-aedd-4df6-b98a-3654667f7b69', 'submitter_id': 'TCGA-A8-A09I'}]",41e3f94b-d421-432b-abe0-e554d8157abf.wxs.mutect2.raw_somatic_mutation.vcf.gz,1b5d9e68-3ab6-4d6f-8a5b-b21b49df0a9b,Raw Simple Somatic Mutation,Simple Nucleotide Variation,WXS
a33da3c6-d7d3-456b-b8b3-a9a001830c09,"[{'case_id': '6bc4c56d-aac5-49a2-9913-9538d06d898f', 'submitter_id': 'TCGA-A8-A06U'}]",TCGA-A8-A06U.A314FB55-F20A-4485-965D-D7894D070A16.PDF,a33da3c6-d7d3-456b-b8b3-a9a001830c09,Pathology Report,Clinical,
0a702052-d262-43bf-815e-370e67546fe6,"[{'case_id': '6bc4c56d-aac5-49a2-9913-9538d06d898f', 'submitter_id': 'TCGA-A8-A06U'}]",115bb522-26a3-418d-90bb-e786e9c87b88_wxs_gdc_realn.bam,0a702052-d262-43bf-815e-370e67546fe6,Aligned Reads,Sequencing Reads,WXS
c0ab956b-762c-42c5-94cd-f6f7e2fcd6b3,"[{'case_id': '1557183c-aedd-4df6-b98a-3654667f7b69', 'submitter_id': 'TCGA-A8-A09I'}]",nationwidechildrens.org_omf.TCGA-A8-A09I.xml,c0ab956b-762c-42c5-94cd-f6f7e2fcd6b3,Clinical Supplement,Clinical,
88ae0501-81c8-48ab-bb39-b774422a1319,"[{'case_id': '6bc4c56d-aac5-49a2-9913-9538d06d898f', 'submitter_id': 'TCGA-A8-A06U'}]",d185631a-e02f-451a-b9cd-d710aa59db9b.somatic_sv.vcf.gz,88ae0501-81c8-48ab-bb39-b774422a1319,Structural Rearrangement,Somatic Structural Variation,WGS
27cf28f1-22ce-4405-b8f0-63b673c93b94,"[{'case_id': '1557183c-aedd-4df6-b98a-3654667f7b69', 'submitter_id': 'TCGA-A8-A09I'}]",bad212d0-1deb-4be9-9316-ac6858151b5a.wxs.MuTect2.aliquot.maf.gz,27cf28f1-22ce-4405-b8f0-63b673c93b94,Annotated Somatic Mutation,Simple Nucleotide Variation,WXS
2d5aca32-6ae9-43ec-bb14-b332625f7b46,"[{'case_id': '6bc4c56d-aac5-49a2-9913-9538d06d898f', 'submitter_id': 'TCGA-A8-A06U'}]",TCGA-BRCA.714b3b2b-ad91-483d-8754-2afc96067e5e.gene_level_copy_number.v36.tsv,2d5aca32-6ae9-43ec-bb14-b332625f7b46,Gene Level Copy Number,Copy Number Variation,Genotyping Array
6b7d46ff-e3ae-4069-a1d0-82db8238ec7f,"[{'case_id': '1557183c-aedd-4df6-b98a-3654667f7b69', 'submitter_id': 'TCGA-A8-A09I'}]",TCGA-BRCA.bd4d930e-0848-48c1-8b03-c04a986f22d8.absolute_liftover.gene_level_copy_number.v36.tsv,6b7d46ff-e3ae-4069-a1d0-82db8238ec7f,Gene Level Copy Number,Copy Number Variation,Genotyping Array
614f1350-3d7e-4df4-872b-158395f8f919,"[{'case_id': 'b3354b72-2637-4edc-9a95-e55801d3ac13', 'submitter_id': 'TCGA-C8-A1HO'}]",01fe68b3-d0d8-43de-9df3-ea236ba3e728.wxs.Pindel.aliquot.maf.gz,614f1350-3d7e-4df4-872b-158395f8f919,Annotated Somatic Mutation,Simple Nucleotide Variation,WXS
f8582ee2-0656-4828-8fc3-08b872c41704,"[{'case_id': 'b3354b72-2637-4edc-9a95-e55801d3ac13', 'submitter_id': 'TCGA-C8-A1HO'}]",29644452-cc56-4895-a959-c7a1c344444a_noid_Red.idat,f8582ee2-0656-4828-8fc3-08b872c41704,Masked Intensities,DNA Methylation,Methylation Array
6f3ea85b-3318-4e06-8959-fd59044a36c2,"[{'case_id': '1502c7d7-1535-4e56-9f34-30623acd50d5', 'submitter_id': 'TCGA-B6-A1KC'}]",RANDS_p_TCGA_b109_SNP_1N_GenomeWideSNP_6_A07_771954.grch38.seg.v2.txt,6f3ea85b-3318-4e06-8959-fd59044a36c2,Copy Number Segment,Copy Number Variation,Genotyping Array
aa3e7a59-95f3-48ce-ba4f-f095b0be55ec,"[{'case_id': '1502c7d7-1535-4e56-9f34-30623acd50d5', 'submitter_id': 'TCGA-B6-A1KC'}]",TCGA_BRCA.ef0d38b0-4634-43c5-b021-105233c20465.wxs.Pindel.somatic_annotation.vcf.gz,aa3e7a59-95f3-48ce-ba4f-f095b0be55ec,Annotated Somatic Mutation,Simple Nucleotide Variation,WXS
9ed9ac73-0b23-42b8-922e-fb912294dd8e,"[{'case_id': 'b3354b72-2637-4edc-9a95-e55801d3ac13', 'submitter_id': 'TCGA-C8-A1HO'}]",TCGA_BRCA.550770b0-0081-42b3-a182-2dd575b29c7c.wgs.VarScan2.somatic_annotation.vcf.gz,9ed9ac73-0b23-42b8-922e-fb912294dd8e,Annotated Somatic Mutation,Simple Nucleotide Variation,WGS
4f384db3-7ee8-4613-bde3-d4924dc666b3,"[{'case_id': '1557183c-aedd-4df6-b98a-3654667f7b69', 'submitter_id': 'TCGA-A8-A09I'}]",TCGA-A8-A09I-01A-01-BS1.b0debb62-86b0-459f-b62b-604bb9f17e5d.svs,4f384db3-7ee8-4613-bde3-d4924dc666b3,Slide Image,Biospecimen,Tissue Slide
c87f68ec-a64d-4b29-a325-293234370182,"[{'case_id': '1502c7d7-1535-4e56-9f34-30623acd50d5', 'submitter_id': 'TCGA-B6-A1KC'}]",ea37ddc7-e54b-4f05-b60b-489d7252ab09.mirbase21.isoforms.quantification.txt,c87f68ec-a64d-4b29-a325-293234370182,Isoform Expression Quantification,Transcriptome Profiling,miRNA-Seq
2de940b6-0d67-472c-b15d-7d96ce4f638a,"[{'case_id': '1557183c-aedd-4df6-b98a-3654667f7b69', 'submitter_id': 'TCGA-A8-A09I'}]",nationwidechildrens.org_biospecimen.TCGA-A8-A09I.xml,2de940b6-0d67-472c-b15d-7d96ce4f638a,Biospecimen Supplement,Biospecimen,
8669f917-aeac-40d1-94aa-83bead85ce03,"[{'case_id': 'b3354b72-2637-4edc-9a95-e55801d3ac13', 'submitter_id': 'TCGA-C8-A1HO'}]",TCGA-BRCA.5ad1c69e-5b65-4698-8540-cf141adae737.arriba.rna_fusion.tsv,8669f917-aeac-40d1-94aa-83bead85ce03,Transcript Fusion,Structural Variation,RNA-Seq
50aad55c-ca99-4790-9a42-b35f3f286580,"[{'case_id': '1502c7d7-1535-4e56-9f34-30623acd50d5', 'submitter_id': 'TCGA-B6-A1KC'}]",9bc2055b-86f4-4ab7-80db-568b8d65b9f3_noid_Red.idat,50aad55c-ca99-4790-9a42-b35f3f286580,Masked Intensities,DNA Methylation,Methylation Array
ea5c6ee8-f124-4ae3-93c9-b9fcf52b73d2,"[{'case_id': 'b3354b72-2637-4edc-9a95-e55801d3ac13', 'submitter_id': 'TCGA-C8-A1HO'}]",TCGA_BRCA.16eb767b-3e85-4c72-8736-bfec7eab3f4f.wxs.MuTect2.somatic_annotation.vcf.gz,ea5c6ee8-f124-4ae3-93c9-b9fcf52b73d2,Annotated Somatic Mutation,Simple Nucleotide Variation,WXS
7360b5bb-02e7-4284-9737-3350ebaa0bfa,"[{'case_id': 'b3354b72-2637-4edc-9a95-e55801d3ac13', 'submitter_id': 'TCGA-C8-A1HO'}]",da89335c-426b-4d74-bc3a-a844b15f9ab1.wxs.varscan2.raw_somatic_mutation.vcf.gz,7360b5bb-02e7-4284-9737-3350ebaa0bfa,Raw Simple Somatic Mutation,Simple Nucleotide Variation,WXS
030cfaf8-d3ca-480a-b0ce-9ecdc4b3a9fc,"[{'case_id': 'b3354b72-2637-4edc-9a95-e55801d3ac13', 'submitter_id': 'TCGA-C8-A1HO'}]",367be09c-bbd2-47d3-9724-14b143aab4c3.wxs.pindel.raw_somatic_mutation.vcf.gz,030cfaf8-d3ca-480a-b0ce-9ecdc4b3a9fc,Raw Simple Somatic Mutation,Simple Nucleotide Variation,WXS
00a012e7-e97f-4fea-9402-37ac734217ca,"[{'case_id': '1502c7d7-1535-4e56-9f34-30623acd50d5', 'submitter_id': 'TCGA-B6-A1KC'}]",nationwidechildrens.org_biospecimen.TCGA-B6-A1KC.xml,00a012e7-e97f-4fea-9402-37ac734217ca,Biospecimen Supplement,Biospecimen,
5adacf7d-cfc0-480f-b355-42573e30275a,"[{'case_id': 'd0b78f3f-a198-437a-ab8c-204345d3b75d', 'submitter_id': 'TCGA-AQ-A0Y5'}]",a6e131a1-6ac8-4113-a3c3-42c98b90de72.wxs.MuSE.aliquot.maf.gz,5adacf7d-cfc0-480f-b355-42573e30275a,Annotated Somatic Mutation,Simple Nucleotide Variation,WXS
5d5c1268-bf34-4ac1-b1b1-3f8686485fa5,"[{'case_id': '1502c7d7-1535-4e56-9f34-30623acd50d5', 'submitter_id': 'TCGA-B6-A1KC'}]",TCGA-B6-A1KC-01A-11R-A13P-13_mirna_gdc_realn.bam,5d5c1268-bf34-4ac1-b1b1-3f8686485fa5,Aligned Reads,Sequencing Reads,miRNA-Seq
ed32abdb-b427-4edc-b8c4-47988b3f8172,"[{'case_id': 'e17c565c-9857-4df3-a352-903b53093c85', 'submitter_id': 'TCGA-AO-A0JI'}]",a854c368-6e81-4ade-9ea9-afbee1c4c448.rna_seq.transcriptome.gdc_realn.bam,ed32abdb-b427-4edc-b8c4-47988b3f8172,Aligned Reads,Sequencing Reads,RNA-Seq
17409aa4-5f5f-4d2f-ac2c-031ff0f12983,"[{'case_id': '1502c7d7-1535-4e56-9f34-30623acd50d5', 'submitter_id': 'TCGA-B6-A1KC'}]",nationwidechildrens.org_ssf.TCGA-B6-A1KC.xml,17409aa4-5f5f-4d2f-ac2c-031ff0f12983,Biospecimen Supplement,Biospecimen,
aaab7670-2114-4bbf-a0ca-48b04e888a90,"[{'case_id': 'e17c565c-9857-4df3-a352-903b53093c85', 'submitter_id': 'TCGA-AO-A0JI'}]",TCGA-BRCA.3e4b9b2f-ba1e-413f-b75e-01b0055a8078.star_fusion.rna_fusion.tsv,aaab7670-2114-4bbf-a0ca-48b04e888a90,Transcript Fusion,Structural Variation,RNA-Seq
5ce77f48-4a54-49c5-83a7-7da34aef4e39,"[{'case_id': 'd0b78f3f-a198-437a-ab8c-204345d3b75d', 'submitter_id': 'TCGA-AQ-A0Y5'}]",cbfaaf7f-e647-416f-9d9a-a574d45cd8ce.wxs.Pindel.aliquot.maf.gz,5ce77f48-4a54-49c5-83a7-7da34aef4e39,Annotated Somatic Mutation,Simple Nucleotide Variation,WXS
c2515ef2-5cfc-4cc2-9541-ae072616d361,"[{'case_id': 'd0b78f3f-a198-437a-ab8c-204345d3b75d', 'submitter_id': 'TCGA-AQ-A0Y5'}]",f8ff90c6-3554-4e19-ae56-18f30f51f9b5.rna_seq.augmented_star_gene_counts.tsv,c2515ef2-5cfc-4cc2-9541-ae072616d361,Gene Expression Quantification,Transcriptome Profiling,RNA-Seq
8a4b38fc-882b-45f5-8dec-b131d6c455be,"[{'case_id': '1502c7d7-1535-4e56-9f34-30623acd50d5', 'submitter_id': 'TCGA-B6-A1KC'}]",5cb02d2f-dd81-4636-b91f-3e9e563a3961.wxs.mutect2.raw_somatic_mutation.vcf.gz,8a4b38fc-882b-45f5-8dec-b131d6c455be,Raw Simple Somatic Mutation,Simple Nucleotide Variation,WXS
5badea9a-be91-46ca-a653-7b685674bf0f,"[{'case_id': 'b3354b72-2637-4edc-9a95-e55801d3ac13', 'submitter_id': 'TCGA-C8-A1HO'}]",e621785a-0023-4992-beb0-6ff32548a67e.somatic.SV.bedpe,5badea9a-be91-46ca-a653-7b685674bf0f,Structural Rearrangement,Structural Variation,WGS
a83c6627-b420-4ac6-8c26-a22061f16711,"[{'case_id': 'b3354b72-2637-4edc-9a95-e55801d3ac13', 'submitter_id': 'TCGA-C8-A1HO'}]",TCGA-BRCA.8cd0933f-c93e-4265-a6c4-6892f407ced9.ascat3.allelic_specific.seg.txt,a83c6627-b420-4ac6-8c26-a22061f16711,Allele-specific Copy Number Segment,Copy Number Variation,Genotyping Array
fd6d65ac-757e-4e9a-bfdd-611e721218f0,"[{'case_id': '1502c7d7-1535-4e56-9f34-30623acd50d5', 'submitter_id': 'TCGA-B6-A1KC'}]",TCGA_BRCA.b2ebb507-8478-444c-b63b-561ca40f3ab2.wxs.VarScan2.somatic_annotation.vcf.gz,fd6d65ac-757e-4e9a-bfdd-611e721218f0,Annotated Somatic Mutation,Simple Nucleotide Variation,WXS
23194fd1-67d9-42b1-a3b9-abdcc8fcd9a3,"[{'case_id': 'd0b78f3f-a198-437a-ab8c-204345d3b75d', 'submitter_id': 'TCGA-AQ-A0Y5'}]",BULGY_p_TCGA_bM1_124_SNP_N_GenomeWideSNP_6_B05_780804.birdseed.data.txt,23194fd1-67d9-42b1-a3b9-abdcc8fcd9a3,Simple Germline Variation,Simple Nucleotide Variation,Genotyping Array
dcff45bf-8b28-46ab-bb84-ed918c9d3c84,"[{'case_id': 'd0b78f3f-a198-437a-ab8c-204345d3b75d', 'submitter_id': 'TCGA-AQ-A0Y5'}]",ee0123d6-2575-4368-9f35-437469ade73d.somatic.SV.bedpe,dcff45bf-8b28-46ab-bb84-ed918c9d3c84,Structural Rearrangement,Somatic Structural Variation,WGS
b4c38ba9-bcb1-492b-a875-48657e6a8322,"[{'case_id': 'e17c565c-9857-4df3-a352-903b53093c85', 'submitter_id': 'TCGA-AO-A0JI'}]",acba4a39-24ad-41d3-8d41-defe845bfb8d.somatic.SV.bedpe,b4c38ba9-bcb1-492b-a875-48657e6a8322,Structural Rearrangement,Somatic Structural Variation,WGS
8134a969-1046-431f-b169-34c5c7fc7d0d,"[{'case_id': 'd0b78f3f-a198-437a-ab8c-204345d3b75d', 'submitter_id': 'TCGA-AQ-A0Y5'}]",BULGY_p_TCGA_bM1_124_SNP_N_GenomeWideSNP_6_A01_780784.nocnv_grch38.seg.v2.txt,8134a969-1046-431f-b169-34c5c7fc7d0d,Masked Copy Number Segment,Copy Number Variation,Genotyping Array
98b84eed-08d3-4846-9281-2982548ac76f,"[{'case_id': 'd0b78f3f-a198-437a-ab8c-204345d3b75d', 'submitter_id': 'TCGA-AQ-A0Y5'}]",TCGA-AQ-A0Y5-01A-11R-A14L-13_mirna_gdc_realn.bam,98b84eed-08d3-4846-9281-2982548ac76f,Aligned Reads,Sequencing Reads,miRNA-Seq
1e405e42-34e7-4320-9fdd-805fd5fa0887,"[{'case_id': '444374f8-9282-439c-af00-0f828edcbff3', 'submitter_id': 'TCGA-C8-A1HI'}]",GAMMA_p_TCGA_b103_104_SNP_N_GenomeWideSNP_6_B04_755920.grch38.seg.v2.txt,1e405e42-34e7-4320-9fdd-805fd5fa0887,Copy Number Segment,Copy Number Variation,Genotyping Array
249d7c06-aa37-4185-acec-53aad7dce7b0,"[{'case_id': 'e17c565c-9857-4df3-a352-903b53093c85', 'submitter_id': 'TCGA-AO-A0JI'}]",nationwidechildrens.org_ssf.TCGA-AO-A0JI.xml,249d7c06-aa37-4185-acec-53aad7dce7b0,Biospecimen Supplement,Biospecimen,
9501c2fd-d2a2-47fd-9b78-1d51cd28bf37,"[{'case_id': '444374f8-9282-439c-af00-0f828edcbff3', 'submitter_id': 'TCGA-C8-A1HI'}]",GAMMA_p_TCGA_b103_104_SNP_N_GenomeWideSNP_6_B04_755920.birdseed.data.txt,9501c2fd-d2a2-47fd-9b78-1d51cd28bf37,Simple Germline Variation,Simple Nucleotide Variation,Genotyping Array
852f2e3a-2c4e-4bc8-9567-3aca96b408c5,"[{'case_id': '566792ae-f853-4a47-856d-f02cdcfcb18a', 'submitter_id': 'TCGA-A8-A07I'}]",e9756573-1a48-4c63-8f88-720c55c84e9c.wgs.gatk4.copy_number_variation.supplementary.tar.gz,852f2e3a-2c4e-4bc8-9567-3aca96b408c5,Intermediate Analysis Archive,Copy Number Variation,WGS
05793474-7a44-4323-ae72-bfd0f5c06c70,"[{'case_id': '444374f8-9282-439c-af00-0f828edcbff3', 'submitter_id': 'TCGA-C8-A1HI'}]",TCGA_BRCA.6c10e1d8-f24f-492a-a4ce-954b79f4397a.wxs.VarScan2.somatic_annotation.vcf.gz,05793474-7a44-4323-ae72-bfd0f5c06c70,Annotated Somatic Mutation,Simple Nucleotide Variation,WXS
f1d5b553-c7f7-423b-8314-71fed4589129,"[{'case_id': 'e17c565c-9857-4df3-a352-903b53093c85', 'submitter_id': 'TCGA-AO-A0JI'}]",3c45defb-13cf-4682-bd33-3ce30c30d8e0.wxs.pindel.raw_somatic_mutation.vcf.gz,f1d5b553-c7f7-423b-8314-71fed4589129,Raw Simple Somatic Mutation,Simple Nucleotide Variation,WXS
aca6e124-1a9a-495a-8113-dadc6ce876f9,"[{'case_id': '566792ae-f853-4a47-856d-f02cdcfcb18a', 'submitter_id': 'TCGA-A8-A07I'}]",nationwidechildrens.org_clinical.TCGA-A8-A07I.xml,aca6e124-1a9a-495a-8113-dadc6ce876f9,Clinical Supplement,Clinical,
d8a8f07b-df8f-4d54-8559-611b5fbed9d1,"[{'case_id': 'e17c565c-9857-4df3-a352-903b53093c85', 'submitter_id': 'TCGA-AO-A0JI'}]",BITES_p_TCGAb61_SNP_S_GenomeWideSNP_6_C04_697074.grch38.seg.v2.txt,d8a8f07b-df8f-4d54-8559-611b5fbed9d1,Copy Number Segment,Copy Number Variation,Genotyping Array
4504793a-d0c6-46e3-9d52-3e0c03e371d6,"[{'case_id': '566792ae-f853-4a47-856d-f02cdcfcb18a', 'submitter_id': 'TCGA-A8-A07I'}]",2f2a13ea-7c16-414e-9a81-cf229caeafcc.wxs.MuSE.aliquot.maf.gz,4504793a-d0c6-46e3-9d52-3e0c03e371d6,Annotated Somatic Mutation,Simple Nucleotide Variation,WXS
d19cbf2b-1b0e-4ef8-8b12-0899f823048f,"[{'case_id': 'd0b78f3f-a198-437a-ab8c-204345d3b75d', 'submitter_id': 'TCGA-AQ-A0Y5'}]",TCGA-AQ-A0Y5-01A-01-BSA.0402a8fd-a121-4a86-927e-073a2e4a7e7e.svs,d19cbf2b-1b0e-4ef8-8b12-0899f823048f,Slide Image,Biospecimen,Tissue Slide
d052e8ca-c8b6-4f49-8fee-9060fe4fd4c7,"[{'case_id': 'd0b78f3f-a198-437a-ab8c-204345d3b75d', 'submitter_id': 'TCGA-AQ-A0Y5'}]",TCGA-BRCA.ddda70ae-25d5-4eb4-a17b-8d776ee2d4d9.wgs.tumor_normal.gatk4_mutect2.raw_somatic_mutation.vcf.gz,d052e8ca-c8b6-4f49-8fee-9060fe4fd4c7,Raw Simple Somatic Mutation,Simple Nucleotide Variation,WGS
0b5034b7-9e7c-44d7-ba34-a751ce51abc9,"[{'case_id': '566792ae-f853-4a47-856d-f02cdcfcb18a', 'submitter_id': 'TCGA-A8-A07I'}]",771cfbc2-7dd8-4867-96ce-dbf04de3e78b.wxs.mutect2.raw_somatic_mutation.vcf.gz,0b5034b7-9e7c-44d7-ba34-a751ce51abc9,Raw Simple Somatic Mutation,Simple Nucleotide Variation,WXS
e74ce23b-3699-430f-9c12-827850a2108b,"[{'case_id': 'e17c565c-9857-4df3-a352-903b53093c85', 'submitter_id': 'TCGA-AO-A0JI'}]",TCGA-BRCA.3e4b9b2f-ba1e-413f-b75e-01b0055a8078.star_fusion.rna_fusion.bedpe,e74ce23b-3699-430f-9c12-827850a2108b,Transcript Fusion,Structural Variation,RNA-Seq
8ca85aef-175b-47d5-90a4-ee6efb58182c,"[{'case_id': '444374f8-9282-439c-af00-0f828edcbff3', 'submitter_id': 'TCGA-C8-A1HI'}]",TCGA-C8-A1HI-01A-21-A17J-20_RPPA_data.tsv,8ca85aef-175b-47d5-90a4-ee6efb58182c,Protein Expression Quantification,Proteome Profiling,Reverse Phase Protein Array
250d1e71-f1b2-4628-984e-d70b40bf508b,"[{'case_id': 'e17c565c-9857-4df3-a352-903b53093c85', 'submitter_id': 'TCGA-AO-A0JI'}]",TCGA-BRCA.fdc086da-5ae1-4600-9039-4ea5c1fb7655.ascat3.gene_level_copy_number.v36.tsv,250d1e71-f1b2-4628-984e-d70b40bf508b,Gene Level Copy Number,Copy Number Variation,Genotyping Array
9c4a01d6-beae-4849-a460-a64f79e9c182,"[{'case_id': '444374f8-9282-439c-af00-0f828edcbff3', 'submitter_id': 'TCGA-C8-A1HI'}]",f7e81ca6-5c0e-4fc1-bdcf-9ddc0749fd01_noid_Red.idat,9c4a01d6-beae-4849-a460-a64f79e9c182,Masked Intensities,DNA Methylation,Methylation Array
bd707c91-954f-44e0-9983-251898c343f4,"[{'case_id': '566792ae-f853-4a47-856d-f02cdcfcb18a', 'submitter_id': 'TCGA-A8-A07I'}]",d0207ef8-9ffc-4ba5-abb2-57fac81b5c38_noid_Red.idat,bd707c91-954f-44e0-9983-251898c343f4,Masked Intensities,DNA Methylation,Methylation Array
16431b4a-9c7b-417a-954c-c70f048903e7,"[{'case_id': '444374f8-9282-439c-af00-0f828edcbff3', 'submitter_id': 'TCGA-C8-A1HI'}]",9be9f377-ab03-4335-af7c-7783c864652f.wxs.VarScan2.aliquot.maf.gz,16431b4a-9c7b-417a-954c-c70f048903e7,Annotated Somatic Mutation,Simple Nucleotide Variation,WXS
5814d0e5-9ecc-4faa-aa43-aa676ceb1efe,"[{'case_id': 'e17c565c-9857-4df3-a352-903b53093c85', 'submitter_id': 'TCGA-AO-A0JI'}]",TCGA_BRCA.e2ec7ec5-1fde-44a0-b3ec-9c587b90d019.wxs.MuTect2.somatic_annotation.vcf.gz,5814d0e5-9ecc-4faa-aa43-aa676ceb1efe,Annotated Somatic Mutation,Simple Nucleotide Variation,WXS
b6674709-0016-4f1c-8dd5-7ae5ae14bf9a,"[{'case_id': '566792ae-f853-4a47-856d-f02cdcfcb18a', 'submitter_id': 'TCGA-A8-A07I'}]",TCGA_BRCA.f5fca94d-10ee-4da1-95e2-b67bdd08f013.wxs.VarScan2.somatic_annotation.vcf.gz,b6674709-0016-4f1c-8dd5-7ae5ae14bf9a,Annotated Somatic Mutation,Simple Nucleotide Variation,WXS
22673c2e-842a-4b9f-8409-58e95a85b7ec,"[{'case_id': '566792ae-f853-4a47-856d-f02cdcfcb18a', 'submitter_id': 'TCGA-A8-A07I'}]",cca486f4-dbe7-4629-b5bc-bce1d97f9bfc_wxs_gdc_realn.bam,22673c2e-842a-4b9f-8409-58e95a85b7ec,Aligned Reads,Sequencing Reads,WXS
56434814-cda8-4ee1-aafe-72d8c6729c97,"[{'case_id': 'e17c565c-9857-4df3-a352-903b53093c85', 'submitter_id': 'TCGA-AO-A0JI'}]",TCGA-AO-A0JI-01A-02-BSB.bfccffbb-dc47-4103-beb9-7799d50af784.svs,56434814-cda8-4ee1-aafe-72d8c6729c97,Slide Image,Biospecimen,Tissue Slide
07488c2c-c50f-402e-8f22-9278db6110f9,"[{'case_id': 'e17c565c-9857-4df3-a352-903b53093c85', 'submitter_id': 'TCGA-AO-A0JI'}]",nationwidechildrens.org_clinical.TCGA-AO-A0JI.xml,07488c2c-c50f-402e-8f22-9278db6110f9,Clinical Supplement,Clinical,
2f216cc0-a6cb-43e8-8880-e820e7af3c9f,"[{'case_id': '566792ae-f853-4a47-856d-f02cdcfcb18a', 'submitter_id': 'TCGA-A8-A07I'}]",36cf1154-6526-45a4-8f1e-38a4e656a61c.somatic.SV.bedpe,2f216cc0-a6cb-43e8-8880-e820e7af3c9f,Structural Rearrangement,Somatic Structural Variation,WGS
66f790e1-042a-4daf-adfe-d4cb1fc9e8fb,"[{'case_id': '566792ae-f853-4a47-856d-f02cdcfcb18a', 'submitter_id': 'TCGA-A8-A07I'}]",f4786a29-28c4-4bed-9353-c7dbe73623cd.wxs.VarScan2.aliquot.maf.gz,66f790e1-042a-4daf-adfe-d4cb1fc9e8fb,Annotated Somatic Mutation,Simple Nucleotide Variation,WXS
5774f77a-b887-4f58-9840-cb5b9bc9be4e,"[{'case_id': '566792ae-f853-4a47-856d-f02cdcfcb18a', 'submitter_id': 'TCGA-A8-A07I'}]",TCGA-BRCA.8c976a66-2f34-4441-8f79-a13136e1dbe7.absolute_liftover.gene_level_copy_number.v36.tsv,5774f77a-b887-4f58-9840-cb5b9bc9be4e,Gene Level Copy Number,Copy Number Variation,Genotyping Array
afcc24ad-0438-40a0-83f9-d661b3decfc2,"[{'case_id': 'e17c565c-9857-4df3-a352-903b53093c85', 'submitter_id': 'TCGA-AO-A0JI'}]",f1f91ae3-80bd-40ed-b495-d8dd96299105_wxs_gdc_realn.bam,afcc24ad-0438-40a0-83f9-d661b3decfc2,Aligned Reads,Sequencing Reads,WXS
d996b484-5fa7-4b80-9646-84bd11e1fe16,"[{'case_id': '444374f8-9282-439c-af00-0f828edcbff3', 'submitter_id': 'TCGA-C8-A1HI'}]",TCGA-BRCA.d8c894f8-3423-401d-9656-65dfd0383fd7.gene_level_copy_number.v36.tsv,d996b484-5fa7-4b80-9646-84bd11e1fe16,Gene Level Copy Number,Copy Number Variation,Genotyping Array
ec0304df-f9ac-44d3-acf3-b03715d0d3bc,"[{'case_id': 'e17c565c-9857-4df3-a352-903b53093c85', 'submitter_id': 'TCGA-AO-A0JI'}]",b09dddaf-f343-4e50-b324-178d456cfe50.wxs.aliquot_ensemble_raw.maf.gz,ec0304df-f9ac-44d3-acf3-b03715d0d3bc,Aggregated Somatic Mutation,Simple Nucleotide Variation,WXS
7aae18f8-59c7-4031-9122-1266b7bbeb7c,"[{'case_id': 'd0b78f3f-a198-437a-ab8c-204345d3b75d', 'submitter_id': 'TCGA-AQ-A0Y5'}]",5aa49f0d-4730-4de2-994a-d1966f143154.wxs.varscan2.raw_somatic_mutation.vcf.gz,7aae18f8-59c7-4031-9122-1266b7bbeb7c,Raw Simple Somatic Mutation,Simple Nucleotide Variation,WXS
f04ec0b3-4f8f-40ed-9dc2-9ecf5f091e0d,"[{'case_id': '566792ae-f853-4a47-856d-f02cdcfcb18a', 'submitter_id': 'TCGA-A8-A07I'}]",CUSKS_p_TCGAb47_SNP_1N_GenomeWideSNP_6_F04_628376.nocnv_grch38.seg.v2.txt,f04ec0b3-4f8f-40ed-9dc2-9ecf5f091e0d,Masked Copy Number Segment,Copy Number Variation,Genotyping Array
c6fcb1d0-5f7b-463d-b72d-ad65d595fc05,"[{'case_id': 'd0b78f3f-a198-437a-ab8c-204345d3b75d', 'submitter_id': 'TCGA-AQ-A0Y5'}]",TCGA-BRCA.35c60b47-368a-4493-91bb-d7f34251a293.star_fusion.rna_fusion.bedpe,c6fcb1d0-5f7b-463d-b72d-ad65d595fc05,Transcript Fusion,Structural Variation,RNA-Seq
e5cbf04c-1e1b-4c44-9796-13d137cb4fb0,"[{'case_id': 'd0b78f3f-a198-437a-ab8c-204345d3b75d', 'submitter_id': 'TCGA-AQ-A0Y5'}]",TCGA_BRCA.8e8db097-f357-49c4-a7bc-d4f661856bc0.wgs.VarScan2.somatic_annotation.vcf.gz,e5cbf04c-1e1b-4c44-9796-13d137cb4fb0,Annotated Somatic Mutation,Simple Nucleotide Variation,WGS
bea3a6f5-7844-4540-94c0-6d7f57f01141,"[{'case_id': '444374f8-9282-439c-af00-0f828edcbff3', 'submitter_id': 'TCGA-C8-A1HI'}]",nationwidechildrens.org_biospecimen.TCGA-C8-A1HI.xml,bea3a6f5-7844-4540-94c0-6d7f57f01141,Biospecimen Supplement,Biospecimen,
e67ea830-b97a-44b6-9a44-eabbea786379,"[{'case_id': '444374f8-9282-439c-af00-0f828edcbff3', 'submitter_id': 'TCGA-C8-A1HI'}]",TCGA-BRCA.ae2d8b46-d628-4d8f-98d2-3b88a51bf8df.star_fusion.rna_fusion.tsv,e67ea830-b97a-44b6-9a44-eabbea786379,Transcript Fusion,Structural Variation,RNA-Seq
98fbda74-a97d-4c57-85ad-9830b883b5da,"[{'case_id': '566792ae-f853-4a47-856d-f02cdcfcb18a', 'submitter_id': 'TCGA-A8-A07I'}]",TCGA-BRCA.8c976a66-2f34-4441-8f79-a13136e1dbe7.ascat2.allelic_specific.seg.txt,98fbda74-a97d-4c57-85ad-9830b883b5da,Allele-specific Copy Number Segment,Copy Number Variation,Genotyping Array
10fe49cb-930d-4b04-9c91-fae3e46908be,"[{'case_id': 'e17c565c-9857-4df3-a352-903b53093c85', 'submitter_id': 'TCGA-AO-A0JI'}]",TCGA-AO-A0JI-01A-02-TSB.ee965449-b604-4626-83d4-e0b36bb79d9e.svs,10fe49cb-930d-4b04-9c91-fae3e46908be,Slide Image,Biospecimen,Tissue Slide
cd113951-841f-4142-9e8c-90b5aff8b73b,"[{'case_id': '444374f8-9282-439c-af00-0f828edcbff3', 'submitter_id': 'TCGA-C8-A1HI'}]",c7963cea-31aa-44cf-a402-3ed347c3a170.wxs.pindel.raw_somatic_mutation.vcf.gz,cd113951-841f-4142-9e8c-90b5aff8b73b,Raw Simple Somatic Mutation,Simple Nucleotide Variation,WXS
b2e0ca4d-5d9d-4540-9f49-13f515e9c584,"[{'case_id': '444374f8-9282-439c-af00-0f828edcbff3', 'submitter_id': 'TCGA-C8-A1HI'}]",TCGA_BRCA.135b4d14-45f9-4158-9314-f536e2853276.wxs.MuTect2.somatic_annotation.vcf.gz,b2e0ca4d-5d9d-4540-9f49-13f515e9c584,Annotated Somatic Mutation,Simple Nucleotide Variation,WXS
fc38a1e6-f790-4fa8-8478-776cc3850011,"[{'case_id': '566792ae-f853-4a47-856d-f02cdcfcb18a', 'submitter_id': 'TCGA-A8-A07I'}]",TCGA-BRCA.f2a6d634-e474-407b-bd3c-69e06f3b5d9a.wgs.tumor_normal.gatk4_mutect2.raw_somatic_mutation.vcf.gz,fc38a1e6-f790-4fa8-8478-776cc3850011,Raw Simple Somatic Mutation,Simple Nucleotide Variation,WGS
52227d47-4f08-43ba-918c-258c4b31e1fe,"[{'case_id': '444374f8-9282-439c-af00-0f828edcbff3', 'submitter_id': 'TCGA-C8-A1HI'}]",c1c73c9c-6a66-4a40-a832-c8d8d414840d.wxs.varscan2.raw_somatic_mutation.vcf.gz,52227d47-4f08-43ba-918c-258c4b31e1fe,Raw Simple Somatic Mutation,Simple Nucleotide Variation,WXS
1bf2c09e-854f-414f-9b5e-2ad8a5176abd,"[{'case_id': '444374f8-9282-439c-af00-0f828edcbff3', 'submitter_id': 'TCGA-C8-A1HI'}]",TCGA-C8-A1HI-01Z-00-DX1.C6D0F8B8-55ED-477F-BAF7-AA05D0449CC8.svs,1bf2c09e-854f-414f-9b5e-2ad8a5176abd,Slide Image,Biospecimen,Diagnostic Slide
aa0ea8aa-4568-4af1-831e-ea1f38207270,"[{'case_id': '444374f8-9282-439c-af00-0f828edcbff3', 'submitter_id': 'TCGA-C8-A1HI'}]",nationwidechildrens.org_ssf.TCGA-C8-A1HI.xml,aa0ea8aa-4568-4af1-831e-ea1f38207270,Biospecimen Supplement,Biospecimen,
dd334edb-7d49-4722-917e-875c9f1232dd,"[{'case_id': '566792ae-f853-4a47-856d-f02cdcfcb18a', 'submitter_id': 'TCGA-A8-A07I'}]",4c6cb929-293d-452e-b7f8-d535b48cf073.rna_seq.transcriptome.gdc_realn.bam,dd334edb-7d49-4722-917e-875c9f1232dd,Aligned Reads,Sequencing Reads,RNA-Seq
029997ef-daec-466c-8007-84e01f0a54ac,"[{'case_id': 'e17c565c-9857-4df3-a352-903b53093c85', 'submitter_id': 'TCGA-AO-A0JI'}]",cb3b3878-adfb-41e0-9f1a-971f38df16dd_noid_Grn.idat,029997ef-daec-466c-8007-84e01f0a54ac,Masked Intensities,DNA Methylation,Methylation Array
afebe91e-a939-413b-af69-5cbc2b19ef7f,"[{'case_id': '444374f8-9282-439c-af00-0f828edcbff3', 'submitter_id': 'TCGA-C8-A1HI'}]",TCGA-BRCA.d8c894f8-3423-401d-9656-65dfd0383fd7.absolute_liftover.gene_level_copy_number.v36.tsv,afebe91e-a939-413b-af69-5cbc2b19ef7f,Gene Level Copy Number,Copy Number Variation,Genotyping Array
9314aadb-fac8-4b2d-aded-b3a1a4f5d1fa,"[{'case_id': '566792ae-f853-4a47-856d-f02cdcfcb18a', 'submitter_id': 'TCGA-A8-A07I'}]",TCGA-BRCA.fe7a5ef2-7537-45b5-9f3c-f409522ff50a.wgs.varscan2.raw_somatic_mutation.vcf.gz,9314aadb-fac8-4b2d-aded-b3a1a4f5d1fa,Raw Simple Somatic Mutation,Simple Nucleotide Variation,WGS
3dccca84-0b3e-49c3-92d2-d0c1a72de560,"[{'case_id': 'e17c565c-9857-4df3-a352-903b53093c85', 'submitter_id': 'TCGA-AO-A0JI'}]",BITES_p_TCGAb61_SNP_S_GenomeWideSNP_6_A03_697148.CEL,3dccca84-0b3e-49c3-92d2-d0c1a72de560,Raw Intensities,Copy Number Variation,Genotyping Array
402b8672-9f30-4de3-ac56-1a2f2607abd3,"[{'case_id': 'd0b78f3f-a198-437a-ab8c-204345d3b75d', 'submitter_id': 'TCGA-AQ-A0Y5'}]",1a5661df-2a2a-43ad-80fc-1d469d0d9768.wxs.aliquot_ensemble_masked.maf.gz,402b8672-9f30-4de3-ac56-1a2f2607abd3,Masked Somatic Mutation,Simple Nucleotide Variation,WXS
63c98bbc-d31c-46e7-8018-d1f1df4b54e7,"[{'case_id': '566792ae-f853-4a47-856d-f02cdcfcb18a', 'submitter_id': 'TCGA-A8-A07I'}]",TCGA_BRCA.be2678a7-bbfe-4f2d-8852-d0c5f756f5d1.wxs.MuTect2.somatic_annotation.vcf.gz,63c98bbc-d31c-46e7-8018-d1f1df4b54e7,Annotated Somatic Mutation,Simple Nucleotide Variation,WXS
ce21a76a-a97c-4ba5-9faa-2d60a6070f80,"[{'case_id': '566792ae-f853-4a47-856d-f02cdcfcb18a', 'submitter_id': 'TCGA-A8-A07I'}]",TCGA-A8-A07I.5DA3A8E1-7EE6-45EC-89EC-69423E2B866B.PDF,ce21a76a-a97c-4ba5-9faa-2d60a6070f80,Pathology Report,Clinical,
6cac35c2-b139-4957-8137-eb972069bd2a,"[{'case_id': 'e17c565c-9857-4df3-a352-903b53093c85', 'submitter_id': 'TCGA-AO-A0JI'}]",TCGA-BRCA.fdc086da-5ae1-4600-9039-4ea5c1fb7655.gene_level_copy_number.v36.tsv,6cac35c2-b139-4957-8137-eb972069bd2a,Gene Level Copy Number,Copy Number Variation,Genotyping Array
9277d5d1-1a44-4036-a363-924ff04fad06,"[{'case_id': '444374f8-9282-439c-af00-0f828edcbff3', 'submitter_id': 'TCGA-C8-A1HI'}]",0633890f-584c-43d9-aa3f-7a6555533dd8.rna_seq.star_splice_junctions.tsv.gz,9277d5d1-1a44-4036-a363-924ff04fad06,Splice Junction Quantification,Transcriptome Profiling,RNA-Seq
3631967b-07b8-4275-92fb-6f66abe465ec,"[{'case_id': 'd0b78f3f-a198-437a-ab8c-204345d3b75d', 'submitter_id': 'TCGA-AQ-A0Y5'}]",TCGA-AQ-A0Y5-01Z-00-DX1.f68f5b49-30fa-4fb6-bec6-5da9f6809d02.svs,3631967b-07b8-4275-92fb-6f66abe465ec,Slide Image,Biospecimen,Diagnostic Slide
ccc46bdc-2a80-4be4-826b-e3b1da0ec101,"[{'case_id': '444374f8-9282-439c-af00-0f828edcbff3', 'submitter_id': 'TCGA-C8-A1HI'}]",TCGA-BRCA.7c1c0544-d038-4b13-9f22-8d9f9cf2fdde.arriba.rna_fusion.tsv,ccc46bdc-2a80-4be4-826b-e3b1da0ec101,Transcript Fusion,Structural Variation,RNA-Seq
8191fa1b-39a2-42fa-a059-b2cd04733190,"[{'case_id': '566792ae-f853-4a47-856d-f02cdcfcb18a', 'submitter_id': 'TCGA-A8-A07I'}]",TCGA-A8-A07I-01A-01-BSA.f3f1a0f0-5e66-4829-aa6d-c692c13a8bf8.svs,8191fa1b-39a2-42fa-a059-b2cd04733190,Slide Image,Biospecimen,Tissue Slide
27fb6455-0c44-4e71-8965-00b63848536b,"[{'case_id': 'd0b78f3f-a198-437a-ab8c-204345d3b75d', 'submitter_id': 'TCGA-AQ-A0Y5'}]",5aa49f0d-4730-4de2-994a-d1966f143154.wxs.muse.raw_somatic_mutation.vcf.gz,27fb6455-0c44-4e71-8965-00b63848536b,Raw Simple Somatic Mutation,Simple Nucleotide Variation,WXS
23856b06-f545-4b3b-9c9f-010a4161bd52,"[{'case_id': '566792ae-f853-4a47-856d-f02cdcfcb18a', 'submitter_id': 'TCGA-A8-A07I'}]",TCGA_BRCA.330fbd75-ab3a-493f-b9e9-9bb54eb63239.wgs.GATK4_MuTect2_Pair.somatic_annotation.vcf.gz,23856b06-f545-4b3b-9c9f-010a4161bd52,Annotated Somatic Mutation,Simple Nucleotide Variation,WGS
61647238-a8c4-4156-af15-c32947983cfd,"[{'case_id': '566792ae-f853-4a47-856d-f02cdcfcb18a', 'submitter_id': 'TCGA-A8-A07I'}]",4c6cb929-293d-452e-b7f8-d535b48cf073.rna_seq.augmented_star_gene_counts.tsv,61647238-a8c4-4156-af15-c32947983cfd,Gene Expression Quantification,Transcriptome Profiling,RNA-Seq
36cc33cb-8f5c-403e-82f4-de28b950afd3,"[{'case_id': '566792ae-f853-4a47-856d-f02cdcfcb18a', 'submitter_id': 'TCGA-A8-A07I'}]",ebe37974-093b-488c-8557-1dda59f6700b_wgs_gdc_realn.bam,36cc33cb-8f5c-403e-82f4-de28b950afd3,Aligned Reads,Sequencing Reads,WGS
34f29044-adbc-47ec-994f-eae02ff19b8c,"[{'case_id': 'd0b78f3f-a198-437a-ab8c-204345d3b75d', 'submitter_id': 'TCGA-AQ-A0Y5'}]",TCGA_BRCA.fb4f6fe7-91dd-484e-a5a3-728aa0139b61.wxs.MuSE.somatic_annotation.vcf.gz,34f29044-adbc-47ec-994f-eae02ff19b8c,Annotated Somatic Mutation,Simple Nucleotide Variation,WXS
aaf67d39-0542-452e-bf5e-0d69e3257fba,"[{'case_id': 'e17c565c-9857-4df3-a352-903b53093c85', 'submitter_id': 'TCGA-AO-A0JI'}]",753b664d-4e1c-407a-a239-c996f57f253b.wxs.VarScan2.aliquot.maf.gz,aaf67d39-0542-452e-bf5e-0d69e3257fba,Annotated Somatic Mutation,Simple Nucleotide Variation,WXS
8e48755a-490f-45b4-b1bf-0fbf09485177,"[{'case_id': 'd0b78f3f-a198-437a-ab8c-204345d3b75d', 'submitter_id': 'TCGA-AQ-A0Y5'}]",27fe0b6c-1b76-400b-a0ef-9405f833c482.methylation_array.sesame.level3betas.txt,8e48755a-490f-45b4-b1bf-0fbf09485177,Methylation Beta Value,DNA Methylation,Methylation Array
a29d0d0e-f1d2-4431-9b43-73b77ddeab20,"[{'case_id': '70fc011c-0f22-4026-9d72-87351126203a', 'submitter_id': 'TCGA-AR-A2LL'}]",08350a94-24a8-42fe-9810-dbe2fa87a0be.wxs.aliquot_ensemble_raw.maf.gz,a29d0d0e-f1d2-4431-9b43-73b77ddeab20,Aggregated Somatic Mutation,Simple Nucleotide Variation,WXS
a75d0499-f745-4a50-b6f7-fb421bae7828,"[{'case_id': 'e17c565c-9857-4df3-a352-903b53093c85', 'submitter_id': 'TCGA-AO-A0JI'}]",c94fe3fb-dbd2-4d88-a7a4-4154e8dc0ad3.wxs.varscan2.raw_somatic_mutation.vcf.gz,a75d0499-f745-4a50-b6f7-fb421bae7828,Raw Simple Somatic Mutation,Simple Nucleotide Variation,WXS
3bd5f51c-8151-4448-96bb-9e9b60de2684,"[{'case_id': '566792ae-f853-4a47-856d-f02cdcfcb18a', 'submitter_id': 'TCGA-A8-A07I'}]",44c446d7-7ca8-4401-8e23-86fe24a730ac.somatic.SV.bedpe,3bd5f51c-8151-4448-96bb-9e9b60de2684,Structural Rearrangement,Somatic Structural Variation,WGS
6378f69c-ff01-4ede-b9bf-f7822bd94ef6,"[{'case_id': '566792ae-f853-4a47-856d-f02cdcfcb18a', 'submitter_id': 'TCGA-A8-A07I'}]",771cfbc2-7dd8-4867-96ce-dbf04de3e78b.wxs.muse.raw_somatic_mutation.vcf.gz,6378f69c-ff01-4ede-b9bf-f7822bd94ef6,Raw Simple Somatic Mutation,Simple Nucleotide Variation,WXS
f5709afe-6796-4338-a62a-595571104830,"[{'case_id': '70fc011c-0f22-4026-9d72-87351126203a', 'submitter_id': 'TCGA-AR-A2LL'}]",2857c0c0-99cf-430b-9584-c8dd5fa8c505.wxs.muse.raw_somatic_mutation.vcf.gz,f5709afe-6796-4338-a62a-595571104830,Raw Simple Somatic Mutation,Simple Nucleotide Variation,WXS
e8c71fce-af08-47ac-bf91-aa7d8b743da6,"[{'case_id': '566792ae-f853-4a47-856d-f02cdcfcb18a', 'submitter_id': 'TCGA-A8-A07I'}]",CUSKS_p_TCGAb47_SNP_1N_GenomeWideSNP_6_E02_628380.grch38.seg.v2.txt,e8c71fce-af08-47ac-bf91-aa7d8b743da6,Copy Number Segment,Copy Number Variation,Genotyping Array
521aace0-323c-428c-805b-39b4a73790fd,"[{'case_id': 'd0b78f3f-a198-437a-ab8c-204345d3b75d', 'submitter_id': 'TCGA-AQ-A0Y5'}]",TCGA_BRCA.7a0ebbdb-3234-4af3-9701-e3bf23ae545c.wxs.Pindel.somatic_annotation.vcf.gz,521aace0-323c-428c-805b-39b4a73790fd,Annotated Somatic Mutation,Simple Nucleotide Variation,WXS
15e65257-eeb8-4005-a5f4-2539544ff368,"[{'case_id': 'd0b78f3f-a198-437a-ab8c-204345d3b75d', 'submitter_id': 'TCGA-AQ-A0Y5'}]",TCGA-BRCA.35c60b47-368a-4493-91bb-d7f34251a293.star_fusion.rna_fusion.tsv,15e65257-eeb8-4005-a5f4-2539544ff368,Transcript Fusion,Structural Variation,RNA-Seq
a88c168e-4bba-4bd2-9c0c-77934444cc1c,"[{'case_id': '57a1604c-60b7-4b30-a75e-f70939532c5c', 'submitter_id': 'TCGA-BH-A0B2'}, {'case_id': '2779fa01-ac93-4e80-a997-3385f72172c3', 'submitter_id': 'TCGA-A8-A08S'}, {'case_id': '80f3f48a-cc21-415c-b181-c77e7ba1c563', 'submitter_id': 'TCGA-A8-A09C'}, {'case_id': 'e663954c-05a8-479a-a623-400c1eb5efc6', 'submitter_id': 'TCGA-BH-A1F5'}, {'case_id': '14b95463-2108-4921-afc2-e29eef52b18f', 'submitter_id': 'TCGA-A2-A0YT'}, {'case_id': 'fa4e082a-d213-412e-8d91-842a6f4bef12', 'submitter_id': 'TCGA-BH-A0B6'}, {'case_id': '02f5ae33-a563-4ecb-9e33-dfa500a44931', 'submitter_id': 'TCGA-A8-A093'}, {'case_id': '3dbe99d1-e3b8-4ee2-b6a8-2e2e12c6fbe9', 'submitter_id': 'TCGA-A8-A084'}, {'case_id': 'dfefb76a-ec6b-4cd2-9d45-2e1e4befc7ea', 'submitter_id': 'TCGA-A8-A09E'}, {'case_id': 'cb9f5e50-f49d-4899-8895-9367afcc1015', 'submitter_id': 'TCGA-A7-A0DC'}, {'case_id': '0a017f15-1c6b-45e7-8d55-e0a71df1b2e8', 'submitter_id': 'TCGA-A8-A08F'}, {'case_id': '5c9d8163-a68e-43ce-9cba-effb7405761e', 'submitter_id': 'TCGA-LL-A6FP'}, {'case_id': '2c04a2f5-321e-4dea-8e00-268325da65cb', 'submitter_id': 'TCGA-A8-A06T'}, {'case_id': 'd093173f-08ab-4138-bf3c-399c45a6e163', 'submitter_id': 'TCGA-AR-A2LR'}, {'case_id': '6bc4c56d-aac5-49a2-9913-9538d06d898f', 'submitter_id': 'TCGA-A8-A06U'}, {'case_id': 'd0b78f3f-a198-437a-ab8c-204345d3b75d', 'submitter_id': 'TCGA-AQ-A0Y5'}, {'case_id': '09765b0a-94f6-47d2-af56-93368084ac3a', 'submitter_id': 'TCGA-A7-A0CD'}, {'case_id': '16fc3677-0393-4ed1-ad3f-c8355f056369', 'submitter_id': 'TCGA-5L-AAT1'}, {'case_id': '33fe5833-d7a0-43d7-a03d-56985ea448a6', 'submitter_id': 'TCGA-GI-A2C8'}, {'case_id': '1557183c-aedd-4df6-b98a-3654667f7b69', 'submitter_id': 'TCGA-A8-A09I'}, {'case_id': 'e17c565c-9857-4df3-a352-903b53093c85', 'submitter_id': 'TCGA-AO-A0JI'}, {'case_id': '03da7a65-fa2f-42cb-a709-5fe8736f21d3', 'submitter_id': 'TCGA-D8-A146'}, {'case_id': 'e6f527a2-38eb-457e-bb39-3c5b9c0bcbec', 'submitter_id': 'TCGA-EW-A2FW'}, {'case_id': '853456d8-2367-404e-abc9-020fe8bbd209', 'submitter_id': 'TCGA-A8-A07E'}, {'case_id': 'f39edd06-1016-4e8e-a42e-12f7e699ddc5', 'submitter_id': 'TCGA-A8-A091'}, {'case_id': '6f959c92-b79f-4f84-9ee5-d07d3212d52d', 'submitter_id': 'TCGA-A8-A09K'}, {'case_id': 'c1442467-d618-435f-8792-b1a18f696f1a', 'submitter_id': 'TCGA-AO-A0J5'}, {'case_id': 'b3354b72-2637-4edc-9a95-e55801d3ac13', 'submitter_id': 'TCGA-C8-A1HO'}, {'case_id': '444374f8-9282-439c-af00-0f828edcbff3', 'submitter_id': 'TCGA-C8-A1HI'}, {'case_id': '70fc011c-0f22-4026-9d72-87351126203a', 'submitter_id': 'TCGA-AR-A2LL'}, {'case_id': '3afa1e93-1df8-4e4c-aaa4-557463f4bb77', 'submitter_id': 'TCGA-A7-A0DA'}, {'case_id': 'b379bfb8-284e-4300-8325-85cfd6809cb8', 'submitter_id': 'TCGA-BH-A0BD'}, {'case_id': '1502c7d7-1535-4e56-9f34-30623acd50d5', 'submitter_id': 'TCGA-B6-A1KC'}, {'case_id': '566792ae-f853-4a47-856d-f02cdcfcb18a', 'submitter_id': 'TCGA-A8-A07I'}, {'case_id': '389e5b18-8f89-41a9-9fa5-efd4172836e2', 'submitter_id': 'TCGA-PL-A8LV'}, {'case_id': '5fd37868-4762-4109-9dcf-6fdbab5b645d', 'submitter_id': 'TCGA-GM-A2DO'}, {'case_id': 'dbcad60f-86c7-41e3-b0ae-baa39c9f83dd', 'submitter_id': 'TCGA-C8-A274'}, {'case_id': '7875018b-91dc-4ab1-83b0-ee3883e2816e', 'submitter_id': 'TCGA-BH-A0C0'}, {'case_id': '67c5f371-3fa9-47c5-8b15-c2dd9acc8519', 'submitter_id': 'TCGA-AC-A2QH'}, {'case_id': '791c5768-f0f5-4ab6-86eb-998e5c4b49e3', 'submitter_id': 'TCGA-E2-A1L7'}, {'case_id': 'e3c336f5-c32f-4c5d-81fb-e2408ae145b2', 'submitter_id': 'TCGA-AR-A0U0'}, {'case_id': '8cf8b620-7ab6-4b6e-84bc-ff5a83f381fa', 'submitter_id': 'TCGA-A8-A07G'}, {'case_id': '84b7ccf2-8ab3-4b21-96de-800d231bc072', 'submitter_id': 'TCGA-BH-A28O'}, {'case_id': '75113445-d2d6-44a0-866c-c9175e6d214b', 'submitter_id': 'TCGA-A2-A0D4'}, {'case_id': 'd5f2b85a-94a9-4168-bbe8-149ec71342b0', 'submitter_id': 'TCGA-AC-A62V'}, {'case_id': '332148f5-f070-4c20-8eb1-4d8c0673aa52', 'submitter_id': 'TCGA-D8-A1XU'}, {'case_id': '0491063c-14a7-4104-8002-1459126332f3', 'submitter_id': 'TCGA-B6-A0IK'}, {'case_id': '636b0a90-c8c2-4ad6-a77d-6cd428a826d1', 'submitter_id': 'TCGA-E9-A247'}, {'case_id': '39de7761-e762-4811-b95c-8216b79ae06b', 'submitter_id': 'TCGA-AN-A0XW'}, {'case_id': 'b7a4df9a-4e25-4550-9c10-338ca1921c2f', 'submitter_id': 'TCGA-E9-A1R4'}, {'case_id': 'd2219a3f-4c55-4dee-9b08-c6f330dd1acf', 'submitter_id': 'TCGA-AO-A1KQ'}, {'case_id': 'b9c6c069-2a2b-4cc7-a398-dc45c132d979', 'submitter_id': 'TCGA-AC-A8OP'}, {'case_id': '1c40b84e-a0e3-429f-a48c-21566cf881c0', 'submitter_id': 'TCGA-D8-A143'}, {'case_id': '9ddc3e7b-8b54-4a83-8335-8053940f56c1', 'submitter_id': 'TCGA-BH-A18L'}, {'case_id': '42378dbc-a123-4cf9-8502-165e89fda271', 'submitter_id': 'TCGA-EW-A6SD'}, {'case_id': 'b4e4fea2-b802-4a86-923e-3fcbd3c708fe', 'submitter_id': 'TCGA-BH-A0B1'}, {'case_id': 'a947a945-4721-45cc-bc45-13b8ea41c10e', 'submitter_id': 'TCGA-A7-A4SB'}, {'case_id': '28e9048a-e540-42de-a1f4-4ef894fccc4c', 'submitter_id': 'TCGA-AR-A24Q'}, {'case_id': '87b85935-a058-44ad-8fb6-8511130eaffe', 'submitter_id': 'TCGA-D8-A1XV'}, {'case_id': '3558dec7-eae3-4a41-a217-266c6a4535fb', 'submitter_id': 'TCGA-E2-A1LI'}, {'case_id': '70f34c5c-3671-44c8-9469-99f9786efec1', 'submitter_id': 'TCGA-D8-A1XR'}, {'case_id': 'ad01259b-d858-40bc-a6ba-0bb06e996afb', 'submitter_id': 'TCGA-A2-A0SV'}, {'case_id': '8631969d-4ac6-4fe1-9db3-d47db604494a', 'submitter_id': 'TCGA-E9-A1R2'}, {'case_id': '281f70c5-876f-44b3-84fb-f2302f85e74c', 'submitter_id': 'TCGA-A8-A06Q'}, {'case_id': '5cbf0aea-ebb4-4005-bdd5-14ef2dc6826c', 'submitter_id': 'TCGA-A2-A0YM'}, {'case_id': '9435447e-d65f-408b-863b-6576b1d652dd', 'submitter_id': 'TCGA-AO-A03N'}, {'case_id': '8360cec6-daf6-41c9-9a4f-7fc03c958dcc', 'submitter_id': 'TCGA-OL-A5RY'}, {'case_id': '3f56d67f-5a9c-4353-9408-e7f60eb6477b', 'submitter_id': 'TCGA-LL-A442'}, {'case_id': '0b23b5fe-6c7e-4297-bc55-f93fcb830ac4', 'submitter_id': 'TCGA-D8-A27R'}, {'case_id': '56033839-35d5-4d72-8b8c-400cb345263d', 'submitter_id': 'TCGA-E9-A22G'}, {'case_id': '0d146997-cfdc-4587-888c-e876fc455c80', 'submitter_id': 'TCGA-A2-A4RW'}, {'case_id': '7317e605-93ba-49a9-8743-20613b02767a', 'submitter_id': 'TCGA-E2-A1LE'}, {'case_id': '6e7d5ec6-a469-467c-b748-237353c23416', 'submitter_id': 'TCGA-3C-AAAU'}, {'case_id': '34126cd5-cc38-4198-8582-c14fb5db7acb', 'submitter_id': 'TCGA-OL-A6VQ'}, {'case_id': '7588a286-6935-424a-bc5f-92e24c83eb37', 'submitter_id': 'TCGA-B6-A0WV'}, {'case_id': '0bf6e772-1aa1-4f54-9a50-c1414e2f22f3', 'submitter_id': 'TCGA-AR-A2LM'}, {'case_id': 'f7ab565c-83b5-4988-b9be-8a46f65dca8c', 'submitter_id': 'TCGA-D8-A1JJ'}, {'case_id': '670f5022-5066-48f1-8472-5670129a1e0f', 'submitter_id': 'TCGA-A2-A0EP'}, {'case_id': 'bc0bc70f-c6cf-4dbc-9dc3-8b7bc5f381a4', 'submitter_id': 'TCGA-E2-A1IG'}, {'case_id': 'd2694b09-7844-4496-865c-5d3d8cd03330', 'submitter_id': 'TCGA-D8-A1XB'}, {'case_id': '6af6d256-a753-46d2-b611-e4094ff265aa', 'submitter_id': 'TCGA-LL-A9Q3'}, {'case_id': '3c8b5af9-c34d-43c2-b8c9-39ea11e44fa6', 'submitter_id': 'TCGA-BH-A1FD'}, {'case_id': '01f50abf-fc15-446e-9d07-edeecc545a32', 'submitter_id': 'TCGA-E2-A155'}, {'case_id': 'a20fa2c4-a502-47e3-bfaa-2ec4cce3a859', 'submitter_id': 'TCGA-A8-A07S'}, {'case_id': 'f1692f4b-ce1b-4fc5-ac55-1022ecae0d1e', 'submitter_id': 'TCGA-C8-A134'}, {'case_id': 'e666081b-caaf-4e8b-9446-807be71201a5', 'submitter_id': 'TCGA-BH-A0HA'}, {'case_id': '8e54232d-d8bb-4612-8b0e-4feb076a60f9', 'submitter_id': 'TCGA-A2-A0CO'}, {'case_id': '9e894662-b718-40f8-8899-b5e036cfbd76', 'submitter_id': 'TCGA-AN-A0AK'}, {'case_id': '4e6edfe6-adcb-4c12-8ff4-38a79f5887e8', 'submitter_id': 'TCGA-B6-A0X5'}, {'case_id': '2b22db1d-54a1-4b9e-a86e-a174cf51d95c', 'submitter_id': 'TCGA-BH-A0BS'}, {'case_id': 'e3fcbf94-d3ef-4a37-aa45-5297f96af9eb', 'submitter_id': 'TCGA-AR-A2LE'}, {'case_id': '972447aa-4332-47e7-bddd-2eb699dbb664', 'submitter_id': 'TCGA-AR-A0TS'}, {'case_id': '9e3de467-fb0d-4021-89f8-b34968a7c7bc', 'submitter_id': 'TCGA-AR-A24T'}, {'case_id': '06ef6e83-5583-45b9-a0bd-edea68943083', 'submitter_id': 'TCGA-E2-A572'}, {'case_id': '76099beb-0abe-4b56-8b4e-e4485e0402e6', 'submitter_id': 'TCGA-PE-A5DC'}, {'case_id': '5f90d955-bbb0-4b44-a5ac-ba6fda9ca0fb', 'submitter_id': 'TCGA-A8-A06P'}, {'case_id': '32861b48-83f5-43a3-bb54-45215ad2c5d6', 'submitter_id': 'TCGA-BH-A28Q'}, {'case_id': '4d0fec97-e024-4608-a0cc-426a3decc7b1', 'submitter_id': 'TCGA-AR-A252'}, {'case_id': '27ba717a-5cd8-440a-9345-4ae086f6efca', 'submitter_id': 'TCGA-BH-A0DI'}, {'case_id': '33b7bf50-53f4-4839-aa83-9665f85671d8', 'submitter_id': 'TCGA-E2-A15R'}, {'case_id': 'af577366-0258-49e7-b6af-e70056c081a4', 'submitter_id': 'TCGA-E9-A1NA'}, {'case_id': '752f4773-5a12-4485-a1f6-896e148ddf4d', 'submitter_id': 'TCGA-D8-A1JP'}, {'case_id': '3fc3755d-a3f8-4e2c-813f-ff124f2a75c1', 'submitter_id': 'TCGA-A2-A259'}, {'case_id': '0adf59c6-581a-475d-a2f4-40aa40060b5b', 'submitter_id': 'TCGA-A8-A09T'}, {'case_id': '71fc8941-4cfb-47ea-a533-873d38f8c95c', 'submitter_id': 'TCGA-E2-A1IO'}, {'case_id': '0dc337fa-da8b-42c4-b9a7-fb76d81c161f', 'submitter_id': 'TCGA-A1-A0SN'}, {'case_id': '0dd8dbc1-c48b-4e7c-b401-57101f724967', 'submitter_id': 'TCGA-S3-AA11'}, {'case_id': 'da9c10ea-c13f-4d88-8b94-a0cbc106d036', 'submitter_id': 'TCGA-BH-A0W5'}, {'case_id': '19015644-9c17-4ae7-a656-0fe8623c04ae', 'submitter_id': 'TCGA-AQ-A7U7'}, {'case_id': 'c6086936-7544-4da0-8c0c-114166848483', 'submitter_id': 'TCGA-AN-A0FD'}, {'case_id': '2b19a6b4-7a17-4452-b4aa-6fc18adc0c3c', 'submitter_id': 'TCGA-D8-A1XL'}, {'case_id': '1dafdd64-527d-4d46-bbdf-7a97774f881b', 'submitter_id': 'TCGA-B6-A1KI'}, {'case_id': '1402082d-25c9-4148-8a1e-f58450b706bb', 'submitter_id': 'TCGA-B6-A0IP'}, {'case_id': '0045349c-69d9-4306-a403-c9c1fa836644', 'submitter_id': 'TCGA-A1-A0SB'}, {'case_id': '39cda4c9-e1c8-44c2-bab7-f5849c12f879', 'submitter_id': 'TCGA-AC-A2FG'}, {'case_id': '4cf0f639-7940-48b6-8ea1-2a3494097cdb', 'submitter_id': 'TCGA-A2-A0CR'}, {'case_id': 'aa30ac3d-4216-45dd-a314-1ae192fafcb2', 'submitter_id': 'TCGA-AR-A24M'}, {'case_id': '1111fb30-46ce-4722-98da-ec9ba2323d90', 'submitter_id': 'TCGA-AO-A03O'}, {'case_id': '22b35927-1c3f-4f98-ba42-deafc56b677a', 'submitter_id': 'TCGA-BH-A0EI'}, {'case_id': '5a4b7098-1f6a-49e9-b364-29d6d34f5bd5', 'submitter_id': 'TCGA-B6-A0IM'}, {'case_id': 'd8d7a6c2-6427-4f47-968c-6c3affba4617', 'submitter_id': 'TCGA-A8-A08B'}, {'case_id': '427d0648-3f77-4ffc-b52c-89855426d647', 'submitter_id': 'TCGA-3C-AALJ'}, {'case_id': 'b094e8b2-8ece-4b36-8025-18073a8b873c', 'submitter_id': 'TCGA-AO-A124'}, {'case_id': 'c2aeee6c-ba10-4cf9-b560-c739580f7bf3', 'submitter_id': 'TCGA-BH-A0BM'}, {'case_id': '3ca67cd0-81da-4f68-a9fa-f1a8c013c28d', 'submitter_id': 'TCGA-AC-A2FF'}, {'case_id': '7e9c8d3c-790c-46ad-8f31-b557b7c26f69', 'submitter_id': 'TCGA-E9-A6HE'}, {'case_id': '0cf0d67c-2f7f-42a6-94f3-407d0ec46c88', 'submitter_id': 'TCGA-AC-A4ZE'}, {'case_id': '66af34ea-f471-4092-aff6-9ac9a5b75b11', 'submitter_id': 'TCGA-BH-A0B0'}, {'case_id': '0a229f95-0ea1-4d63-953e-74f5ec2f3028', 'submitter_id': 'TCGA-AO-A0JD'}, {'case_id': '7f2a63e6-64d5-4be1-9814-e8416fc9e688', 'submitter_id': 'TCGA-D8-A1JG'}, {'case_id': '2ab1b35b-9e56-475c-ac9b-15ed0a422683', 'submitter_id': 'TCGA-OL-A66K'}, {'case_id': 'd6f7afc0-1558-43ad-acb1-2b5311ed2264', 'submitter_id': 'TCGA-GM-A2DF'}, {'case_id': '4aacbc42-5ac5-4339-b9fa-c6e812084837', 'submitter_id': 'TCGA-E9-A22A'}, {'case_id': 'eadf8482-e60e-4307-adb7-d5c3b9fa6cae', 'submitter_id': 'TCGA-A2-A25B'}, {'case_id': '8da3d6cf-381b-4d1b-93fa-41fd9d2b2e66', 'submitter_id': 'TCGA-AR-A0TW'}, {'case_id': '016caf42-4e19-4444-ab5d-6cf1e76c4afa', 'submitter_id': 'TCGA-AO-A128'}, {'case_id': '151f3677-6854-4265-9126-d92c646c67ae', 'submitter_id': 'TCGA-B6-A0RM'}, {'case_id': '37242f5a-25ae-4b1f-9ce6-09ce1dc92539', 'submitter_id': 'TCGA-E2-A15L'}, {'case_id': '4a032bad-e726-48f2-8f39-e3acc109cc91', 'submitter_id': 'TCGA-BH-A0BZ'}, {'case_id': '4aa68586-6331-4795-b40c-859386640df6', 'submitter_id': 'TCGA-BH-A1FE'}, {'case_id': '8240c4ae-f878-4882-aa07-7857c7ac52cf', 'submitter_id': 'TCGA-AN-A0FZ'}, {'case_id': '34d5a193-85e5-4399-8a9b-e92858eafdfe', 'submitter_id': 'TCGA-A8-A0A2'}, {'case_id': '57af5c72-0d60-4a6b-b1b4-ec6dab90f80f', 'submitter_id': 'TCGA-A7-A6VV'}, {'case_id': '29df128d-ace2-40cf-88ee-3f6f2170f159', 'submitter_id': 'TCGA-A8-A095'}, {'case_id': '5d1d00c6-fcae-479e-ae1e-de76efd41d98', 'submitter_id': 'TCGA-BH-A0BW'}, {'case_id': '5d688049-f271-40ef-813a-d37240ffe21c', 'submitter_id': 'TCGA-A8-A07F'}, {'case_id': 'e68ebfd4-3688-4caa-9e38-7764f9258c30', 'submitter_id': 'TCGA-E2-A15T'}, {'case_id': 'a6a863d9-b39d-4965-b47f-79a1bcf3c976', 'submitter_id': 'TCGA-A1-A0SH'}, {'case_id': '0807435a-e75e-4e04-8e45-ed0cd49a841a', 'submitter_id': 'TCGA-B6-A0IA'}, {'case_id': '53886143-c1c6-40e9-88e6-e4e5e0271fc8', 'submitter_id': 'TCGA-A2-A3XX'}, {'case_id': '858652b8-c4c2-41d8-be32-fdc88e1a7bb0', 'submitter_id': 'TCGA-BH-A1EN'}, {'case_id': 'baf1207d-7d1a-4cad-ba58-62c26be2415e', 'submitter_id': 'TCGA-AN-A0FL'}, {'case_id': '298a1710-deb4-4064-a0f2-da32d43aa217', 'submitter_id': 'TCGA-C8-A12Y'}, {'case_id': '3144f1fb-4342-4079-bfe8-940da4bfd88e', 'submitter_id': 'TCGA-E2-A14V'}, {'case_id': 'd5cab7f5-e4f1-40ee-a0c8-4c8004c1c9a0', 'submitter_id': 'TCGA-AN-A0FF'}, {'case_id': 'c02699b5-580a-4d55-971e-f4692b2cce57', 'submitter_id': 'TCGA-A2-A3XW'}, {'case_id': 'd7195183-9fe4-4b17-bcfd-9367d2e539ce', 'submitter_id': 'TCGA-B6-A0WT'}, {'case_id': 'f45210d3-9e66-4f5e-bef1-5ee5547cc893', 'submitter_id': 'TCGA-EW-A1PC'}, {'case_id': 'c72cb184-462d-4009-9cdb-848782ff8a76', 'submitter_id': 'TCGA-A2-A3XT'}, {'case_id': '3b7b9c1e-a84c-47ed-983c-9e4b00cbf01a', 'submitter_id': 'TCGA-A7-A26F'}, {'case_id': 'b6c286c6-2755-419b-87d3-59c7feda9653', 'submitter_id': 'TCGA-C8-A138'}, {'case_id': '7e1673f8-5758-4963-8804-d5e39f06205b', 'submitter_id': 'TCGA-C8-A12V'}, {'case_id': '96f23d8a-be0f-4925-ba00-805dc293414c', 'submitter_id': 'TCGA-A2-A0ET'}, {'case_id': 'bf88ddf5-a6d4-498c-bf7f-db9bfabff72d', 'submitter_id': 'TCGA-A2-A0EO'}, {'case_id': 'c7d7a770-23c0-4310-ab48-1f6152dc2849', 'submitter_id': 'TCGA-D8-A1Y2'}, {'case_id': 'ecab16bc-28d5-4c3a-8735-3c785bd047c4', 'submitter_id': 'TCGA-BH-A1FB'}, {'case_id': 'a412b374-4d25-491f-b76f-ddaa989acf59', 'submitter_id': 'TCGA-E9-A5UP'}, {'case_id': '632984bd-dc81-42b6-b024-476cfd0bb2ae', 'submitter_id': 'TCGA-D8-A1Y3'}, {'case_id': 'a8b1f6e7-2bcf-460d-b1c6-1792a9801119', 'submitter_id': 'TCGA-E9-A1NF'}, {'case_id': '86a18ae0-dfb1-49c3-b5c4-67ec331d6e40', 'submitter_id': 'TCGA-C8-A1HN'}, {'case_id': '6f6e7356-3521-4674-8eec-ad01340d4b8e', 'submitter_id': 'TCGA-D8-A27G'}, {'case_id': '2e538802-2a31-4774-89a8-c6e4381a887d', 'submitter_id': 'TCGA-A2-A1G0'}, {'case_id': 'db55d9d9-dd56-4ca9-b1f1-0d929697b280', 'submitter_id': 'TCGA-BH-A5J0'}, {'case_id': '8a0ef221-8070-43fc-9d98-def90abe4871', 'submitter_id': 'TCGA-E2-A1B1'}, {'case_id': '602083f0-18d9-48b6-a529-31e165c54b37', 'submitter_id': 'TCGA-BH-A0HL'}, {'case_id': 'e8f3cc64-5e15-4f4d-b73e-5c9b250a664c', 'submitter_id': 'TCGA-AR-A255'}, {'case_id': 'c5f00132-1c6b-4337-af6f-596c652665cc', 'submitter_id': 'TCGA-AR-A0U3'}, {'case_id': '67c8dc41-edcb-4563-96b3-3f93f9edcbe9', 'submitter_id': 'TCGA-GM-A5PV'}, {'case_id': 'c4699748-f01d-4b30-9c74-1ca77fb84ac1', 'submitter_id': 'TCGA-D8-A1XD'}, {'case_id': 'a482fc4c-ff1d-46a0-a968-7df06422cc4b', 'submitter_id': 'TCGA-B6-A0WX'}, {'case_id': 'a381275f-8858-4793-a8a2-0ca9db7274c8', 'submitter_id': 'TCGA-EW-A1J2'}, {'case_id': '4b54e06e-a280-4981-a4e1-9aea154341b4', 'submitter_id': 'TCGA-UL-AAZ6'}, {'case_id': '5c8983f2-9788-4dfa-971c-3ec457b6166e', 'submitter_id': 'TCGA-A2-A0CL'}, {'case_id': 'e37ae674-a107-4eb3-94d8-b86b0035a9f7', 'submitter_id': 'TCGA-AC-A3HN'}, {'case_id': '4f04bd10-9902-4a23-b15d-4f4409d79499', 'submitter_id': 'TCGA-E2-A108'}, {'case_id': '4bf50455-9ab7-4521-a791-089f66d3b877', 'submitter_id': 'TCGA-B6-A0RT'}, {'case_id': 'a9bb8159-32f0-454c-a946-b3286a52b9d5', 'submitter_id': 'TCGA-A1-A0SP'}, {'case_id': 'ee554215-bea2-4268-aaf9-784e68cdb969', 'submitter_id': 'TCGA-BH-A1F8'}, {'case_id': '7acf33e7-c386-45fd-8c9a-469600378687', 'submitter_id': 'TCGA-A8-A08I'}, {'case_id': '68177e92-4784-45d9-af14-4ce0c00eae74', 'submitter_id': 'TCGA-A8-A08J'}, {'case_id': 'f947d67f-4aa2-4eb9-977e-21a5ae563613', 'submitter_id': 'TCGA-A8-A08P'}, {'case_id': '8159ff7b-89f4-411a-9b9c-491f1cb3eb34', 'submitter_id': 'TCGA-AC-A2BM'}, {'case_id': 'dd0f8e5a-383d-4f03-bb71-0e115d4e442c', 'submitter_id': 'TCGA-C8-A12M'}, {'case_id': '02bf5203-f9cd-4c5a-97b4-e5584dc22325', 'submitter_id': 'TCGA-AO-A0J8'}, {'case_id': '65077db7-dd59-4362-9d28-d5a9154e9be0', 'submitter_id': 'TCGA-C8-A278'}, {'case_id': 'ab34a9a2-d72d-4106-94fb-118844b1b60b', 'submitter_id': 'TCGA-A2-A0CQ'}, {'case_id': 'b6b932ce-6856-4d94-9e6c-16dfbe51906f', 'submitter_id': 'TCGA-E9-A1QZ'}, {'case_id': '9f80649b-a249-4fb5-97ad-059a30e13fea', 'submitter_id': 'TCGA-BH-A0W7'}, {'case_id': 'bfa3dbc0-361c-400e-8c10-0aca7049fce9', 'submitter_id': 'TCGA-D8-A27W'}, {'case_id': 'e7bae6e7-f779-449d-92b9-66996041e00d', 'submitter_id': 'TCGA-AC-A23E'}, {'case_id': 'f43d622f-eed5-4933-adc6-ae9ad1e33028', 'submitter_id': 'TCGA-E2-A1IN'}, {'case_id': '2481a671-760b-428c-968d-42e25fd42ac5', 'submitter_id': 'TCGA-AC-A3W7'}, {'case_id': '3f834fa7-6d7b-4b85-98c0-5c55d55b6c95', 'submitter_id': 'TCGA-B6-A0IE'}, {'case_id': '2192c1db-4718-4254-ba42-3ae7f30ad5a8', 'submitter_id': 'TCGA-A2-A0EQ'}, {'case_id': '91b09291-5944-4691-a0d8-7d1ccc649b9b', 'submitter_id': 'TCGA-BH-A6R8'}, {'case_id': '7eea2b6e-771f-44c0-9350-38f45c8dbe87', 'submitter_id': 'TCGA-A7-A6VX'}, {'case_id': '54883111-d475-4515-ba3f-fece8a71e79e', 'submitter_id': 'TCGA-A2-A1FW'}, {'case_id': '96457ebf-ae88-41f4-97e5-cdc3163418aa', 'submitter_id': 'TCGA-BH-A0H0'}, {'case_id': '4da999a0-ef41-4a0b-b1d1-446b39cc855a', 'submitter_id': 'TCGA-EW-A1PH'}, {'case_id': 'a076f135-be82-40fa-8516-285ed355c965', 'submitter_id': 'TCGA-AR-A2LN'}, {'case_id': '7d681cc6-689d-41c8-9e84-e13733089ec9', 'submitter_id': 'TCGA-AR-A1AS'}, {'case_id': 'a68a3361-48b4-4bd0-999d-b4cc3d43eb4a', 'submitter_id': 'TCGA-BH-A0HN'}, {'case_id': '599c3701-df7a-4a75-a347-fa9b510dd242', 'submitter_id': 'TCGA-AR-A24K'}, {'case_id': '95c53ecf-d8f1-4bcb-9b1a-c9a0542939f0', 'submitter_id': 'TCGA-LD-A9QF'}, {'case_id': '30ec8b1f-28c4-4f46-8a1b-a8d51e558c7d', 'submitter_id': 'TCGA-BH-A18T'}, {'case_id': '0f64edec-0f1f-4025-8a53-75f9534f7828', 'submitter_id': 'TCGA-BH-A0H9'}, {'case_id': 'c2b104ee-f914-4e79-9e1b-56bf88157472', 'submitter_id': 'TCGA-E2-A14S'}, {'case_id': 'b3bb8fd6-ee54-4813-b042-2bbe70115382', 'submitter_id': 'TCGA-BH-A0BQ'}, {'case_id': '7f97971b-2818-4e4b-9c9e-7c0246f9484c', 'submitter_id': 'TCGA-D8-A27K'}, {'case_id': 'e6b79d7a-ed6b-459a-b040-d142616e7ab4', 'submitter_id': 'TCGA-BH-A0BF'}, {'case_id': '9ad603dc-3fd0-44f5-ae4e-64eeb1ae8d6d', 'submitter_id': 'TCGA-AR-A0U2'}, {'case_id': '5258294f-ef5b-4091-9183-6bcc545d54b2', 'submitter_id': 'TCGA-BH-A209'}, {'case_id': 'bb8d42d3-ad65-4d88-ae1d-f9aadfc7962d', 'submitter_id': 'TCGA-AO-A1KS'}, {'case_id': '5ed024e8-d05e-4c65-9441-eda9930ccc82', 'submitter_id': 'TCGA-A7-A26G'}, {'case_id': '2476dda9-da2a-4242-9642-b92b8b9b1c79', 'submitter_id': 'TCGA-B6-A0IH'}, {'case_id': 'dd3bfb26-b534-4917-9c4d-9fe7b6477762', 'submitter_id': 'TCGA-E9-A1RI'}, {'case_id': '3828b534-908e-4953-a3fb-07d01cf49c7d', 'submitter_id': 'TCGA-A8-A09B'}, {'case_id': '14267783-5624-4fe5-ba81-9d67f1017474', 'submitter_id': 'TCGA-BH-A0DP'}, {'case_id': '90ff48c3-b14b-4a8b-94a1-98c0bab0d27b', 'submitter_id': 'TCGA-W8-A86G'}, {'case_id': 'b09643c2-ded5-4346-b3c5-90a48f88a02e', 'submitter_id': 'TCGA-E2-A1IJ'}, {'case_id': '9d876f05-5080-4c4e-9bf5-45f631d381e5', 'submitter_id': 'TCGA-A8-A081'}, {'case_id': '738e1acc-1f0c-4a96-9c8a-222727ef5af8', 'submitter_id': 'TCGA-AR-A2LJ'}, {'case_id': '5b2a4f11-ca46-4974-9420-59b4820920bf', 'submitter_id': 'TCGA-AC-A62X'}, {'case_id': 'afb9418e-91eb-4db1-aacf-12bd946c9ba0', 'submitter_id': 'TCGA-A8-A083'}, {'case_id': 'a5b44d66-c162-46b5-9df2-86305f0385c5', 'submitter_id': 'TCGA-A1-A0SK'}, {'case_id': '029ce650-5e5a-4100-8596-cd94300e7ef5', 'submitter_id': 'TCGA-E2-A574'}, {'case_id': '0ed9ad26-7fdc-4d75-93f9-d029eee94993', 'submitter_id': 'TCGA-A1-A0SG'}, {'case_id': 'ee14e049-b891-4dda-a730-8ce99bd93baf', 'submitter_id': 'TCGA-D8-A1XC'}, {'case_id': '9da462b0-93c2-4305-89f6-7199a30399a7', 'submitter_id': 'TCGA-BH-A0B5'}, {'case_id': 'c49e3b18-fd88-48f4-8b01-300692ceb367', 'submitter_id': 'TCGA-C8-A131'}, {'case_id': '359f12f9-5c41-48a4-85bc-fd7e307bf7d8', 'submitter_id': 'TCGA-EW-A1P8'}, {'case_id': 'c31900a4-5dcd-4022-97ac-638e86e889e4', 'submitter_id': 'TCGA-3C-AALK'}, {'case_id': 'a4903de8-6cf5-4541-8ec7-065beace8b44', 'submitter_id': 'TCGA-AO-A0J9'}, {'case_id': 'bb026999-0aab-4232-96d7-2c93b6c9691d', 'submitter_id': 'TCGA-A2-A3KD'}, {'case_id': '52c35691-efca-42f5-a03e-02c9f872275c', 'submitter_id': 'TCGA-C8-A1HK'}, {'case_id': 'c710f4ab-fbd9-42ed-95d4-4e6d51207f38', 'submitter_id': 'TCGA-BH-A0B4'}, {'case_id': '79126e88-9cf8-45ff-bf91-a98da3b304d7', 'submitter_id': 'TCGA-AC-A2FK'}, {'case_id': 'a6502f17-6bee-4d5a-8520-06364593d39c', 'submitter_id': 'TCGA-EW-A424'}, {'case_id': '3a0775a0-61ae-43f2-b5f6-629a44355c2f', 'submitter_id': 'TCGA-GM-A2DK'}, {'case_id': '27dfb9d4-3a2c-44bc-9acf-8f638d3f3004', 'submitter_id': 'TCGA-BH-A0GZ'}, {'case_id': 'a824b3bd-34d5-4cc1-a92f-f9d6ac0f1814', 'submitter_id': 'TCGA-C8-A12Q'}, {'case_id': '095c7985-3842-494f-b591-706ad1cd2133', 'submitter_id': 'TCGA-AO-A03M'}, {'case_id': 'b5b99291-507e-4b68-a039-9a0f571f55df', 'submitter_id': 'TCGA-AO-A12H'}, {'case_id': 'f475d460-75cd-4fe9-aa54-c90be12b4ef8', 'submitter_id': 'TCGA-B6-A0WY'}, {'case_id': '8e11c5ec-c15a-48d4-85ac-b7b08a9ed827', 'submitter_id': 'TCGA-AC-A6IV'}, {'case_id': 'ad7fcc89-82a3-48aa-8461-581c1a857677', 'submitter_id': 'TCGA-A2-A0CV'}, {'case_id': '1f99e4d4-4e8b-4cc1-a129-227a2a82780e', 'submitter_id': 'TCGA-AR-A1AL'}, {'case_id': 'ad18820b-a804-49c0-ba8a-86c09fa6bce2', 'submitter_id': 'TCGA-BH-A1F6'}, {'case_id': '3a711140-1b89-4611-9992-3861e3d0e01a', 'submitter_id': 'TCGA-A8-A06N'}, {'case_id': '92b5de82-0221-4df1-8094-80f40c0bb4fa', 'submitter_id': 'TCGA-BH-A0BL'}, {'case_id': 'd67cd793-2931-429a-9084-2f3c4c8be7ad', 'submitter_id': 'TCGA-A2-A0EY'}, {'case_id': '128d198e-9b22-427c-90db-3714455f3a17', 'submitter_id': 'TCGA-A2-A0T2'}, {'case_id': '9c55032f-4db7-4026-ae83-8d060dd8e3fe', 'submitter_id': 'TCGA-D8-A27I'}, {'case_id': '9676e46b-8f29-43cd-ab65-eb6a535cced4', 'submitter_id': 'TCGA-EW-A6S9'}, {'case_id': '42e47f3a-dff7-41e4-8f84-146d97e8ab72', 'submitter_id': 'TCGA-D8-A1X6'}, {'case_id': 'ca20249f-b7ea-4fd9-9ecb-34f74755ae35', 'submitter_id': 'TCGA-XX-A89A'}, {'case_id': 'e8614b7d-132e-4b4e-b1ae-df8bb4f2d4d4', 'submitter_id': 'TCGA-EW-A1IX'}, {'case_id': 'cf0e7e4e-b857-4db5-9ae2-551a899f77be', 'submitter_id': 'TCGA-AN-A0XP'}, {'case_id': 'd81594d9-dd6a-45c3-8bad-61960611d78d', 'submitter_id': 'TCGA-A7-A4SF'}, {'case_id': 'e74aea7c-ca14-49df-b5cf-dacb839ac27a', 'submitter_id': 'TCGA-E9-A1NC'}, {'case_id': '6f89509c-f802-482e-b4da-94553aa76fe9', 'submitter_id': 'TCGA-AR-A24H'}, {'case_id': '5d8ed961-a012-4b6b-bffb-9468d3953646', 'submitter_id': 'TCGA-EW-A1J5'}, {'case_id': 'dcd5860c-7e3a-44f3-a732-fe92fe3fe300', 'submitter_id': 'TCGA-AN-A046'}, {'case_id': 'ed2617c3-5d3b-4688-9283-0f8a10e0b10d', 'submitter_id': 'TCGA-E9-A5UO'}, {'case_id': 'aa60fa8d-c374-40e0-af2d-b007701e67e3', 'submitter_id': 'TCGA-LL-A740'}, {'case_id': '955d4263-61f7-42e8-8a6e-772a0d6c209d', 'submitter_id': 'TCGA-E9-A1N6'}, {'case_id': '2e32f31f-9817-4935-b259-96c59936ee33', 'submitter_id': 'TCGA-E2-A1L6'}, {'case_id': '747083ff-0703-431b-aad4-f2adff739516', 'submitter_id': 'TCGA-BH-A18G'}, {'case_id': 'fa176764-a76f-44c7-b97a-cd6d21e052be', 'submitter_id': 'TCGA-E2-A1LB'}, {'case_id': '5c59028f-b8fa-4811-8314-be3eaed5f364', 'submitter_id': 'TCGA-EW-A6SB'}, {'case_id': '23c21dea-3713-408f-ba56-f7c586e9f206', 'submitter_id': 'TCGA-E9-A1R5'}, {'case_id': '0f7ab21b-1fd0-45e0-9a47-17c4691eb84f', 'submitter_id': 'TCGA-E2-A15S'}, {'case_id': '0b172e29-6166-4863-803d-a0a010887c11', 'submitter_id': 'TCGA-B6-A0RO'}, {'case_id': '72e486b8-a866-4916-b2e4-8b4bb5dcd92d', 'submitter_id': 'TCGA-A8-A07R'}, {'case_id': '182c4bdf-2c58-4303-b034-459da86b9d90', 'submitter_id': 'TCGA-E9-A54Y'}, {'case_id': '64089c20-939f-48b4-ae8b-904ad0597145', 'submitter_id': 'TCGA-E2-A15I'}, {'case_id': 'b804f7ae-da8f-4414-be11-f880f1859160', 'submitter_id': 'TCGA-B6-A0IC'}, {'case_id': 'c0b7b798-3383-4a45-a455-9eca5810739e', 'submitter_id': 'TCGA-EW-A3E8'}, {'case_id': 'dc696e3c-f448-468f-a576-f4429be0338a', 'submitter_id': 'TCGA-A2-A0SY'}, {'case_id': '51ccbf1b-7cae-44ba-991a-11eda8b8c404', 'submitter_id': 'TCGA-BH-A1ES'}, {'case_id': 'b5fba77b-1f50-4e71-95b2-566afba4bdd7', 'submitter_id': 'TCGA-A2-A04Q'}, {'case_id': '6f0fd68f-ed6a-4c9e-be02-c97ba4950f76', 'submitter_id': 'TCGA-GM-A3XG'}, {'case_id': '074e8b06-3929-4896-9263-3b80ad6a355b', 'submitter_id': 'TCGA-AR-A24S'}, {'case_id': '23f438bd-1dbb-4d46-972f-1e8e74ddbd37', 'submitter_id': 'TCGA-Z7-A8R5'}, {'case_id': '59bf0ce4-715a-4017-bccb-c59916e78324', 'submitter_id': 'TCGA-A8-A07U'}, {'case_id': '316625b8-a217-4829-90d1-dfd9cb7e4bc3', 'submitter_id': 'TCGA-A8-A07J'}, {'case_id': '87f03d04-e651-4a6e-aea6-1c946aa46202', 'submitter_id': 'TCGA-BH-A0BV'}, {'case_id': '7b605fb6-d077-401e-b870-b87ddf505f82', 'submitter_id': 'TCGA-A8-A0A9'}, {'case_id': '65cde5d5-1efc-4e30-b1bd-a93598794f2c', 'submitter_id': 'TCGA-C8-A12X'}, {'case_id': '6fa2a667-9c36-4526-8a58-1975e863a806', 'submitter_id': 'TCGA-AC-A2BK'}, {'case_id': '6ffd1b8c-6f0b-456a-9160-e0c8021e5897', 'submitter_id': 'TCGA-OL-A97C'}, {'case_id': '7032ec9c-e96b-4642-a7b6-d0aee7a3add2', 'submitter_id': 'TCGA-A2-A0EV'}, {'case_id': '70931617-b3df-4a12-8e3f-2b2307602f48', 'submitter_id': 'TCGA-A8-A06X'}, {'case_id': '70ab4f23-23c4-409f-a5cc-18a010c3a24e', 'submitter_id': 'TCGA-C8-A26X'}, {'case_id': '71229981-97c2-4ae1-a130-fe5de336b37d', 'submitter_id': 'TCGA-C8-A12T'}, {'case_id': '71626753-cc34-4731-abc0-ae188b0964e7', 'submitter_id': 'TCGA-AO-A12C'}, {'case_id': '718db047-9f32-48c4-98c9-515218441bca', 'submitter_id': 'TCGA-E2-A1IF'}, {'case_id': '719082cc-1ebe-4a51-a659-85a59db1d77d', 'submitter_id': 'TCGA-A8-A08G'}, {'case_id': '71f97b63-c970-44ee-98c2-e02e663d5a40', 'submitter_id': 'TCGA-AR-A0U4'}, {'case_id': '7241b3d4-31ee-4fd2-a4a5-35a9d5f37d6a', 'submitter_id': 'TCGA-E2-A1B5'}, {'case_id': '726c6892-0dce-4869-a7a7-cc44c26fe843', 'submitter_id': 'TCGA-C8-A9FZ'}, {'case_id': '72cd1b17-d349-4551-83f7-3062ce9db865', 'submitter_id': 'TCGA-A2-A0YI'}, {'case_id': '733a2a0f-b37a-4b81-b49e-3c0f30d1eb37', 'submitter_id': 'TCGA-A2-A04X'}, {'case_id': '739cb132-51e9-41be-8064-311a13da0d74', 'submitter_id': 'TCGA-D8-A1XA'}, {'case_id': '73ccc949-01b7-48d3-a7c4-c4bcd261672a', 'submitter_id': 'TCGA-E2-A15A'}, {'case_id': '7451af3c-acc0-4d79-8429-6b8be96911d8', 'submitter_id': 'TCGA-A7-A3RF'}, {'case_id': '7455d832-ad66-40df-85d7-3a7051c4498d', 'submitter_id': 'TCGA-A2-A0ER'}, {'case_id': '7486a2b3-b09f-4e9c-9864-8b51b58d9fb3', 'submitter_id': 'TCGA-AC-A6IX'}, {'case_id': '74f31744-0aed-4633-beec-4e203315f0b7', 'submitter_id': 'TCGA-BH-A0DT'}, {'case_id': '752ad011-79e0-494f-9868-98bf6feb28f8', 'submitter_id': 'TCGA-E2-A14N'}, {'case_id': '9964f447-92ad-4d1e-af20-11cf84fab7b0', 'submitter_id': 'TCGA-B6-A408'}, {'case_id': '996bd3f0-d767-4eff-9c82-99fcb5a3006a', 'submitter_id': 'TCGA-E2-A1B0'}, {'case_id': '99927651-34be-4795-893a-128d8a1fdb30', 'submitter_id': 'TCGA-AO-A12A'}, {'case_id': '99e32c59-aa73-43fa-88c9-399ddadb2c72', 'submitter_id': 'TCGA-A2-A0D2'}, {'case_id': '9ac44381-5d43-4f63-aa3f-7703bfc923c9', 'submitter_id': 'TCGA-E2-A10C'}, {'case_id': '9b13927c-7357-44fd-8385-92ae6a656b7d', 'submitter_id': 'TCGA-B6-A0RG'}, {'case_id': '9ba11ea8-97d3-464a-90a4-ec1151be9088', 'submitter_id': 'TCGA-PL-A8LY'}, {'case_id': '9c1ceb7d-6fed-4c2f-a89a-bf3c5b15ca58', 'submitter_id': 'TCGA-BH-A18I'}, {'case_id': '9c895825-d6f6-4d14-a662-23212200f6e5', 'submitter_id': 'TCGA-AR-A5QM'}, {'case_id': '9ce7ce09-4409-4fa3-9f78-b2b24716f860', 'submitter_id': 'TCGA-A2-A04Y'}, {'case_id': '9ced0c70-c46c-4f98-8f48-840defe4b8b1', 'submitter_id': 'TCGA-D8-A1JA'}, {'case_id': '9d166970-07c8-4ca3-9cfa-ed0049df9ecc', 'submitter_id': 'TCGA-BH-A1EW'}, {'case_id': '9d8702e1-1a36-4bca-85ab-5f11d58d7953', 'submitter_id': 'TCGA-A2-A0EX'}, {'case_id': '9d95a65b-e41d-4f93-92d4-99dce29ff40d', 'submitter_id': 'TCGA-A7-A0CE'}, {'case_id': '9ddc014d-9a8b-407b-845f-452a73f08e5e', 'submitter_id': 'TCGA-A2-A4S2'}, {'case_id': '9de678e5-67ed-4453-a98b-7ac351d5d0f1', 'submitter_id': 'TCGA-A7-A0CH'}, {'case_id': '9f3cc92b-fa22-478e-a2e4-6b4c8afb93d6', 'submitter_id': 'TCGA-E9-A24A'}, {'case_id': '66072c06-f251-4f0b-b6ae-12b407c52cc6', 'submitter_id': 'TCGA-AN-A04C'}, {'case_id': '6623fc5e-00be-4476-967a-cbd55f676ea6', 'submitter_id': 'TCGA-4H-AAAK'}, {'case_id': '6644fd4e-d2fe-4785-a73c-0f36fcc740e2', 'submitter_id': 'TCGA-A1-A0SO'}, {'case_id': '665dd3d3-779c-4abd-b5d7-13342340451d', 'submitter_id': 'TCGA-BH-A18N'}, {'case_id': '66fa504c-4ae4-49ac-9355-1e063776dc0d', 'submitter_id': 'TCGA-GM-A2DI'}, {'case_id': '67526f5a-3a30-45b2-aeab-2b21a855063e', 'submitter_id': 'TCGA-AR-A24W'}, {'case_id': '67c73260-a242-4bba-87c5-d2302556dff7', 'submitter_id': 'TCGA-AC-A3TM'}, {'case_id': '67eef990-5ff4-45d1-843d-d22d7848f130', 'submitter_id': 'TCGA-A7-A0CG'}, {'case_id': '680f23a9-fcce-493e-b908-27c1ad202e4c', 'submitter_id': 'TCGA-D8-A27E'}, {'case_id': '69054195-9e93-49e5-b820-69b0091cc2d4', 'submitter_id': 'TCGA-A8-A06O'}, {'case_id': '6951fe6a-d7d1-4f41-85af-76655b5d1f62', 'submitter_id': 'TCGA-C8-A8HQ'}, {'case_id': '6956473b-92e5-4069-a26b-b48e280e76f2', 'submitter_id': 'TCGA-B6-A0RU'}, {'case_id': '69a68fbc-e43d-4652-85ee-693211bded47', 'submitter_id': 'TCGA-E9-A1N4'}, {'case_id': '69fc24fc-cfe2-487a-935f-1a954b30b709', 'submitter_id': 'TCGA-LL-A441'}, {'case_id': '6a186809-3422-41d0-83d2-867145830936', 'submitter_id': 'TCGA-D8-A1XO'}, {'case_id': '6a2972e3-cca9-47e5-aac0-b770f2399eeb', 'submitter_id': 'TCGA-BH-A1F2'}, {'case_id': '6adca853-1b09-47ff-814c-47b732a76d96', 'submitter_id': 'TCGA-C8-A12W'}, {'case_id': '6b4e0262-f589-4532-b578-9f2d76c19d90', 'submitter_id': 'TCGA-A7-A3IY'}, {'case_id': '6b923e30-2ddc-407f-91b1-c202f1373fbb', 'submitter_id': 'TCGA-C8-A12K'}, {'case_id': '6b960b58-28e1-41c6-bd6e-7e669c6aa4ef', 'submitter_id': 'TCGA-BH-A18V'}, {'case_id': '6c0066e3-96df-4870-bcd3-98cda64082e9', 'submitter_id': 'TCGA-BH-A0E6'}, {'case_id': '6cb6f179-defd-4661-af0a-c353b74c0c49', 'submitter_id': 'TCGA-A7-A26J'}, {'case_id': '6cd9baf5-bbe0-4c1e-a87f-c53b3af22890', 'submitter_id': 'TCGA-A7-A13G'}, {'case_id': '6cdc0d53-f813-4101-81e5-9bee68270536', 'submitter_id': 'TCGA-BH-A0H3'}, {'case_id': '6d24e675-2fa4-4102-861f-7516650b3049', 'submitter_id': 'TCGA-LL-A5YP'}, {'case_id': '0fe1419e-a005-407c-8ae7-15c4c1579539', 'submitter_id': 'TCGA-E2-A1II'}, {'case_id': '1026e0bf-5640-4fa5-b65f-4f11e8e76b18', 'submitter_id': 'TCGA-D8-A1XS'}, {'case_id': '10c829ec-fd66-49c4-8afe-ad3ae567372c', 'submitter_id': 'TCGA-BH-A42T'}, {'case_id': '10c9be1e-2cc0-45e4-8d2c-c013ea63ef05', 'submitter_id': 'TCGA-AN-A0FS'}, {'case_id': '1133b8a9-6b11-4511-b70a-f200e3b8b5db', 'submitter_id': 'TCGA-GM-A2D9'}, {'case_id': '115bc72c-116f-40c1-be9b-e3dd7650efae', 'submitter_id': 'TCGA-D8-A1JE'}, {'case_id': '1174f6e4-ffbe-4e59-a000-8d861c968369', 'submitter_id': 'TCGA-AO-A03L'}, {'case_id': '124b693c-77dc-4fa8-b703-54e8b5054a92', 'submitter_id': 'TCGA-HN-A2NL'}, {'case_id': '125b0a9a-6cbe-4207-9178-e7ff03487e87', 'submitter_id': 'TCGA-AR-A24O'}, {'case_id': '1285eb55-415c-494a-aa58-936f0427cdd0', 'submitter_id': 'TCGA-V7-A7HQ'}, {'case_id': '65cac997-4d39-4501-85ec-4fcb328a8eb5', 'submitter_id': 'TCGA-GM-A3XL'}, {'case_id': '001cef41-ff86-4d3f-a140-a647ac4b10a1', 'submitter_id': 'TCGA-E2-A1IU'}, {'case_id': '00807dae-9f4a-4fd1-aac2-82eb11bf2afb', 'submitter_id': 'TCGA-A2-A04W'}, {'case_id': '00a2d166-78c9-4687-a195-3d6315c27574', 'submitter_id': 'TCGA-AN-A0AM'}, {'case_id': '00b11ca8-8540-4a3d-b602-ec754b00230b', 'submitter_id': 'TCGA-LL-A440'}, {'case_id': '011b9b2d-ebe5-42bf-9662-d922faccc7a1', 'submitter_id': 'TCGA-A7-A26E'}, {'case_id': '01263518-5f7c-49dc-8d7e-84b0c03a6a63', 'submitter_id': 'TCGA-A8-A07W'}, {'case_id': '0130d616-885e-4a6c-9d03-2f17dd692a05', 'submitter_id': 'TCGA-D8-A1XY'}, {'case_id': '01674b2c-5cf2-478f-84a1-f69c39f47bd4', 'submitter_id': 'TCGA-EW-A1P7'}, {'case_id': '01b9f68b-4de4-4374-b4f2-8a0685e18153', 'submitter_id': 'TCGA-AC-A5EI'}, {'case_id': '01eef340-598c-4205-a990-cec190ac2ca5', 'submitter_id': 'TCGA-B6-A0IQ'}, {'case_id': '02bbb632-0f7f-439d-b8f0-c86a06237424', 'submitter_id': 'TCGA-AC-A2FB'}, {'case_id': '02bed00f-bef7-4fb7-b243-540354990e45', 'submitter_id': 'TCGA-A2-A0T1'}, {'case_id': '02e6f999-24f2-4ad2-9b92-df3ee2b082e5', 'submitter_id': 'TCGA-D8-A1JC'}, {'case_id': '03565036-b6d3-432f-8d9a-7099818e0788', 'submitter_id': 'TCGA-AO-A0JC'}, {'case_id': '035cb359-eac3-484a-9e88-3ddc739440a3', 'submitter_id': 'TCGA-BH-A0DX'}, {'case_id': '03ab1e9f-4918-404d-b178-3a4fd929c5e8', 'submitter_id': 'TCGA-C8-A137'}, {'case_id': '03c143e0-d8a1-4d60-a4a3-df0501fc6b6e', 'submitter_id': 'TCGA-E9-A1N3'}, {'case_id': '045c13ef-3db7-4adf-b0a3-23338f0479f3', 'submitter_id': 'TCGA-B6-A0I6'}, {'case_id': '048549cf-d0a5-4743-a0a1-2004f7cc2b08', 'submitter_id': 'TCGA-AC-A3BB'}, {'case_id': '04af44fc-c487-4005-b3cb-cb64815824a2', 'submitter_id': 'TCGA-B6-A0IO'}, {'case_id': 'a2453bcb-90f2-4505-949d-a89cf4bfc9b8', 'submitter_id': 'TCGA-C8-A1HF'}, {'case_id': 'a272171b-44f5-47a5-89be-7520413c01ad', 'submitter_id': 'TCGA-A8-A07Z'}, {'case_id': 'a2934508-3daf-49e2-b14f-ed9b7693f96f', 'submitter_id': 'TCGA-A2-A0ES'}, {'case_id': 'a82d0a57-4383-473d-b334-d13b278404b1', 'submitter_id': 'TCGA-OL-A5RW'}, {'case_id': 'a851ca14-7bbf-455b-a054-ec03979a4247', 'submitter_id': 'TCGA-BH-A0DQ'}, {'case_id': 'a855c228-a263-44df-87a0-cbc32187e3f5', 'submitter_id': 'TCGA-C8-A1HJ'}, {'case_id': 'a8a199c9-d781-4e6c-af8c-c85d60c7cd40', 'submitter_id': 'TCGA-C8-A1HL'}, {'case_id': 'a8a33ba9-0976-4e19-b0e9-fa5ba4d4eaa8', 'submitter_id': 'TCGA-BH-A5IZ'}, {'case_id': 'a8e7d8a4-bbf0-496b-b387-8e014cfdcea6', 'submitter_id': 'TCGA-A2-A3XU'}, {'case_id': '3dbc8d60-3a97-47b2-91d0-c18fb46b4365', 'submitter_id': 'TCGA-E9-A54X'}, {'case_id': '3e25056d-d137-49f5-abaa-f68509426600', 'submitter_id': 'TCGA-AN-A0XT'}, {'case_id': '3e637872-f5e5-49d3-bb0d-9c16b8713382', 'submitter_id': 'TCGA-LL-A73Z'}, {'case_id': '3e775c99-ceda-4246-8d6f-0f58ca5097c8', 'submitter_id': 'TCGA-D8-A1JM'}, {'case_id': '3e9f93c0-aa79-4b4c-bd6c-b3325912362a', 'submitter_id': 'TCGA-AN-A0AL'}, {'case_id': '3ea9412b-429e-4dcf-90cd-c53be06885a1', 'submitter_id': 'TCGA-AO-A0JB'}, {'case_id': '6e126b73-d3e8-4641-a128-306f3b313e40', 'submitter_id': 'TCGA-AC-A2B8'}, {'case_id': '6e6408d6-6c48-4dfc-9f1c-28b7386e87b4', 'submitter_id': 'TCGA-B6-A0I8'}, {'case_id': '6e6b7742-a562-490b-bb72-04a5653852e4', 'submitter_id': 'TCGA-GM-A2DB'}, {'case_id': 'a1872011-b928-4189-ac02-e87506c20bca', 'submitter_id': 'TCGA-A2-A0YC'}, {'case_id': 'a1da9db1-db11-4f4d-a249-c738db81b87e', 'submitter_id': 'TCGA-AN-A0XU'}, {'case_id': 'a2434f47-2168-47d0-9bbb-981071597843', 'submitter_id': 'TCGA-JL-A3YW'}, {'case_id': '05135396-df5c-49db-b34e-f4add5b65a2b', 'submitter_id': 'TCGA-BH-A204'}, {'case_id': '05506f4c-e701-4a9d-ae06-97f066aade43', 'submitter_id': 'TCGA-AN-A0AT'}, {'case_id': '058dcb78-bed1-40c3-a6c2-a0cc40065531', 'submitter_id': 'TCGA-A2-A0T3'}, {'case_id': '05af737d-89aa-49b6-97b2-28b8ac8bd2cf', 'submitter_id': 'TCGA-AC-A62Y'}, {'case_id': '0685edd2-ce1c-4e0e-8dda-393139af4223', 'submitter_id': 'TCGA-AO-A03U'}, {'case_id': '0741b5db-4405-42ba-b63a-c6ee4f341480', 'submitter_id': 'TCGA-BH-A1EY'}, {'case_id': '0772cdbe-8b0d-452b-8df1-bd70d1306363', 'submitter_id': 'TCGA-BH-A0W4'}, {'case_id': '077506ea-8f11-405d-bb8e-3c9924fe54d0', 'submitter_id': 'TCGA-AR-A5QN'}, {'case_id': '08306ede-e74b-4be9-b768-7fd98647b6ac', 'submitter_id': 'TCGA-A2-A0T6'}, {'case_id': '084c6aec-94f7-4090-8f3f-59fa9e89721a', 'submitter_id': 'TCGA-A2-A0D1'}, {'case_id': '08740d7f-5a5e-4dfa-bd48-7fbf228a7a28', 'submitter_id': 'TCGA-B6-A0WZ'}, {'case_id': '08da7c4c-3067-4bcf-9d7a-78566df72e69', 'submitter_id': 'TCGA-B6-A0RE'}, {'case_id': '08de63a2-7b76-43c3-80dc-df748b1d81bc', 'submitter_id': 'TCGA-A1-A0SQ'}, {'case_id': '0930e97a-72ea-4bd5-b2f0-50c76af695f3', 'submitter_id': 'TCGA-GM-A3XN'}, {'case_id': '09a5e9fd-d816-4f8c-baa9-0e40ba607b16', 'submitter_id': 'TCGA-LL-A7SZ'}, {'case_id': '09c2bc35-c21f-4aa4-ac30-0d8db02ad811', 'submitter_id': 'TCGA-A8-A09Q'}, {'case_id': '09d6e904-7184-4788-8a19-04f8c46cb13f', 'submitter_id': 'TCGA-BH-AB28'}, {'case_id': '0a2a3529-f645-4967-9a58-89ee20b8bb62', 'submitter_id': 'TCGA-E2-A15E'}, {'case_id': '2a84997d-ccee-4f46-bea2-752534f26416', 'submitter_id': 'TCGA-E2-A1LL'}, {'case_id': '2b36853f-34d3-47c5-ba6a-e5a93233d2b1', 'submitter_id': 'TCGA-AC-A7VC'}, {'case_id': '2bcacfd1-6a45-4b96-9b80-2ad569b1ab45', 'submitter_id': 'TCGA-S3-AA12'}, {'case_id': '2c6adb12-380d-4710-a7e6-93d5a0e53289', 'submitter_id': 'TCGA-A2-A0YD'}, {'case_id': '2c86c3ea-d926-4d39-a5ae-39ece4774287', 'submitter_id': 'TCGA-B6-A0IJ'}, {'case_id': '2c90d5e3-ac8c-4c86-a06f-42ccc064eb49', 'submitter_id': 'TCGA-D8-A1XZ'}, {'case_id': '2cb8c866-9296-4c70-a3ea-f9a9b707895c', 'submitter_id': 'TCGA-A8-A0A4'}, {'case_id': '2cbeadff-a8a3-4787-9d4e-f6b74c3ab5d9', 'submitter_id': 'TCGA-AO-A12E'}, {'case_id': '2cf68894-168b-458b-af4f-53cad72989a8', 'submitter_id': 'TCGA-A7-A13F'}, {'case_id': '2d0d7ff4-7866-4ae1-9cf1-a3c7f4cbe48d', 'submitter_id': 'TCGA-E2-A1IE'}, {'case_id': '2d29a4ac-98e7-4663-9dd6-5681bc32ac2e', 'submitter_id': 'TCGA-A2-A3KC'}, {'case_id': 'de531604-bd1a-49df-96c2-6de3ae703f1d', 'submitter_id': 'TCGA-D8-A1XG'}, {'case_id': 'de646f6a-6d50-4be2-b3cd-f17554b234df', 'submitter_id': 'TCGA-AR-A24L'}, {'case_id': 'de75d0b9-0f47-4732-8df5-05c350cfcd32', 'submitter_id': 'TCGA-AN-A0FY'}, {'case_id': 'deba32e4-0e68-4711-941b-3b63bd965afb', 'submitter_id': 'TCGA-A2-A3XY'}, {'case_id': '1fef9454-b3e8-4d9d-a9aa-aa1f1a32b80c', 'submitter_id': 'TCGA-E2-A15J'}, {'case_id': '1ff85ada-3cdd-4afb-b311-2c7befb52702', 'submitter_id': 'TCGA-EW-A1P3'}, {'case_id': '2021ed1f-dc75-4701-b8b8-1386466e4802', 'submitter_id': 'TCGA-BH-A0H7'}, {'case_id': '20e8106b-1290-4735-abe4-7621e08e3dc8', 'submitter_id': 'TCGA-BH-A0E0'}, {'case_id': '214a4507-d974-4b3e-8525-7408fccc6a0f', 'submitter_id': 'TCGA-BH-A0B7'}, {'case_id': '2199b7a1-bd47-4bb5-b36a-a3e291e3e259', 'submitter_id': 'TCGA-B6-A0RN'}, {'case_id': '21ef1730-e5a7-47ce-b419-d000bb59ae15', 'submitter_id': 'TCGA-BH-A1F0'}, {'case_id': '22eaba28-be67-4730-9846-860bc1fca29a', 'submitter_id': 'TCGA-A8-A0AB'}, {'case_id': '233b02f3-c4f0-4a67-9db5-e68d5cdaccb6', 'submitter_id': 'TCGA-BH-A18U'}, {'case_id': '2399caeb-ead2-4003-af38-809db4ac2e2b', 'submitter_id': 'TCGA-A8-A06Z'}, {'case_id': '23b7aaea-1119-4b10-aa1a-0ae255d2f2a6', 'submitter_id': 'TCGA-E2-A14U'}, {'case_id': '23c31c2e-336c-4878-a476-cf8d811b4875', 'submitter_id': 'TCGA-S3-AA10'}, {'case_id': '23dabeef-8e3c-44bc-9a12-a9522d17be5c', 'submitter_id': 'TCGA-A8-A076'}, {'case_id': '23e7a78a-1d56-4ad1-9bb4-72ec0178aff2', 'submitter_id': 'TCGA-AR-A1AJ'}, {'case_id': '24046547-d038-4616-b190-52ac93f4965f', 'submitter_id': 'TCGA-E9-A1RE'}, {'case_id': 'a2db9dd1-44d5-48b5-817c-a21a85fadb21', 'submitter_id': 'TCGA-A1-A0SJ'}, {'case_id': 'a2efe7e1-aca3-440f-825f-ed621edca69f', 'submitter_id': 'TCGA-A7-A4SA'}, {'case_id': 'a32cb96a-78bf-456e-a6ab-2d47b2c67ad4', 'submitter_id': 'TCGA-BH-A0BT'}, {'case_id': 'a45833e1-7cc9-4273-b408-620f74679a12', 'submitter_id': 'TCGA-OL-A66O'}, {'case_id': 'a45d296e-efc0-479e-b2f6-bad834668cdf', 'submitter_id': 'TCGA-AC-A3YI'}, {'case_id': 'a4c59287-1ad5-46a5-8040-e591e6ce064f', 'submitter_id': 'TCGA-E9-A244'}, {'case_id': '1cc30842-4a5b-4f07-b36f-5b84ceaa5662', 'submitter_id': 'TCGA-BH-A8FZ'}, {'case_id': '1d27253f-b036-44e7-a04d-8da5bbf57419', 'submitter_id': 'TCGA-E2-A1LK'}, {'case_id': '1d38d356-d126-4476-94d0-26616b9375b1', 'submitter_id': 'TCGA-OL-A5RV'}, {'case_id': '1d75e89d-4b01-443c-be54-749c7a667bf4', 'submitter_id': 'TCGA-LL-A5YL'}, {'case_id': '1e68e760-a4cf-4100-bf9c-e50fa8d126f6', 'submitter_id': 'TCGA-B6-A0X0'}, {'case_id': '1f601832-eee3-48fb-acf5-80c4a454f26e', 'submitter_id': 'TCGA-BH-A0EA'}, {'case_id': '1f8f87cb-8a0b-474c-97fb-c71b4fd88d97', 'submitter_id': 'TCGA-AO-A1KT'}, {'case_id': '4f608829-ffc4-4527-886e-6bc764ab29f5', 'submitter_id': 'TCGA-BH-A0BG'}, {'case_id': '4fba3deb-db94-44b5-a0f2-a575d270779e', 'submitter_id': 'TCGA-E2-A14R'}, {'case_id': '50619f8c-10aa-464a-a227-90a7aa6ffd43', 'submitter_id': 'TCGA-BH-A18K'}, {'case_id': '515b1400-e896-4f2a-81bd-70895441a0bd', 'submitter_id': 'TCGA-A8-A06Y'}, {'case_id': '518f231c-f5f9-4a39-a97b-7fd5666d3e50', 'submitter_id': 'TCGA-BH-A0AZ'}, {'case_id': '521e2140-ae5b-456f-8699-97398d009687', 'submitter_id': 'TCGA-EW-A1P4'}, {'case_id': '523e24a2-51b9-4658-be2f-42e5fccebb17', 'submitter_id': 'TCGA-A7-A5ZW'}, {'case_id': '530ad151-703d-4638-851f-0b5111ff318b', 'submitter_id': 'TCGA-D8-A1JD'}, {'case_id': '5362cbc4-cd28-4afd-a8ac-1a4c2c33cad2', 'submitter_id': 'TCGA-B6-A409'}, {'case_id': '539bbbed-43fb-4fef-9c67-6406f58b186a', 'submitter_id': 'TCGA-E9-A248'}, {'case_id': '12d31787-e54d-4729-ace8-9141043c92b8', 'submitter_id': 'TCGA-A2-A0ST'}, {'case_id': '1347c23d-8d6e-4c15-9461-640249838c96', 'submitter_id': 'TCGA-LL-A6FR'}, {'case_id': '13b860c3-8048-4dc9-9eb0-7480bc660837', 'submitter_id': 'TCGA-AN-A0FX'}, {'case_id': '13ca97a1-75bb-4a49-b8c3-181e5b2c9e86', 'submitter_id': 'TCGA-AR-A0TT'}, {'case_id': '14d1d84e-99e1-41ad-8892-3b4da3d4f948', 'submitter_id': 'TCGA-BH-A1FL'}, {'case_id': '1549dc64-3dab-43fc-96e9-b07d520957e1', 'submitter_id': 'TCGA-D8-A27F'}, {'case_id': '157ec9e0-ca6e-4da1-9233-f976cf0db433', 'submitter_id': 'TCGA-B6-A0IB'}, {'case_id': '15ff4b02-bb69-4d24-8a07-b82f428e428d', 'submitter_id': 'TCGA-A7-A3IZ'}, {'case_id': '161917b8-88ad-407b-ade6-d6b98478b359', 'submitter_id': 'TCGA-E9-A22H'}, {'case_id': '16368c32-2118-4fcf-8693-6c89995e49d8', 'submitter_id': 'TCGA-A1-A0SI'}, {'case_id': '16a8d916-ad46-4690-b1a5-3b2b323f4336', 'submitter_id': 'TCGA-B6-A0IN'}, {'case_id': '174850b4-5ec2-462b-a890-89bd1716b3c2', 'submitter_id': 'TCGA-A2-A3Y0'}, {'case_id': '1783cac1-253a-40af-a9ac-48dfb20e1ab8', 'submitter_id': 'TCGA-BH-A1FH'}, {'case_id': '178b2c48-c07d-422e-ae17-8bcfd996ad51', 'submitter_id': 'TCGA-B6-A0X1'}, {'case_id': '17baef7c-d97d-4b98-ab53-503ef856523d', 'submitter_id': 'TCGA-A7-A0D9'}, {'case_id': '17c1d42c-cb84-4655-a4cd-b54bae17ecaf', 'submitter_id': 'TCGA-E2-A15K'}, {'case_id': '17ca61a2-607a-45ff-88fa-ef72e80bf891', 'submitter_id': 'TCGA-BH-A0HF'}, {'case_id': '17d9e646-6ab3-40b3-a0bc-2c834d3c3213', 'submitter_id': 'TCGA-AR-A0U1'}, {'case_id': '17f275c1-a0d4-487d-8f02-ea279584b4cd', 'submitter_id': 'TCGA-D8-A13Y'}, {'case_id': '189e1f27-7738-413a-a4d4-97d41d592a13', 'submitter_id': 'TCGA-A2-A3XV'}, {'case_id': '18d35983-ea6a-4b70-a209-9bef37595956', 'submitter_id': 'TCGA-A2-A0SX'}, {'case_id': '18eb4dfc-556f-4bf3-a411-4780209ed1e0', 'submitter_id': 'TCGA-BH-A0B3'}, {'case_id': '195b6731-6ae6-416e-a345-0eb8874a0ca2', 'submitter_id': 'TCGA-AN-A0XO'}, {'case_id': '197428f7-bd77-4c5f-8119-87157b5c35b9', 'submitter_id': 'TCGA-A2-A04N'}, {'case_id': '197741de-a098-4f04-bb37-8ea8b3bb39bc', 'submitter_id': 'TCGA-B6-A0WS'}, {'case_id': '1a18974d-967c-4727-b42e-12ae7be66589', 'submitter_id': 'TCGA-B6-A0I5'}, {'case_id': '1a679332-30a3-4495-a2e5-39d299e14333', 'submitter_id': 'TCGA-S3-A6ZG'}, {'case_id': '9f6be944-83de-42ab-8738-f0022f475e61', 'submitter_id': 'TCGA-GI-A2C9'}, {'case_id': '9f93ea0a-1687-44e0-9e8a-eeb4097d471c', 'submitter_id': 'TCGA-A2-A0CZ'}, {'case_id': '9fefbe7c-f66a-4940-843e-285cb7b392c1', 'submitter_id': 'TCGA-AR-A24Z'}, {'case_id': 'a0576d44-9add-429b-9eeb-f7b234b7385f', 'submitter_id': 'TCGA-E2-A14Y'}, {'case_id': 'a06ff6ae-b0dd-4516-a75c-0db71694b46b', 'submitter_id': 'TCGA-LD-A7W5'}, {'case_id': 'a0963e93-b63e-4de2-86c1-81302e271d3e', 'submitter_id': 'TCGA-AR-A250'}, {'case_id': 'a1093598-d3a8-4ffe-83fc-bc7d1faff7e5', 'submitter_id': 'TCGA-BH-A1EU'}, {'case_id': 'a12fd22a-7f84-4b6e-b6d8-012e38eb73d7', 'submitter_id': 'TCGA-AR-A1AW'}, {'case_id': 'a1674d7b-787a-45c4-bf16-1b7d0efce207', 'submitter_id': 'TCGA-E2-A15P'}, {'case_id': '64975923-d032-4182-8565-59fc37127d8d', 'submitter_id': 'TCGA-D8-A1XT'}, {'case_id': '64d4dfae-8d91-464b-adc3-80ba7caf54ae', 'submitter_id': 'TCGA-E9-A22E'}, {'case_id': '64f67506-f2df-4f0a-b7be-29b4949e986a', 'submitter_id': 'TCGA-A2-A04V'}, {'case_id': '659b0170-e914-45ff-aa55-fcb8d3dc7b8a', 'submitter_id': 'TCGA-E9-A1NG'}, {'case_id': '53d0af48-d7ea-42c9-8695-c614b89b415b', 'submitter_id': 'TCGA-EW-A1P5'}, {'case_id': '53ff5893-7d5e-4bcb-be9c-665fa34b7824', 'submitter_id': 'TCGA-EW-A1OY'}, {'case_id': '546248b0-22a0-4b70-a437-76fb0a238a0d', 'submitter_id': 'TCGA-AN-A0FJ'}, {'case_id': '55262fcb-1b01-4480-b322-36570430c917', 'submitter_id': 'TCGA-3C-AALI'}, {'case_id': '5562455d-bbb8-46eb-a510-e8c6e1e26789', 'submitter_id': 'TCGA-B6-A0RL'}, {'case_id': '557cb0a3-6f1b-4faf-8296-0a15c24158f9', 'submitter_id': 'TCGA-BH-A18P'}, {'case_id': '5580b21a-2cdb-4777-ad79-6e06654144f5', 'submitter_id': 'TCGA-E2-A15H'}, {'case_id': '56203436-8634-4fd0-96b5-ba6be9d87857', 'submitter_id': 'TCGA-D8-A1JK'}, {'case_id': '56230e4a-29ca-4f37-a0f9-730dbdfb6fa2', 'submitter_id': 'TCGA-AC-A7VB'}, {'case_id': '8cf54607-01ce-42b0-9bd9-8627edd9f3b7', 'submitter_id': 'TCGA-C8-A130'}, {'case_id': '8d5fe6e8-d2cc-481f-a6a1-9cb6e7982cde', 'submitter_id': 'TCGA-A2-A0EW'}, {'case_id': '8d9b50d1-139b-4447-ae9c-e54764d9e2a7', 'submitter_id': 'TCGA-AC-A6NO'}, {'case_id': '8db69f1d-72e2-40ba-ad8a-cf228499840d', 'submitter_id': 'TCGA-C8-A8HP'}, {'case_id': 'd1fd8ed2-be13-4272-b31e-df86911db3b1', 'submitter_id': 'TCGA-AR-A24P'}, {'case_id': 'd2f2560c-ec80-4fea-9474-c47a2e85ea95', 'submitter_id': 'TCGA-AO-A0J2'}, {'case_id': 'd34471a1-b367-4f8a-b35a-c5901c4f5503', 'submitter_id': 'TCGA-EW-A2FS'}, {'case_id': 'd3a75976-67d3-40fa-9f6f-cf2a3d7b773c', 'submitter_id': 'TCGA-BH-A0B8'}, {'case_id': 'd3b9d925-ae04-4721-8bfc-50b41225bc74', 'submitter_id': 'TCGA-BH-A0E7'}, {'case_id': 'd3d4d709-ab34-4617-aa8c-51a3d0a3efe6', 'submitter_id': 'TCGA-BH-A0DO'}, {'case_id': 'd3d545b3-457f-4389-821f-704cb24aff7f', 'submitter_id': 'TCGA-AR-A256'}, {'case_id': 'd48e9f25-f083-4f88-a92d-c12d9f765ba6', 'submitter_id': 'TCGA-A7-A426'}, {'case_id': 'd4a1ecdc-399c-4f82-aa7a-68a0c82ded3f', 'submitter_id': 'TCGA-E9-A243'}, {'case_id': 'd4e7426c-9739-4585-9114-e564b13c7c02', 'submitter_id': 'TCGA-BH-A1FG'}, {'case_id': 'd5be2ab3-f748-480d-954b-385cf01b4c81', 'submitter_id': 'TCGA-D8-A27N'}, {'case_id': 'd5d8e76e-2f2a-49bc-ba0a-d51283611b16', 'submitter_id': 'TCGA-AO-A0JL'}, {'case_id': 'd5e655fe-3fbc-47b0-ba23-1d1dd01d591c', 'submitter_id': 'TCGA-AC-A8OS'}, {'case_id': 'd5e9a403-88ce-40fc-bb85-80cf3f8ff6bc', 'submitter_id': 'TCGA-D8-A1J9'}, {'case_id': 'd69e59a8-b10b-46f5-b859-b6c178d90506', 'submitter_id': 'TCGA-A7-A0CJ'}, {'case_id': 'd6f911b5-e895-43f8-8f86-0ac2f1bc6fae', 'submitter_id': 'TCGA-BH-A0BJ'}, {'case_id': 'd7308344-5bab-4073-bb4f-4d8cd8d7bd17', 'submitter_id': 'TCGA-E2-A159'}, {'case_id': 'd7808cbc-4b8c-467b-b2c3-f48d05b9ecab', 'submitter_id': 'TCGA-A8-A08Z'}, {'case_id': 'd7cac141-9269-4733-83ce-e1bc0b503254', 'submitter_id': 'TCGA-A8-A096'}, {'case_id': 'd7ce6b79-f7c0-481e-9dbd-6273f01c9786', 'submitter_id': 'TCGA-E2-A14Z'}, {'case_id': 'd8492ebd-3d94-4a4b-8de7-386526691cc2', 'submitter_id': 'TCGA-E2-A1BC'}, {'case_id': 'd8ecba6a-9fff-4993-a799-9a8d2aea524e', 'submitter_id': 'TCGA-E2-A1LH'}, {'case_id': 'd8f8064f-02ef-4fed-942b-714cbe5e8455', 'submitter_id': 'TCGA-LL-A7T0'}, {'case_id': 'd9627184-b972-4e00-8c11-b0b946ac357a', 'submitter_id': 'TCGA-AC-A5XS'}, {'case_id': 'd9a1c06f-7b50-46b0-878e-89e8c31863ae', 'submitter_id': 'TCGA-B6-A400'}, {'case_id': 'd9dc3b59-613d-469e-8b4f-6c5a557eb26a', 'submitter_id': 'TCGA-EW-A3U0'}, {'case_id': 'd9fd2724-7db0-4af3-ac14-217bdfa5203f', 'submitter_id': 'TCGA-AC-A2QJ'}, {'case_id': 'da1c58a7-c6bd-47d9-95c2-8d2ac70e20e4', 'submitter_id': 'TCGA-AR-A0TY'}, {'case_id': 'da286247-e8bb-4941-a2af-2453fe61cd02', 'submitter_id': 'TCGA-EW-A1PG'}, {'case_id': 'da70cf7e-0e61-4c72-b4c5-c408569d11b8', 'submitter_id': 'TCGA-A7-A3J0'}, {'case_id': 'da840a22-8d30-4682-bbd0-8fa87bd40528', 'submitter_id': 'TCGA-E2-A15C'}, {'case_id': 'daf62b56-6dd2-4ab7-adaa-f296bb86a0a5', 'submitter_id': 'TCGA-AR-A1AV'}, {'case_id': 'db3e1ce8-4a05-4bfc-b5ae-13cf789369e1', 'submitter_id': 'TCGA-OL-A6VR'}, {'case_id': 'db4bc6aa-2e7d-4bcb-8519-a455f624d33b', 'submitter_id': 'TCGA-BH-A18Q'}, {'case_id': 'db62d9c7-8343-4771-84fc-146d2e307bb8', 'submitter_id': 'TCGA-AR-A24R'}, {'case_id': 'db8d38ab-cc61-49ee-863d-40060112f2af', 'submitter_id': 'TCGA-A8-A08H'}, {'case_id': 'dba9beec-5e51-48c0-9229-0ee286a02a1a', 'submitter_id': 'TCGA-BH-A0DD'}, {'case_id': 'dbb2da92-99dd-400c-bc05-e87d7273656c', 'submitter_id': 'TCGA-E2-A1B4'}, {'case_id': 'dbf6f981-15cc-40ad-91ac-a66360405fbd', 'submitter_id': 'TCGA-A7-A4SE'}, {'case_id': 'dc11b1c7-1f00-4813-b4b5-ecf776b2eb37', 'submitter_id': 'TCGA-C8-A26Z'}, {'case_id': 'dc15a8ae-991e-421c-bc70-70e94f79dd17', 'submitter_id': 'TCGA-E2-A10E'}, {'case_id': 'dc657ca8-98e8-4ec4-a513-1b848be0e85d', 'submitter_id': 'TCGA-BH-A0HU'}, {'case_id': 'dcb68327-1537-4ca6-81de-3910d0663cb8', 'submitter_id': 'TCGA-C8-A8HR'}, {'case_id': 'dcd5e079-813a-4c1a-b320-0931468d2bbc', 'submitter_id': 'TCGA-D8-A1JF'}, {'case_id': 'dcfd0b1d-5707-44a6-b225-5e8f7cea5ca1', 'submitter_id': 'TCGA-A8-A097'}, {'case_id': 'dd43ffd9-da18-4ad3-abe7-6f443c76a717', 'submitter_id': 'TCGA-GM-A2DC'}, {'case_id': 'dd67408e-46ba-4573-9415-d4814e9f84de', 'submitter_id': 'TCGA-E9-A226'}, {'case_id': 'dd6b64a8-d546-4fd1-bbbd-ac9703791cae', 'submitter_id': 'TCGA-AO-A03T'}, {'case_id': '0b0f9938-ce1e-4814-8821-0132d137eb9e', 'submitter_id': 'TCGA-LD-A7W6'}, {'case_id': '0bc5744c-5fa3-45bb-87d0-70a02068b392', 'submitter_id': 'TCGA-BH-A0DG'}, {'case_id': '0c1023c0-d2ce-4940-8047-7642f1dc3965', 'submitter_id': 'TCGA-BH-A0HB'}, {'case_id': '0c23c380-363c-474d-b64c-b47f612a8225', 'submitter_id': 'TCGA-C8-A1HG'}, {'case_id': '0d03055c-186b-418a-b614-e2035757bc3b', 'submitter_id': 'TCGA-D8-A1JS'}, {'case_id': '0dca98b0-f43e-45b6-9a02-00092c78678c', 'submitter_id': 'TCGA-D8-A27H'}, {'case_id': '0e1d0d46-7a7b-4538-95dd-b9fc20a15aec', 'submitter_id': 'TCGA-E2-A1BD'}, {'case_id': '0ec70e40-07df-461d-8ff9-351240a0d454', 'submitter_id': 'TCGA-A7-A5ZV'}, {'case_id': '6d4860b2-21c6-4b7b-9093-2f32700d0612', 'submitter_id': 'TCGA-OL-A5D8'}, {'case_id': '6dd0dd7b-62ff-4fd1-a99a-b265f1a91dca', 'submitter_id': 'TCGA-BH-A1FN'}, {'case_id': '6ddaee34-46eb-490c-bd13-f0ab963c4322', 'submitter_id': 'TCGA-GM-A3NW'}, {'case_id': '26573441-eedb-4364-966c-e7f803deef19', 'submitter_id': 'TCGA-BH-A0BO'}, {'case_id': '2680da86-c977-4611-b75f-df015283c023', 'submitter_id': 'TCGA-E9-A1R7'}, {'case_id': '271404de-24e8-43f6-806b-fb510c1124c4', 'submitter_id': 'TCGA-B6-A1KN'}, {'case_id': '271e8024-a008-4bf0-9f6e-177f60096b1b', 'submitter_id': 'TCGA-E2-A15G'}, {'case_id': '27b05b15-a44b-45ed-a6e3-e7d1ca488ea9', 'submitter_id': 'TCGA-A8-A09X'}, {'case_id': '27c1c094-690b-4973-8900-a797ad88f98c', 'submitter_id': 'TCGA-D8-A27T'}, {'case_id': '28911b97-42bf-4189-9961-522fc0aeebc6', 'submitter_id': 'TCGA-D8-A1JN'}, {'case_id': '295cf595-4a29-46a3-a0c5-e5f08f947031', 'submitter_id': 'TCGA-A2-A1G6'}, {'case_id': '298d33da-15af-48cb-b30f-eaf54e7baa43', 'submitter_id': 'TCGA-A2-A0YH'}, {'case_id': '29fdc464-f216-4828-b456-829f71436e27', 'submitter_id': 'TCGA-BH-A0HW'}, {'case_id': 'dd96a9c7-899c-47cd-a0f9-b149ed07a5d6', 'submitter_id': 'TCGA-D8-A1JB'}, {'case_id': 'ddcbdac6-9e43-4146-a611-d033125eba14', 'submitter_id': 'TCGA-BH-A208'}, {'case_id': 'dddd8e2f-e540-418a-b02e-698d18a12c14', 'submitter_id': 'TCGA-A7-A26H'}, {'case_id': 'a53dd490-e0ba-419a-90c6-b905e241a8e5', 'submitter_id': 'TCGA-A2-A4S0'}, {'case_id': 'a6cb373a-1604-4e25-bd81-da6c3e4f06ee', 'submitter_id': 'TCGA-AO-A03V'}, {'case_id': 'a6e11b30-3ae8-4dd1-b04c-a730c6a79746', 'submitter_id': 'TCGA-AR-A1AH'}, {'case_id': 'a6e5f869-1182-4f81-b4bb-cf55261c8f3f', 'submitter_id': 'TCGA-D8-A3Z6'}, {'case_id': 'ba39bfbc-5cac-4f6c-b55c-4eee3466ee93', 'submitter_id': 'TCGA-BH-A0DL'}, {'case_id': 'ba80db4e-d899-4da4-ae49-5263d98e1530', 'submitter_id': 'TCGA-A7-A5ZX'}, {'case_id': 'ba89cb4f-cd63-47b1-9550-76fdaff89f2e', 'submitter_id': 'TCGA-A2-A25E'}, {'case_id': 'bac4b268-c781-4408-96d8-43a48fec7418', 'submitter_id': 'TCGA-BH-A2L8'}, {'case_id': 'baf2afc8-f16c-488f-947c-efc9083c6bef', 'submitter_id': 'TCGA-D8-A1JI'}, {'case_id': 'baf5e81f-2322-41ec-9053-b9559a7993bc', 'submitter_id': 'TCGA-AN-A0FT'}, {'case_id': 'bb1de798-0c02-437e-b539-33cb556d3993', 'submitter_id': 'TCGA-EW-A1J3'}, {'case_id': 'bd5374c9-7f36-457f-b66b-7cc7ff64224e', 'submitter_id': 'TCGA-GM-A3NY'}, {'case_id': 'bdd08ec8-8892-4273-8f21-6fde0f23c52d', 'submitter_id': 'TCGA-EW-A423'}, {'case_id': 'be9bf36a-12e1-4386-addf-1686dc8b49de', 'submitter_id': 'TCGA-E2-A153'}, {'case_id': 'becedbfd-b2aa-4dde-b7f4-29e6f59ec32c', 'submitter_id': 'TCGA-E2-A1IK'}, {'case_id': '4d51159f-ab2f-40e3-a363-847c3654431e', 'submitter_id': 'TCGA-C8-A26Y'}, {'case_id': '4da7abaf-ac7a-41c0-8033-5780a398545c', 'submitter_id': 'TCGA-E2-A10A'}, {'case_id': '753d5d49-3b40-4737-9d4c-b1ec29cc2692', 'submitter_id': 'TCGA-GM-A2DM'}, {'case_id': '757df7b0-4774-4493-98bf-999ded9ac86e', 'submitter_id': 'TCGA-A2-A0CY'}, {'case_id': '75b3fe55-1a63-426e-867e-2ef52f54778d', 'submitter_id': 'TCGA-B6-A402'}, {'case_id': '75b5529b-565a-4eba-918a-910b2f441d32', 'submitter_id': 'TCGA-A2-A1G1'}, {'case_id': '75f6e476-233a-409c-a3ef-0240be569813', 'submitter_id': 'TCGA-JL-A3YX'}, {'case_id': '76ace6aa-0505-442c-978a-f889cf2d44bb', 'submitter_id': 'TCGA-BH-A0E9'}, {'case_id': '76bd9bb9-9a8b-4a90-bb7c-eafe76472ee4', 'submitter_id': 'TCGA-OL-A66H'}, {'case_id': '77e25ae8-82ec-4dea-8e62-1176f27e47ba', 'submitter_id': 'TCGA-D8-A3Z5'}, {'case_id': '784de7ac-8424-42eb-83d4-a1bebaa42b97', 'submitter_id': 'TCGA-A1-A0SM'}, {'case_id': '78582fbc-dcc7-48ae-9f95-5271c9bc5b72', 'submitter_id': 'TCGA-AQ-A04L'}, {'case_id': '7861a5f2-8910-4bcb-9c34-f79c5acd6e21', 'submitter_id': 'TCGA-A8-A075'}, {'case_id': '786e8dbe-442e-4551-87b3-b4c333b04dd4', 'submitter_id': 'TCGA-BH-A0WA'}, {'case_id': '78e1da41-127c-4e9c-aaaa-77a0d94c31d0', 'submitter_id': 'TCGA-A8-A08C'}, {'case_id': '790ff5db-b7f3-4946-aaed-305f66b1dd6a', 'submitter_id': 'TCGA-BH-A0AV'}, {'case_id': '796b593f-5886-4a27-bf94-7ea8df325e1a', 'submitter_id': 'TCGA-A2-A0YJ'}, {'case_id': '7aedb46a-48ec-4e0e-8baa-c9ea4c4a7cf1', 'submitter_id': 'TCGA-A2-A25C'}, {'case_id': '7b892055-c59d-4550-8688-ad039790af3d', 'submitter_id': 'TCGA-BH-A1EX'}, {'case_id': '7bcf6d42-eb8f-4aa2-825b-38671d4f9e3a', 'submitter_id': 'TCGA-BH-A0C3'}, {'case_id': '7c2a8440-0206-4039-8474-8d62f6c7de0c', 'submitter_id': 'TCGA-AN-A0AS'}, {'case_id': '7d9d3522-ec3b-4efe-8c8e-c0e675276ef5', 'submitter_id': 'TCGA-BH-A0GY'}, {'case_id': '7dcf550c-90ce-4f63-aecd-0e46897e2a3e', 'submitter_id': 'TCGA-AC-A23H'}, {'case_id': '7e8713bd-0b17-4f09-9696-bc29707d862b', 'submitter_id': 'TCGA-OL-A5RZ'}, {'case_id': '7eb18190-5a41-4637-9783-f81bbde499e4', 'submitter_id': 'TCGA-BH-A1FM'}, {'case_id': '7f0bbba1-9bc3-45db-bdda-eb3319bb15d2', 'submitter_id': 'TCGA-BH-A0DE'}, {'case_id': '42f6f503-4cf6-4a8e-b5fe-b44bccf6b38b', 'submitter_id': 'TCGA-D8-A141'}, {'case_id': '43029932-feb0-4658-97fa-645c1e775009', 'submitter_id': 'TCGA-AR-A1AN'}, {'case_id': '433427a1-bacf-4381-91ba-5fec8a0953f9', 'submitter_id': 'TCGA-BH-A18S'}, {'case_id': '43b3bf47-7313-4dfb-952a-ec0b9d48e16c', 'submitter_id': 'TCGA-OL-A5S0'}, {'case_id': '43c0bec6-6fac-47b1-83cb-200a15a932be', 'submitter_id': 'TCGA-OL-A5RX'}, {'case_id': '43cc074d-b85a-4b0b-8feb-833094ffc565', 'submitter_id': 'TCGA-BH-A6R9'}, {'case_id': '43d5632e-7272-4aad-9496-7f5a99671223', 'submitter_id': 'TCGA-A2-A0T7'}, {'case_id': '441919eb-8c9f-478c-bda3-8de4f8295e8a', 'submitter_id': 'TCGA-C8-A12L'}, {'case_id': '44954053-0b93-4577-a436-42777e442300', 'submitter_id': 'TCGA-B6-A0I9'}, {'case_id': '44bec761-b603-49c0-8634-f6bfe0319bb1', 'submitter_id': 'TCGA-AO-A0JM'}, {'case_id': '45013972-2dfd-4f82-a076-e3e4af1b43b8', 'submitter_id': 'TCGA-UU-A93S'}, {'case_id': '4510295e-8aa7-4ef1-b2b7-91cc902f8200', 'submitter_id': 'TCGA-BH-A1EO'}, {'case_id': '451e1a67-47e6-4738-99d7-fb7771ef61a3', 'submitter_id': 'TCGA-B6-A0RP'}, {'case_id': '56bbd282-b88d-4730-9242-ab97d08dc83a', 'submitter_id': 'TCGA-GM-A2DN'}, {'case_id': '5700c1b3-922a-4401-8ab8-89028908d696', 'submitter_id': 'TCGA-GM-A2DH'}, {'case_id': '57cf380d-ab52-467f-b9ae-740b2f84c820', 'submitter_id': 'TCGA-BH-A42V'}, {'case_id': '58090433-d8d1-4499-a235-810c3e9d5b74', 'submitter_id': 'TCGA-AQ-A54N'}, {'case_id': '58959e88-54e2-4558-9664-2effda7403dc', 'submitter_id': 'TCGA-AO-A0JG'}, {'case_id': '58c56d4b-3f85-4aad-a779-5f9e1791677d', 'submitter_id': 'TCGA-AO-A12G'}, {'case_id': '59be60a3-e0f6-4d63-b98c-574ef92428c4', 'submitter_id': 'TCGA-E2-A15M'}, {'case_id': '59d60247-e549-4326-a672-50b05c13a291', 'submitter_id': 'TCGA-BH-A8G0'}, {'case_id': '5a17dcd9-5ced-4a69-8069-23c7fd0649d1', 'submitter_id': 'TCGA-D8-A13Z'}, {'case_id': '5a53ec47-e63f-44a2-8078-87659544fb04', 'submitter_id': 'TCGA-A2-A4RY'}, {'case_id': '5a57dc25-d252-4b22-b192-4de630d7002f', 'submitter_id': 'TCGA-BH-A0B9'}, {'case_id': '5a5f0f48-2b13-4e78-b130-901b85d9a7f3', 'submitter_id': 'TCGA-C8-A273'}, {'case_id': '5aca16ca-4516-4e27-8249-6914029a7ebf', 'submitter_id': 'TCGA-A2-A0CK'}, {'case_id': '5b9a5cd2-5ec8-48a0-b9f2-da9bede0b089', 'submitter_id': 'TCGA-B6-A0X7'}, {'case_id': '5cd79093-1571-4f71-8136-0d84ccabdcac', 'submitter_id': 'TCGA-WT-AB44'}, {'case_id': '5cdae21d-eee5-478f-932a-0f51fcf5f031', 'submitter_id': 'TCGA-E9-A1RC'}, {'case_id': '5dc1bee9-c44d-4fdc-9ae5-83426c4d6880', 'submitter_id': 'TCGA-AR-A0TQ'}, {'case_id': '5dd423e8-feaa-4568-a750-500948c41d6c', 'submitter_id': 'TCGA-B6-A0I1'}, {'case_id': '5e2cbc56-97f9-4b94-ade2-a3f739bcc7be', 'submitter_id': 'TCGA-EW-A1IW'}, {'case_id': '5e4187c9-98f8-4bdb-a8da-6a914e96f47a', 'submitter_id': 'TCGA-A8-A082'}, {'case_id': '5e670fec-8992-44bf-8657-f7f9a272306b', 'submitter_id': 'TCGA-A2-A0EN'}, {'case_id': '5ea18514-51ad-4844-abea-15e82f0b10c9', 'submitter_id': 'TCGA-E2-A1L9'}, {'case_id': '5f4d16aa-9cc4-4edb-b714-394e2661439a', 'submitter_id': 'TCGA-BH-A8FY'}, {'case_id': '5f5964a8-8e07-4620-98f0-93d162dbc31e', 'submitter_id': 'TCGA-A8-A08O'}, {'case_id': '6f18f96e-c0c9-4cc4-9fb2-cba8949d5402', 'submitter_id': 'TCGA-E2-A9RU'}, {'case_id': '6f4c8d30-47fb-47df-9eb7-4e5881e3711e', 'submitter_id': 'TCGA-AC-A3QP'}, {'case_id': '6f6afd31-b5dd-48ab-b18f-6390ba18a5f0', 'submitter_id': 'TCGA-D8-A1XF'}, {'case_id': '8c51bbcb-7c8d-47ad-9193-70ca157c6900', 'submitter_id': 'TCGA-AR-A251'}, {'case_id': '8c7e74e0-71ef-49b8-9217-94b8ef740ef9', 'submitter_id': 'TCGA-A7-A13E'}, {'case_id': '8cccf160-93e9-48a5-9b8b-54aa50153142', 'submitter_id': 'TCGA-A8-A07P'}, {'case_id': '8cd1ba0b-ead9-4661-a796-6c9dbf1c42cd', 'submitter_id': 'TCGA-AC-A8OR'}, {'case_id': '452672e8-b6d9-45b5-bb02-e88e03e2dd66', 'submitter_id': 'TCGA-A8-A09W'}, {'case_id': '45c3975c-d333-4237-93f7-e12dc2451c38', 'submitter_id': 'TCGA-E2-A56Z'}, {'case_id': '4649dee3-b668-44cd-ab97-3834de3ef8f8', 'submitter_id': 'TCGA-AN-A0XL'}, {'case_id': '478eb8aa-50b8-4ce5-98e4-d518ede4b174', 'submitter_id': 'TCGA-BH-A0DZ'}, {'case_id': '4842bac3-abaa-4900-871f-f2c3ba6457f5', 'submitter_id': 'TCGA-E9-A1R6'}, {'case_id': '48ff0420-0f19-4e9d-a75d-6c54949a461a', 'submitter_id': 'TCGA-B6-A401'}, {'case_id': '491b6364-1223-474f-816f-e248c8c841e2', 'submitter_id': 'TCGA-BH-A0DH'}, {'case_id': '491d5ebb-e9ab-4b17-acb8-630ff9fef0f2', 'submitter_id': 'TCGA-AR-A24X'}, {'case_id': '4922cddc-575c-4b8a-8245-ce5f6876760c', 'submitter_id': 'TCGA-E9-A1R3'}, {'case_id': '4958c36f-1dc7-4f14-9dec-36e14107dbe3', 'submitter_id': 'TCGA-D8-A145'}, {'case_id': '495f9eda-b9be-4eef-bae1-766a4bfbd68e', 'submitter_id': 'TCGA-AO-A12F'}, {'case_id': 'cc510968-fe52-4109-a79f-74f216b48c78', 'submitter_id': 'TCGA-D8-A1XJ'}, {'case_id': 'ccb22ecc-6e18-44b8-ad48-6ab51314b16e', 'submitter_id': 'TCGA-D8-A142'}, {'case_id': 'ccd4a24b-d8cc-4686-9dee-c98b0c5a8d21', 'submitter_id': 'TCGA-A2-A04P'}, {'case_id': 'cd0c96a4-6414-4efb-879b-7408b62ed5b6', 'submitter_id': 'TCGA-A2-A1FV'}, {'case_id': 'cd3faa15-743c-476f-ab0d-f205b14126b6', 'submitter_id': 'TCGA-B6-A0RV'}, {'case_id': 'cd781589-3820-45a2-906b-8d60cd02f3ef', 'submitter_id': 'TCGA-D8-A1JT'}, {'case_id': 'cd7fb75e-1c2e-4201-86d3-b3ba21f476bf', 'submitter_id': 'TCGA-OK-A5Q2'}, {'case_id': 'cdab777e-62de-4d51-92af-b6eb089c111f', 'submitter_id': 'TCGA-D8-A1X7'}, {'case_id': 'cdd8c046-fd97-482a-a11f-2217b321c4d1', 'submitter_id': 'TCGA-E2-A570'}, {'case_id': 'ce887e90-0660-4f44-a3a4-b3b894cb7eda', 'submitter_id': 'TCGA-C8-A275'}, {'case_id': 'ce9e0309-9756-42d2-ae94-d91264a79498', 'submitter_id': 'TCGA-E2-A1LA'}, {'case_id': 'cea9d8f9-e18c-4947-a461-5f712e3c1e6d', 'submitter_id': 'TCGA-E9-A229'}, {'case_id': 'ced2c048-b047-43ff-b0e7-cd7ad480850c', 'submitter_id': 'TCGA-D8-A1Y0'}, {'case_id': 'cf0a3f38-5850-44e1-8574-808bd37d84a3', 'submitter_id': 'TCGA-E9-A22D'}, {'case_id': 'cf9db1af-17f0-490e-8139-142bd704763a', 'submitter_id': 'TCGA-A8-A07O'}, {'case_id': 'cffe832c-8a81-4cdb-8b25-df7f35afafdc', 'submitter_id': 'TCGA-S3-AA0Z'}, {'case_id': 'd071c16b-7cee-45ed-8ec9-612418143815', 'submitter_id': 'TCGA-A2-A0CS'}, {'case_id': 'dfe6db17-cf45-488e-bd3c-b8433d7343ca', 'submitter_id': 'TCGA-AR-A0TU'}, {'case_id': 'e0375a8b-a135-4103-a59d-39063fcf4a6f', 'submitter_id': 'TCGA-BH-A0HI'}, {'case_id': 'e0929c47-cff3-4518-a188-8764af01073a', 'submitter_id': 'TCGA-E2-A14T'}, {'case_id': 'e0b1bcd2-1139-44b9-98b3-67bcf92bcc39', 'submitter_id': 'TCGA-E2-A1B6'}, {'case_id': 'e1119732-3e97-4259-bc69-dc4269d9496d', 'submitter_id': 'TCGA-BH-A0C7'}, {'case_id': 'e112b452-8850-4353-bfed-0dbdc243290b', 'submitter_id': 'TCGA-AN-A0FW'}, {'case_id': 'e1786e78-ac46-46fd-8ce0-8f7456e46082', 'submitter_id': 'TCGA-LL-A8F5'}, {'case_id': '8e159b50-8136-42d4-b9c7-d579a74e4931', 'submitter_id': 'TCGA-E2-A10F'}, {'case_id': '8f34cb4c-5798-47a0-89a1-f0ee26a8ae93', 'submitter_id': 'TCGA-A2-A0YK'}, {'case_id': '8f912a40-3251-4e1f-ae65-1f93d71f9881', 'submitter_id': 'TCGA-EW-A1OZ'}, {'case_id': '8f9ad301-6699-4078-a80d-886e40894af7', 'submitter_id': 'TCGA-A7-A3J1'}, {'case_id': '9087585f-e792-4f33-baaa-56ffe0f745be', 'submitter_id': 'TCGA-PL-A8LZ'}, {'case_id': '910655da-2c12-4572-96b7-ded616e69b4b', 'submitter_id': 'TCGA-MS-A51U'}, {'case_id': '91a2f2af-e4b1-4a0b-ab20-6a36ce63c533', 'submitter_id': 'TCGA-E2-A1LS'}, {'case_id': '91da548b-5c64-49c3-a44a-1ef115f53311', 'submitter_id': 'TCGA-LL-A50Y'}, {'case_id': '92529232-8504-4541-b7e2-4df8f497c413', 'submitter_id': 'TCGA-D8-A1XM'}, {'case_id': '92654f8d-5137-4ffd-aaa3-5ae38eb88226', 'submitter_id': 'TCGA-A7-A2KD'}, {'case_id': '929acc67-b8bf-4f65-9110-380e44ab66b7', 'submitter_id': 'TCGA-S3-AA14'}, {'case_id': '92b842c5-f71b-4ef7-ba86-358d28e0966f', 'submitter_id': 'TCGA-LL-A6FQ'}, {'case_id': '93ed6066-b567-4e1c-ab81-23370f9d3452', 'submitter_id': 'TCGA-BH-A0AY'}, {'case_id': '9416ff9b-6f29-4554-b04d-b537a3ae3969', 'submitter_id': 'TCGA-B6-A0RS'}, {'case_id': '9434687a-197c-4959-b6b8-9c05f1dd7f53', 'submitter_id': 'TCGA-B6-A3ZX'}, {'case_id': '9495f029-9882-4c9b-a557-b3aec9e91698', 'submitter_id': 'TCGA-AR-A1AP'}, {'case_id': '94b03e1d-50ec-4680-bffd-7086d1536ff2', 'submitter_id': 'TCGA-AR-A1AK'}, {'case_id': '94b95984-b2fb-4e42-8887-45e7086c3179', 'submitter_id': 'TCGA-E9-A1RB'}, {'case_id': '9536bec0-dae0-4d63-a1b3-956741835243', 'submitter_id': 'TCGA-AO-A0J7'}, {'case_id': '95873e61-afdb-496c-9f77-3f9beb008cda', 'submitter_id': 'TCGA-E9-A3X8'}, {'case_id': '959ff069-8a49-4c9b-85c2-5291cac0acff', 'submitter_id': 'TCGA-C8-A3M7'}, {'case_id': '95c53f69-0f05-4348-822a-571f3d757001', 'submitter_id': 'TCGA-A2-A0T0'}, {'case_id': '95cef916-5545-455b-920c-773a54fc7676', 'submitter_id': 'TCGA-AC-A3QQ'}, {'case_id': '95e949d3-b1f3-46c6-9451-8fe92c99e4cf', 'submitter_id': 'TCGA-AN-A0XS'}, {'case_id': '96312510-c126-485d-8109-ed81844a1dc3', 'submitter_id': 'TCGA-AN-A0G0'}, {'case_id': '9646160a-f1f9-437b-8c7d-efb0b57bfb97', 'submitter_id': 'TCGA-AN-A0AJ'}, {'case_id': '96b9c7db-1be1-4b60-b47c-26b654c3d64c', 'submitter_id': 'TCGA-BH-A0DV'}, {'case_id': '96e1fc6d-693f-4f4f-b5f7-8d6e1c6c43f8', 'submitter_id': 'TCGA-OL-A66J'}, {'case_id': '96f02be7-f2df-483c-8968-a5bd2d887206', 'submitter_id': 'TCGA-D8-A73U'}, {'case_id': '97677fd7-8523-48c5-a8ce-614fd4010551', 'submitter_id': 'TCGA-AC-A5XU'}, {'case_id': '97862b8e-9f76-4b19-a865-156a9c00fb1e', 'submitter_id': 'TCGA-EW-A6SC'}, {'case_id': '97943d87-fed7-4f14-a0a7-c5bfee64c392', 'submitter_id': 'TCGA-D8-A1XK'}, {'case_id': '332423a7-8866-4ee3-b08f-3c8d7c16af80', 'submitter_id': 'TCGA-A2-A0CU'}, {'case_id': '33919e92-4ea9-47e5-a6f4-36e51845d50f', 'submitter_id': 'TCGA-A8-A09N'}, {'case_id': '33cea538-4c3f-470a-972d-257c43241ab4', 'submitter_id': 'TCGA-C8-A135'}, {'case_id': '34a74805-300c-4773-ab59-2085fcc2e6cc', 'submitter_id': 'TCGA-D8-A1X9'}, {'case_id': '34ab0cb8-bf19-4cbb-b4eb-3c45ee5aa60b', 'submitter_id': 'TCGA-B6-A0IG'}, {'case_id': '35bd694d-1dd2-466f-ab27-03320614b40e', 'submitter_id': 'TCGA-OL-A66I'}, {'case_id': '35ca5e2a-861a-4dd2-a4ce-d294cf080da3', 'submitter_id': 'TCGA-AQ-A54O'}, {'case_id': '360d1d6d-cf3e-4c78-b36f-ef5e3160aa6b', 'submitter_id': 'TCGA-BH-A0AU'}, {'case_id': '36220587-1c1c-4f92-b177-3b2155e7e273', 'submitter_id': 'TCGA-AR-A1AU'}, {'case_id': '36449392-de76-4ee9-bc09-627a07e18727', 'submitter_id': 'TCGA-A8-A09D'}, {'case_id': '36d77496-99f8-4911-ba7c-89fae32662aa', 'submitter_id': 'TCGA-A2-A0T5'}, {'case_id': '36fe6152-f61e-4948-9ccc-23ac01a9d77d', 'submitter_id': 'TCGA-AO-A0JE'}, {'case_id': '376ffe63-efd7-42af-90e1-261255b28bb7', 'submitter_id': 'TCGA-AR-A2LH'}, {'case_id': '378778d2-b331-4867-a93b-c64028c8b4c7', 'submitter_id': 'TCGA-A2-A0CT'}, {'case_id': '3886b4fb-ba22-4a50-b11a-a6893951f170', 'submitter_id': 'TCGA-D8-A1XQ'}, {'case_id': '38a4e9bd-93e9-432d-a756-3b1055b823bd', 'submitter_id': 'TCGA-LD-A74U'}, {'case_id': '38a631a1-6875-4216-a335-ee93c90a86d6', 'submitter_id': 'TCGA-D8-A1Y1'}, {'case_id': '38a8b734-9acc-42f9-b5b7-e51b0dfc6504', 'submitter_id': 'TCGA-A8-A092'}, {'case_id': '38dc3e09-0b0e-4a29-b318-cc0352013dae', 'submitter_id': 'TCGA-LD-A66U'}, {'case_id': '3927f736-3b5c-48c8-9d9e-83669ec44770', 'submitter_id': 'TCGA-A8-A09G'}, {'case_id': '398fb71b-ca83-44e7-bf0d-b1ca464b0283', 'submitter_id': 'TCGA-OL-A6VO'}, {'case_id': '39cde586-df95-435f-b9a6-73b0c0ee5e92', 'submitter_id': 'TCGA-AO-A0J3'}, {'case_id': '3aaabc62-f5a4-4025-9b29-5adf82c86c84', 'submitter_id': 'TCGA-AO-A1KP'}, {'case_id': '5fc7ff35-d3f7-4687-8759-3542bd58e988', 'submitter_id': 'TCGA-EW-A1OX'}, {'case_id': '5fd9552a-c742-4388-940d-295d1107ae00', 'submitter_id': 'TCGA-AR-A1AY'}, {'case_id': '5fe3c51f-65e2-4da6-8924-a6fae17c022d', 'submitter_id': 'TCGA-E9-A1RD'}, {'case_id': '5ff12cbe-a3e0-4ce6-8452-12b984a1baaf', 'submitter_id': 'TCGA-EW-A1IY'}, {'case_id': '6014a582-d22e-46e1-9000-c8e2fbad7acf', 'submitter_id': 'TCGA-AR-A254'}, {'case_id': '6020d1b4-ee20-4cc9-82a3-340b5e3122f1', 'submitter_id': 'TCGA-D8-A27L'}, {'case_id': '606fbc6a-b41b-441d-9401-51e54912bf5e', 'submitter_id': 'TCGA-BH-A0E1'}, {'case_id': '60df7543-6da5-4c75-943b-5800c1e08234', 'submitter_id': 'TCGA-E2-A14X'}, {'case_id': '61204cdf-3b1c-44a1-bda6-0fef1ac4a333', 'submitter_id': 'TCGA-HN-A2OB'}, {'case_id': '623befd6-0ca4-4a6c-9cf5-d9385c3b718f', 'submitter_id': 'TCGA-AR-A1AO'}, {'case_id': '626b4ff0-2188-4a14-aac8-6703c624917f', 'submitter_id': 'TCGA-A8-A09M'}, {'case_id': '62d70067-ff77-4f95-8b69-f537abaf74ce', 'submitter_id': 'TCGA-D8-A1J8'}, {'case_id': '6397d7bc-9cb1-4a84-81ad-76954e0a8cee', 'submitter_id': 'TCGA-GM-A4E0'}, {'case_id': '6412854a-f874-469e-9d1f-8bd3ae5bd41d', 'submitter_id': 'TCGA-A8-A08R'}, {'case_id': '6429c443-8ac3-407f-bb9c-66420b904bbf', 'submitter_id': 'TCGA-E2-A573'}, {'case_id': '6439621e-da61-4723-91cc-c5d87d0a4abc', 'submitter_id': 'TCGA-AR-A0TV'}, {'case_id': '3ecb0147-276d-486c-9af0-ce437c24ba83', 'submitter_id': 'TCGA-BH-A0BR'}, {'case_id': '3efa245d-177d-4ef9-94f7-f554c54e345e', 'submitter_id': 'TCGA-A8-A0A1'}, {'case_id': '408cb583-6dc3-4698-8bd2-e284042bd5ef', 'submitter_id': 'TCGA-E9-A1RH'}, {'case_id': '417dea5f-f68e-4dab-940e-43ae8c67e5e6', 'submitter_id': 'TCGA-BH-A1EV'}, {'case_id': '418c11e8-2670-48d5-bbf5-95b46bff1201', 'submitter_id': 'TCGA-A2-A4S3'}, {'case_id': '4229e432-6ac5-49d2-b58a-e8713ddb79bd', 'submitter_id': 'TCGA-AR-A2LQ'}, {'case_id': '42621dfa-abfd-4c7d-8bc5-a02a09d1c2b4', 'submitter_id': 'TCGA-C8-A12Z'}, {'case_id': 'b8b6cebc-26dc-43ae-a94a-20da6018f7ae', 'submitter_id': 'TCGA-C8-A133'}, {'case_id': 'b956df1b-bc77-4bdb-a5bd-5dda7b4c8da7', 'submitter_id': 'TCGA-E9-A22B'}, {'case_id': 'b95eef8a-205f-4cf8-9d3c-ae51d406e1e0', 'submitter_id': 'TCGA-E9-A228'}, {'case_id': 'b97bf89a-7a85-4eef-ae7e-f787aead1f0a', 'submitter_id': 'TCGA-BH-A1FC'}, {'case_id': '97b5f490-1cd9-4833-b903-5f4c6e45670d', 'submitter_id': 'TCGA-C8-A12U'}, {'case_id': '9848307d-1bd5-40c1-b655-a33297aaf74f', 'submitter_id': 'TCGA-AR-A1AI'}, {'case_id': '9857be0c-aeca-4a43-90b1-0535bd08e086', 'submitter_id': 'TCGA-B6-A2IU'}, {'case_id': '98e0b4de-52fc-4945-9bf5-11e29368f939', 'submitter_id': 'TCGA-AR-A1AQ'}, {'case_id': '98e709e7-e195-4b37-9537-f6081affb609', 'submitter_id': 'TCGA-A7-A6VW'}, {'case_id': '991e1427-3c01-423d-abfd-4584302ca72c', 'submitter_id': 'TCGA-A2-A0SW'}, {'case_id': '993103b1-e5a1-4c33-8629-be53ebc41d64', 'submitter_id': 'TCGA-A8-A094'}, {'case_id': '9938ce5c-e74e-446e-a932-f096f85cc3b1', 'submitter_id': 'TCGA-AQ-A04J'}, {'case_id': '994ca1f5-ad10-44ec-aa21-71fc2940653b', 'submitter_id': 'TCGA-E9-A1N9'}, {'case_id': '995fdab7-7284-4d33-befa-ec22aa7c6479', 'submitter_id': 'TCGA-A8-A0A7'}, {'case_id': 'b7f74ae1-6f58-447c-be50-a7666eb19d9a', 'submitter_id': 'TCGA-AO-A1KR'}, {'case_id': 'b8a44fdf-9cb9-4123-9ab0-4bc198921fee', 'submitter_id': 'TCGA-OL-A5RU'}, {'case_id': 'b8a615f9-d19b-4b09-8ec8-0674e5c648cd', 'submitter_id': 'TCGA-C8-A12N'}, {'case_id': 'b8aefc48-4a6e-4254-a57f-5f688399b582', 'submitter_id': 'TCGA-LL-A5YO'}, {'case_id': '7fe4670d-4626-459d-869b-ab15f478c6a7', 'submitter_id': 'TCGA-A8-A08A'}, {'case_id': '80419545-4e5d-4baf-8948-f84589b5ef3e', 'submitter_id': 'TCGA-D8-A4Z1'}, {'case_id': '805bfe39-3695-43c2-93e4-d66d0559b89f', 'submitter_id': 'TCGA-A2-A1FZ'}, {'case_id': '807b62ed-d3f7-4211-83be-754386ff2c96', 'submitter_id': 'TCGA-E9-A3HO'}, {'case_id': '8183f0fb-2303-4d7b-bccd-55e5031fc7df', 'submitter_id': 'TCGA-AC-A6IW'}, {'case_id': '81b70c58-4a12-448c-a594-2ade44f6a0ae', 'submitter_id': 'TCGA-AC-A3TN'}, {'case_id': '81e32f39-3aa0-468b-87ed-dd2eb6165ddf', 'submitter_id': 'TCGA-EW-A1P0'}, {'case_id': '81e7a3d3-be70-4834-8018-4d2cc077a4e6', 'submitter_id': 'TCGA-A8-A09Z'}, {'case_id': 'f801aeed-dc43-49d7-a319-84c8851979d9', 'submitter_id': 'TCGA-E2-A10B'}, {'case_id': 'f81ac8a2-4ce6-439e-b027-1c0bfc88ceaa', 'submitter_id': 'TCGA-OL-A66P'}, {'case_id': 'f83b866b-0b2e-4bba-9367-be6dccf56232', 'submitter_id': 'TCGA-E2-A2P6'}, {'case_id': 'f89588e9-ca73-4465-a7fb-7246edb45e3a', 'submitter_id': 'TCGA-XX-A899'}, {'case_id': 'f954de05-1b44-4087-8933-6cc72d81028d', 'submitter_id': 'TCGA-E9-A1N5'}, {'case_id': 'f9eb88f7-9293-46bf-ace4-a746e4ff80dc', 'submitter_id': 'TCGA-A8-A086'}, {'case_id': 'fac173a8-1613-4bd4-87ba-83a2cfe8a37d', 'submitter_id': 'TCGA-AC-A3EH'}, {'case_id': 'fb356957-f620-4d99-b675-1355a1d9f932', 'submitter_id': 'TCGA-E2-A14O'}, {'case_id': 'fb3607eb-858e-4ecd-8477-95140658c6d2', 'submitter_id': 'TCGA-E9-A249'}, {'case_id': 'fb57c598-b45b-478a-9d34-ca1f050d5b7c', 'submitter_id': 'TCGA-BH-A0DS'}, {'case_id': 'fbee40f1-d6d8-4156-8d42-36e09bb9f095', 'submitter_id': 'TCGA-S3-A6ZF'}, {'case_id': 'fc18d029-9be2-4fa0-9aef-6d647dc55f0b', 'submitter_id': 'TCGA-D8-A147'}, {'case_id': 'fcef8cb5-fb2c-4bfb-82cd-6b9f3145182c', 'submitter_id': 'TCGA-BH-A0HP'}, {'case_id': 'fd0b1b8b-1a76-480a-b61c-d176e4e02c6b', 'submitter_id': 'TCGA-B6-A40C'}, {'case_id': 'fe15c48b-116d-461e-9b40-68514730fd18', 'submitter_id': 'TCGA-A2-A0CP'}, {'case_id': 'fe2cd610-aa52-4789-ac62-7683281bb22f', 'submitter_id': 'TCGA-PL-A8LX'}, {'case_id': 'fe7f74b8-20f4-4471-91dc-4cca8c68e5c0', 'submitter_id': 'TCGA-A2-A3XZ'}, {'case_id': 'fec0da58-1047-44d2-b6d1-c18cceed43dc', 'submitter_id': 'TCGA-E9-A295'}, {'case_id': 'ff0f875f-113a-4c0f-8c0a-4259cd496e6d', 'submitter_id': 'TCGA-C8-A26W'}, {'case_id': 'bef7b135-a727-45e8-850a-cc4cd56c49aa', 'submitter_id': 'TCGA-AO-A0JJ'}, {'case_id': 'bf3b1481-ae31-4406-b084-b6cc1d7163e3', 'submitter_id': 'TCGA-BH-A1FR'}, {'case_id': 'bfd49783-1767-469b-9d79-7822301c5efc', 'submitter_id': 'TCGA-BH-A18F'}, {'case_id': 'bfd55808-dddd-44c3-97d7-41600497b992', 'submitter_id': 'TCGA-B6-A0RI'}, {'case_id': 'c0427237-b476-4af4-b664-7bd479922ea5', 'submitter_id': 'TCGA-A2-A0EU'}, {'case_id': 'e783e518-c1e5-4eac-8eaf-e2d65ccd9692', 'submitter_id': 'TCGA-S3-AA15'}, {'case_id': '8218119a-f68b-4ea7-9ee4-5e2edc2ae342', 'submitter_id': 'TCGA-E9-A245'}, {'case_id': '82ec33dd-e783-4c74-9a87-797a699e11df', 'submitter_id': 'TCGA-AQ-A1H3'}, {'case_id': '8332806e-f547-4aae-89af-6d5bec831fd2', 'submitter_id': 'TCGA-BH-A0HO'}, {'case_id': '83f26720-007c-42c9-a7de-7484bf8afa89', 'submitter_id': 'TCGA-C8-A12O'}, {'case_id': '83f943c7-3975-4b4f-985d-9c057741793b', 'submitter_id': 'TCGA-AQ-A04H'}, {'case_id': '843c8f16-5e59-40d4-9ecc-8a75375156f6', 'submitter_id': 'TCGA-A2-A4S1'}, {'case_id': '844ad251-3ee4-42f6-ad00-59a7a1670eea', 'submitter_id': 'TCGA-BH-A0HY'}, {'case_id': '848773a3-2f4a-4186-ab3f-de667129accf', 'submitter_id': 'TCGA-EW-A1PF'}, {'case_id': '84a88e8d-1e65-4b88-aae6-bf4c7a7e4c33', 'submitter_id': 'TCGA-A2-A0YE'}, {'case_id': '8539e15f-ba40-4219-aaeb-08d0ab101311', 'submitter_id': 'TCGA-B6-A40B'}, {'case_id': '8577ffcb-242e-40e2-98d4-2831d952be34', 'submitter_id': 'TCGA-AO-A125'}, {'case_id': '2dc1cec9-925a-417f-9e21-3c2143e711b4', 'submitter_id': 'TCGA-BH-A42U'}, {'case_id': '2e1e3bf0-1708-4b65-936c-48b89eb8966a', 'submitter_id': 'TCGA-AN-A049'}, {'case_id': '2e243f0e-9d7d-4cb0-9678-70607f90430a', 'submitter_id': 'TCGA-A7-A13H'}, {'case_id': '316e021c-5175-4ab3-bdb6-2bf9683f657a', 'submitter_id': 'TCGA-AN-A041'}, {'case_id': '31c31cce-1b4d-4f12-922f-84f389403170', 'submitter_id': 'TCGA-A8-A079'}, {'case_id': '324bcba2-f6a4-45a6-807c-215bdffcca21', 'submitter_id': 'TCGA-A2-A0D0'}, {'case_id': '327a2395-85c8-42e1-9638-8e037a1723ed', 'submitter_id': 'TCGA-BH-A0BC'}, {'case_id': '328dfcb0-b5ae-43f2-bc87-dad0ab3df9e7', 'submitter_id': 'TCGA-B6-A0I2'}, {'case_id': '32bc7cc4-d185-4594-bbee-4b96410be512', 'submitter_id': 'TCGA-A8-A08T'}, {'case_id': '32efa6e8-6b19-480a-9d04-ace02e93318a', 'submitter_id': 'TCGA-A2-A0CW'}, {'case_id': '49717f75-0f2d-4e1c-9a12-f1cd7877b80a', 'submitter_id': 'TCGA-AN-A04D'}, {'case_id': '49a2fd48-744d-4d88-b9b4-8c778d4f48fd', 'submitter_id': 'TCGA-S3-AA17'}, {'case_id': '49dc3e68-6206-4f16-969f-a758cc7be8ed', 'submitter_id': 'TCGA-BH-A0BA'}, {'case_id': '4a16429b-884f-4c95-8683-feeedf0d6a55', 'submitter_id': 'TCGA-A2-A0D3'}, {'case_id': '4a831893-f4ca-4357-a756-b5e954e35dd7', 'submitter_id': 'TCGA-E9-A2JS'}, {'case_id': '4ac693e9-10f3-46b3-9d46-df3af7b0d259', 'submitter_id': 'TCGA-E2-A150'}, {'case_id': '4b0d295c-e185-4b52-9752-178e5bc1d47d', 'submitter_id': 'TCGA-A8-A0A6'}, {'case_id': '4b4e4ea8-6eb9-49ad-b880-c5065fe6517f', 'submitter_id': 'TCGA-E9-A1RA'}, {'case_id': '4b620966-b4c7-4615-bf58-ca9d3226b9bd', 'submitter_id': 'TCGA-A1-A0SF'}, {'case_id': '4c313e5b-4dc3-408e-8e92-22427f74743e', 'submitter_id': 'TCGA-AC-A3W5'}, {'case_id': '4cfef7f9-f1ee-401c-a2a3-c225d4adc3b6', 'submitter_id': 'TCGA-EW-A1PA'}, {'case_id': '8986a141-eae7-4157-b695-02cc6fc3b071', 'submitter_id': 'TCGA-BH-A1ET'}, {'case_id': '89a8da07-4487-47c6-8d3c-442a87e4f632', 'submitter_id': 'TCGA-E9-A227'}, {'case_id': '89c128b9-1c6b-4c04-a4af-7066772e783c', 'submitter_id': 'TCGA-PE-A5DE'}, {'case_id': '89e867de-d30e-4bfc-a453-0a76309dabd5', 'submitter_id': 'TCGA-C8-A132'}, {'case_id': '8ace3b8c-f23e-48a9-a137-9e046bd9549b', 'submitter_id': 'TCGA-BH-A0E2'}, {'case_id': '8b525ec6-d24b-49d4-bfcb-b354de4dae7c', 'submitter_id': 'TCGA-C8-A1HM'}, {'case_id': '8bd68696-5eeb-46d7-9dc6-c39c849029a4', 'submitter_id': 'TCGA-A8-A08L'}, {'case_id': '8c09f413-e938-4f2e-a414-84f0e7fcfe41', 'submitter_id': 'TCGA-A7-A4SD'}, {'case_id': '2e82e576-3095-4aee-9853-65f676647c34', 'submitter_id': 'TCGA-AO-A03R'}, {'case_id': '2e8e70f2-c781-44c2-8f12-1f8c2f536aa3', 'submitter_id': 'TCGA-AN-A0FV'}, {'case_id': '2f4cbedf-ed7e-45a2-bf34-f1d1e696bdde', 'submitter_id': 'TCGA-AN-A0FK'}, {'case_id': '2fd36838-5a83-433e-ac80-b1f77448e5aa', 'submitter_id': 'TCGA-5T-A9QA'}, {'case_id': '2fdfd287-d13c-4910-9788-73987d45908a', 'submitter_id': 'TCGA-A2-A0EM'}, {'case_id': '2fe854b4-bac9-4801-9a1c-ee99388e8082', 'submitter_id': 'TCGA-AO-A12D'}, {'case_id': '30047d32-0833-4aca-98d1-3b9ab7122863', 'submitter_id': 'TCGA-AR-A24N'}, {'case_id': '303a1d77-a37a-4966-a4a4-9981d99ba1b4', 'submitter_id': 'TCGA-E2-A14Q'}, {'case_id': '31427699-e27a-4035-8925-6d8d6900d097', 'submitter_id': 'TCGA-E2-A3DX'}, {'case_id': '1b4cfad1-e353-4411-97b6-2b7b9309e95e', 'submitter_id': 'TCGA-AC-A3W6'}, {'case_id': '1b703058-e596-45bc-80fe-8b98d545c2e2', 'submitter_id': 'TCGA-AR-A2LK'}, {'case_id': '1be375fe-5ae5-4e75-a729-69f86a661d9a', 'submitter_id': 'TCGA-D8-A73X'}, {'case_id': '1c3610f7-e0aa-48d7-9a27-0dbaf6e244f9', 'submitter_id': 'TCGA-A2-A04U'}, {'case_id': '4e42fdc5-2a8b-49e9-87ef-6db7a6692d08', 'submitter_id': 'TCGA-B6-A0X4'}, {'case_id': '4e509f73-99c7-48eb-a3a4-d34e3bface33', 'submitter_id': 'TCGA-OL-A5DA'}, {'case_id': '4f321d41-3255-46a4-ae0d-1cf39699e624', 'submitter_id': 'TCGA-LQ-A4E4'}, {'case_id': 'a8f5c479-8685-4e2d-bb60-63f1cc651083', 'submitter_id': 'TCGA-A7-A425'}, {'case_id': '241fffc8-4250-4cfa-b2e7-e68c33ae07dc', 'submitter_id': 'TCGA-AR-A24U'}, {'case_id': '24334ac1-28a3-4b61-b590-3f51e375b247', 'submitter_id': 'TCGA-BH-A0HK'}, {'case_id': '24e39609-9645-43e5-960b-db5446eaea65', 'submitter_id': 'TCGA-E2-A154'}, {'case_id': 'cab38ea8-4555-413c-b81e-4621aac4ef85', 'submitter_id': 'TCGA-BH-A0H5'}, {'case_id': 'cb0a2055-2168-4454-8755-47dd613db36f', 'submitter_id': 'TCGA-A8-A09R'}, {'case_id': 'cc074b7f-d3b2-4880-902e-bf10e667b665', 'submitter_id': 'TCGA-BH-A18J'}, {'case_id': 'cc0902fd-a2fc-4327-929e-d4219e32e1d7', 'submitter_id': 'TCGA-AO-A126'}, {'case_id': 'cc348a26-ee11-47a4-8b51-de922967e175', 'submitter_id': 'TCGA-A8-A09V'}, {'case_id': '8624354c-af25-423c-9c71-48a5dd821097', 'submitter_id': 'TCGA-D8-A1X8'}, {'case_id': '86b7b206-8e69-432d-acc9-bccce710955e', 'submitter_id': 'TCGA-AO-A0JA'}, {'case_id': '86c6f993-327f-4525-9983-29c55625593a', 'submitter_id': 'TCGA-5L-AAT0'}, {'case_id': '86cf879e-3b40-44dd-aaa7-6f49f54a15d9', 'submitter_id': 'TCGA-AC-A3YJ'}, {'case_id': '87281a89-91d2-44f7-9f80-668567ad5c72', 'submitter_id': 'TCGA-EW-A1J6'}, {'case_id': '8744733a-7b46-43aa-bdef-64876816adbb', 'submitter_id': 'TCGA-E9-A1RG'}, {'case_id': '8785012f-f73e-4d68-87cf-1d804af32782', 'submitter_id': 'TCGA-A7-A13D'}, {'case_id': '878f975b-94fd-4d69-b7e7-1ed3ac2ee438', 'submitter_id': 'TCGA-BH-A18H'}, {'case_id': 'e4fc0909-f284-4471-866d-d8967b6adcbc', 'submitter_id': 'TCGA-E2-A14P'}, {'case_id': 'e5aae05a-478e-4a55-a27c-12b2b4be302a', 'submitter_id': 'TCGA-AN-A04A'}, {'case_id': 'e7a00d67-2c26-4d1f-bd17-35f659e88bc1', 'submitter_id': 'TCGA-BH-A202'}, {'case_id': 'e7db08a7-b439-4230-8dc4-1b54af4736c4', 'submitter_id': 'TCGA-WT-AB41'}, {'case_id': 'e828455d-4680-41b2-8a1c-1582e3790d62', 'submitter_id': 'TCGA-BH-A0RX'}, {'case_id': 'e89a9deb-6321-4e61-b412-b4993d4277dd', 'submitter_id': 'TCGA-A8-A07L'}, {'case_id': '2585edbd-3488-4100-a4ab-a161252a31ee', 'submitter_id': 'TCGA-D8-A140'}, {'case_id': '3af31fcf-ad0c-4fd9-a8e3-10f9176b5e9d', 'submitter_id': 'TCGA-AR-A5QQ'}, {'case_id': '3b01d064-8c00-4972-9f07-407eac8e7534', 'submitter_id': 'TCGA-BH-A0HX'}, {'case_id': '3b1f7e48-216d-47de-ba79-db350f52bff0', 'submitter_id': 'TCGA-C8-A27A'}, {'case_id': '3b963d72-ba5c-467b-83c9-fbdb462510a3', 'submitter_id': 'TCGA-A2-A25D'}, {'case_id': '3bf81a9f-abb4-4495-a514-fd3865e13a03', 'submitter_id': 'TCGA-BH-A201'}, {'case_id': '3c08aabd-d5b5-4bbe-857c-38a7527b2163', 'submitter_id': 'TCGA-A8-A085'}, {'case_id': '3c275152-d04b-440c-9621-2fc05ea977b6', 'submitter_id': 'TCGA-AR-A5QP'}, {'case_id': '3c612e12-6de8-44fa-a095-805c45474821', 'submitter_id': 'TCGA-BH-A0W3'}, {'case_id': '3cb06c7a-f2a8-448b-91a8-dd201bbf2ddd', 'submitter_id': 'TCGA-AR-A24V'}, {'case_id': '3d676bba-154b-4d22-ab59-d4d4da051b94', 'submitter_id': 'TCGA-E9-A1NE'}, {'case_id': 'dfaabd03-2d40-4422-b210-caf112ff4229', 'submitter_id': 'TCGA-AC-A8OQ'}, {'case_id': 'dfd0b7ba-c7d3-498e-b455-346301865452', 'submitter_id': 'TCGA-AC-A23C'}, {'case_id': 'abdc76db-f85e-4337-a57e-6d098789da03', 'submitter_id': 'TCGA-C8-A12P'}, {'case_id': 'ac075bc0-1b59-4557-beea-541694faee03', 'submitter_id': 'TCGA-E9-A1N8'}, {'case_id': 'ac18b3a3-8d52-4e35-8625-673171a7fd92', 'submitter_id': 'TCGA-AN-A0XV'}, {'case_id': 'ac68d219-5670-4ddd-8df6-8aa7ad59e5c7', 'submitter_id': 'TCGA-EW-A1OV'}, {'case_id': 'ac6d3ba9-f84f-4657-aa85-4d66fb7c09da', 'submitter_id': 'TCGA-A2-A1FX'}, {'case_id': 'ad0fa961-c085-4f38-b3db-5fc0cbf6b64f', 'submitter_id': 'TCGA-AR-A2LO'}, {'case_id': 'ad6d26ab-6568-40db-bfb0-394d40e801cf', 'submitter_id': 'TCGA-D8-A27V'}, {'case_id': 'ae65baeb-6b78-492a-8c63-bb7e93e83dc2', 'submitter_id': 'TCGA-D8-A27M'}, {'case_id': 'ae8c77fe-e6c8-44d5-8265-4a38c637bbef', 'submitter_id': 'TCGA-A2-A0YF'}, {'case_id': 'aeb6a3a6-b57a-4c53-90e6-e833777dd2a1', 'submitter_id': 'TCGA-BH-A0H6'}, {'case_id': 'af0acaa9-a61c-4e57-bc0d-453ad5bf193a', 'submitter_id': 'TCGA-OL-A66L'}, {'case_id': 'af2a8e2f-2ae1-48bc-bba5-0e2c077c4e48', 'submitter_id': 'TCGA-D8-A1JU'}, {'case_id': 'af5453a9-cf1f-40de-aec4-0e0710908fb7', 'submitter_id': 'TCGA-A8-A0AD'}, {'case_id': 'af97e043-88cb-4f99-8f8b-9bcbcccdf842', 'submitter_id': 'TCGA-EW-A2FR'}, {'case_id': 'b0700958-5f90-4546-b35f-635cd506889b', 'submitter_id': 'TCGA-PE-A5DD'}, {'case_id': 'b0bcb829-cee0-4247-bb75-093a5bea89ee', 'submitter_id': 'TCGA-E2-A105'}, {'case_id': 'b0f8d698-a30e-4d8d-b0a2-a5a01fac8406', 'submitter_id': 'TCGA-A2-A0T4'}, {'case_id': 'b1d44c81-747d-471f-9093-aeb262a17975', 'submitter_id': 'TCGA-Z7-A8R6'}, {'case_id': 'b205bba0-1870-4458-9088-8817e20389fe', 'submitter_id': 'TCGA-A8-A09A'}, {'case_id': 'b205c89f-af62-4186-acad-ed23d243fa98', 'submitter_id': 'TCGA-A2-A0YL'}, {'case_id': 'b26d41cd-393b-4cd4-8925-a9488f7de576', 'submitter_id': 'TCGA-C8-A1HE'}, {'case_id': 'b2aac45b-2073-4c7a-adb9-769a4fdcc111', 'submitter_id': 'TCGA-E9-A1NH'}, {'case_id': 'b2ecbc0f-2c30-4200-8d5e-7b95424bcadb', 'submitter_id': 'TCGA-A7-A26I'}, {'case_id': 'b304302a-f2b9-4cd7-ab14-c21edf7778ea', 'submitter_id': 'TCGA-E9-A5FK'}, {'case_id': 'b3264748-947a-43aa-b227-b294fbcc8447', 'submitter_id': 'TCGA-BH-A203'}, {'case_id': 'b343bfe0-7c23-4c6a-8c84-9ee39db2ecda', 'submitter_id': 'TCGA-GM-A2DD'}, {'case_id': 'b35fbe19-0e6d-427e-b9be-ee3527b5fca6', 'submitter_id': 'TCGA-E9-A2JT'}, {'case_id': 'b43e41af-1d82-4b5f-b8f1-add0510e6b86', 'submitter_id': 'TCGA-A8-A07B'}, {'case_id': 'b58ad350-5140-4fa8-bc2c-24bca8395f3a', 'submitter_id': 'TCGA-A2-A04T'}, {'case_id': 'b63391a0-73f8-4544-9e94-f6529245ca2a', 'submitter_id': 'TCGA-E2-A1IL'}, {'case_id': 'b6633c36-7ce4-4b69-9bf6-30b64d46c66f', 'submitter_id': 'TCGA-A8-A07C'}, {'case_id': 'b6b1dc9a-91f4-4b0a-afd5-62c9a90c0d5e', 'submitter_id': 'TCGA-AC-A2FM'}, {'case_id': 'f30eb65f-fb44-4062-ac39-a38d072f655f', 'submitter_id': 'TCGA-B6-A1KF'}, {'case_id': 'f31c21b6-0f7f-435b-9e24-97c909755c36', 'submitter_id': 'TCGA-BH-A0HQ'}, {'case_id': 'f357fe19-5359-4662-8ce9-aa996132283b', 'submitter_id': 'TCGA-AO-A0JF'}, {'case_id': 'f3a058b9-fb7f-4098-8f0e-83c2acfa1ed5', 'submitter_id': 'TCGA-A2-A04R'}, {'case_id': 'f3b86c02-09a5-4e97-aa7a-86f13f7cda4b', 'submitter_id': 'TCGA-EW-A1PE'}, {'case_id': '887b9e5b-99db-44ac-9c30-c0dc6877b41c', 'submitter_id': 'TCGA-D8-A1XW'}, {'case_id': '88cd6ccc-70f7-436e-a99c-039b9d31e335', 'submitter_id': 'TCGA-AN-A03X'}, {'case_id': '88db1340-e4bf-451a-87c0-6e9168296f5e', 'submitter_id': 'TCGA-EW-A1PB'}, {'case_id': '89128dba-403f-4a96-bb3b-23ed0d5e2147', 'submitter_id': 'TCGA-E2-A1AZ'}, {'case_id': '89414e79-7f89-42d9-8228-101b5bf2f31f', 'submitter_id': 'TCGA-C8-A26V'}, {'case_id': 'a9b7d7fe-be31-4f71-afee-c1bfdf511888', 'submitter_id': 'TCGA-AO-A0J4'}, {'case_id': 'aa4244a8-0454-4247-a1c3-357fd51746fa', 'submitter_id': 'TCGA-D8-A1JL'}, {'case_id': 'aaea5f9c-b35b-47f8-93cb-bdc7b81844ff', 'submitter_id': 'TCGA-A2-A25A'}, {'case_id': 'ab89bb2e-da84-4116-a8cd-49aad7bbfd4d', 'submitter_id': 'TCGA-AR-A0TP'}, {'case_id': 'aba5f46a-e67a-4cd2-9c52-c0686968ff04', 'submitter_id': 'TCGA-EW-A6SA'}, {'case_id': 'f45aa0b2-f3de-4db5-9730-e5c6c4e2ed3a', 'submitter_id': 'TCGA-EW-A2FV'}, {'case_id': 'f4b69043-4a67-48e3-a4d1-72a21ae2d175', 'submitter_id': 'TCGA-A8-A090'}, {'case_id': 'f51af6db-2655-47fb-9ffc-83a503a728ea', 'submitter_id': 'TCGA-AN-A0XR'}, {'case_id': 'f5539207-6534-4edc-a5a5-7666b5d16ba4', 'submitter_id': 'TCGA-A8-A08X'}, {'case_id': 'f55dd73d-8c36-440b-84e5-9aae53107775', 'submitter_id': 'TCGA-EW-A1OW'}, {'case_id': 'f5d4c2d3-cc69-4b38-8551-0917e3622a68', 'submitter_id': 'TCGA-AC-A2FO'}, {'case_id': 'f63722c1-a0bb-4bf9-8a10-1d76a8e1a0ba', 'submitter_id': 'TCGA-BH-A18M'}, {'case_id': 'f6581eee-61b9-43d4-ab0d-ce5ce3ba1c74', 'submitter_id': 'TCGA-BH-A1FJ'}, {'case_id': 'f6e1ec78-5ad9-4879-9b7e-262d17b166ad', 'submitter_id': 'TCGA-BH-A18R'}, {'case_id': 'f6ed684f-ee7a-496c-80d5-6eacd494d16a', 'submitter_id': 'TCGA-AO-A12B'}, {'case_id': 'f6eebd4b-b63a-4a9c-92d3-0d954a8a6655', 'submitter_id': 'TCGA-AC-A2FE'}, {'case_id': 'f7064d01-29d8-49a2-ad60-1e0c5f148f3e', 'submitter_id': 'TCGA-GM-A5PX'}, {'case_id': 'f72c1d69-da35-459f-8542-59bfd6c09c23', 'submitter_id': 'TCGA-AR-A1AX'}, {'case_id': 'e9002f4e-ba0b-4738-9368-dd9614a5da8a', 'submitter_id': 'TCGA-OL-A66N'}, {'case_id': 'e98b69bc-766a-485f-b5e8-9166b8d457b3', 'submitter_id': 'TCGA-A8-A099'}, {'case_id': 'e9a12df9-024e-4cbc-b6bf-e4e87485fa90', 'submitter_id': 'TCGA-LL-A5YM'}, {'case_id': 'e9f4f373-37a5-48ad-a1a0-b0d47820111a', 'submitter_id': 'TCGA-AO-A0J6'}, {'case_id': 'ea645243-df49-4466-a255-9f3d4321e357', 'submitter_id': 'TCGA-LL-A73Y'}, {'case_id': 'ea8dbc7a-54c6-469c-865e-f49d00b0223d', 'submitter_id': 'TCGA-D8-A73W'}, {'case_id': 'eadb0562-2165-4adb-ad58-018e73f82780', 'submitter_id': 'TCGA-E2-A14W'}, {'case_id': 'eafa45a4-2fd1-4fa3-860c-9d52ed382b7d', 'submitter_id': 'TCGA-E2-A15O'}, {'case_id': 'eb2dbb4f-66b6-4525-8323-431970f7a64e', 'submitter_id': 'TCGA-A2-A0CM'}, {'case_id': 'eb93df3d-9e25-4e4c-9a5d-350f296e5acf', 'submitter_id': 'TCGA-D8-A1X5'}, {'case_id': 'ebc460c2-df88-4dc0-a2c0-aca8072b75ad', 'submitter_id': 'TCGA-AN-A0AR'}, {'case_id': 'ebd1512a-4865-4193-97b3-f599d555759a', 'submitter_id': 'TCGA-AR-A1AM'}, {'case_id': 'ec0155ab-1b14-498d-8fa9-9f63e3ccb990', 'submitter_id': 'TCGA-E2-A1IH'}, {'case_id': 'ec0ab947-9341-4fff-bda4-fdfb9434d508', 'submitter_id': 'TCGA-A7-A4SC'}, {'case_id': 'ec461eaf-f5cb-4225-a9a0-59d8e6c17ea6', 'submitter_id': 'TCGA-S3-A6ZH'}, {'case_id': 'ec6930e5-2d83-435a-9a57-a2c5c22caf02', 'submitter_id': 'TCGA-BH-A0EB'}, {'case_id': 'ec77a23d-84f5-47e4-bf2a-fa1c03baf3db', 'submitter_id': 'TCGA-E2-A15F'}, {'case_id': 'ed6cef77-1bd9-4e3b-b576-550a91e4253a', 'submitter_id': 'TCGA-EW-A1J1'}, {'case_id': 'eda6d2d5-4199-4f76-a45b-1d0401b4e54c', 'submitter_id': 'TCGA-AR-A1AR'}, {'case_id': 'ee5744c0-a8dc-43f2-abdd-0b5529a3e9fb', 'submitter_id': 'TCGA-EW-A1P6'}, {'case_id': 'eebad74f-5961-4e91-b0eb-157a2f6f952b', 'submitter_id': 'TCGA-E2-A1L8'}, {'case_id': 'ef1b3332-cd7f-41bb-a2d3-2538e7becc5c', 'submitter_id': 'TCGA-LL-A5YN'}, {'case_id': 'ef4cbd38-bc79-4d60-a715-647edd2ebe9e', 'submitter_id': 'TCGA-E2-A1LG'}, {'case_id': 'eff2360e-399a-4167-ab2b-798e27bef739', 'submitter_id': 'TCGA-E2-A107'}, {'case_id': 'f02931f8-d72a-481d-b532-8b141dab115f', 'submitter_id': 'TCGA-B6-A0WW'}, {'case_id': 'f04dca9e-409b-4300-b11d-12243e5d361d', 'submitter_id': 'TCGA-E2-A576'}, {'case_id': 'f05d314c-5ec5-4e2a-b785-9a702716f111', 'submitter_id': 'TCGA-E2-A156'}, {'case_id': 'f062cbd0-2426-40ac-a4be-e74ac61fa2a7', 'submitter_id': 'TCGA-A7-A56D'}, {'case_id': 'f06f09f3-8133-4a92-ac86-fbe64295e0d8', 'submitter_id': 'TCGA-E9-A1ND'}, {'case_id': 'f0787165-6f58-4d67-b510-928eea2c4882', 'submitter_id': 'TCGA-E2-A109'}, {'case_id': 'f0d8a1fe-e313-44f1-99cc-b965cbeeff0e', 'submitter_id': 'TCGA-C8-A27B'}, {'case_id': 'f0de67ff-8967-4fce-9c12-0e07193285cd', 'submitter_id': 'TCGA-E2-A2P5'}, {'case_id': 'f130f376-5801-40f9-975d-a7e2f7b5670d', 'submitter_id': 'TCGA-A7-A0DB'}, {'case_id': 'f251cb6c-d18e-4691-9c82-24ed1ac0abf9', 'submitter_id': 'TCGA-BH-A0BP'}, {'case_id': 'f2622cdb-ac92-42b3-a1ca-67e133c3dd4a', 'submitter_id': 'TCGA-AC-A3OD'}, {'case_id': 'f2bbfa9d-9a9d-4f46-9fde-378e4c44e2ad', 'submitter_id': 'TCGA-BH-A0DK'}, {'case_id': 'f2da1d3f-f226-4c99-a97e-9b26f67d7a5d', 'submitter_id': 'TCGA-E9-A1R0'}, {'case_id': 'f2e28af9-c40e-41c4-9e82-205cca38f26a', 'submitter_id': 'TCGA-EW-A1P1'}, {'case_id': 'a6edb6ca-ae9f-4da7-8ebe-92d83d2987fb', 'submitter_id': 'TCGA-E2-A158'}, {'case_id': 'a721dac6-0126-476c-b2d4-2dbf7406454b', 'submitter_id': 'TCGA-AC-A23G'}, {'case_id': 'a76774fe-7298-4d68-a2b2-c1bad93f0c31', 'submitter_id': 'TCGA-GM-A2DL'}, {'case_id': 'a78b04b4-2380-4803-963e-e4e633cd69ab', 'submitter_id': 'TCGA-A2-A3XS'}, {'case_id': 'a8015490-9740-45c9-8bd2-eb6d1beefc2e', 'submitter_id': 'TCGA-E2-A152'}, {'case_id': '4dfc233b-ed03-4825-8089-e04cdee99996', 'submitter_id': 'TCGA-EW-A1PD'}, {'case_id': '4e3699da-4367-4a43-9d66-a117d3ad460d', 'submitter_id': 'TCGA-AN-A0XN'}, {'case_id': '2d4c778c-7f77-4f0a-8261-2086accf15fd', 'submitter_id': 'TCGA-AO-A03P'}, {'case_id': 'a991644b-3ee6-4cda-acf0-e37de48a49fc', 'submitter_id': 'TCGA-AN-A03Y'}, {'case_id': 'd10a4887-373b-4726-a61d-126f950e4a06', 'submitter_id': 'TCGA-BH-A0C1'}, {'case_id': 'd111c4ab-b39a-4a7c-8d8e-cb342bc10627', 'submitter_id': 'TCGA-A2-A4RX'}, {'case_id': 'd13fb44b-291b-4ea4-920c-142daa8d1989', 'submitter_id': 'TCGA-AC-A5EH'}, {'case_id': 'd1703dbd-5c93-4cf2-a4d1-0d90640882bd', 'submitter_id': 'TCGA-AR-A0TR'}, {'case_id': '4d120899-9a80-4736-b097-285e9e261bcb', 'submitter_id': 'TCGA-AQ-A1H2'}, {'case_id': '4d1bf9e6-5837-4aed-b568-92f014ed5a4b', 'submitter_id': 'TCGA-D8-A1JH'}, {'case_id': '4d26dada-5eb7-4d4e-8eb8-f5465c5c3428', 'submitter_id': 'TCGA-AR-A1AT'}, {'case_id': 'e36e985d-2c44-4e14-854a-7dbca4bb0304', 'submitter_id': 'TCGA-E9-A3Q9'}, {'case_id': 'e3935ce4-64d3-4a66-ba11-d308b844b410', 'submitter_id': 'TCGA-E9-A5FL'}, {'case_id': 'e3b555aa-7f0a-49c6-9b13-182c61a144c1', 'submitter_id': 'TCGA-A2-A1G4'}, {'case_id': '87e09544-eddb-473b-8617-212407ce644e', 'submitter_id': 'TCGA-E2-A106'}, {'case_id': 'f3ba71f9-25f3-4784-bf2d-3aa522a0cba8', 'submitter_id': 'TCGA-A8-A06R'}, {'case_id': 'f3cb557d-23e4-4fd1-81ca-db1a3f56d56e', 'submitter_id': 'TCGA-E9-A3QA'}, {'case_id': 'c07b122e-ac50-4db2-add2-5617a5d0e976', 'submitter_id': 'TCGA-GM-A2DA'}, {'case_id': 'c0892598-1f7b-4f23-9cd8-731f797753d5', 'submitter_id': 'TCGA-A2-A0YG'}, {'case_id': 'c0f88fc5-56b0-4255-bbd1-9a21ced8b37b', 'submitter_id': 'TCGA-EW-A1IZ'}, {'case_id': 'c1e704d6-a33b-4891-90bd-992b0040c075', 'submitter_id': 'TCGA-C8-A3M8'}, {'case_id': 'c25898b4-eb33-42f4-bf3f-bf532a929e7d', 'submitter_id': 'TCGA-AO-A1KO'}, {'case_id': 'c2a742fe-3e8b-4210-85a6-7191a1123609', 'submitter_id': 'TCGA-AN-A0FN'}, {'case_id': 'c3148e68-1739-4334-abda-1dcbc2166846', 'submitter_id': 'TCGA-B6-A0RH'}, {'case_id': 'c348a9b3-c901-4384-a222-144387bac0c5', 'submitter_id': 'TCGA-BH-A1FU'}, {'case_id': 'c364e81c-eb1e-4870-ab37-9c661f5f2e3d', 'submitter_id': 'TCGA-AR-A0TX'}, {'case_id': 'c397e6c2-ba3a-4f5e-a258-c140611192fe', 'submitter_id': 'TCGA-A1-A0SE'}, {'case_id': 'c3a981c7-f148-4252-bd50-af8a49ec0df8', 'submitter_id': 'TCGA-OL-A5D6'}, {'case_id': 'c462e422-eb8d-4daf-9897-2a9c6cbd783a', 'submitter_id': 'TCGA-A1-A0SD'}, {'case_id': 'c54d5507-bba5-4a1e-8885-3c3b1eed13c1', 'submitter_id': 'TCGA-D8-A27P'}, {'case_id': 'c57835be-77ab-4cf5-9b23-62c11a7b2eaf', 'submitter_id': 'TCGA-AC-A2QI'}, {'case_id': 'c5891c7a-fd24-4891-8f51-373967e4a6dd', 'submitter_id': 'TCGA-BH-A0AW'}, {'case_id': 'c632675e-e8af-43cd-8744-5be3754c1c14', 'submitter_id': 'TCGA-A2-A0SU'}, {'case_id': 'c65b835a-2d38-4250-a173-0780d2c2cf58', 'submitter_id': 'TCGA-E9-A1NI'}, {'case_id': 'c694615c-b1c6-499c-8058-995633ebf948', 'submitter_id': 'TCGA-E9-A1RF'}, {'case_id': 'c70ee5e1-4703-4996-bb5c-f4cca0fb53ba', 'submitter_id': 'TCGA-AO-A129'}, {'case_id': 'c744fc13-3aca-4245-9e24-abd368cc8bef', 'submitter_id': 'TCGA-A2-A0CX'}, {'case_id': 'c7c34fd9-3021-45b7-b6ff-30b4196585a8', 'submitter_id': 'TCGA-AR-A0TZ'}, {'case_id': 'c836951b-3ffb-4e20-8504-0eccb7d50dd4', 'submitter_id': 'TCGA-A2-A25F'}, {'case_id': 'c85f080a-1075-41df-959f-1b514a11b3c4', 'submitter_id': 'TCGA-E2-A15D'}, {'case_id': 'c8f39325-5382-447c-9291-a6915fc978b8', 'submitter_id': 'TCGA-OL-A5D7'}, {'case_id': 'ca76c6fc-ff30-4833-884d-3a94fe53ff17', 'submitter_id': 'TCGA-BH-A0EE'}, {'case_id': 'caa9b533-24b4-4ecd-9159-c165de049f6a', 'submitter_id': 'TCGA-B6-A0RQ'}, {'case_id': 'e8ea576b-eb16-44f7-b241-daefc1375388', 'submitter_id': 'TCGA-A7-A6VY'}]",nationwidechildrens.org_clinical_nte_brca.txt,a88c168e-4bba-4bd2-9c0c-77934444cc1c,Clinical Supplement,Clinical,
934b6987-ab4d-46d7-96fd-9198da687761,"[{'case_id': '75113445-d2d6-44a0-866c-c9175e6d214b', 'submitter_id': 'TCGA-A2-A0D4'}]",TCGA_BRCA.9358b9f6-c5fd-494e-b316-789afa276cc1.wxs.VarScan2.somatic_annotation.vcf.gz,934b6987-ab4d-46d7-96fd-9198da687761,Annotated Somatic Mutation,Simple Nucleotide Variation,WXS
b142791a-08f6-4652-b922-606ac260d88b,"[{'case_id': '75113445-d2d6-44a0-866c-c9175e6d214b', 'submitter_id': 'TCGA-A2-A0D4'}]",TCGA-BRCA.ef24dcdb-87fe-4fa1-83ec-954654f497f7.arriba.rna_fusion.tsv,b142791a-08f6-4652-b922-606ac260d88b,Transcript Fusion,Structural Variation,RNA-Seq
04439bd8-6082-492f-9808-26f8054cc9e1,"[{'case_id': 'b4e4fea2-b802-4a86-923e-3fcbd3c708fe', 'submitter_id': 'TCGA-BH-A0B1'}]",8a39680c-b003-4be9-b392-360bc5c7ee77.wxs.aliquot_ensemble_raw.maf.gz,04439bd8-6082-492f-9808-26f8054cc9e1,Aggregated Somatic Mutation,Simple Nucleotide Variation,WXS
ae302ddf-f2b4-48f9-a392-451132c9d105,"[{'case_id': '75113445-d2d6-44a0-866c-c9175e6d214b', 'submitter_id': 'TCGA-A2-A0D4'}]",4032f485-0d9f-47a8-90f6-6918c71696dc.wxs.aliquot_ensemble_raw.maf.gz,ae302ddf-f2b4-48f9-a392-451132c9d105,Aggregated Somatic Mutation,Simple Nucleotide Variation,WXS
5e72b857-a895-4e1b-b351-d5bda6633bfe,"[{'case_id': '8631969d-4ac6-4fe1-9db3-d47db604494a', 'submitter_id': 'TCGA-E9-A1R2'}]",CHEEP_p_TCGA_b120_121_SNP_N_GenomeWideSNP_6_G08_777668.CEL,5e72b857-a895-4e1b-b351-d5bda6633bfe,Raw Intensities,Copy Number Variation,Genotyping Array
4fad991d-5e29-4874-a0f7-f82c53b00b04,"[{'case_id': 'b4e4fea2-b802-4a86-923e-3fcbd3c708fe', 'submitter_id': 'TCGA-BH-A0B1'}]",TCGA-BRCA.886c183e-25bf-4ec6-9fa4-e94f4b688034.wgs.tumor_normal.gatk4_mutect2.raw_somatic_mutation.vcf.gz,4fad991d-5e29-4874-a0f7-f82c53b00b04,Raw Simple Somatic Mutation,Simple Nucleotide Variation,WGS
12292f01-d90e-4395-98da-3794645a1c23,"[{'case_id': 'b7a4df9a-4e25-4550-9c10-338ca1921c2f', 'submitter_id': 'TCGA-E9-A1R4'}]",97f2a8b2-044c-499a-948f-437b6cb089c3.wxs.Pindel.aliquot.maf.gz,12292f01-d90e-4395-98da-3794645a1c23,Annotated Somatic Mutation,Simple Nucleotide Variation,WXS
fa60243c-fa86-427e-a8db-3e38c85c064e,"[{'case_id': 'b4e4fea2-b802-4a86-923e-3fcbd3c708fe', 'submitter_id': 'TCGA-BH-A0B1'}]",TCGA_BRCA.bee7a086-2eb5-4773-9719-6db76f6569c6.wxs.MuTect2.somatic_annotation.vcf.gz,fa60243c-fa86-427e-a8db-3e38c85c064e,Annotated Somatic Mutation,Simple Nucleotide Variation,WXS
f5d117f9-51ef-4366-b977-d6961005f3a0,"[{'case_id': 'b4e4fea2-b802-4a86-923e-3fcbd3c708fe', 'submitter_id': 'TCGA-BH-A0B1'}]",TCGA_BRCA.77078e83-039a-4bb0-b7f8-c1485a0174a5.wxs.VarScan2.somatic_annotation.vcf.gz,f5d117f9-51ef-4366-b977-d6961005f3a0,Annotated Somatic Mutation,Simple Nucleotide Variation,WXS
dca81299-88e9-4a91-908b-f63c6e1f2978,"[{'case_id': '75113445-d2d6-44a0-866c-c9175e6d214b', 'submitter_id': 'TCGA-A2-A0D4'}]",TCGA-A2-A0D4-10A-01D-A891-36.WholeGenome.RP-1657.bam,dca81299-88e9-4a91-908b-f63c6e1f2978,Aligned Reads,Sequencing Reads,WGS
29007326-ac66-4b2d-be13-24a2b6b1e3aa,"[{'case_id': 'b7a4df9a-4e25-4550-9c10-338ca1921c2f', 'submitter_id': 'TCGA-E9-A1R4'}]",TCGA-BRCA.fcd41d63-c0f1-4f8e-ad1f-ea398203a3a4.ascat3.gene_level_copy_number.v36.tsv,29007326-ac66-4b2d-be13-24a2b6b1e3aa,Gene Level Copy Number,Copy Number Variation,Genotyping Array
168699f3-e805-419d-afaa-c07cc8325a79,"[{'case_id': 'b7a4df9a-4e25-4550-9c10-338ca1921c2f', 'submitter_id': 'TCGA-E9-A1R4'}]",7064608a-0247-45ec-9e62-191721ecc52f.wxs.aliquot_ensemble_masked.maf.gz,168699f3-e805-419d-afaa-c07cc8325a79,Masked Somatic Mutation,Simple Nucleotide Variation,WXS
177393b1-2379-4c45-af43-fa449e6b6f38,"[{'case_id': '75113445-d2d6-44a0-866c-c9175e6d214b', 'submitter_id': 'TCGA-A2-A0D4'}]",TCGA_BRCA.18528bbb-e10b-4d3f-806e-4cc086ac44ee.wgs.GATK4_MuTect2_Pair.somatic_annotation.vcf.gz,177393b1-2379-4c45-af43-fa449e6b6f38,Annotated Somatic Mutation,Simple Nucleotide Variation,WGS
8c846ce7-7a21-4896-99ef-1999a4ee7365,"[{'case_id': '75113445-d2d6-44a0-866c-c9175e6d214b', 'submitter_id': 'TCGA-A2-A0D4'}]",ed171c17-f97a-4c69-932f-ff59d1a20099.somatic.SV.bedpe,8c846ce7-7a21-4896-99ef-1999a4ee7365,Structural Rearrangement,Structural Variation,WGS
efc458ed-2af9-474f-9ce1-78ee1cbb70b0,"[{'case_id': 'b4e4fea2-b802-4a86-923e-3fcbd3c708fe', 'submitter_id': 'TCGA-BH-A0B1'}]",fb7d41f3-7260-4225-bd7e-87dca7ac758a.wxs.muse.raw_somatic_mutation.vcf.gz,efc458ed-2af9-474f-9ce1-78ee1cbb70b0,Raw Simple Somatic Mutation,Simple Nucleotide Variation,WXS
b4d90470-fec6-47b1-9fda-21b245c558fe,"[{'case_id': '281f70c5-876f-44b3-84fb-f2302f85e74c', 'submitter_id': 'TCGA-A8-A06Q'}]",TCGA-BRCA.1c1a5b6f-2c10-4091-a34c-b7ee37920d08.star_fusion.rna_fusion.bedpe,b4d90470-fec6-47b1-9fda-21b245c558fe,Transcript Fusion,Structural Variation,RNA-Seq
488399aa-ef3c-42d7-817f-9db11b9902dd,"[{'case_id': 'b7a4df9a-4e25-4550-9c10-338ca1921c2f', 'submitter_id': 'TCGA-E9-A1R4'}]",a8e0466b-d106-44b7-b846-c4fb666715f5.rna_seq.augmented_star_gene_counts.tsv,488399aa-ef3c-42d7-817f-9db11b9902dd,Gene Expression Quantification,Transcriptome Profiling,RNA-Seq
ba6b6f24-09e6-49ca-a755-85a444b2dff3,"[{'case_id': '281f70c5-876f-44b3-84fb-f2302f85e74c', 'submitter_id': 'TCGA-A8-A06Q'}]",TCGA_BRCA.1dbb50df-f782-452f-b4ef-7b8ae264a7c7.wxs.Pindel.somatic_annotation.vcf.gz,ba6b6f24-09e6-49ca-a755-85a444b2dff3,Annotated Somatic Mutation,Simple Nucleotide Variation,WXS
9ff17a71-f83c-41ed-bc48-d40f5845cbab,"[{'case_id': 'b7a4df9a-4e25-4550-9c10-338ca1921c2f', 'submitter_id': 'TCGA-E9-A1R4'}]",TCGA-BRCA.fcd41d63-c0f1-4f8e-ad1f-ea398203a3a4.absolute_liftover.gene_level_copy_number.v36.tsv,9ff17a71-f83c-41ed-bc48-d40f5845cbab,Gene Level Copy Number,Copy Number Variation,Genotyping Array
182ad5ab-209b-4d54-a391-7dc253a0c0b6,"[{'case_id': 'b4e4fea2-b802-4a86-923e-3fcbd3c708fe', 'submitter_id': 'TCGA-BH-A0B1'}]",TCGA-BH-A0B1-01A-11D-A890-36.WholeGenome.RP-1657.cr.igv.reheader.seg.txt,182ad5ab-209b-4d54-a391-7dc253a0c0b6,Copy Number Segment,Copy Number Variation,WGS
089187a4-cccb-4472-b7e7-683f088dd709,"[{'case_id': 'b4e4fea2-b802-4a86-923e-3fcbd3c708fe', 'submitter_id': 'TCGA-BH-A0B1'}]",TCGA-BH-A0B1-01A-01-BSA.e42c4f30-d738-4366-9d21-0df264e6de0c.svs,089187a4-cccb-4472-b7e7-683f088dd709,Slide Image,Biospecimen,Tissue Slide
1fc74ed6-1929-40a8-aaee-bf2807948e80,"[{'case_id': 'd5f2b85a-94a9-4168-bbe8-149ec71342b0', 'submitter_id': 'TCGA-AC-A62V'}]",67f52039-11d4-40db-babf-b3ffa2219b70.wxs.muse.raw_somatic_mutation.vcf.gz,1fc74ed6-1929-40a8-aaee-bf2807948e80,Raw Simple Somatic Mutation,Simple Nucleotide Variation,WXS
ece086e9-130c-4426-a63d-210b5565a566,"[{'case_id': 'a947a945-4721-45cc-bc45-13b8ea41c10e', 'submitter_id': 'TCGA-A7-A4SB'}]",0189269c-7219-47b4-80f6-5ec6237c2141.wxs.mutect2.raw_somatic_mutation.vcf.gz,ece086e9-130c-4426-a63d-210b5565a566,Raw Simple Somatic Mutation,Simple Nucleotide Variation,WXS
62cd2159-f0ce-434b-82c2-ec44c6b56171,"[{'case_id': '281f70c5-876f-44b3-84fb-f2302f85e74c', 'submitter_id': 'TCGA-A8-A06Q'}]",5abd7590-46fd-4016-b38a-e334a7066e25_noid_Red.idat,62cd2159-f0ce-434b-82c2-ec44c6b56171,Masked Intensities,DNA Methylation,Methylation Array
60510700-ba92-46cd-bd74-3f7a094aeca7,"[{'case_id': 'd5f2b85a-94a9-4168-bbe8-149ec71342b0', 'submitter_id': 'TCGA-AC-A62V'}]",0e61d060-eb57-413f-9c9a-19c3b457ae9e.wxs.Pindel.aliquot.maf.gz,60510700-ba92-46cd-bd74-3f7a094aeca7,Annotated Somatic Mutation,Simple Nucleotide Variation,WXS
040657c1-5138-431d-9d08-906947aefc22,"[{'case_id': '281f70c5-876f-44b3-84fb-f2302f85e74c', 'submitter_id': 'TCGA-A8-A06Q'}]",nationwidechildrens.org_ssf.TCGA-A8-A06Q.xml,040657c1-5138-431d-9d08-906947aefc22,Biospecimen Supplement,Biospecimen,
0246979c-a35a-4d70-87e1-17a2c02b55b6,"[{'case_id': 'd5f2b85a-94a9-4168-bbe8-149ec71342b0', 'submitter_id': 'TCGA-AC-A62V'}]",TCGA_BRCA.f0a55b07-e46c-4e08-b4b2-15c5502563e5.wxs.VarScan2.somatic_annotation.vcf.gz,0246979c-a35a-4d70-87e1-17a2c02b55b6,Annotated Somatic Mutation,Simple Nucleotide Variation,WXS
7359a4b8-14c2-4a40-b1d1-78f55c0328f0,"[{'case_id': 'd5f2b85a-94a9-4168-bbe8-149ec71342b0', 'submitter_id': 'TCGA-AC-A62V'}]",SHOUT_p_TCGAb_319_20_21_22_NSP_GenomeWideSNP_6_G05_1365000.CEL,7359a4b8-14c2-4a40-b1d1-78f55c0328f0,Raw Intensities,Copy Number Variation,Genotyping Array
cf3ad6b5-1153-4de2-9261-d8ad56fdf7b7,"[{'case_id': 'a947a945-4721-45cc-bc45-13b8ea41c10e', 'submitter_id': 'TCGA-A7-A4SB'}]",TCGA-BRCA.ee6ea568-972f-4c2b-aa3e-95426377e39e.wgs.varscan2.raw_somatic_mutation.vcf.gz,cf3ad6b5-1153-4de2-9261-d8ad56fdf7b7,Raw Simple Somatic Mutation,Simple Nucleotide Variation,WGS
86625f2f-a7af-4f97-9dfb-39c35c43eee9,"[{'case_id': 'd5f2b85a-94a9-4168-bbe8-149ec71342b0', 'submitter_id': 'TCGA-AC-A62V'}]",TCGA_BRCA.cb8a3bd1-93f1-4961-89e6-81f3346095c7.wgs.GATK4_MuTect2_Pair.somatic_annotation.vcf.gz,86625f2f-a7af-4f97-9dfb-39c35c43eee9,Annotated Somatic Mutation,Simple Nucleotide Variation,WGS
c0921d1f-1e69-43ca-92bd-96707638b71f,"[{'case_id': '281f70c5-876f-44b3-84fb-f2302f85e74c', 'submitter_id': 'TCGA-A8-A06Q'}]",31522e5a-2cd8-4c6f-9adf-1cfb34a3b5d7.wxs.VarScan2.aliquot.maf.gz,c0921d1f-1e69-43ca-92bd-96707638b71f,Annotated Somatic Mutation,Simple Nucleotide Variation,WXS
f526b86e-e1c8-4ba1-b192-49070edb6923,"[{'case_id': 'd5f2b85a-94a9-4168-bbe8-149ec71342b0', 'submitter_id': 'TCGA-AC-A62V'}]",TCGA-BRCA.8b0272f1-055f-47fa-83bc-1867579b1c30.arriba.rna_fusion.bedpe,f526b86e-e1c8-4ba1-b192-49070edb6923,Transcript Fusion,Structural Variation,RNA-Seq
f70ee928-c855-4e17-89b2-326ef6eae805,"[{'case_id': 'a947a945-4721-45cc-bc45-13b8ea41c10e', 'submitter_id': 'TCGA-A7-A4SB'}]",TCGA-A7-A4SB-01A-12D-A89D-36.WholeGenome.RP-1657.bam,f70ee928-c855-4e17-89b2-326ef6eae805,Aligned Reads,Sequencing Reads,WGS
f92f20b6-5d4e-47ce-bc4a-8a4b7478cd19,"[{'case_id': 'd2219a3f-4c55-4dee-9b08-c6f330dd1acf', 'submitter_id': 'TCGA-AO-A1KQ'}]",a3faa9fb-cbea-4ae5-8bf4-ca9b9f04a55f_noid_Grn.idat,f92f20b6-5d4e-47ce-bc4a-8a4b7478cd19,Masked Intensities,DNA Methylation,Methylation Array
ce58462a-d3b5-44f8-8d3d-52988a6dfabd,"[{'case_id': '281f70c5-876f-44b3-84fb-f2302f85e74c', 'submitter_id': 'TCGA-A8-A06Q'}]",fd3f1d85-cdc1-442d-99f4-1f13bc85ab18.svaba.somatic.sv.vcf.gz,ce58462a-d3b5-44f8-8d3d-52988a6dfabd,Structural Rearrangement,Somatic Structural Variation,WGS
df2e9414-1468-4009-8dcc-5917a7e6decb,"[{'case_id': 'd5f2b85a-94a9-4168-bbe8-149ec71342b0', 'submitter_id': 'TCGA-AC-A62V'}]",TCGA-AC-A62V-01A-11D-A89E-36.WholeGenome.RP-1657.cr.igv.reheader.seg.txt,df2e9414-1468-4009-8dcc-5917a7e6decb,Copy Number Segment,Copy Number Variation,WGS
aeec7466-dd10-4239-9d96-5789f7c45421,"[{'case_id': 'd2219a3f-4c55-4dee-9b08-c6f330dd1acf', 'submitter_id': 'TCGA-AO-A1KQ'}]",TCGA-AO-A1KQ-01A-11D-A897-36.WholeGenome.RP-1657.bam,aeec7466-dd10-4239-9d96-5789f7c45421,Aligned Reads,Sequencing Reads,WGS
32b6f8d5-2605-406c-ba1f-39d5f9d3bb7a,"[{'case_id': 'd2219a3f-4c55-4dee-9b08-c6f330dd1acf', 'submitter_id': 'TCGA-AO-A1KQ'}]",TCGA-BRCA.8c75368d-4744-4afe-b977-83963908fa94.arriba.rna_fusion.tsv,32b6f8d5-2605-406c-ba1f-39d5f9d3bb7a,Transcript Fusion,Structural Variation,RNA-Seq
6106759d-df3a-40cd-b14d-f72b8163bd07,"[{'case_id': 'a947a945-4721-45cc-bc45-13b8ea41c10e', 'submitter_id': 'TCGA-A7-A4SB'}]",924ccc85-0d63-4a53-84fb-550e634bb954.wxs.Pindel.aliquot.maf.gz,6106759d-df3a-40cd-b14d-f72b8163bd07,Annotated Somatic Mutation,Simple Nucleotide Variation,WXS
d429018b-1a5a-4843-8b53-2d421a7d5e3e,"[{'case_id': 'a947a945-4721-45cc-bc45-13b8ea41c10e', 'submitter_id': 'TCGA-A7-A4SB'}]",TCGA-A7-A4SB-01A-02-TSB.C5F241F1-8E0C-46A9-96CF-17AC925C51AC.svs,d429018b-1a5a-4843-8b53-2d421a7d5e3e,Slide Image,Biospecimen,Tissue Slide
c48b44ac-186b-46f4-bd38-655c2e9e2968,"[{'case_id': 'd2219a3f-4c55-4dee-9b08-c6f330dd1acf', 'submitter_id': 'TCGA-AO-A1KQ'}]",TCGA_BRCA.a476395e-35ee-49a6-8ecb-94f0790e5e1b.wgs.VarScan2.somatic_annotation.vcf.gz,c48b44ac-186b-46f4-bd38-655c2e9e2968,Annotated Somatic Mutation,Simple Nucleotide Variation,WGS
86b58445-b2d2-46b7-905c-6afee0eaef64,"[{'case_id': '281f70c5-876f-44b3-84fb-f2302f85e74c', 'submitter_id': 'TCGA-A8-A06Q'}]",f7dfcb14-a546-4902-927b-2d11f1abfff1.wxs.varscan2.raw_somatic_mutation.vcf.gz,86b58445-b2d2-46b7-905c-6afee0eaef64,Raw Simple Somatic Mutation,Simple Nucleotide Variation,WXS
77cdc6ad-5ed8-4421-9f2a-5a4d38893877,"[{'case_id': 'a947a945-4721-45cc-bc45-13b8ea41c10e', 'submitter_id': 'TCGA-A7-A4SB'}]",MOHEL_p_TCGA_271_274_275_N_GenomeWideSNP_6_C05_1320466.birdseed.data.txt,77cdc6ad-5ed8-4421-9f2a-5a4d38893877,Simple Germline Variation,Simple Nucleotide Variation,Genotyping Array
b0eb9674-fbba-4093-b4b4-eac1f1d65527,"[{'case_id': '281f70c5-876f-44b3-84fb-f2302f85e74c', 'submitter_id': 'TCGA-A8-A06Q'}]",473d5422-978a-48be-be32-2b7516d6d2d5_wxs_gdc_realn.bam,b0eb9674-fbba-4093-b4b4-eac1f1d65527,Aligned Reads,Sequencing Reads,WXS
5f89de65-d57e-4c08-950a-c8548d936b19,"[{'case_id': 'a947a945-4721-45cc-bc45-13b8ea41c10e', 'submitter_id': 'TCGA-A7-A4SB'}]",TCGA-BRCA.e77db8c0-295e-48c2-b51a-1b3509ddf1b6.arriba.rna_fusion.bedpe,5f89de65-d57e-4c08-950a-c8548d936b19,Transcript Fusion,Structural Variation,RNA-Seq
bfe120fe-e6c4-4b89-bf9b-25033e3a6cca,"[{'case_id': 'd5f2b85a-94a9-4168-bbe8-149ec71342b0', 'submitter_id': 'TCGA-AC-A62V'}]",SHOUT_p_TCGAb_319_20_21_22_NSP_GenomeWideSNP_6_G04_1365060.nocnv_grch38.seg.v2.txt,bfe120fe-e6c4-4b89-bf9b-25033e3a6cca,Masked Copy Number Segment,Copy Number Variation,Genotyping Array
389d28db-3305-4439-bd4a-c6611a0fa42f,"[{'case_id': 'd2219a3f-4c55-4dee-9b08-c6f330dd1acf', 'submitter_id': 'TCGA-AO-A1KQ'}]",TCGA-AO-A1KQ-10A-01D-A897-36.WholeGenome.RP-1657.bam,389d28db-3305-4439-bd4a-c6611a0fa42f,Aligned Reads,Sequencing Reads,WGS
394db5c7-b1b0-478e-80dd-d640eb37e468,"[{'case_id': 'd5f2b85a-94a9-4168-bbe8-149ec71342b0', 'submitter_id': 'TCGA-AC-A62V'}]",TCGA-AC-A62V.BBA96852-E70C-4D37-A185-611F568BE90C.PDF,394db5c7-b1b0-478e-80dd-d640eb37e468,Pathology Report,Clinical,
b6248698-9f62-48fa-a9ce-8cd1f499001c,"[{'case_id': 'd2219a3f-4c55-4dee-9b08-c6f330dd1acf', 'submitter_id': 'TCGA-AO-A1KQ'}]",TCGA-BRCA.bc344caf-0a26-4289-b573-f938ee2aa027.wgs.varscan2.raw_somatic_mutation.vcf.gz,b6248698-9f62-48fa-a9ce-8cd1f499001c,Raw Simple Somatic Mutation,Simple Nucleotide Variation,WGS
cc686db7-61a9-47f1-8cd9-a1b99559118b,"[{'case_id': '281f70c5-876f-44b3-84fb-f2302f85e74c', 'submitter_id': 'TCGA-A8-A06Q'}]",TCGA-A8-A06Q-01A-01-TS1.6a3caeab-6ec9-4829-b7e2-dbe7a6279a54.svs,cc686db7-61a9-47f1-8cd9-a1b99559118b,Slide Image,Biospecimen,Tissue Slide
37c3a930-137c-4888-bef3-dcbbd3c9ba8f,"[{'case_id': 'd5f2b85a-94a9-4168-bbe8-149ec71342b0', 'submitter_id': 'TCGA-AC-A62V'}]",f02cebd5-5840-4c63-bdf2-af7677e112e9.wxs.aliquot_ensemble_raw.maf.gz,37c3a930-137c-4888-bef3-dcbbd3c9ba8f,Aggregated Somatic Mutation,Simple Nucleotide Variation,WXS
d6ae38ae-a9b5-4dbc-847a-8ca34a06f4cd,"[{'case_id': 'a947a945-4721-45cc-bc45-13b8ea41c10e', 'submitter_id': 'TCGA-A7-A4SB'}]",TCGA_BRCA.d5917cf5-e604-40b1-b974-444ba43e65c6.wxs.MuTect2.somatic_annotation.vcf.gz,d6ae38ae-a9b5-4dbc-847a-8ca34a06f4cd,Annotated Somatic Mutation,Simple Nucleotide Variation,WXS
8c5eaacc-3f3a-4c0e-98cd-0491974161ee,"[{'case_id': 'd2219a3f-4c55-4dee-9b08-c6f330dd1acf', 'submitter_id': 'TCGA-AO-A1KQ'}]",TCGA-BRCA.5027975f-ce41-4562-b40f-31b6803e8198.wgs.tumor_normal.gatk4_mutect2.raw_somatic_mutation.vcf.gz,8c5eaacc-3f3a-4c0e-98cd-0491974161ee,Raw Simple Somatic Mutation,Simple Nucleotide Variation,WGS
c3a98828-d466-4f37-aaa0-75862bed377b,"[{'case_id': 'd5f2b85a-94a9-4168-bbe8-149ec71342b0', 'submitter_id': 'TCGA-AC-A62V'}]",9692b4cc-6c7f-4f88-8854-769568f088ae.rna_seq.genomic.gdc_realn.bam,c3a98828-d466-4f37-aaa0-75862bed377b,Aligned Reads,Sequencing Reads,RNA-Seq
1630cdda-b756-4d7b-9d08-c2b986056a93,"[{'case_id': '281f70c5-876f-44b3-84fb-f2302f85e74c', 'submitter_id': 'TCGA-A8-A06Q'}]",BONZE_p_TCGAb56_SNP_1N_GenomeWideSNP_6_B07_666956.nocnv_grch38.seg.v2.txt,1630cdda-b756-4d7b-9d08-c2b986056a93,Masked Copy Number Segment,Copy Number Variation,Genotyping Array
389a5f55-330d-4a49-9cbb-91e4cc07b178,"[{'case_id': 'd2219a3f-4c55-4dee-9b08-c6f330dd1acf', 'submitter_id': 'TCGA-AO-A1KQ'}]",c33e4a5e-f54e-48e0-bcbf-4e019e63a352.rna_seq.star_splice_junctions.tsv.gz,389a5f55-330d-4a49-9cbb-91e4cc07b178,Splice Junction Quantification,Transcriptome Profiling,RNA-Seq
eb8a7a88-ba18-48dd-84e7-03ce2dd29ac2,"[{'case_id': 'd5f2b85a-94a9-4168-bbe8-149ec71342b0', 'submitter_id': 'TCGA-AC-A62V'}]",TCGA-BRCA.8b0272f1-055f-47fa-83bc-1867579b1c30.arriba.rna_fusion.tsv,eb8a7a88-ba18-48dd-84e7-03ce2dd29ac2,Transcript Fusion,Structural Variation,RNA-Seq
2b5c424a-e8d9-4412-b612-e3adcf98dffd,"[{'case_id': 'd5f2b85a-94a9-4168-bbe8-149ec71342b0', 'submitter_id': 'TCGA-AC-A62V'}]",TCGA-AC-A62V-01Z-00-DX1.2D8994FD-58B8-43C1-B99D-AA964E7DFD60.svs,2b5c424a-e8d9-4412-b612-e3adcf98dffd,Slide Image,Biospecimen,Diagnostic Slide
b04f614a-9de5-4f89-84fc-85509bf524c7,"[{'case_id': 'd2219a3f-4c55-4dee-9b08-c6f330dd1acf', 'submitter_id': 'TCGA-AO-A1KQ'}]",a3faa9fb-cbea-4ae5-8bf4-ca9b9f04a55f.methylation_array.sesame.level3betas.txt,b04f614a-9de5-4f89-84fc-85509bf524c7,Methylation Beta Value,DNA Methylation,Methylation Array
279baf51-0df6-42c2-b9e0-b67432813719,"[{'case_id': '281f70c5-876f-44b3-84fb-f2302f85e74c', 'submitter_id': 'TCGA-A8-A06Q'}]",40cf53e7-f6df-4894-b91f-4fe160395ce0.wxs.Pindel.aliquot.maf.gz,279baf51-0df6-42c2-b9e0-b67432813719,Annotated Somatic Mutation,Simple Nucleotide Variation,WXS
08ee9950-c530-4f18-ba9a-81f5580bd41c,"[{'case_id': '281f70c5-876f-44b3-84fb-f2302f85e74c', 'submitter_id': 'TCGA-A8-A06Q'}]",efa3e8ff-e825-4fd0-bef7-fdbbc7cd246f.wxs.pindel.raw_somatic_mutation.vcf.gz,08ee9950-c530-4f18-ba9a-81f5580bd41c,Raw Simple Somatic Mutation,Simple Nucleotide Variation,WXS
5832ab07-18cb-4323-845c-684754085956,"[{'case_id': 'd5f2b85a-94a9-4168-bbe8-149ec71342b0', 'submitter_id': 'TCGA-AC-A62V'}]",8f3a1eea-b417-4a3e-a7e9-f64d70b6b34f_wxs_gdc_realn.bam,5832ab07-18cb-4323-845c-684754085956,Aligned Reads,Sequencing Reads,WXS
61f2d405-8a7d-4b24-af0e-390dfedb3e08,"[{'case_id': 'd2219a3f-4c55-4dee-9b08-c6f330dd1acf', 'submitter_id': 'TCGA-AO-A1KQ'}]",c33e4a5e-f54e-48e0-bcbf-4e019e63a352.rna_seq.genomic.gdc_realn.bam,61f2d405-8a7d-4b24-af0e-390dfedb3e08,Aligned Reads,Sequencing Reads,RNA-Seq
0ec0bd4a-8a29-47f4-911a-9234dc95de91,"[{'case_id': '281f70c5-876f-44b3-84fb-f2302f85e74c', 'submitter_id': 'TCGA-A8-A06Q'}]",TCGA-A8-A06Q-01A-01-BS1.3e519802-6b1b-46b6-8e86-0151159873bb.svs,0ec0bd4a-8a29-47f4-911a-9234dc95de91,Slide Image,Biospecimen,Tissue Slide
8440e4ca-78db-4ead-a3c1-ac29fb0b3c09,"[{'case_id': '5cbf0aea-ebb4-4005-bdd5-14ef2dc6826c', 'submitter_id': 'TCGA-A2-A0YM'}]",TCGA-A2-A0YM-01A-21-A13D-20_RPPA_data.tsv,8440e4ca-78db-4ead-a3c1-ac29fb0b3c09,Protein Expression Quantification,Proteome Profiling,Reverse Phase Protein Array
f9d08fb9-034d-47c0-88d7-26e98c99b88b,"[{'case_id': '5cbf0aea-ebb4-4005-bdd5-14ef2dc6826c', 'submitter_id': 'TCGA-A2-A0YM'}]",7fd8ec6e-ad65-46bf-8070-297f61f692de.wxs.varscan2.raw_somatic_mutation.vcf.gz,f9d08fb9-034d-47c0-88d7-26e98c99b88b,Raw Simple Somatic Mutation,Simple Nucleotide Variation,WXS
44838b9d-1610-4830-873a-dcb50d9dc65c,"[{'case_id': '5cbf0aea-ebb4-4005-bdd5-14ef2dc6826c', 'submitter_id': 'TCGA-A2-A0YM'}]",TCGA_BRCA.253f78dc-48a6-49a7-9f90-561381762e2e.wxs.Pindel.somatic_annotation.vcf.gz,44838b9d-1610-4830-873a-dcb50d9dc65c,Annotated Somatic Mutation,Simple Nucleotide Variation,WXS
05137970-839a-4e4b-947c-e6885e8e323c,"[{'case_id': '5cbf0aea-ebb4-4005-bdd5-14ef2dc6826c', 'submitter_id': 'TCGA-A2-A0YM'}]",7fd8ec6e-ad65-46bf-8070-297f61f692de.wxs.muse.raw_somatic_mutation.vcf.gz,05137970-839a-4e4b-947c-e6885e8e323c,Raw Simple Somatic Mutation,Simple Nucleotide Variation,WXS
7d811f0a-77eb-400d-ad61-d58ca38a056a,"[{'case_id': 'd5f2b85a-94a9-4168-bbe8-149ec71342b0', 'submitter_id': 'TCGA-AC-A62V'}]",TCGA-BRCA.938700b3-a62c-4bb7-886f-7b01dc98e33b.ascat2.allelic_specific.seg.txt,7d811f0a-77eb-400d-ad61-d58ca38a056a,Allele-specific Copy Number Segment,Copy Number Variation,Genotyping Array
7a7da117-5380-4c4e-ba1a-33ab38ace7a1,"[{'case_id': '5cbf0aea-ebb4-4005-bdd5-14ef2dc6826c', 'submitter_id': 'TCGA-A2-A0YM'}]",TCGA-BRCA.2ac07a24-b898-4f29-b11a-b1845e750de2.star_fusion.rna_fusion.bedpe,7a7da117-5380-4c4e-ba1a-33ab38ace7a1,Transcript Fusion,Structural Variation,RNA-Seq
0ae3a883-8e93-43fe-b877-0ef43baa4afc,"[{'case_id': 'd2219a3f-4c55-4dee-9b08-c6f330dd1acf', 'submitter_id': 'TCGA-AO-A1KQ'}]",TCGA-AO-A1KQ-01A-21-A17I-20_RPPA_data.tsv,0ae3a883-8e93-43fe-b877-0ef43baa4afc,Protein Expression Quantification,Proteome Profiling,Reverse Phase Protein Array
9a4e7f11-8746-414e-ba09-37288cfc9180,"[{'case_id': 'd2219a3f-4c55-4dee-9b08-c6f330dd1acf', 'submitter_id': 'TCGA-AO-A1KQ'}]",nationwidechildrens.org_biospecimen.TCGA-AO-A1KQ.xml,9a4e7f11-8746-414e-ba09-37288cfc9180,Biospecimen Supplement,Biospecimen,
52e5197d-da5c-4d1f-a96b-70164ea3f2f7,"[{'case_id': 'd2219a3f-4c55-4dee-9b08-c6f330dd1acf', 'submitter_id': 'TCGA-AO-A1KQ'}]",RANDS_p_TCGA_b109_SNP_1N_GenomeWideSNP_6_F07_771876.nocnv_grch38.seg.v2.txt,52e5197d-da5c-4d1f-a96b-70164ea3f2f7,Masked Copy Number Segment,Copy Number Variation,Genotyping Array
25a3d919-f18d-4f00-a192-278d57fd5a7a,"[{'case_id': '5cbf0aea-ebb4-4005-bdd5-14ef2dc6826c', 'submitter_id': 'TCGA-A2-A0YM'}]",8a27980e-a506-4cb3-91f2-3f0e5a19acfe.rna_seq.chimeric.gdc_realn.bam,25a3d919-f18d-4f00-a192-278d57fd5a7a,Aligned Reads,Sequencing Reads,RNA-Seq
114b8ad0-09cb-4ae8-ac66-c7174160e4e0,"[{'case_id': '5cbf0aea-ebb4-4005-bdd5-14ef2dc6826c', 'submitter_id': 'TCGA-A2-A0YM'}]",TCGA-BRCA.b961e6f6-fe0d-46f5-bc87-61e0d3f79dd9.wgs.tumor_normal.gatk4_mutect2.raw_somatic_mutation.vcf.gz,114b8ad0-09cb-4ae8-ac66-c7174160e4e0,Raw Simple Somatic Mutation,Simple Nucleotide Variation,WGS
a8d2fa43-9df8-4cee-bdda-54395f682eb6,"[{'case_id': 'b9c6c069-2a2b-4cc7-a398-dc45c132d979', 'submitter_id': 'TCGA-AC-A8OP'}]",TCGA-AC-A8OP-01A-01-TS1.E2C52B43-51A4-4AE6-8B11-B7DC7392DCC2.svs,a8d2fa43-9df8-4cee-bdda-54395f682eb6,Slide Image,Biospecimen,Tissue Slide
3d0b3b80-92ae-44dc-89fc-2ead925b81a2,"[{'case_id': 'b9c6c069-2a2b-4cc7-a398-dc45c132d979', 'submitter_id': 'TCGA-AC-A8OP'}]",eb44c266-8b8f-4012-ad67-f4ac40698391.rna_seq.augmented_star_gene_counts.tsv,3d0b3b80-92ae-44dc-89fc-2ead925b81a2,Gene Expression Quantification,Transcriptome Profiling,RNA-Seq
512caacc-14f0-4a70-b0cb-570904a0efba,"[{'case_id': 'a947a945-4721-45cc-bc45-13b8ea41c10e', 'submitter_id': 'TCGA-A7-A4SB'}]",6f51034e-ecfb-44df-9160-fb242d842de8_noid_Grn.idat,512caacc-14f0-4a70-b0cb-570904a0efba,Masked Intensities,DNA Methylation,Methylation Array
2ec4eff2-6bc2-432e-bcb8-5ff4630be7c4,"[{'case_id': '332148f5-f070-4c20-8eb1-4d8c0673aa52', 'submitter_id': 'TCGA-D8-A1XU'}]",9e0af093-ee91-4b80-9c46-0ddbc3e660c3.somatic.SV.bedpe,2ec4eff2-6bc2-432e-bcb8-5ff4630be7c4,Structural Rearrangement,Somatic Structural Variation,WGS
7ed78f6b-2056-45b7-bde6-fee6634684fc,"[{'case_id': 'b9c6c069-2a2b-4cc7-a398-dc45c132d979', 'submitter_id': 'TCGA-AC-A8OP'}]",4d3a1a0b-3f79-4a9a-b3f7-60ebad6f2c82.wxs.mutect2.raw_somatic_mutation.vcf.gz,7ed78f6b-2056-45b7-bde6-fee6634684fc,Raw Simple Somatic Mutation,Simple Nucleotide Variation,WXS
bf04a78f-8e54-4123-9a33-775f5d7bca8b,"[{'case_id': 'b9c6c069-2a2b-4cc7-a398-dc45c132d979', 'submitter_id': 'TCGA-AC-A8OP'}]",9a88fe73-316d-442b-b1c8-d61202fb690e.wxs.MuTect2.aliquot.maf.gz,bf04a78f-8e54-4123-9a33-775f5d7bca8b,Annotated Somatic Mutation,Simple Nucleotide Variation,WXS
ef91a253-7c21-49e1-af0c-fecc39b8a7ce,"[{'case_id': '332148f5-f070-4c20-8eb1-4d8c0673aa52', 'submitter_id': 'TCGA-D8-A1XU'}]",TCGA-BRCA.7617acfb-7441-4f73-bab8-db8147fe097b.wgs.varscan2.raw_somatic_mutation.vcf.gz,ef91a253-7c21-49e1-af0c-fecc39b8a7ce,Raw Simple Somatic Mutation,Simple Nucleotide Variation,WGS
bef7ea77-b0d7-4c45-8377-71a59b3aa080,"[{'case_id': '5cbf0aea-ebb4-4005-bdd5-14ef2dc6826c', 'submitter_id': 'TCGA-A2-A0YM'}]",8a27980e-a506-4cb3-91f2-3f0e5a19acfe.rna_seq.star_splice_junctions.tsv.gz,bef7ea77-b0d7-4c45-8377-71a59b3aa080,Splice Junction Quantification,Transcriptome Profiling,RNA-Seq
33c9c76d-b4c3-44a9-9749-e688d3365587,"[{'case_id': '332148f5-f070-4c20-8eb1-4d8c0673aa52', 'submitter_id': 'TCGA-D8-A1XU'}]",1c86497b-f3a6-4bc3-a415-3cc2be22793e.wxs.aliquot_ensemble_raw.maf.gz,33c9c76d-b4c3-44a9-9749-e688d3365587,Aggregated Somatic Mutation,Simple Nucleotide Variation,WXS
0882bc4e-a85a-43dc-ba1c-8cca59d8d6e0,"[{'case_id': 'a947a945-4721-45cc-bc45-13b8ea41c10e', 'submitter_id': 'TCGA-A7-A4SB'}]",7888d0dc-9a75-417a-8dd6-3897de85f24b_wxs_gdc_realn.bam,0882bc4e-a85a-43dc-ba1c-8cca59d8d6e0,Aligned Reads,Sequencing Reads,WXS
ab110d16-c131-4210-89cf-574abd462ce0,"[{'case_id': 'b9c6c069-2a2b-4cc7-a398-dc45c132d979', 'submitter_id': 'TCGA-AC-A8OP'}]",TCGA-BRCA.0a7bfa84-8239-4d2b-8320-3d8a9db2a3ef.gene_level_copy_number.v36.tsv,ab110d16-c131-4210-89cf-574abd462ce0,Gene Level Copy Number,Copy Number Variation,Genotyping Array
a23c4937-9152-4afe-a718-bf85a5b71094,"[{'case_id': '332148f5-f070-4c20-8eb1-4d8c0673aa52', 'submitter_id': 'TCGA-D8-A1XU'}]",BULGY_p_TCGA_bM1_124_SNP_N_GenomeWideSNP_6_E01_780958.nocnv_grch38.seg.v2.txt,a23c4937-9152-4afe-a718-bf85a5b71094,Masked Copy Number Segment,Copy Number Variation,Genotyping Array
4ffbbc7c-57cc-4d3d-91ef-d953c1ee7e2d,"[{'case_id': '5cbf0aea-ebb4-4005-bdd5-14ef2dc6826c', 'submitter_id': 'TCGA-A2-A0YM'}]",TCGA_BRCA.04490bfa-c9a1-4c65-ba61-70f233f04101.wxs.MuSE.somatic_annotation.vcf.gz,4ffbbc7c-57cc-4d3d-91ef-d953c1ee7e2d,Annotated Somatic Mutation,Simple Nucleotide Variation,WXS
ce914dea-4bb3-484e-814b-63c2eb1118ee,"[{'case_id': 'a947a945-4721-45cc-bc45-13b8ea41c10e', 'submitter_id': 'TCGA-A7-A4SB'}]",TCGA_BRCA.0f637251-3fa4-43b5-a45b-9d304c9c7a13.wxs.MuSE.somatic_annotation.vcf.gz,ce914dea-4bb3-484e-814b-63c2eb1118ee,Annotated Somatic Mutation,Simple Nucleotide Variation,WXS
54197c0e-6271-40ef-9211-8b98570de05b,"[{'case_id': '332148f5-f070-4c20-8eb1-4d8c0673aa52', 'submitter_id': 'TCGA-D8-A1XU'}]",5e2b9524-51c0-4d1b-a5ef-7dfdb14ea970.wxs.pindel.raw_somatic_mutation.vcf.gz,54197c0e-6271-40ef-9211-8b98570de05b,Raw Simple Somatic Mutation,Simple Nucleotide Variation,WXS
68422855-b41b-45e7-837d-505052d43976,"[{'case_id': '5cbf0aea-ebb4-4005-bdd5-14ef2dc6826c', 'submitter_id': 'TCGA-A2-A0YM'}]",SHUCK_p_TCGAb74and75_SNP_N_GenomeWideSNP_6_G06_730916.CEL,68422855-b41b-45e7-837d-505052d43976,Raw Intensities,Copy Number Variation,Genotyping Array
cb387e7d-6999-4009-abb4-4a852eb0f832,"[{'case_id': '5cbf0aea-ebb4-4005-bdd5-14ef2dc6826c', 'submitter_id': 'TCGA-A2-A0YM'}]",72e48706-dab3-4933-b6a8-73c5818dc283.wxs.VarScan2.aliquot.maf.gz,cb387e7d-6999-4009-abb4-4a852eb0f832,Annotated Somatic Mutation,Simple Nucleotide Variation,WXS
54aec2bb-244e-4083-a1c6-e25b8fb77fde,"[{'case_id': 'a947a945-4721-45cc-bc45-13b8ea41c10e', 'submitter_id': 'TCGA-A7-A4SB'}]",MOHEL_p_TCGA_271_274_275_N_GenomeWideSNP_6_C09_1320408.grch38.seg.v2.txt,54aec2bb-244e-4083-a1c6-e25b8fb77fde,Copy Number Segment,Copy Number Variation,Genotyping Array
a2b12d88-731d-46a2-96af-cf3803d92e27,"[{'case_id': 'b9c6c069-2a2b-4cc7-a398-dc45c132d979', 'submitter_id': 'TCGA-AC-A8OP'}]",82978eff-30b4-48a0-8806-78d3d8f7ad70_noid_Red.idat,a2b12d88-731d-46a2-96af-cf3803d92e27,Masked Intensities,DNA Methylation,Methylation Array
a496737f-7c7e-4098-890e-07153fe9c09d,"[{'case_id': '332148f5-f070-4c20-8eb1-4d8c0673aa52', 'submitter_id': 'TCGA-D8-A1XU'}]",9e365ec7-4d96-460d-9fed-928f05507fbe.mirbase21.isoforms.quantification.txt,a496737f-7c7e-4098-890e-07153fe9c09d,Isoform Expression Quantification,Transcriptome Profiling,miRNA-Seq
361d9b11-322f-4b6b-a548-c145a096fa01,"[{'case_id': 'b9c6c069-2a2b-4cc7-a398-dc45c132d979', 'submitter_id': 'TCGA-AC-A8OP'}]",eb44c266-8b8f-4012-ad67-f4ac40698391.rna_seq.genomic.gdc_realn.bam,361d9b11-322f-4b6b-a548-c145a096fa01,Aligned Reads,Sequencing Reads,RNA-Seq
d1df9e62-6f54-4006-aee2-e8d456b582ff,"[{'case_id': '5cbf0aea-ebb4-4005-bdd5-14ef2dc6826c', 'submitter_id': 'TCGA-A2-A0YM'}]",TCGA-BRCA.32756a21-d7d2-42ea-8208-d094de13c8ad.arriba.rna_fusion.tsv,d1df9e62-6f54-4006-aee2-e8d456b582ff,Transcript Fusion,Structural Variation,RNA-Seq
e81726dd-e621-4412-b1c4-ad4921cfa8be,"[{'case_id': '332148f5-f070-4c20-8eb1-4d8c0673aa52', 'submitter_id': 'TCGA-D8-A1XU'}]",c5d51944-a8a5-400f-84d0-ca31511b97ad.wgs.gatk4.copy_number_variation.supplementary.tar.gz,e81726dd-e621-4412-b1c4-ad4921cfa8be,Intermediate Analysis Archive,Copy Number Variation,WGS
fa23bda7-74fc-47df-963b-bc1113179c9c,"[{'case_id': 'b9c6c069-2a2b-4cc7-a398-dc45c132d979', 'submitter_id': 'TCGA-AC-A8OP'}]",TCGA_BRCA.2ba08b98-69c5-46a2-8aab-a252ddebc60e.wgs.VarScan2.somatic_annotation.vcf.gz,fa23bda7-74fc-47df-963b-bc1113179c9c,Annotated Somatic Mutation,Simple Nucleotide Variation,WGS
2bb47642-03e8-4806-8934-90528136b9c4,"[{'case_id': '5cbf0aea-ebb4-4005-bdd5-14ef2dc6826c', 'submitter_id': 'TCGA-A2-A0YM'}]",SHUCK_p_TCGAb74and75_SNP_N_GenomeWideSNP_6_C02_730904.CEL,2bb47642-03e8-4806-8934-90528136b9c4,Raw Intensities,Copy Number Variation,Genotyping Array
80a7e702-cdb2-42a2-8395-1ed41149a2e2,"[{'case_id': 'b9c6c069-2a2b-4cc7-a398-dc45c132d979', 'submitter_id': 'TCGA-AC-A8OP'}]",aaf561d2-747d-421f-a42c-ec48c58d1006.svaba.somatic.sv.vcf.gz,80a7e702-cdb2-42a2-8395-1ed41149a2e2,Structural Rearrangement,Somatic Structural Variation,WGS
52f4cb6c-d5b2-4e12-b664-22e85c4ad780,"[{'case_id': '5cbf0aea-ebb4-4005-bdd5-14ef2dc6826c', 'submitter_id': 'TCGA-A2-A0YM'}]",TCGA-A2-A0YM-01Z-00-DX1.A48B4C96-2CC5-464C-98B7-F0F92AE56533.svs,52f4cb6c-d5b2-4e12-b664-22e85c4ad780,Slide Image,Biospecimen,Diagnostic Slide
0d6ee2bf-b821-434c-ba5d-a73a9e27f159,"[{'case_id': 'b9c6c069-2a2b-4cc7-a398-dc45c132d979', 'submitter_id': 'TCGA-AC-A8OP'}]",b03d6309-cf50-4e2c-bb9b-e5630960858b.mirbase21.mirnas.quantification.txt,0d6ee2bf-b821-434c-ba5d-a73a9e27f159,miRNA Expression Quantification,Transcriptome Profiling,miRNA-Seq
997dbd8f-9f16-4fc2-8627-d29ee0d74ebe,"[{'case_id': 'b9c6c069-2a2b-4cc7-a398-dc45c132d979', 'submitter_id': 'TCGA-AC-A8OP'}]",TCGA-AC-A8OP-01Z-00-DX1.A2AF501D-7DCD-4BE7-93A4-EBCAF0C0D54E.svs,997dbd8f-9f16-4fc2-8627-d29ee0d74ebe,Slide Image,Biospecimen,Diagnostic Slide
68a2a09f-f9bb-45a2-b986-3f3f37007593,"[{'case_id': '332148f5-f070-4c20-8eb1-4d8c0673aa52', 'submitter_id': 'TCGA-D8-A1XU'}]",BULGY_p_TCGA_bM1_124_SNP_N_GenomeWideSNP_6_E01_780958.birdseed.data.txt,68a2a09f-f9bb-45a2-b986-3f3f37007593,Simple Germline Variation,Simple Nucleotide Variation,Genotyping Array
d644d571-f134-48e0-a9fc-9bc03988aac1,"[{'case_id': 'b9c6c069-2a2b-4cc7-a398-dc45c132d979', 'submitter_id': 'TCGA-AC-A8OP'}]",HEIGH_p_TCGAb418_19_21_BCR_NSP_GenomeWideSNP_6_G03_1485768.CEL,d644d571-f134-48e0-a9fc-9bc03988aac1,Raw Intensities,Copy Number Variation,Genotyping Array
d4aed784-95a3-41b0-b27f-84bb8906feb9,"[{'case_id': '332148f5-f070-4c20-8eb1-4d8c0673aa52', 'submitter_id': 'TCGA-D8-A1XU'}]",TCGA-D8-A1XU-01A-11D-A899-36.WholeGenome.RP-1657.bam,d4aed784-95a3-41b0-b27f-84bb8906feb9,Aligned Reads,Sequencing Reads,WGS
4c544fc5-9a96-4e89-bb01-797692a48967,"[{'case_id': '332148f5-f070-4c20-8eb1-4d8c0673aa52', 'submitter_id': 'TCGA-D8-A1XU'}]",1c86497b-f3a6-4bc3-a415-3cc2be22793e.wxs.aliquot_ensemble_masked.maf.gz,4c544fc5-9a96-4e89-bb01-797692a48967,Masked Somatic Mutation,Simple Nucleotide Variation,WXS
f5014bfb-c6c2-4252-ac18-83dd8f5fc3a3,"[{'case_id': '332148f5-f070-4c20-8eb1-4d8c0673aa52', 'submitter_id': 'TCGA-D8-A1XU'}]",fa1b44dd-3960-4ce1-be3c-2e2e0e7ece66_noid_Red.idat,f5014bfb-c6c2-4252-ac18-83dd8f5fc3a3,Masked Intensities,DNA Methylation,Methylation Array
2cd4820b-b104-4bcd-801c-d19cb0b749ba,"[{'case_id': '332148f5-f070-4c20-8eb1-4d8c0673aa52', 'submitter_id': 'TCGA-D8-A1XU'}]",fa1b44dd-3960-4ce1-be3c-2e2e0e7ece66.methylation_array.sesame.level3betas.txt,2cd4820b-b104-4bcd-801c-d19cb0b749ba,Methylation Beta Value,DNA Methylation,Methylation Array
67f9151a-cefb-4530-ad08-7cd13faead19,"[{'case_id': 'b9c6c069-2a2b-4cc7-a398-dc45c132d979', 'submitter_id': 'TCGA-AC-A8OP'}]",1f9347ff-4a82-413d-8ac4-adad8b80c8ce.wxs.aliquot_ensemble_raw.maf.gz,67f9151a-cefb-4530-ad08-7cd13faead19,Aggregated Somatic Mutation,Simple Nucleotide Variation,WXS
f80488b8-0642-4364-b079-06809ee89841,"[{'case_id': '28e9048a-e540-42de-a1f4-4ef894fccc4c', 'submitter_id': 'TCGA-AR-A24Q'}]",EXINE_p_TCGA_b142_SNP_N_GenomeWideSNP_6_C04_802476.birdseed.data.txt,f80488b8-0642-4364-b079-06809ee89841,Simple Germline Variation,Simple Nucleotide Variation,Genotyping Array
b6f98e40-db17-4067-ac24-4a47475b6f47,"[{'case_id': 'b9c6c069-2a2b-4cc7-a398-dc45c132d979', 'submitter_id': 'TCGA-AC-A8OP'}]",TCGA-AC-A8OP-01A-11D-A89F-36.WholeGenome.RP-1657.bam,b6f98e40-db17-4067-ac24-4a47475b6f47,Aligned Reads,Sequencing Reads,WGS
6d943707-a36c-4a03-8d3f-81102f02eae6,"[{'case_id': '5cbf0aea-ebb4-4005-bdd5-14ef2dc6826c', 'submitter_id': 'TCGA-A2-A0YM'}]",7fd8ec6e-ad65-46bf-8070-297f61f692de.wxs.mutect2.raw_somatic_mutation.vcf.gz,6d943707-a36c-4a03-8d3f-81102f02eae6,Raw Simple Somatic Mutation,Simple Nucleotide Variation,WXS
31da33b5-44af-4ea8-a5eb-9af81f16b08c,"[{'case_id': 'b9c6c069-2a2b-4cc7-a398-dc45c132d979', 'submitter_id': 'TCGA-AC-A8OP'}]",TCGA-AC-A8OP-01A-11R-A36A-13_mirna_gdc_realn.bam,31da33b5-44af-4ea8-a5eb-9af81f16b08c,Aligned Reads,Sequencing Reads,miRNA-Seq
528648e7-65c7-4125-89c6-da19a1c40498,"[{'case_id': '28e9048a-e540-42de-a1f4-4ef894fccc4c', 'submitter_id': 'TCGA-AR-A24Q'}]",TCGA_BRCA.1b72eed7-cf45-4cfc-89a6-ac7891122381.wgs.VarScan2.somatic_annotation.vcf.gz,528648e7-65c7-4125-89c6-da19a1c40498,Annotated Somatic Mutation,Simple Nucleotide Variation,WGS
4006e93d-b1e6-44fd-93fd-8fb7e18fa169,"[{'case_id': '332148f5-f070-4c20-8eb1-4d8c0673aa52', 'submitter_id': 'TCGA-D8-A1XU'}]",TCGA_BRCA.b4ea12d3-5072-404b-aa7a-61efda58f937.wxs.VarScan2.somatic_annotation.vcf.gz,4006e93d-b1e6-44fd-93fd-8fb7e18fa169,Annotated Somatic Mutation,Simple Nucleotide Variation,WXS
2a6de8cb-1126-490c-9f33-a72eecdf1642,"[{'case_id': 'b9c6c069-2a2b-4cc7-a398-dc45c132d979', 'submitter_id': 'TCGA-AC-A8OP'}]",HEIGH_p_TCGAb418_19_21_BCR_NSP_GenomeWideSNP_6_G03_1485768.birdseed.data.txt,2a6de8cb-1126-490c-9f33-a72eecdf1642,Simple Germline Variation,Simple Nucleotide Variation,Genotyping Array
92917b1a-7e74-490a-9b5b-e3e1c2306d12,"[{'case_id': '28e9048a-e540-42de-a1f4-4ef894fccc4c', 'submitter_id': 'TCGA-AR-A24Q'}]",TCGA-BRCA.03c082a6-735b-46d8-853a-e70ddcf757a0.wgs.varscan2.raw_somatic_mutation.vcf.gz,92917b1a-7e74-490a-9b5b-e3e1c2306d12,Raw Simple Somatic Mutation,Simple Nucleotide Variation,WGS
a7582555-4cfa-462d-837b-924d3b51f7c6,"[{'case_id': 'b9c6c069-2a2b-4cc7-a398-dc45c132d979', 'submitter_id': 'TCGA-AC-A8OP'}]",HEIGH_p_TCGAb418_19_21_BCR_NSP_GenomeWideSNP_6_G03_1485768.grch38.seg.v2.txt,a7582555-4cfa-462d-837b-924d3b51f7c6,Copy Number Segment,Copy Number Variation,Genotyping Array
dfbea839-0635-4d77-ad5f-9a783e488f24,"[{'case_id': '28e9048a-e540-42de-a1f4-4ef894fccc4c', 'submitter_id': 'TCGA-AR-A24Q'}]",TCGA_BRCA.41ebeff1-18d3-4bb0-9603-d9102f0cbdb9.wxs.VarScan2.somatic_annotation.vcf.gz,dfbea839-0635-4d77-ad5f-9a783e488f24,Annotated Somatic Mutation,Simple Nucleotide Variation,WXS
2fbfa632-bdd7-4a48-87ed-be96ba476310,"[{'case_id': '332148f5-f070-4c20-8eb1-4d8c0673aa52', 'submitter_id': 'TCGA-D8-A1XU'}]",TCGA-BRCA.06e0a86d-b792-4a85-829b-873660794399.star_fusion.rna_fusion.tsv,2fbfa632-bdd7-4a48-87ed-be96ba476310,Transcript Fusion,Structural Variation,RNA-Seq
b63ee3d2-d631-4a0d-a8f3-024776f6275b,"[{'case_id': 'b9c6c069-2a2b-4cc7-a398-dc45c132d979', 'submitter_id': 'TCGA-AC-A8OP'}]",d9e41860-8a34-422d-90e6-78688fd97f2a.somatic.SV.bedpe,b63ee3d2-d631-4a0d-a8f3-024776f6275b,Structural Rearrangement,Somatic Structural Variation,WGS
f3172803-f446-4935-a742-e72e0fcf7899,"[{'case_id': '5cbf0aea-ebb4-4005-bdd5-14ef2dc6826c', 'submitter_id': 'TCGA-A2-A0YM'}]",TCGA-A2-A0YM.E1D8F2CB-25F1-49E0-92D3-132DCA8FD533.PDF,f3172803-f446-4935-a742-e72e0fcf7899,Pathology Report,Clinical,
0c9be279-47d1-432e-a241-2bbb88c9db17,"[{'case_id': '5cbf0aea-ebb4-4005-bdd5-14ef2dc6826c', 'submitter_id': 'TCGA-A2-A0YM'}]",TCGA-A2-A0YM-10A-01D-A894-36.WholeGenome.RP-1657.bam,0c9be279-47d1-432e-a241-2bbb88c9db17,Aligned Reads,Sequencing Reads,WGS
5cce30f3-99ae-4959-987a-0d280dc2ec44,"[{'case_id': '28e9048a-e540-42de-a1f4-4ef894fccc4c', 'submitter_id': 'TCGA-AR-A24Q'}]",2dd0b954-db3e-402d-9c06-6160e199dedb.rna_seq.augmented_star_gene_counts.tsv,5cce30f3-99ae-4959-987a-0d280dc2ec44,Gene Expression Quantification,Transcriptome Profiling,RNA-Seq
bd004d36-7335-4535-9bfa-2dcc99a6ba35,"[{'case_id': '332148f5-f070-4c20-8eb1-4d8c0673aa52', 'submitter_id': 'TCGA-D8-A1XU'}]",BULGY_p_TCGA_bM1_124_SNP_N_GenomeWideSNP_6_A05_780896.CEL,bd004d36-7335-4535-9bfa-2dcc99a6ba35,Raw Intensities,Copy Number Variation,Genotyping Array
9a3466e7-a01b-4786-bd1e-258ed8593657,"[{'case_id': 'b9c6c069-2a2b-4cc7-a398-dc45c132d979', 'submitter_id': 'TCGA-AC-A8OP'}]",4d3a1a0b-3f79-4a9a-b3f7-60ebad6f2c82.wxs.muse.raw_somatic_mutation.vcf.gz,9a3466e7-a01b-4786-bd1e-258ed8593657,Raw Simple Somatic Mutation,Simple Nucleotide Variation,WXS
b70957ff-4987-4608-8025-7715d2babfca,"[{'case_id': '5cbf0aea-ebb4-4005-bdd5-14ef2dc6826c', 'submitter_id': 'TCGA-A2-A0YM'}]",ffa61136-a1f5-49c1-a70b-7a4e15cb046a.svaba.somatic.sv.vcf.gz,b70957ff-4987-4608-8025-7715d2babfca,Structural Rearrangement,Somatic Structural Variation,WGS
ddeb1445-08ae-441c-9f2a-4647df1b4ed6,"[{'case_id': '332148f5-f070-4c20-8eb1-4d8c0673aa52', 'submitter_id': 'TCGA-D8-A1XU'}]",5cc4350c-416e-4f2c-be73-12af68ad1ee4.rna_seq.augmented_star_gene_counts.tsv,ddeb1445-08ae-441c-9f2a-4647df1b4ed6,Gene Expression Quantification,Transcriptome Profiling,RNA-Seq
7a57f6ca-7b02-4eed-8709-036fbcb5746e,"[{'case_id': '28e9048a-e540-42de-a1f4-4ef894fccc4c', 'submitter_id': 'TCGA-AR-A24Q'}]",TCGA-AR-A24Q-01Z-00-DX1.69DC7E35-DC0D-4F20-88DA-04C25F28628C.svs,7a57f6ca-7b02-4eed-8709-036fbcb5746e,Slide Image,Biospecimen,Diagnostic Slide
68d88e7b-435c-49fe-b841-f955823c7c87,"[{'case_id': '9435447e-d65f-408b-863b-6576b1d652dd', 'submitter_id': 'TCGA-AO-A03N'}]",TCGA-AO-A03N.44527CD3-6EC3-4861-8394-CEA005A17A9E.PDF,68d88e7b-435c-49fe-b841-f955823c7c87,Pathology Report,Clinical,
8bd40984-e585-4433-a8e1-cc9aad4022ce,"[{'case_id': '332148f5-f070-4c20-8eb1-4d8c0673aa52', 'submitter_id': 'TCGA-D8-A1XU'}]",5cc4350c-416e-4f2c-be73-12af68ad1ee4.rna_seq.chimeric.gdc_realn.bam,8bd40984-e585-4433-a8e1-cc9aad4022ce,Aligned Reads,Sequencing Reads,RNA-Seq
d26a3958-98e0-454b-a52f-66be6d8205fe,"[{'case_id': '28e9048a-e540-42de-a1f4-4ef894fccc4c', 'submitter_id': 'TCGA-AR-A24Q'}]",3deb4217-bed9-4d6d-a157-99273552e828.wxs.varscan2.raw_somatic_mutation.vcf.gz,d26a3958-98e0-454b-a52f-66be6d8205fe,Raw Simple Somatic Mutation,Simple Nucleotide Variation,WXS
e3944bd2-c2e5-4227-83fe-5ff0ea728e6d,"[{'case_id': '1c40b84e-a0e3-429f-a48c-21566cf881c0', 'submitter_id': 'TCGA-D8-A143'}]",f0024165-4df2-454e-a0cb-17720455c0c9.rna_seq.transcriptome.gdc_realn.bam,e3944bd2-c2e5-4227-83fe-5ff0ea728e6d,Aligned Reads,Sequencing Reads,RNA-Seq
f8f52dd7-0877-4047-a8d9-e278c94397bb,"[{'case_id': '0491063c-14a7-4104-8002-1459126332f3', 'submitter_id': 'TCGA-B6-A0IK'}]",f07c0848-962e-47ab-a8de-f1cda828dddc.wxs.muse.raw_somatic_mutation.vcf.gz,f8f52dd7-0877-4047-a8d9-e278c94397bb,Raw Simple Somatic Mutation,Simple Nucleotide Variation,WXS
f2aa207f-bb70-475c-ab94-5016d12568dd,"[{'case_id': '28e9048a-e540-42de-a1f4-4ef894fccc4c', 'submitter_id': 'TCGA-AR-A24Q'}]",b8cf5e85-780f-4f15-9cc6-8760368d2ca0.svaba.somatic.sv.vcf.gz,f2aa207f-bb70-475c-ab94-5016d12568dd,Structural Rearrangement,Somatic Structural Variation,WGS
820d12d0-035c-4d15-a161-5a4704623b2d,"[{'case_id': '1c40b84e-a0e3-429f-a48c-21566cf881c0', 'submitter_id': 'TCGA-D8-A143'}]",e816930f-be4b-4a7a-9236-9732a6d3a97b.svaba.somatic.sv.vcf.gz,820d12d0-035c-4d15-a161-5a4704623b2d,Structural Rearrangement,Somatic Structural Variation,WGS
59d2c6a3-6ccf-410b-b8b0-ea26f9d7bf50,"[{'case_id': '28e9048a-e540-42de-a1f4-4ef894fccc4c', 'submitter_id': 'TCGA-AR-A24Q'}]",2dd0b954-db3e-402d-9c06-6160e199dedb.rna_seq.genomic.gdc_realn.bam,59d2c6a3-6ccf-410b-b8b0-ea26f9d7bf50,Aligned Reads,Sequencing Reads,RNA-Seq
91861197-e8e2-4bae-998e-3a52254e98b5,"[{'case_id': '0491063c-14a7-4104-8002-1459126332f3', 'submitter_id': 'TCGA-B6-A0IK'}]",efbe7d9d-d6bd-460f-a13d-73ffdfe5f50a_noid_Grn.idat,91861197-e8e2-4bae-998e-3a52254e98b5,Masked Intensities,DNA Methylation,Methylation Array
f5ad315f-5950-4533-9641-f5f740661411,"[{'case_id': '0491063c-14a7-4104-8002-1459126332f3', 'submitter_id': 'TCGA-B6-A0IK'}]",efbe7d9d-d6bd-460f-a13d-73ffdfe5f50a_noid_Red.idat,f5ad315f-5950-4533-9641-f5f740661411,Masked Intensities,DNA Methylation,Methylation Array
2251f3bd-8d4f-4acb-8151-8a994da2df0d,"[{'case_id': '0491063c-14a7-4104-8002-1459126332f3', 'submitter_id': 'TCGA-B6-A0IK'}]",BITES_p_TCGAb61_SNP_S_GenomeWideSNP_6_F06_697022.grch38.seg.v2.txt,2251f3bd-8d4f-4acb-8151-8a994da2df0d,Copy Number Segment,Copy Number Variation,Genotyping Array
f575561d-241b-463e-a8ab-03fcc167fee0,"[{'case_id': '1c40b84e-a0e3-429f-a48c-21566cf881c0', 'submitter_id': 'TCGA-D8-A143'}]",TCGA-BRCA.c402db6c-7320-4793-ab0a-e901c47d283d.arriba.rna_fusion.bedpe,f575561d-241b-463e-a8ab-03fcc167fee0,Transcript Fusion,Structural Variation,RNA-Seq
1e63c687-2657-433c-b339-72818d5b7c85,"[{'case_id': '0491063c-14a7-4104-8002-1459126332f3', 'submitter_id': 'TCGA-B6-A0IK'}]",0c9e5211-39c9-4969-b962-237ed109069c.wxs.aliquot_ensemble_masked.maf.gz,1e63c687-2657-433c-b339-72818d5b7c85,Masked Somatic Mutation,Simple Nucleotide Variation,WXS
7474022f-7c31-4275-aa89-c4ee8a3a7389,"[{'case_id': '1c40b84e-a0e3-429f-a48c-21566cf881c0', 'submitter_id': 'TCGA-D8-A143'}]",8d0d6fa1-8ec4-4edb-9251-c69655dde336.wxs.pindel.raw_somatic_mutation.vcf.gz,7474022f-7c31-4275-aa89-c4ee8a3a7389,Raw Simple Somatic Mutation,Simple Nucleotide Variation,WXS
020bf64b-bd30-4fa5-af30-15136ef5f1f5,"[{'case_id': '0491063c-14a7-4104-8002-1459126332f3', 'submitter_id': 'TCGA-B6-A0IK'}]",nationwidechildrens.org_ssf.TCGA-B6-A0IK.xml,020bf64b-bd30-4fa5-af30-15136ef5f1f5,Biospecimen Supplement,Biospecimen,
43f00a9a-f499-4491-9b37-8add22fed677,"[{'case_id': '9435447e-d65f-408b-863b-6576b1d652dd', 'submitter_id': 'TCGA-AO-A03N'}]",fb4526f0-ee99-46aa-a0df-f125a460b0a3.wgs.ASCAT.copy_number_variation.seg.txt,43f00a9a-f499-4491-9b37-8add22fed677,Allele-specific Copy Number Segment,Copy Number Variation,WGS
23bd4f44-721c-4943-a15a-27ee1374c2e3,"[{'case_id': '1c40b84e-a0e3-429f-a48c-21566cf881c0', 'submitter_id': 'TCGA-D8-A143'}]",GHOUL_p_TCGASNP_b85and51R_N_GenomeWideSNP_6_E05_735324.CEL,23bd4f44-721c-4943-a15a-27ee1374c2e3,Raw Intensities,Copy Number Variation,Genotyping Array
43fb8427-7652-469f-bbd7-fcd48537a23c,"[{'case_id': '1c40b84e-a0e3-429f-a48c-21566cf881c0', 'submitter_id': 'TCGA-D8-A143'}]",GHOUL_p_TCGASNP_b85and51R_N_GenomeWideSNP_6_C05_735300.nocnv_grch38.seg.v2.txt,43fb8427-7652-469f-bbd7-fcd48537a23c,Masked Copy Number Segment,Copy Number Variation,Genotyping Array
aa18ab89-5a9c-4a41-ad5b-8bff9eb6b455,"[{'case_id': '0491063c-14a7-4104-8002-1459126332f3', 'submitter_id': 'TCGA-B6-A0IK'}]",TCGA-B6-A0IK-01A-01-TSA.6408a936-e47e-4497-8e83-8b952cbe1fd6.svs,aa18ab89-5a9c-4a41-ad5b-8bff9eb6b455,Slide Image,Biospecimen,Tissue Slide
ddbee41d-7726-4ac0-a74f-b514860c5a13,"[{'case_id': '9435447e-d65f-408b-863b-6576b1d652dd', 'submitter_id': 'TCGA-AO-A03N'}]",TCGA-BRCA.a6389502-fd97-4d69-8129-75b1b933239a.wgs.tumor_normal.gatk4_mutect2.raw_somatic_mutation.vcf.gz,ddbee41d-7726-4ac0-a74f-b514860c5a13,Raw Simple Somatic Mutation,Simple Nucleotide Variation,WGS
dce44d7d-6738-4a47-8e4e-e50719fb394c,"[{'case_id': '28e9048a-e540-42de-a1f4-4ef894fccc4c', 'submitter_id': 'TCGA-AR-A24Q'}]",9b58075b-3fe2-4821-b2ea-1ff0f0fb7ac2.wxs.aliquot_ensemble_raw.maf.gz,dce44d7d-6738-4a47-8e4e-e50719fb394c,Aggregated Somatic Mutation,Simple Nucleotide Variation,WXS
60ac2d2c-d8dc-400b-b075-b0df7e66db3f,"[{'case_id': '1c40b84e-a0e3-429f-a48c-21566cf881c0', 'submitter_id': 'TCGA-D8-A143'}]",TCGA-BRCA.a96a7863-2705-4fa4-991e-367c1bc55f25.star_fusion.rna_fusion.tsv,60ac2d2c-d8dc-400b-b075-b0df7e66db3f,Transcript Fusion,Structural Variation,RNA-Seq
5c0579f7-6184-4afa-805c-7aeec4a4c5d2,"[{'case_id': '9435447e-d65f-408b-863b-6576b1d652dd', 'submitter_id': 'TCGA-AO-A03N'}]",7c9a2493-5667-48ec-8998-81e13722b4ab.rna_seq.augmented_star_gene_counts.tsv,5c0579f7-6184-4afa-805c-7aeec4a4c5d2,Gene Expression Quantification,Transcriptome Profiling,RNA-Seq
5d6cba02-60ad-4afd-bb41-699fad2c21f4,"[{'case_id': '8631969d-4ac6-4fe1-9db3-d47db604494a', 'submitter_id': 'TCGA-E9-A1R2'}]",2b67c3b5-330e-41e4-95cf-028d37fe91e1.rna_seq.transcriptome.gdc_realn.bam,5d6cba02-60ad-4afd-bb41-699fad2c21f4,Aligned Reads,Sequencing Reads,RNA-Seq
6f163c50-7855-457b-84ff-397a095c31ae,"[{'case_id': '8631969d-4ac6-4fe1-9db3-d47db604494a', 'submitter_id': 'TCGA-E9-A1R2'}]",TCGA_BRCA.a7bce878-f07a-49b7-9387-c0e46f61eacc.wgs.VarScan2.somatic_annotation.vcf.gz,6f163c50-7855-457b-84ff-397a095c31ae,Annotated Somatic Mutation,Simple Nucleotide Variation,WGS
ac731c2c-f4a7-4d3e-b2bb-31bba2f1fe86,"[{'case_id': 'd2694b09-7844-4496-865c-5d3d8cd03330', 'submitter_id': 'TCGA-D8-A1XB'}]",48077485-61e6-4d16-a74c-ee216a9455f1.rna_seq.star_splice_junctions.tsv.gz,ac731c2c-f4a7-4d3e-b2bb-31bba2f1fe86,Splice Junction Quantification,Transcriptome Profiling,RNA-Seq
171abf6e-7ae4-4b30-b137-af268fc0d201,"[{'case_id': '7588a286-6935-424a-bc5f-92e24c83eb37', 'submitter_id': 'TCGA-B6-A0WV'}]",TCGA_BRCA.c326e5fa-9e61-4f52-b863-22cba0af69c0.wxs.MuSE.somatic_annotation.vcf.gz,171abf6e-7ae4-4b30-b137-af268fc0d201,Annotated Somatic Mutation,Simple Nucleotide Variation,WXS
64dabe14-f504-44a8-b3e1-ecbece15b7f1,"[{'case_id': '0d146997-cfdc-4587-888c-e876fc455c80', 'submitter_id': 'TCGA-A2-A4RW'}]",508e541e-c751-42cd-8f8c-a57a835daf1b.rna_seq.chimeric.gdc_realn.bam,64dabe14-f504-44a8-b3e1-ecbece15b7f1,Aligned Reads,Sequencing Reads,RNA-Seq
be107dd9-4631-4617-ac06-136c2a5a4f2c,"[{'case_id': '8631969d-4ac6-4fe1-9db3-d47db604494a', 'submitter_id': 'TCGA-E9-A1R2'}]",TCGA-BRCA.2e6cebd3-ce33-4553-a190-ac2dd9bcf91a.ascat3.allelic_specific.seg.txt,be107dd9-4631-4617-ac06-136c2a5a4f2c,Allele-specific Copy Number Segment,Copy Number Variation,Genotyping Array
65a49f6c-344d-42e9-82f0-dfa7b4d40536,"[{'case_id': '7588a286-6935-424a-bc5f-92e24c83eb37', 'submitter_id': 'TCGA-B6-A0WV'}]",nationwidechildrens.org_biospecimen.TCGA-B6-A0WV.xml,65a49f6c-344d-42e9-82f0-dfa7b4d40536,Biospecimen Supplement,Biospecimen,
bb0dabbf-5b77-4d67-9237-a5c020a5cd86,"[{'case_id': '0d146997-cfdc-4587-888c-e876fc455c80', 'submitter_id': 'TCGA-A2-A4RW'}]",TCGA-BRCA.82aeac9e-e169-41dc-8580-4165d4ea0ac9.ascat3.allelic_specific.seg.txt,bb0dabbf-5b77-4d67-9237-a5c020a5cd86,Allele-specific Copy Number Segment,Copy Number Variation,Genotyping Array
f8fc8c11-8e51-4111-8042-02e9f8bcbb12,"[{'case_id': '0d146997-cfdc-4587-888c-e876fc455c80', 'submitter_id': 'TCGA-A2-A4RW'}]",76e9cd4b-3d5b-4e4c-b706-a8d15ce8d513_noid_Grn.idat,f8fc8c11-8e51-4111-8042-02e9f8bcbb12,Masked Intensities,DNA Methylation,Methylation Array
4a4dbcac-5ee2-4532-a941-489ccadf7e9c,"[{'case_id': '0d146997-cfdc-4587-888c-e876fc455c80', 'submitter_id': 'TCGA-A2-A4RW'}]",TCGA-A2-A4RW-01A-21D-A89C-36.WholeGenome.RP-1657.cr.igv.reheader.seg.txt,4a4dbcac-5ee2-4532-a941-489ccadf7e9c,Copy Number Segment,Copy Number Variation,WGS
c8a178ce-cb30-4839-9a51-1e017b05c112,"[{'case_id': '8631969d-4ac6-4fe1-9db3-d47db604494a', 'submitter_id': 'TCGA-E9-A1R2'}]",2b67c3b5-330e-41e4-95cf-028d37fe91e1.rna_seq.star_splice_junctions.tsv.gz,c8a178ce-cb30-4839-9a51-1e017b05c112,Splice Junction Quantification,Transcriptome Profiling,RNA-Seq
a5b84a29-83e6-4d9d-a718-daca16b1b267,"[{'case_id': 'd2694b09-7844-4496-865c-5d3d8cd03330', 'submitter_id': 'TCGA-D8-A1XB'}]",93055ecd-4d9a-454d-8c25-b91df2ba0090.wxs.varscan2.raw_somatic_mutation.vcf.gz,a5b84a29-83e6-4d9d-a718-daca16b1b267,Raw Simple Somatic Mutation,Simple Nucleotide Variation,WXS
16fb300f-44b1-4e58-92c7-73f3264f51ae,"[{'case_id': '8631969d-4ac6-4fe1-9db3-d47db604494a', 'submitter_id': 'TCGA-E9-A1R2'}]",CHEEP_p_TCGA_b120_121_SNP_N_GenomeWideSNP_6_G08_777668.nocnv_grch38.seg.v2.txt,16fb300f-44b1-4e58-92c7-73f3264f51ae,Masked Copy Number Segment,Copy Number Variation,Genotyping Array
fc0ba185-2ecd-442b-90ec-1ac33d6fe104,"[{'case_id': 'd2694b09-7844-4496-865c-5d3d8cd03330', 'submitter_id': 'TCGA-D8-A1XB'}]",CHEEP_p_TCGA_b120_121_SNP_N_GenomeWideSNP_6_C09_777692.grch38.seg.v2.txt,fc0ba185-2ecd-442b-90ec-1ac33d6fe104,Copy Number Segment,Copy Number Variation,Genotyping Array
5ab9bb78-d1ad-430e-9603-ce88d4352a92,"[{'case_id': '7588a286-6935-424a-bc5f-92e24c83eb37', 'submitter_id': 'TCGA-B6-A0WV'}]",TCGA-B6-A0WV-01Z-00-DX1.A8B9E114-A8CF-4389-B47C-2E1B842F7FF9.svs,5ab9bb78-d1ad-430e-9603-ce88d4352a92,Slide Image,Biospecimen,Diagnostic Slide
4026be3a-8e5d-4cea-a9a1-21708aa28539,"[{'case_id': 'd2694b09-7844-4496-865c-5d3d8cd03330', 'submitter_id': 'TCGA-D8-A1XB'}]",TCGA_BRCA.1fd7a327-aa99-46c3-940a-18b87239cc75.wgs.GATK4_MuTect2_Pair.somatic_annotation.vcf.gz,4026be3a-8e5d-4cea-a9a1-21708aa28539,Annotated Somatic Mutation,Simple Nucleotide Variation,WGS
b615d054-2bdc-47b4-b468-adb360d98e43,"[{'case_id': 'd2694b09-7844-4496-865c-5d3d8cd03330', 'submitter_id': 'TCGA-D8-A1XB'}]",TCGA-D8-A1XB-01A-11R-A14C-13_mirna_gdc_realn.bam,b615d054-2bdc-47b4-b468-adb360d98e43,Aligned Reads,Sequencing Reads,miRNA-Seq
163f9503-fb83-4018-9d70-c33f3d5bc302,"[{'case_id': '8631969d-4ac6-4fe1-9db3-d47db604494a', 'submitter_id': 'TCGA-E9-A1R2'}]",b321a2d9-5345-4891-b450-bfd696c6cfb0_wxs_gdc_realn.bam,163f9503-fb83-4018-9d70-c33f3d5bc302,Aligned Reads,Sequencing Reads,WXS
650d4f95-9df7-4f07-ab28-c70536856bec,"[{'case_id': '8631969d-4ac6-4fe1-9db3-d47db604494a', 'submitter_id': 'TCGA-E9-A1R2'}]",94317ce9-ac0e-4b99-9300-6c6f4b64349d.wgs.gatk4.copy_number_variation.supplementary.tar.gz,650d4f95-9df7-4f07-ab28-c70536856bec,Intermediate Analysis Archive,Copy Number Variation,WGS
f0560cee-0db5-45cc-a69f-53e337e62b2b,"[{'case_id': '0d146997-cfdc-4587-888c-e876fc455c80', 'submitter_id': 'TCGA-A2-A4RW'}]",f002f514-2bb1-42ff-aa05-d20097dafd04.wgs.gatk4.copy_number_variation.supplementary.tar.gz,f0560cee-0db5-45cc-a69f-53e337e62b2b,Intermediate Analysis Archive,Copy Number Variation,WGS
92ca1d3e-b5e3-4c17-8d6c-becfe18b81f0,"[{'case_id': '0d146997-cfdc-4587-888c-e876fc455c80', 'submitter_id': 'TCGA-A2-A4RW'}]",nationwidechildrens.org_clinical.TCGA-A2-A4RW.xml,92ca1d3e-b5e3-4c17-8d6c-becfe18b81f0,Clinical Supplement,Clinical,
716607f8-1161-4af8-8efc-8258fc8bea88,"[{'case_id': 'd2694b09-7844-4496-865c-5d3d8cd03330', 'submitter_id': 'TCGA-D8-A1XB'}]",TCGA-BRCA.0eae4d42-893c-48ff-b1a3-52ae7d1220ce.ascat3.allelic_specific.seg.txt,716607f8-1161-4af8-8efc-8258fc8bea88,Allele-specific Copy Number Segment,Copy Number Variation,Genotyping Array
fd4f1a8d-6208-45ee-aa98-3e1bb7e74d51,"[{'case_id': '8631969d-4ac6-4fe1-9db3-d47db604494a', 'submitter_id': 'TCGA-E9-A1R2'}]",nationwidechildrens.org_clinical.TCGA-E9-A1R2.xml,fd4f1a8d-6208-45ee-aa98-3e1bb7e74d51,Clinical Supplement,Clinical,
95a78ad1-bb13-4636-9519-8bdf4a5d4b6d,"[{'case_id': '7588a286-6935-424a-bc5f-92e24c83eb37', 'submitter_id': 'TCGA-B6-A0WV'}]",99eb8b28-3583-4e9f-9eaa-07f8f900f6d1.wxs.MuTect2.aliquot.maf.gz,95a78ad1-bb13-4636-9519-8bdf4a5d4b6d,Annotated Somatic Mutation,Simple Nucleotide Variation,WXS
a17097f7-5d41-4671-9395-61ff10aa0c97,"[{'case_id': 'd2694b09-7844-4496-865c-5d3d8cd03330', 'submitter_id': 'TCGA-D8-A1XB'}]",37544806-94ab-49e6-8d36-f8f51baf77eb.mirbase21.mirnas.quantification.txt,a17097f7-5d41-4671-9395-61ff10aa0c97,miRNA Expression Quantification,Transcriptome Profiling,miRNA-Seq
f199f996-edf8-41b9-aead-f5c98de2225f,"[{'case_id': '0d146997-cfdc-4587-888c-e876fc455c80', 'submitter_id': 'TCGA-A2-A4RW'}]",MOHEL_p_TCGA_271_274_275_N_GenomeWideSNP_6_B11_1320480.CEL,f199f996-edf8-41b9-aead-f5c98de2225f,Raw Intensities,Copy Number Variation,Genotyping Array
3d71b2d6-033b-4ba0-a9a6-284236725a15,"[{'case_id': '7588a286-6935-424a-bc5f-92e24c83eb37', 'submitter_id': 'TCGA-B6-A0WV'}]",ea0de699-16b8-468d-ab85-223eb3880566_wxs_gdc_realn.bam,3d71b2d6-033b-4ba0-a9a6-284236725a15,Aligned Reads,Sequencing Reads,WXS
c18b8bc1-52a4-44cd-a9cd-2149beb9469a,"[{'case_id': 'd2694b09-7844-4496-865c-5d3d8cd03330', 'submitter_id': 'TCGA-D8-A1XB'}]",251a31af-6cfd-42f8-a262-a8ffa5fd84c5.somatic.SV.bedpe,c18b8bc1-52a4-44cd-a9cd-2149beb9469a,Structural Rearrangement,Structural Variation,WGS
48fc098c-bd1d-4fcf-b7fd-7f11f0158ebe,"[{'case_id': '8631969d-4ac6-4fe1-9db3-d47db604494a', 'submitter_id': 'TCGA-E9-A1R2'}]",TCGA-BRCA.5e73c11e-4cd8-456b-b0c3-d08dc9ab73c2.wgs.tumor_normal.gatk4_mutect2.raw_somatic_mutation.vcf.gz,48fc098c-bd1d-4fcf-b7fd-7f11f0158ebe,Raw Simple Somatic Mutation,Simple Nucleotide Variation,WGS
a9baecf0-5549-4396-8805-a6d1681d11cd,"[{'case_id': '57a1604c-60b7-4b30-a75e-f70939532c5c', 'submitter_id': 'TCGA-BH-A0B2'}, {'case_id': '2779fa01-ac93-4e80-a997-3385f72172c3', 'submitter_id': 'TCGA-A8-A08S'}, {'case_id': '80f3f48a-cc21-415c-b181-c77e7ba1c563', 'submitter_id': 'TCGA-A8-A09C'}, {'case_id': 'e663954c-05a8-479a-a623-400c1eb5efc6', 'submitter_id': 'TCGA-BH-A1F5'}, {'case_id': '14b95463-2108-4921-afc2-e29eef52b18f', 'submitter_id': 'TCGA-A2-A0YT'}, {'case_id': 'fa4e082a-d213-412e-8d91-842a6f4bef12', 'submitter_id': 'TCGA-BH-A0B6'}, {'case_id': '02f5ae33-a563-4ecb-9e33-dfa500a44931', 'submitter_id': 'TCGA-A8-A093'}, {'case_id': '3dbe99d1-e3b8-4ee2-b6a8-2e2e12c6fbe9', 'submitter_id': 'TCGA-A8-A084'}, {'case_id': 'dfefb76a-ec6b-4cd2-9d45-2e1e4befc7ea', 'submitter_id': 'TCGA-A8-A09E'}, {'case_id': 'cb9f5e50-f49d-4899-8895-9367afcc1015', 'submitter_id': 'TCGA-A7-A0DC'}, {'case_id': '0a017f15-1c6b-45e7-8d55-e0a71df1b2e8', 'submitter_id': 'TCGA-A8-A08F'}, {'case_id': '5c9d8163-a68e-43ce-9cba-effb7405761e', 'submitter_id': 'TCGA-LL-A6FP'}, {'case_id': '2c04a2f5-321e-4dea-8e00-268325da65cb', 'submitter_id': 'TCGA-A8-A06T'}, {'case_id': 'd093173f-08ab-4138-bf3c-399c45a6e163', 'submitter_id': 'TCGA-AR-A2LR'}, {'case_id': '6bc4c56d-aac5-49a2-9913-9538d06d898f', 'submitter_id': 'TCGA-A8-A06U'}, {'case_id': 'd0b78f3f-a198-437a-ab8c-204345d3b75d', 'submitter_id': 'TCGA-AQ-A0Y5'}, {'case_id': '09765b0a-94f6-47d2-af56-93368084ac3a', 'submitter_id': 'TCGA-A7-A0CD'}, {'case_id': '16fc3677-0393-4ed1-ad3f-c8355f056369', 'submitter_id': 'TCGA-5L-AAT1'}, {'case_id': '33fe5833-d7a0-43d7-a03d-56985ea448a6', 'submitter_id': 'TCGA-GI-A2C8'}, {'case_id': '1557183c-aedd-4df6-b98a-3654667f7b69', 'submitter_id': 'TCGA-A8-A09I'}, {'case_id': 'e17c565c-9857-4df3-a352-903b53093c85', 'submitter_id': 'TCGA-AO-A0JI'}, {'case_id': '03da7a65-fa2f-42cb-a709-5fe8736f21d3', 'submitter_id': 'TCGA-D8-A146'}, {'case_id': 'e6f527a2-38eb-457e-bb39-3c5b9c0bcbec', 'submitter_id': 'TCGA-EW-A2FW'}, {'case_id': '853456d8-2367-404e-abc9-020fe8bbd209', 'submitter_id': 'TCGA-A8-A07E'}, {'case_id': 'f39edd06-1016-4e8e-a42e-12f7e699ddc5', 'submitter_id': 'TCGA-A8-A091'}, {'case_id': '6f959c92-b79f-4f84-9ee5-d07d3212d52d', 'submitter_id': 'TCGA-A8-A09K'}, {'case_id': 'c1442467-d618-435f-8792-b1a18f696f1a', 'submitter_id': 'TCGA-AO-A0J5'}, {'case_id': 'b3354b72-2637-4edc-9a95-e55801d3ac13', 'submitter_id': 'TCGA-C8-A1HO'}, {'case_id': '444374f8-9282-439c-af00-0f828edcbff3', 'submitter_id': 'TCGA-C8-A1HI'}, {'case_id': '70fc011c-0f22-4026-9d72-87351126203a', 'submitter_id': 'TCGA-AR-A2LL'}, {'case_id': '3afa1e93-1df8-4e4c-aaa4-557463f4bb77', 'submitter_id': 'TCGA-A7-A0DA'}, {'case_id': 'b379bfb8-284e-4300-8325-85cfd6809cb8', 'submitter_id': 'TCGA-BH-A0BD'}, {'case_id': '1502c7d7-1535-4e56-9f34-30623acd50d5', 'submitter_id': 'TCGA-B6-A1KC'}, {'case_id': '566792ae-f853-4a47-856d-f02cdcfcb18a', 'submitter_id': 'TCGA-A8-A07I'}, {'case_id': '389e5b18-8f89-41a9-9fa5-efd4172836e2', 'submitter_id': 'TCGA-PL-A8LV'}, {'case_id': '5fd37868-4762-4109-9dcf-6fdbab5b645d', 'submitter_id': 'TCGA-GM-A2DO'}, {'case_id': 'dbcad60f-86c7-41e3-b0ae-baa39c9f83dd', 'submitter_id': 'TCGA-C8-A274'}, {'case_id': '7875018b-91dc-4ab1-83b0-ee3883e2816e', 'submitter_id': 'TCGA-BH-A0C0'}, {'case_id': '67c5f371-3fa9-47c5-8b15-c2dd9acc8519', 'submitter_id': 'TCGA-AC-A2QH'}, {'case_id': '791c5768-f0f5-4ab6-86eb-998e5c4b49e3', 'submitter_id': 'TCGA-E2-A1L7'}, {'case_id': 'e3c336f5-c32f-4c5d-81fb-e2408ae145b2', 'submitter_id': 'TCGA-AR-A0U0'}, {'case_id': '8cf8b620-7ab6-4b6e-84bc-ff5a83f381fa', 'submitter_id': 'TCGA-A8-A07G'}, {'case_id': '84b7ccf2-8ab3-4b21-96de-800d231bc072', 'submitter_id': 'TCGA-BH-A28O'}, {'case_id': '75113445-d2d6-44a0-866c-c9175e6d214b', 'submitter_id': 'TCGA-A2-A0D4'}, {'case_id': 'd5f2b85a-94a9-4168-bbe8-149ec71342b0', 'submitter_id': 'TCGA-AC-A62V'}, {'case_id': '332148f5-f070-4c20-8eb1-4d8c0673aa52', 'submitter_id': 'TCGA-D8-A1XU'}, {'case_id': '0491063c-14a7-4104-8002-1459126332f3', 'submitter_id': 'TCGA-B6-A0IK'}, {'case_id': '636b0a90-c8c2-4ad6-a77d-6cd428a826d1', 'submitter_id': 'TCGA-E9-A247'}, {'case_id': '39de7761-e762-4811-b95c-8216b79ae06b', 'submitter_id': 'TCGA-AN-A0XW'}, {'case_id': 'b7a4df9a-4e25-4550-9c10-338ca1921c2f', 'submitter_id': 'TCGA-E9-A1R4'}, {'case_id': 'd2219a3f-4c55-4dee-9b08-c6f330dd1acf', 'submitter_id': 'TCGA-AO-A1KQ'}, {'case_id': 'b9c6c069-2a2b-4cc7-a398-dc45c132d979', 'submitter_id': 'TCGA-AC-A8OP'}, {'case_id': '1c40b84e-a0e3-429f-a48c-21566cf881c0', 'submitter_id': 'TCGA-D8-A143'}, {'case_id': '9ddc3e7b-8b54-4a83-8335-8053940f56c1', 'submitter_id': 'TCGA-BH-A18L'}, {'case_id': '42378dbc-a123-4cf9-8502-165e89fda271', 'submitter_id': 'TCGA-EW-A6SD'}, {'case_id': 'b4e4fea2-b802-4a86-923e-3fcbd3c708fe', 'submitter_id': 'TCGA-BH-A0B1'}, {'case_id': 'a947a945-4721-45cc-bc45-13b8ea41c10e', 'submitter_id': 'TCGA-A7-A4SB'}, {'case_id': '28e9048a-e540-42de-a1f4-4ef894fccc4c', 'submitter_id': 'TCGA-AR-A24Q'}, {'case_id': '87b85935-a058-44ad-8fb6-8511130eaffe', 'submitter_id': 'TCGA-D8-A1XV'}, {'case_id': '3558dec7-eae3-4a41-a217-266c6a4535fb', 'submitter_id': 'TCGA-E2-A1LI'}, {'case_id': '70f34c5c-3671-44c8-9469-99f9786efec1', 'submitter_id': 'TCGA-D8-A1XR'}, {'case_id': 'ad01259b-d858-40bc-a6ba-0bb06e996afb', 'submitter_id': 'TCGA-A2-A0SV'}, {'case_id': '8631969d-4ac6-4fe1-9db3-d47db604494a', 'submitter_id': 'TCGA-E9-A1R2'}, {'case_id': '281f70c5-876f-44b3-84fb-f2302f85e74c', 'submitter_id': 'TCGA-A8-A06Q'}, {'case_id': '5cbf0aea-ebb4-4005-bdd5-14ef2dc6826c', 'submitter_id': 'TCGA-A2-A0YM'}, {'case_id': '9435447e-d65f-408b-863b-6576b1d652dd', 'submitter_id': 'TCGA-AO-A03N'}, {'case_id': '8360cec6-daf6-41c9-9a4f-7fc03c958dcc', 'submitter_id': 'TCGA-OL-A5RY'}, {'case_id': '3f56d67f-5a9c-4353-9408-e7f60eb6477b', 'submitter_id': 'TCGA-LL-A442'}, {'case_id': '0b23b5fe-6c7e-4297-bc55-f93fcb830ac4', 'submitter_id': 'TCGA-D8-A27R'}, {'case_id': '56033839-35d5-4d72-8b8c-400cb345263d', 'submitter_id': 'TCGA-E9-A22G'}, {'case_id': '0d146997-cfdc-4587-888c-e876fc455c80', 'submitter_id': 'TCGA-A2-A4RW'}, {'case_id': '7317e605-93ba-49a9-8743-20613b02767a', 'submitter_id': 'TCGA-E2-A1LE'}, {'case_id': '6e7d5ec6-a469-467c-b748-237353c23416', 'submitter_id': 'TCGA-3C-AAAU'}, {'case_id': '34126cd5-cc38-4198-8582-c14fb5db7acb', 'submitter_id': 'TCGA-OL-A6VQ'}, {'case_id': '7588a286-6935-424a-bc5f-92e24c83eb37', 'submitter_id': 'TCGA-B6-A0WV'}, {'case_id': '0bf6e772-1aa1-4f54-9a50-c1414e2f22f3', 'submitter_id': 'TCGA-AR-A2LM'}, {'case_id': 'f7ab565c-83b5-4988-b9be-8a46f65dca8c', 'submitter_id': 'TCGA-D8-A1JJ'}, {'case_id': '670f5022-5066-48f1-8472-5670129a1e0f', 'submitter_id': 'TCGA-A2-A0EP'}, {'case_id': 'bc0bc70f-c6cf-4dbc-9dc3-8b7bc5f381a4', 'submitter_id': 'TCGA-E2-A1IG'}, {'case_id': 'd2694b09-7844-4496-865c-5d3d8cd03330', 'submitter_id': 'TCGA-D8-A1XB'}, {'case_id': '6af6d256-a753-46d2-b611-e4094ff265aa', 'submitter_id': 'TCGA-LL-A9Q3'}, {'case_id': '3c8b5af9-c34d-43c2-b8c9-39ea11e44fa6', 'submitter_id': 'TCGA-BH-A1FD'}, {'case_id': '01f50abf-fc15-446e-9d07-edeecc545a32', 'submitter_id': 'TCGA-E2-A155'}, {'case_id': 'a20fa2c4-a502-47e3-bfaa-2ec4cce3a859', 'submitter_id': 'TCGA-A8-A07S'}, {'case_id': 'f1692f4b-ce1b-4fc5-ac55-1022ecae0d1e', 'submitter_id': 'TCGA-C8-A134'}, {'case_id': 'e666081b-caaf-4e8b-9446-807be71201a5', 'submitter_id': 'TCGA-BH-A0HA'}, {'case_id': '8e54232d-d8bb-4612-8b0e-4feb076a60f9', 'submitter_id': 'TCGA-A2-A0CO'}, {'case_id': '9e894662-b718-40f8-8899-b5e036cfbd76', 'submitter_id': 'TCGA-AN-A0AK'}, {'case_id': '4e6edfe6-adcb-4c12-8ff4-38a79f5887e8', 'submitter_id': 'TCGA-B6-A0X5'}, {'case_id': '2b22db1d-54a1-4b9e-a86e-a174cf51d95c', 'submitter_id': 'TCGA-BH-A0BS'}, {'case_id': 'e3fcbf94-d3ef-4a37-aa45-5297f96af9eb', 'submitter_id': 'TCGA-AR-A2LE'}, {'case_id': '972447aa-4332-47e7-bddd-2eb699dbb664', 'submitter_id': 'TCGA-AR-A0TS'}, {'case_id': '9e3de467-fb0d-4021-89f8-b34968a7c7bc', 'submitter_id': 'TCGA-AR-A24T'}, {'case_id': '06ef6e83-5583-45b9-a0bd-edea68943083', 'submitter_id': 'TCGA-E2-A572'}, {'case_id': '76099beb-0abe-4b56-8b4e-e4485e0402e6', 'submitter_id': 'TCGA-PE-A5DC'}, {'case_id': '5f90d955-bbb0-4b44-a5ac-ba6fda9ca0fb', 'submitter_id': 'TCGA-A8-A06P'}, {'case_id': '32861b48-83f5-43a3-bb54-45215ad2c5d6', 'submitter_id': 'TCGA-BH-A28Q'}, {'case_id': '4d0fec97-e024-4608-a0cc-426a3decc7b1', 'submitter_id': 'TCGA-AR-A252'}, {'case_id': '27ba717a-5cd8-440a-9345-4ae086f6efca', 'submitter_id': 'TCGA-BH-A0DI'}, {'case_id': '33b7bf50-53f4-4839-aa83-9665f85671d8', 'submitter_id': 'TCGA-E2-A15R'}, {'case_id': 'af577366-0258-49e7-b6af-e70056c081a4', 'submitter_id': 'TCGA-E9-A1NA'}, {'case_id': '752f4773-5a12-4485-a1f6-896e148ddf4d', 'submitter_id': 'TCGA-D8-A1JP'}, {'case_id': '3fc3755d-a3f8-4e2c-813f-ff124f2a75c1', 'submitter_id': 'TCGA-A2-A259'}, {'case_id': '0adf59c6-581a-475d-a2f4-40aa40060b5b', 'submitter_id': 'TCGA-A8-A09T'}, {'case_id': '71fc8941-4cfb-47ea-a533-873d38f8c95c', 'submitter_id': 'TCGA-E2-A1IO'}, {'case_id': '0dc337fa-da8b-42c4-b9a7-fb76d81c161f', 'submitter_id': 'TCGA-A1-A0SN'}, {'case_id': '0dd8dbc1-c48b-4e7c-b401-57101f724967', 'submitter_id': 'TCGA-S3-AA11'}, {'case_id': 'da9c10ea-c13f-4d88-8b94-a0cbc106d036', 'submitter_id': 'TCGA-BH-A0W5'}, {'case_id': '19015644-9c17-4ae7-a656-0fe8623c04ae', 'submitter_id': 'TCGA-AQ-A7U7'}, {'case_id': 'c6086936-7544-4da0-8c0c-114166848483', 'submitter_id': 'TCGA-AN-A0FD'}, {'case_id': '2b19a6b4-7a17-4452-b4aa-6fc18adc0c3c', 'submitter_id': 'TCGA-D8-A1XL'}, {'case_id': '1dafdd64-527d-4d46-bbdf-7a97774f881b', 'submitter_id': 'TCGA-B6-A1KI'}, {'case_id': '1402082d-25c9-4148-8a1e-f58450b706bb', 'submitter_id': 'TCGA-B6-A0IP'}, {'case_id': '0045349c-69d9-4306-a403-c9c1fa836644', 'submitter_id': 'TCGA-A1-A0SB'}, {'case_id': '39cda4c9-e1c8-44c2-bab7-f5849c12f879', 'submitter_id': 'TCGA-AC-A2FG'}, {'case_id': '4cf0f639-7940-48b6-8ea1-2a3494097cdb', 'submitter_id': 'TCGA-A2-A0CR'}, {'case_id': 'aa30ac3d-4216-45dd-a314-1ae192fafcb2', 'submitter_id': 'TCGA-AR-A24M'}, {'case_id': '1111fb30-46ce-4722-98da-ec9ba2323d90', 'submitter_id': 'TCGA-AO-A03O'}, {'case_id': '22b35927-1c3f-4f98-ba42-deafc56b677a', 'submitter_id': 'TCGA-BH-A0EI'}, {'case_id': '5a4b7098-1f6a-49e9-b364-29d6d34f5bd5', 'submitter_id': 'TCGA-B6-A0IM'}, {'case_id': 'd8d7a6c2-6427-4f47-968c-6c3affba4617', 'submitter_id': 'TCGA-A8-A08B'}, {'case_id': '427d0648-3f77-4ffc-b52c-89855426d647', 'submitter_id': 'TCGA-3C-AALJ'}, {'case_id': 'b094e8b2-8ece-4b36-8025-18073a8b873c', 'submitter_id': 'TCGA-AO-A124'}, {'case_id': 'c2aeee6c-ba10-4cf9-b560-c739580f7bf3', 'submitter_id': 'TCGA-BH-A0BM'}, {'case_id': '3ca67cd0-81da-4f68-a9fa-f1a8c013c28d', 'submitter_id': 'TCGA-AC-A2FF'}, {'case_id': '7e9c8d3c-790c-46ad-8f31-b557b7c26f69', 'submitter_id': 'TCGA-E9-A6HE'}, {'case_id': '0cf0d67c-2f7f-42a6-94f3-407d0ec46c88', 'submitter_id': 'TCGA-AC-A4ZE'}, {'case_id': '66af34ea-f471-4092-aff6-9ac9a5b75b11', 'submitter_id': 'TCGA-BH-A0B0'}, {'case_id': '0a229f95-0ea1-4d63-953e-74f5ec2f3028', 'submitter_id': 'TCGA-AO-A0JD'}, {'case_id': '7f2a63e6-64d5-4be1-9814-e8416fc9e688', 'submitter_id': 'TCGA-D8-A1JG'}, {'case_id': '2ab1b35b-9e56-475c-ac9b-15ed0a422683', 'submitter_id': 'TCGA-OL-A66K'}, {'case_id': 'd6f7afc0-1558-43ad-acb1-2b5311ed2264', 'submitter_id': 'TCGA-GM-A2DF'}, {'case_id': '4aacbc42-5ac5-4339-b9fa-c6e812084837', 'submitter_id': 'TCGA-E9-A22A'}, {'case_id': 'eadf8482-e60e-4307-adb7-d5c3b9fa6cae', 'submitter_id': 'TCGA-A2-A25B'}, {'case_id': '8da3d6cf-381b-4d1b-93fa-41fd9d2b2e66', 'submitter_id': 'TCGA-AR-A0TW'}, {'case_id': '016caf42-4e19-4444-ab5d-6cf1e76c4afa', 'submitter_id': 'TCGA-AO-A128'}, {'case_id': '151f3677-6854-4265-9126-d92c646c67ae', 'submitter_id': 'TCGA-B6-A0RM'}, {'case_id': '37242f5a-25ae-4b1f-9ce6-09ce1dc92539', 'submitter_id': 'TCGA-E2-A15L'}, {'case_id': '4a032bad-e726-48f2-8f39-e3acc109cc91', 'submitter_id': 'TCGA-BH-A0BZ'}, {'case_id': '4aa68586-6331-4795-b40c-859386640df6', 'submitter_id': 'TCGA-BH-A1FE'}, {'case_id': '8240c4ae-f878-4882-aa07-7857c7ac52cf', 'submitter_id': 'TCGA-AN-A0FZ'}, {'case_id': '34d5a193-85e5-4399-8a9b-e92858eafdfe', 'submitter_id': 'TCGA-A8-A0A2'}, {'case_id': '57af5c72-0d60-4a6b-b1b4-ec6dab90f80f', 'submitter_id': 'TCGA-A7-A6VV'}, {'case_id': '29df128d-ace2-40cf-88ee-3f6f2170f159', 'submitter_id': 'TCGA-A8-A095'}, {'case_id': '5d1d00c6-fcae-479e-ae1e-de76efd41d98', 'submitter_id': 'TCGA-BH-A0BW'}, {'case_id': '5d688049-f271-40ef-813a-d37240ffe21c', 'submitter_id': 'TCGA-A8-A07F'}, {'case_id': 'e68ebfd4-3688-4caa-9e38-7764f9258c30', 'submitter_id': 'TCGA-E2-A15T'}, {'case_id': 'a6a863d9-b39d-4965-b47f-79a1bcf3c976', 'submitter_id': 'TCGA-A1-A0SH'}, {'case_id': '0807435a-e75e-4e04-8e45-ed0cd49a841a', 'submitter_id': 'TCGA-B6-A0IA'}, {'case_id': '53886143-c1c6-40e9-88e6-e4e5e0271fc8', 'submitter_id': 'TCGA-A2-A3XX'}, {'case_id': '858652b8-c4c2-41d8-be32-fdc88e1a7bb0', 'submitter_id': 'TCGA-BH-A1EN'}, {'case_id': 'baf1207d-7d1a-4cad-ba58-62c26be2415e', 'submitter_id': 'TCGA-AN-A0FL'}, {'case_id': '298a1710-deb4-4064-a0f2-da32d43aa217', 'submitter_id': 'TCGA-C8-A12Y'}, {'case_id': '3144f1fb-4342-4079-bfe8-940da4bfd88e', 'submitter_id': 'TCGA-E2-A14V'}, {'case_id': 'd5cab7f5-e4f1-40ee-a0c8-4c8004c1c9a0', 'submitter_id': 'TCGA-AN-A0FF'}, {'case_id': 'c02699b5-580a-4d55-971e-f4692b2cce57', 'submitter_id': 'TCGA-A2-A3XW'}, {'case_id': 'd7195183-9fe4-4b17-bcfd-9367d2e539ce', 'submitter_id': 'TCGA-B6-A0WT'}, {'case_id': 'f45210d3-9e66-4f5e-bef1-5ee5547cc893', 'submitter_id': 'TCGA-EW-A1PC'}, {'case_id': 'c72cb184-462d-4009-9cdb-848782ff8a76', 'submitter_id': 'TCGA-A2-A3XT'}, {'case_id': '3b7b9c1e-a84c-47ed-983c-9e4b00cbf01a', 'submitter_id': 'TCGA-A7-A26F'}, {'case_id': 'b6c286c6-2755-419b-87d3-59c7feda9653', 'submitter_id': 'TCGA-C8-A138'}, {'case_id': '7e1673f8-5758-4963-8804-d5e39f06205b', 'submitter_id': 'TCGA-C8-A12V'}, {'case_id': '96f23d8a-be0f-4925-ba00-805dc293414c', 'submitter_id': 'TCGA-A2-A0ET'}, {'case_id': 'bf88ddf5-a6d4-498c-bf7f-db9bfabff72d', 'submitter_id': 'TCGA-A2-A0EO'}, {'case_id': 'c7d7a770-23c0-4310-ab48-1f6152dc2849', 'submitter_id': 'TCGA-D8-A1Y2'}, {'case_id': 'ecab16bc-28d5-4c3a-8735-3c785bd047c4', 'submitter_id': 'TCGA-BH-A1FB'}, {'case_id': 'a412b374-4d25-491f-b76f-ddaa989acf59', 'submitter_id': 'TCGA-E9-A5UP'}, {'case_id': '632984bd-dc81-42b6-b024-476cfd0bb2ae', 'submitter_id': 'TCGA-D8-A1Y3'}, {'case_id': 'a8b1f6e7-2bcf-460d-b1c6-1792a9801119', 'submitter_id': 'TCGA-E9-A1NF'}, {'case_id': '86a18ae0-dfb1-49c3-b5c4-67ec331d6e40', 'submitter_id': 'TCGA-C8-A1HN'}, {'case_id': '6f6e7356-3521-4674-8eec-ad01340d4b8e', 'submitter_id': 'TCGA-D8-A27G'}, {'case_id': '2e538802-2a31-4774-89a8-c6e4381a887d', 'submitter_id': 'TCGA-A2-A1G0'}, {'case_id': 'db55d9d9-dd56-4ca9-b1f1-0d929697b280', 'submitter_id': 'TCGA-BH-A5J0'}, {'case_id': '8a0ef221-8070-43fc-9d98-def90abe4871', 'submitter_id': 'TCGA-E2-A1B1'}, {'case_id': '602083f0-18d9-48b6-a529-31e165c54b37', 'submitter_id': 'TCGA-BH-A0HL'}, {'case_id': 'e8f3cc64-5e15-4f4d-b73e-5c9b250a664c', 'submitter_id': 'TCGA-AR-A255'}, {'case_id': 'c5f00132-1c6b-4337-af6f-596c652665cc', 'submitter_id': 'TCGA-AR-A0U3'}, {'case_id': '67c8dc41-edcb-4563-96b3-3f93f9edcbe9', 'submitter_id': 'TCGA-GM-A5PV'}, {'case_id': 'c4699748-f01d-4b30-9c74-1ca77fb84ac1', 'submitter_id': 'TCGA-D8-A1XD'}, {'case_id': 'a482fc4c-ff1d-46a0-a968-7df06422cc4b', 'submitter_id': 'TCGA-B6-A0WX'}, {'case_id': 'a381275f-8858-4793-a8a2-0ca9db7274c8', 'submitter_id': 'TCGA-EW-A1J2'}, {'case_id': '4b54e06e-a280-4981-a4e1-9aea154341b4', 'submitter_id': 'TCGA-UL-AAZ6'}, {'case_id': '5c8983f2-9788-4dfa-971c-3ec457b6166e', 'submitter_id': 'TCGA-A2-A0CL'}, {'case_id': 'e37ae674-a107-4eb3-94d8-b86b0035a9f7', 'submitter_id': 'TCGA-AC-A3HN'}, {'case_id': '4f04bd10-9902-4a23-b15d-4f4409d79499', 'submitter_id': 'TCGA-E2-A108'}, {'case_id': '4bf50455-9ab7-4521-a791-089f66d3b877', 'submitter_id': 'TCGA-B6-A0RT'}, {'case_id': 'a9bb8159-32f0-454c-a946-b3286a52b9d5', 'submitter_id': 'TCGA-A1-A0SP'}, {'case_id': 'ee554215-bea2-4268-aaf9-784e68cdb969', 'submitter_id': 'TCGA-BH-A1F8'}, {'case_id': '7acf33e7-c386-45fd-8c9a-469600378687', 'submitter_id': 'TCGA-A8-A08I'}, {'case_id': '68177e92-4784-45d9-af14-4ce0c00eae74', 'submitter_id': 'TCGA-A8-A08J'}, {'case_id': 'f947d67f-4aa2-4eb9-977e-21a5ae563613', 'submitter_id': 'TCGA-A8-A08P'}, {'case_id': '8159ff7b-89f4-411a-9b9c-491f1cb3eb34', 'submitter_id': 'TCGA-AC-A2BM'}, {'case_id': 'dd0f8e5a-383d-4f03-bb71-0e115d4e442c', 'submitter_id': 'TCGA-C8-A12M'}, {'case_id': '02bf5203-f9cd-4c5a-97b4-e5584dc22325', 'submitter_id': 'TCGA-AO-A0J8'}, {'case_id': '65077db7-dd59-4362-9d28-d5a9154e9be0', 'submitter_id': 'TCGA-C8-A278'}, {'case_id': 'ab34a9a2-d72d-4106-94fb-118844b1b60b', 'submitter_id': 'TCGA-A2-A0CQ'}, {'case_id': 'b6b932ce-6856-4d94-9e6c-16dfbe51906f', 'submitter_id': 'TCGA-E9-A1QZ'}, {'case_id': '9f80649b-a249-4fb5-97ad-059a30e13fea', 'submitter_id': 'TCGA-BH-A0W7'}, {'case_id': 'bfa3dbc0-361c-400e-8c10-0aca7049fce9', 'submitter_id': 'TCGA-D8-A27W'}, {'case_id': 'e7bae6e7-f779-449d-92b9-66996041e00d', 'submitter_id': 'TCGA-AC-A23E'}, {'case_id': 'f43d622f-eed5-4933-adc6-ae9ad1e33028', 'submitter_id': 'TCGA-E2-A1IN'}, {'case_id': '2481a671-760b-428c-968d-42e25fd42ac5', 'submitter_id': 'TCGA-AC-A3W7'}, {'case_id': '3f834fa7-6d7b-4b85-98c0-5c55d55b6c95', 'submitter_id': 'TCGA-B6-A0IE'}, {'case_id': '2192c1db-4718-4254-ba42-3ae7f30ad5a8', 'submitter_id': 'TCGA-A2-A0EQ'}, {'case_id': '91b09291-5944-4691-a0d8-7d1ccc649b9b', 'submitter_id': 'TCGA-BH-A6R8'}, {'case_id': '7eea2b6e-771f-44c0-9350-38f45c8dbe87', 'submitter_id': 'TCGA-A7-A6VX'}, {'case_id': '54883111-d475-4515-ba3f-fece8a71e79e', 'submitter_id': 'TCGA-A2-A1FW'}, {'case_id': '96457ebf-ae88-41f4-97e5-cdc3163418aa', 'submitter_id': 'TCGA-BH-A0H0'}, {'case_id': '4da999a0-ef41-4a0b-b1d1-446b39cc855a', 'submitter_id': 'TCGA-EW-A1PH'}, {'case_id': 'a076f135-be82-40fa-8516-285ed355c965', 'submitter_id': 'TCGA-AR-A2LN'}, {'case_id': '7d681cc6-689d-41c8-9e84-e13733089ec9', 'submitter_id': 'TCGA-AR-A1AS'}, {'case_id': 'a68a3361-48b4-4bd0-999d-b4cc3d43eb4a', 'submitter_id': 'TCGA-BH-A0HN'}, {'case_id': '599c3701-df7a-4a75-a347-fa9b510dd242', 'submitter_id': 'TCGA-AR-A24K'}, {'case_id': '95c53ecf-d8f1-4bcb-9b1a-c9a0542939f0', 'submitter_id': 'TCGA-LD-A9QF'}, {'case_id': '30ec8b1f-28c4-4f46-8a1b-a8d51e558c7d', 'submitter_id': 'TCGA-BH-A18T'}, {'case_id': '0f64edec-0f1f-4025-8a53-75f9534f7828', 'submitter_id': 'TCGA-BH-A0H9'}, {'case_id': 'c2b104ee-f914-4e79-9e1b-56bf88157472', 'submitter_id': 'TCGA-E2-A14S'}, {'case_id': 'b3bb8fd6-ee54-4813-b042-2bbe70115382', 'submitter_id': 'TCGA-BH-A0BQ'}, {'case_id': '7f97971b-2818-4e4b-9c9e-7c0246f9484c', 'submitter_id': 'TCGA-D8-A27K'}, {'case_id': 'e6b79d7a-ed6b-459a-b040-d142616e7ab4', 'submitter_id': 'TCGA-BH-A0BF'}, {'case_id': '9ad603dc-3fd0-44f5-ae4e-64eeb1ae8d6d', 'submitter_id': 'TCGA-AR-A0U2'}, {'case_id': '5258294f-ef5b-4091-9183-6bcc545d54b2', 'submitter_id': 'TCGA-BH-A209'}, {'case_id': 'bb8d42d3-ad65-4d88-ae1d-f9aadfc7962d', 'submitter_id': 'TCGA-AO-A1KS'}, {'case_id': '5ed024e8-d05e-4c65-9441-eda9930ccc82', 'submitter_id': 'TCGA-A7-A26G'}, {'case_id': '2476dda9-da2a-4242-9642-b92b8b9b1c79', 'submitter_id': 'TCGA-B6-A0IH'}, {'case_id': 'dd3bfb26-b534-4917-9c4d-9fe7b6477762', 'submitter_id': 'TCGA-E9-A1RI'}, {'case_id': '3828b534-908e-4953-a3fb-07d01cf49c7d', 'submitter_id': 'TCGA-A8-A09B'}, {'case_id': '14267783-5624-4fe5-ba81-9d67f1017474', 'submitter_id': 'TCGA-BH-A0DP'}, {'case_id': '90ff48c3-b14b-4a8b-94a1-98c0bab0d27b', 'submitter_id': 'TCGA-W8-A86G'}, {'case_id': 'b09643c2-ded5-4346-b3c5-90a48f88a02e', 'submitter_id': 'TCGA-E2-A1IJ'}, {'case_id': '9d876f05-5080-4c4e-9bf5-45f631d381e5', 'submitter_id': 'TCGA-A8-A081'}, {'case_id': '738e1acc-1f0c-4a96-9c8a-222727ef5af8', 'submitter_id': 'TCGA-AR-A2LJ'}, {'case_id': '5b2a4f11-ca46-4974-9420-59b4820920bf', 'submitter_id': 'TCGA-AC-A62X'}, {'case_id': 'afb9418e-91eb-4db1-aacf-12bd946c9ba0', 'submitter_id': 'TCGA-A8-A083'}, {'case_id': 'a5b44d66-c162-46b5-9df2-86305f0385c5', 'submitter_id': 'TCGA-A1-A0SK'}, {'case_id': '029ce650-5e5a-4100-8596-cd94300e7ef5', 'submitter_id': 'TCGA-E2-A574'}, {'case_id': '0ed9ad26-7fdc-4d75-93f9-d029eee94993', 'submitter_id': 'TCGA-A1-A0SG'}, {'case_id': 'ee14e049-b891-4dda-a730-8ce99bd93baf', 'submitter_id': 'TCGA-D8-A1XC'}, {'case_id': '9da462b0-93c2-4305-89f6-7199a30399a7', 'submitter_id': 'TCGA-BH-A0B5'}, {'case_id': 'c49e3b18-fd88-48f4-8b01-300692ceb367', 'submitter_id': 'TCGA-C8-A131'}, {'case_id': '359f12f9-5c41-48a4-85bc-fd7e307bf7d8', 'submitter_id': 'TCGA-EW-A1P8'}, {'case_id': 'c31900a4-5dcd-4022-97ac-638e86e889e4', 'submitter_id': 'TCGA-3C-AALK'}, {'case_id': 'a4903de8-6cf5-4541-8ec7-065beace8b44', 'submitter_id': 'TCGA-AO-A0J9'}, {'case_id': 'bb026999-0aab-4232-96d7-2c93b6c9691d', 'submitter_id': 'TCGA-A2-A3KD'}, {'case_id': '52c35691-efca-42f5-a03e-02c9f872275c', 'submitter_id': 'TCGA-C8-A1HK'}, {'case_id': 'c710f4ab-fbd9-42ed-95d4-4e6d51207f38', 'submitter_id': 'TCGA-BH-A0B4'}, {'case_id': '79126e88-9cf8-45ff-bf91-a98da3b304d7', 'submitter_id': 'TCGA-AC-A2FK'}, {'case_id': 'a6502f17-6bee-4d5a-8520-06364593d39c', 'submitter_id': 'TCGA-EW-A424'}, {'case_id': '3a0775a0-61ae-43f2-b5f6-629a44355c2f', 'submitter_id': 'TCGA-GM-A2DK'}, {'case_id': '27dfb9d4-3a2c-44bc-9acf-8f638d3f3004', 'submitter_id': 'TCGA-BH-A0GZ'}, {'case_id': 'a824b3bd-34d5-4cc1-a92f-f9d6ac0f1814', 'submitter_id': 'TCGA-C8-A12Q'}, {'case_id': '095c7985-3842-494f-b591-706ad1cd2133', 'submitter_id': 'TCGA-AO-A03M'}, {'case_id': 'b5b99291-507e-4b68-a039-9a0f571f55df', 'submitter_id': 'TCGA-AO-A12H'}, {'case_id': 'f475d460-75cd-4fe9-aa54-c90be12b4ef8', 'submitter_id': 'TCGA-B6-A0WY'}, {'case_id': '8e11c5ec-c15a-48d4-85ac-b7b08a9ed827', 'submitter_id': 'TCGA-AC-A6IV'}, {'case_id': 'ad7fcc89-82a3-48aa-8461-581c1a857677', 'submitter_id': 'TCGA-A2-A0CV'}, {'case_id': '1f99e4d4-4e8b-4cc1-a129-227a2a82780e', 'submitter_id': 'TCGA-AR-A1AL'}, {'case_id': 'ad18820b-a804-49c0-ba8a-86c09fa6bce2', 'submitter_id': 'TCGA-BH-A1F6'}, {'case_id': '3a711140-1b89-4611-9992-3861e3d0e01a', 'submitter_id': 'TCGA-A8-A06N'}, {'case_id': '92b5de82-0221-4df1-8094-80f40c0bb4fa', 'submitter_id': 'TCGA-BH-A0BL'}, {'case_id': 'd67cd793-2931-429a-9084-2f3c4c8be7ad', 'submitter_id': 'TCGA-A2-A0EY'}, {'case_id': '128d198e-9b22-427c-90db-3714455f3a17', 'submitter_id': 'TCGA-A2-A0T2'}, {'case_id': '9c55032f-4db7-4026-ae83-8d060dd8e3fe', 'submitter_id': 'TCGA-D8-A27I'}, {'case_id': '9676e46b-8f29-43cd-ab65-eb6a535cced4', 'submitter_id': 'TCGA-EW-A6S9'}, {'case_id': '42e47f3a-dff7-41e4-8f84-146d97e8ab72', 'submitter_id': 'TCGA-D8-A1X6'}, {'case_id': 'ca20249f-b7ea-4fd9-9ecb-34f74755ae35', 'submitter_id': 'TCGA-XX-A89A'}, {'case_id': 'e8614b7d-132e-4b4e-b1ae-df8bb4f2d4d4', 'submitter_id': 'TCGA-EW-A1IX'}, {'case_id': 'cf0e7e4e-b857-4db5-9ae2-551a899f77be', 'submitter_id': 'TCGA-AN-A0XP'}, {'case_id': 'd81594d9-dd6a-45c3-8bad-61960611d78d', 'submitter_id': 'TCGA-A7-A4SF'}, {'case_id': 'e74aea7c-ca14-49df-b5cf-dacb839ac27a', 'submitter_id': 'TCGA-E9-A1NC'}, {'case_id': '6f89509c-f802-482e-b4da-94553aa76fe9', 'submitter_id': 'TCGA-AR-A24H'}, {'case_id': '5d8ed961-a012-4b6b-bffb-9468d3953646', 'submitter_id': 'TCGA-EW-A1J5'}, {'case_id': 'dcd5860c-7e3a-44f3-a732-fe92fe3fe300', 'submitter_id': 'TCGA-AN-A046'}, {'case_id': 'ed2617c3-5d3b-4688-9283-0f8a10e0b10d', 'submitter_id': 'TCGA-E9-A5UO'}, {'case_id': 'aa60fa8d-c374-40e0-af2d-b007701e67e3', 'submitter_id': 'TCGA-LL-A740'}, {'case_id': '955d4263-61f7-42e8-8a6e-772a0d6c209d', 'submitter_id': 'TCGA-E9-A1N6'}, {'case_id': '2e32f31f-9817-4935-b259-96c59936ee33', 'submitter_id': 'TCGA-E2-A1L6'}, {'case_id': '747083ff-0703-431b-aad4-f2adff739516', 'submitter_id': 'TCGA-BH-A18G'}, {'case_id': 'fa176764-a76f-44c7-b97a-cd6d21e052be', 'submitter_id': 'TCGA-E2-A1LB'}, {'case_id': '5c59028f-b8fa-4811-8314-be3eaed5f364', 'submitter_id': 'TCGA-EW-A6SB'}, {'case_id': '23c21dea-3713-408f-ba56-f7c586e9f206', 'submitter_id': 'TCGA-E9-A1R5'}, {'case_id': '0f7ab21b-1fd0-45e0-9a47-17c4691eb84f', 'submitter_id': 'TCGA-E2-A15S'}, {'case_id': '0b172e29-6166-4863-803d-a0a010887c11', 'submitter_id': 'TCGA-B6-A0RO'}, {'case_id': '72e486b8-a866-4916-b2e4-8b4bb5dcd92d', 'submitter_id': 'TCGA-A8-A07R'}, {'case_id': '182c4bdf-2c58-4303-b034-459da86b9d90', 'submitter_id': 'TCGA-E9-A54Y'}, {'case_id': '64089c20-939f-48b4-ae8b-904ad0597145', 'submitter_id': 'TCGA-E2-A15I'}, {'case_id': 'b804f7ae-da8f-4414-be11-f880f1859160', 'submitter_id': 'TCGA-B6-A0IC'}, {'case_id': 'c0b7b798-3383-4a45-a455-9eca5810739e', 'submitter_id': 'TCGA-EW-A3E8'}, {'case_id': 'dc696e3c-f448-468f-a576-f4429be0338a', 'submitter_id': 'TCGA-A2-A0SY'}, {'case_id': '51ccbf1b-7cae-44ba-991a-11eda8b8c404', 'submitter_id': 'TCGA-BH-A1ES'}, {'case_id': 'b5fba77b-1f50-4e71-95b2-566afba4bdd7', 'submitter_id': 'TCGA-A2-A04Q'}, {'case_id': '6f0fd68f-ed6a-4c9e-be02-c97ba4950f76', 'submitter_id': 'TCGA-GM-A3XG'}, {'case_id': '074e8b06-3929-4896-9263-3b80ad6a355b', 'submitter_id': 'TCGA-AR-A24S'}, {'case_id': '23f438bd-1dbb-4d46-972f-1e8e74ddbd37', 'submitter_id': 'TCGA-Z7-A8R5'}, {'case_id': '59bf0ce4-715a-4017-bccb-c59916e78324', 'submitter_id': 'TCGA-A8-A07U'}, {'case_id': '316625b8-a217-4829-90d1-dfd9cb7e4bc3', 'submitter_id': 'TCGA-A8-A07J'}, {'case_id': '87f03d04-e651-4a6e-aea6-1c946aa46202', 'submitter_id': 'TCGA-BH-A0BV'}, {'case_id': '7b605fb6-d077-401e-b870-b87ddf505f82', 'submitter_id': 'TCGA-A8-A0A9'}, {'case_id': '65cde5d5-1efc-4e30-b1bd-a93598794f2c', 'submitter_id': 'TCGA-C8-A12X'}, {'case_id': '6fa2a667-9c36-4526-8a58-1975e863a806', 'submitter_id': 'TCGA-AC-A2BK'}, {'case_id': '6ffd1b8c-6f0b-456a-9160-e0c8021e5897', 'submitter_id': 'TCGA-OL-A97C'}, {'case_id': '7032ec9c-e96b-4642-a7b6-d0aee7a3add2', 'submitter_id': 'TCGA-A2-A0EV'}, {'case_id': '70931617-b3df-4a12-8e3f-2b2307602f48', 'submitter_id': 'TCGA-A8-A06X'}, {'case_id': '70ab4f23-23c4-409f-a5cc-18a010c3a24e', 'submitter_id': 'TCGA-C8-A26X'}, {'case_id': '71229981-97c2-4ae1-a130-fe5de336b37d', 'submitter_id': 'TCGA-C8-A12T'}, {'case_id': '71626753-cc34-4731-abc0-ae188b0964e7', 'submitter_id': 'TCGA-AO-A12C'}, {'case_id': '718db047-9f32-48c4-98c9-515218441bca', 'submitter_id': 'TCGA-E2-A1IF'}, {'case_id': '719082cc-1ebe-4a51-a659-85a59db1d77d', 'submitter_id': 'TCGA-A8-A08G'}, {'case_id': '71f97b63-c970-44ee-98c2-e02e663d5a40', 'submitter_id': 'TCGA-AR-A0U4'}, {'case_id': '7241b3d4-31ee-4fd2-a4a5-35a9d5f37d6a', 'submitter_id': 'TCGA-E2-A1B5'}, {'case_id': '726c6892-0dce-4869-a7a7-cc44c26fe843', 'submitter_id': 'TCGA-C8-A9FZ'}, {'case_id': '72cd1b17-d349-4551-83f7-3062ce9db865', 'submitter_id': 'TCGA-A2-A0YI'}, {'case_id': '733a2a0f-b37a-4b81-b49e-3c0f30d1eb37', 'submitter_id': 'TCGA-A2-A04X'}, {'case_id': '739cb132-51e9-41be-8064-311a13da0d74', 'submitter_id': 'TCGA-D8-A1XA'}, {'case_id': '73ccc949-01b7-48d3-a7c4-c4bcd261672a', 'submitter_id': 'TCGA-E2-A15A'}, {'case_id': '7451af3c-acc0-4d79-8429-6b8be96911d8', 'submitter_id': 'TCGA-A7-A3RF'}, {'case_id': '7455d832-ad66-40df-85d7-3a7051c4498d', 'submitter_id': 'TCGA-A2-A0ER'}, {'case_id': '7486a2b3-b09f-4e9c-9864-8b51b58d9fb3', 'submitter_id': 'TCGA-AC-A6IX'}, {'case_id': '74f31744-0aed-4633-beec-4e203315f0b7', 'submitter_id': 'TCGA-BH-A0DT'}, {'case_id': '752ad011-79e0-494f-9868-98bf6feb28f8', 'submitter_id': 'TCGA-E2-A14N'}, {'case_id': '9964f447-92ad-4d1e-af20-11cf84fab7b0', 'submitter_id': 'TCGA-B6-A408'}, {'case_id': '996bd3f0-d767-4eff-9c82-99fcb5a3006a', 'submitter_id': 'TCGA-E2-A1B0'}, {'case_id': '99927651-34be-4795-893a-128d8a1fdb30', 'submitter_id': 'TCGA-AO-A12A'}, {'case_id': '99e32c59-aa73-43fa-88c9-399ddadb2c72', 'submitter_id': 'TCGA-A2-A0D2'}, {'case_id': '9ac44381-5d43-4f63-aa3f-7703bfc923c9', 'submitter_id': 'TCGA-E2-A10C'}, {'case_id': '9b13927c-7357-44fd-8385-92ae6a656b7d', 'submitter_id': 'TCGA-B6-A0RG'}, {'case_id': '9ba11ea8-97d3-464a-90a4-ec1151be9088', 'submitter_id': 'TCGA-PL-A8LY'}, {'case_id': '9c1ceb7d-6fed-4c2f-a89a-bf3c5b15ca58', 'submitter_id': 'TCGA-BH-A18I'}, {'case_id': '9c895825-d6f6-4d14-a662-23212200f6e5', 'submitter_id': 'TCGA-AR-A5QM'}, {'case_id': '9ce7ce09-4409-4fa3-9f78-b2b24716f860', 'submitter_id': 'TCGA-A2-A04Y'}, {'case_id': '9ced0c70-c46c-4f98-8f48-840defe4b8b1', 'submitter_id': 'TCGA-D8-A1JA'}, {'case_id': '9d166970-07c8-4ca3-9cfa-ed0049df9ecc', 'submitter_id': 'TCGA-BH-A1EW'}, {'case_id': '9d8702e1-1a36-4bca-85ab-5f11d58d7953', 'submitter_id': 'TCGA-A2-A0EX'}, {'case_id': '9d95a65b-e41d-4f93-92d4-99dce29ff40d', 'submitter_id': 'TCGA-A7-A0CE'}, {'case_id': '9ddc014d-9a8b-407b-845f-452a73f08e5e', 'submitter_id': 'TCGA-A2-A4S2'}, {'case_id': '9de678e5-67ed-4453-a98b-7ac351d5d0f1', 'submitter_id': 'TCGA-A7-A0CH'}, {'case_id': '9f3cc92b-fa22-478e-a2e4-6b4c8afb93d6', 'submitter_id': 'TCGA-E9-A24A'}, {'case_id': '66072c06-f251-4f0b-b6ae-12b407c52cc6', 'submitter_id': 'TCGA-AN-A04C'}, {'case_id': '6623fc5e-00be-4476-967a-cbd55f676ea6', 'submitter_id': 'TCGA-4H-AAAK'}, {'case_id': '6644fd4e-d2fe-4785-a73c-0f36fcc740e2', 'submitter_id': 'TCGA-A1-A0SO'}, {'case_id': '665dd3d3-779c-4abd-b5d7-13342340451d', 'submitter_id': 'TCGA-BH-A18N'}, {'case_id': '66fa504c-4ae4-49ac-9355-1e063776dc0d', 'submitter_id': 'TCGA-GM-A2DI'}, {'case_id': '67526f5a-3a30-45b2-aeab-2b21a855063e', 'submitter_id': 'TCGA-AR-A24W'}, {'case_id': '67c73260-a242-4bba-87c5-d2302556dff7', 'submitter_id': 'TCGA-AC-A3TM'}, {'case_id': '67eef990-5ff4-45d1-843d-d22d7848f130', 'submitter_id': 'TCGA-A7-A0CG'}, {'case_id': '680f23a9-fcce-493e-b908-27c1ad202e4c', 'submitter_id': 'TCGA-D8-A27E'}, {'case_id': '69054195-9e93-49e5-b820-69b0091cc2d4', 'submitter_id': 'TCGA-A8-A06O'}, {'case_id': '6951fe6a-d7d1-4f41-85af-76655b5d1f62', 'submitter_id': 'TCGA-C8-A8HQ'}, {'case_id': '6956473b-92e5-4069-a26b-b48e280e76f2', 'submitter_id': 'TCGA-B6-A0RU'}, {'case_id': '69a68fbc-e43d-4652-85ee-693211bded47', 'submitter_id': 'TCGA-E9-A1N4'}, {'case_id': '69fc24fc-cfe2-487a-935f-1a954b30b709', 'submitter_id': 'TCGA-LL-A441'}, {'case_id': '6a186809-3422-41d0-83d2-867145830936', 'submitter_id': 'TCGA-D8-A1XO'}, {'case_id': '6a2972e3-cca9-47e5-aac0-b770f2399eeb', 'submitter_id': 'TCGA-BH-A1F2'}, {'case_id': '6adca853-1b09-47ff-814c-47b732a76d96', 'submitter_id': 'TCGA-C8-A12W'}, {'case_id': '6b4e0262-f589-4532-b578-9f2d76c19d90', 'submitter_id': 'TCGA-A7-A3IY'}, {'case_id': '6b923e30-2ddc-407f-91b1-c202f1373fbb', 'submitter_id': 'TCGA-C8-A12K'}, {'case_id': '6b960b58-28e1-41c6-bd6e-7e669c6aa4ef', 'submitter_id': 'TCGA-BH-A18V'}, {'case_id': '6c0066e3-96df-4870-bcd3-98cda64082e9', 'submitter_id': 'TCGA-BH-A0E6'}, {'case_id': '6cb6f179-defd-4661-af0a-c353b74c0c49', 'submitter_id': 'TCGA-A7-A26J'}, {'case_id': '6cd9baf5-bbe0-4c1e-a87f-c53b3af22890', 'submitter_id': 'TCGA-A7-A13G'}, {'case_id': '6cdc0d53-f813-4101-81e5-9bee68270536', 'submitter_id': 'TCGA-BH-A0H3'}, {'case_id': '6d24e675-2fa4-4102-861f-7516650b3049', 'submitter_id': 'TCGA-LL-A5YP'}, {'case_id': '0fe1419e-a005-407c-8ae7-15c4c1579539', 'submitter_id': 'TCGA-E2-A1II'}, {'case_id': '1026e0bf-5640-4fa5-b65f-4f11e8e76b18', 'submitter_id': 'TCGA-D8-A1XS'}, {'case_id': '10c829ec-fd66-49c4-8afe-ad3ae567372c', 'submitter_id': 'TCGA-BH-A42T'}, {'case_id': '10c9be1e-2cc0-45e4-8d2c-c013ea63ef05', 'submitter_id': 'TCGA-AN-A0FS'}, {'case_id': '1133b8a9-6b11-4511-b70a-f200e3b8b5db', 'submitter_id': 'TCGA-GM-A2D9'}, {'case_id': '115bc72c-116f-40c1-be9b-e3dd7650efae', 'submitter_id': 'TCGA-D8-A1JE'}, {'case_id': '1174f6e4-ffbe-4e59-a000-8d861c968369', 'submitter_id': 'TCGA-AO-A03L'}, {'case_id': '124b693c-77dc-4fa8-b703-54e8b5054a92', 'submitter_id': 'TCGA-HN-A2NL'}, {'case_id': '125b0a9a-6cbe-4207-9178-e7ff03487e87', 'submitter_id': 'TCGA-AR-A24O'}, {'case_id': '1285eb55-415c-494a-aa58-936f0427cdd0', 'submitter_id': 'TCGA-V7-A7HQ'}, {'case_id': '65cac997-4d39-4501-85ec-4fcb328a8eb5', 'submitter_id': 'TCGA-GM-A3XL'}, {'case_id': '001cef41-ff86-4d3f-a140-a647ac4b10a1', 'submitter_id': 'TCGA-E2-A1IU'}, {'case_id': '00807dae-9f4a-4fd1-aac2-82eb11bf2afb', 'submitter_id': 'TCGA-A2-A04W'}, {'case_id': '00a2d166-78c9-4687-a195-3d6315c27574', 'submitter_id': 'TCGA-AN-A0AM'}, {'case_id': '00b11ca8-8540-4a3d-b602-ec754b00230b', 'submitter_id': 'TCGA-LL-A440'}, {'case_id': '011b9b2d-ebe5-42bf-9662-d922faccc7a1', 'submitter_id': 'TCGA-A7-A26E'}, {'case_id': '01263518-5f7c-49dc-8d7e-84b0c03a6a63', 'submitter_id': 'TCGA-A8-A07W'}, {'case_id': '0130d616-885e-4a6c-9d03-2f17dd692a05', 'submitter_id': 'TCGA-D8-A1XY'}, {'case_id': '01674b2c-5cf2-478f-84a1-f69c39f47bd4', 'submitter_id': 'TCGA-EW-A1P7'}, {'case_id': '01b9f68b-4de4-4374-b4f2-8a0685e18153', 'submitter_id': 'TCGA-AC-A5EI'}, {'case_id': '01eef340-598c-4205-a990-cec190ac2ca5', 'submitter_id': 'TCGA-B6-A0IQ'}, {'case_id': '02bbb632-0f7f-439d-b8f0-c86a06237424', 'submitter_id': 'TCGA-AC-A2FB'}, {'case_id': '02bed00f-bef7-4fb7-b243-540354990e45', 'submitter_id': 'TCGA-A2-A0T1'}, {'case_id': '02e6f999-24f2-4ad2-9b92-df3ee2b082e5', 'submitter_id': 'TCGA-D8-A1JC'}, {'case_id': '03565036-b6d3-432f-8d9a-7099818e0788', 'submitter_id': 'TCGA-AO-A0JC'}, {'case_id': '035cb359-eac3-484a-9e88-3ddc739440a3', 'submitter_id': 'TCGA-BH-A0DX'}, {'case_id': '03ab1e9f-4918-404d-b178-3a4fd929c5e8', 'submitter_id': 'TCGA-C8-A137'}, {'case_id': '03c143e0-d8a1-4d60-a4a3-df0501fc6b6e', 'submitter_id': 'TCGA-E9-A1N3'}, {'case_id': '045c13ef-3db7-4adf-b0a3-23338f0479f3', 'submitter_id': 'TCGA-B6-A0I6'}, {'case_id': '048549cf-d0a5-4743-a0a1-2004f7cc2b08', 'submitter_id': 'TCGA-AC-A3BB'}, {'case_id': '04af44fc-c487-4005-b3cb-cb64815824a2', 'submitter_id': 'TCGA-B6-A0IO'}, {'case_id': 'a2453bcb-90f2-4505-949d-a89cf4bfc9b8', 'submitter_id': 'TCGA-C8-A1HF'}, {'case_id': 'a272171b-44f5-47a5-89be-7520413c01ad', 'submitter_id': 'TCGA-A8-A07Z'}, {'case_id': 'a2934508-3daf-49e2-b14f-ed9b7693f96f', 'submitter_id': 'TCGA-A2-A0ES'}, {'case_id': 'a82d0a57-4383-473d-b334-d13b278404b1', 'submitter_id': 'TCGA-OL-A5RW'}, {'case_id': 'a851ca14-7bbf-455b-a054-ec03979a4247', 'submitter_id': 'TCGA-BH-A0DQ'}, {'case_id': 'a855c228-a263-44df-87a0-cbc32187e3f5', 'submitter_id': 'TCGA-C8-A1HJ'}, {'case_id': 'a8a199c9-d781-4e6c-af8c-c85d60c7cd40', 'submitter_id': 'TCGA-C8-A1HL'}, {'case_id': 'a8a33ba9-0976-4e19-b0e9-fa5ba4d4eaa8', 'submitter_id': 'TCGA-BH-A5IZ'}, {'case_id': 'a8e7d8a4-bbf0-496b-b387-8e014cfdcea6', 'submitter_id': 'TCGA-A2-A3XU'}, {'case_id': '3dbc8d60-3a97-47b2-91d0-c18fb46b4365', 'submitter_id': 'TCGA-E9-A54X'}, {'case_id': '3e25056d-d137-49f5-abaa-f68509426600', 'submitter_id': 'TCGA-AN-A0XT'}, {'case_id': '3e637872-f5e5-49d3-bb0d-9c16b8713382', 'submitter_id': 'TCGA-LL-A73Z'}, {'case_id': '3e775c99-ceda-4246-8d6f-0f58ca5097c8', 'submitter_id': 'TCGA-D8-A1JM'}, {'case_id': '3e9f93c0-aa79-4b4c-bd6c-b3325912362a', 'submitter_id': 'TCGA-AN-A0AL'}, {'case_id': '3ea9412b-429e-4dcf-90cd-c53be06885a1', 'submitter_id': 'TCGA-AO-A0JB'}, {'case_id': '6e126b73-d3e8-4641-a128-306f3b313e40', 'submitter_id': 'TCGA-AC-A2B8'}, {'case_id': '6e6408d6-6c48-4dfc-9f1c-28b7386e87b4', 'submitter_id': 'TCGA-B6-A0I8'}, {'case_id': '6e6b7742-a562-490b-bb72-04a5653852e4', 'submitter_id': 'TCGA-GM-A2DB'}, {'case_id': 'a1872011-b928-4189-ac02-e87506c20bca', 'submitter_id': 'TCGA-A2-A0YC'}, {'case_id': 'a1da9db1-db11-4f4d-a249-c738db81b87e', 'submitter_id': 'TCGA-AN-A0XU'}, {'case_id': 'a2434f47-2168-47d0-9bbb-981071597843', 'submitter_id': 'TCGA-JL-A3YW'}, {'case_id': '05135396-df5c-49db-b34e-f4add5b65a2b', 'submitter_id': 'TCGA-BH-A204'}, {'case_id': '05506f4c-e701-4a9d-ae06-97f066aade43', 'submitter_id': 'TCGA-AN-A0AT'}, {'case_id': '058dcb78-bed1-40c3-a6c2-a0cc40065531', 'submitter_id': 'TCGA-A2-A0T3'}, {'case_id': '05af737d-89aa-49b6-97b2-28b8ac8bd2cf', 'submitter_id': 'TCGA-AC-A62Y'}, {'case_id': '0685edd2-ce1c-4e0e-8dda-393139af4223', 'submitter_id': 'TCGA-AO-A03U'}, {'case_id': '0741b5db-4405-42ba-b63a-c6ee4f341480', 'submitter_id': 'TCGA-BH-A1EY'}, {'case_id': '0772cdbe-8b0d-452b-8df1-bd70d1306363', 'submitter_id': 'TCGA-BH-A0W4'}, {'case_id': '077506ea-8f11-405d-bb8e-3c9924fe54d0', 'submitter_id': 'TCGA-AR-A5QN'}, {'case_id': '08306ede-e74b-4be9-b768-7fd98647b6ac', 'submitter_id': 'TCGA-A2-A0T6'}, {'case_id': '084c6aec-94f7-4090-8f3f-59fa9e89721a', 'submitter_id': 'TCGA-A2-A0D1'}, {'case_id': '08740d7f-5a5e-4dfa-bd48-7fbf228a7a28', 'submitter_id': 'TCGA-B6-A0WZ'}, {'case_id': '08da7c4c-3067-4bcf-9d7a-78566df72e69', 'submitter_id': 'TCGA-B6-A0RE'}, {'case_id': '08de63a2-7b76-43c3-80dc-df748b1d81bc', 'submitter_id': 'TCGA-A1-A0SQ'}, {'case_id': '0930e97a-72ea-4bd5-b2f0-50c76af695f3', 'submitter_id': 'TCGA-GM-A3XN'}, {'case_id': '09a5e9fd-d816-4f8c-baa9-0e40ba607b16', 'submitter_id': 'TCGA-LL-A7SZ'}, {'case_id': '09c2bc35-c21f-4aa4-ac30-0d8db02ad811', 'submitter_id': 'TCGA-A8-A09Q'}, {'case_id': '09d6e904-7184-4788-8a19-04f8c46cb13f', 'submitter_id': 'TCGA-BH-AB28'}, {'case_id': '0a2a3529-f645-4967-9a58-89ee20b8bb62', 'submitter_id': 'TCGA-E2-A15E'}, {'case_id': '2a84997d-ccee-4f46-bea2-752534f26416', 'submitter_id': 'TCGA-E2-A1LL'}, {'case_id': '2b36853f-34d3-47c5-ba6a-e5a93233d2b1', 'submitter_id': 'TCGA-AC-A7VC'}, {'case_id': '2bcacfd1-6a45-4b96-9b80-2ad569b1ab45', 'submitter_id': 'TCGA-S3-AA12'}, {'case_id': '2c6adb12-380d-4710-a7e6-93d5a0e53289', 'submitter_id': 'TCGA-A2-A0YD'}, {'case_id': '2c86c3ea-d926-4d39-a5ae-39ece4774287', 'submitter_id': 'TCGA-B6-A0IJ'}, {'case_id': '2c90d5e3-ac8c-4c86-a06f-42ccc064eb49', 'submitter_id': 'TCGA-D8-A1XZ'}, {'case_id': '2cb8c866-9296-4c70-a3ea-f9a9b707895c', 'submitter_id': 'TCGA-A8-A0A4'}, {'case_id': '2cbeadff-a8a3-4787-9d4e-f6b74c3ab5d9', 'submitter_id': 'TCGA-AO-A12E'}, {'case_id': '2cf68894-168b-458b-af4f-53cad72989a8', 'submitter_id': 'TCGA-A7-A13F'}, {'case_id': '2d0d7ff4-7866-4ae1-9cf1-a3c7f4cbe48d', 'submitter_id': 'TCGA-E2-A1IE'}, {'case_id': '2d29a4ac-98e7-4663-9dd6-5681bc32ac2e', 'submitter_id': 'TCGA-A2-A3KC'}, {'case_id': 'de531604-bd1a-49df-96c2-6de3ae703f1d', 'submitter_id': 'TCGA-D8-A1XG'}, {'case_id': 'de646f6a-6d50-4be2-b3cd-f17554b234df', 'submitter_id': 'TCGA-AR-A24L'}, {'case_id': 'de75d0b9-0f47-4732-8df5-05c350cfcd32', 'submitter_id': 'TCGA-AN-A0FY'}, {'case_id': 'deba32e4-0e68-4711-941b-3b63bd965afb', 'submitter_id': 'TCGA-A2-A3XY'}, {'case_id': '1fef9454-b3e8-4d9d-a9aa-aa1f1a32b80c', 'submitter_id': 'TCGA-E2-A15J'}, {'case_id': '1ff85ada-3cdd-4afb-b311-2c7befb52702', 'submitter_id': 'TCGA-EW-A1P3'}, {'case_id': '2021ed1f-dc75-4701-b8b8-1386466e4802', 'submitter_id': 'TCGA-BH-A0H7'}, {'case_id': '20e8106b-1290-4735-abe4-7621e08e3dc8', 'submitter_id': 'TCGA-BH-A0E0'}, {'case_id': '214a4507-d974-4b3e-8525-7408fccc6a0f', 'submitter_id': 'TCGA-BH-A0B7'}, {'case_id': '2199b7a1-bd47-4bb5-b36a-a3e291e3e259', 'submitter_id': 'TCGA-B6-A0RN'}, {'case_id': '21ef1730-e5a7-47ce-b419-d000bb59ae15', 'submitter_id': 'TCGA-BH-A1F0'}, {'case_id': '22eaba28-be67-4730-9846-860bc1fca29a', 'submitter_id': 'TCGA-A8-A0AB'}, {'case_id': '233b02f3-c4f0-4a67-9db5-e68d5cdaccb6', 'submitter_id': 'TCGA-BH-A18U'}, {'case_id': '2399caeb-ead2-4003-af38-809db4ac2e2b', 'submitter_id': 'TCGA-A8-A06Z'}, {'case_id': '23b7aaea-1119-4b10-aa1a-0ae255d2f2a6', 'submitter_id': 'TCGA-E2-A14U'}, {'case_id': '23c31c2e-336c-4878-a476-cf8d811b4875', 'submitter_id': 'TCGA-S3-AA10'}, {'case_id': '23dabeef-8e3c-44bc-9a12-a9522d17be5c', 'submitter_id': 'TCGA-A8-A076'}, {'case_id': '23e7a78a-1d56-4ad1-9bb4-72ec0178aff2', 'submitter_id': 'TCGA-AR-A1AJ'}, {'case_id': '24046547-d038-4616-b190-52ac93f4965f', 'submitter_id': 'TCGA-E9-A1RE'}, {'case_id': 'a2db9dd1-44d5-48b5-817c-a21a85fadb21', 'submitter_id': 'TCGA-A1-A0SJ'}, {'case_id': 'a2efe7e1-aca3-440f-825f-ed621edca69f', 'submitter_id': 'TCGA-A7-A4SA'}, {'case_id': 'a32cb96a-78bf-456e-a6ab-2d47b2c67ad4', 'submitter_id': 'TCGA-BH-A0BT'}, {'case_id': 'a45833e1-7cc9-4273-b408-620f74679a12', 'submitter_id': 'TCGA-OL-A66O'}, {'case_id': 'a45d296e-efc0-479e-b2f6-bad834668cdf', 'submitter_id': 'TCGA-AC-A3YI'}, {'case_id': 'a4c59287-1ad5-46a5-8040-e591e6ce064f', 'submitter_id': 'TCGA-E9-A244'}, {'case_id': '1cc30842-4a5b-4f07-b36f-5b84ceaa5662', 'submitter_id': 'TCGA-BH-A8FZ'}, {'case_id': '1d27253f-b036-44e7-a04d-8da5bbf57419', 'submitter_id': 'TCGA-E2-A1LK'}, {'case_id': '1d38d356-d126-4476-94d0-26616b9375b1', 'submitter_id': 'TCGA-OL-A5RV'}, {'case_id': '1d75e89d-4b01-443c-be54-749c7a667bf4', 'submitter_id': 'TCGA-LL-A5YL'}, {'case_id': '1e68e760-a4cf-4100-bf9c-e50fa8d126f6', 'submitter_id': 'TCGA-B6-A0X0'}, {'case_id': '1f601832-eee3-48fb-acf5-80c4a454f26e', 'submitter_id': 'TCGA-BH-A0EA'}, {'case_id': '1f8f87cb-8a0b-474c-97fb-c71b4fd88d97', 'submitter_id': 'TCGA-AO-A1KT'}, {'case_id': '4f608829-ffc4-4527-886e-6bc764ab29f5', 'submitter_id': 'TCGA-BH-A0BG'}, {'case_id': '4fba3deb-db94-44b5-a0f2-a575d270779e', 'submitter_id': 'TCGA-E2-A14R'}, {'case_id': '50619f8c-10aa-464a-a227-90a7aa6ffd43', 'submitter_id': 'TCGA-BH-A18K'}, {'case_id': '515b1400-e896-4f2a-81bd-70895441a0bd', 'submitter_id': 'TCGA-A8-A06Y'}, {'case_id': '518f231c-f5f9-4a39-a97b-7fd5666d3e50', 'submitter_id': 'TCGA-BH-A0AZ'}, {'case_id': '521e2140-ae5b-456f-8699-97398d009687', 'submitter_id': 'TCGA-EW-A1P4'}, {'case_id': '523e24a2-51b9-4658-be2f-42e5fccebb17', 'submitter_id': 'TCGA-A7-A5ZW'}, {'case_id': '530ad151-703d-4638-851f-0b5111ff318b', 'submitter_id': 'TCGA-D8-A1JD'}, {'case_id': '5362cbc4-cd28-4afd-a8ac-1a4c2c33cad2', 'submitter_id': 'TCGA-B6-A409'}, {'case_id': '539bbbed-43fb-4fef-9c67-6406f58b186a', 'submitter_id': 'TCGA-E9-A248'}, {'case_id': '12d31787-e54d-4729-ace8-9141043c92b8', 'submitter_id': 'TCGA-A2-A0ST'}, {'case_id': '1347c23d-8d6e-4c15-9461-640249838c96', 'submitter_id': 'TCGA-LL-A6FR'}, {'case_id': '13b860c3-8048-4dc9-9eb0-7480bc660837', 'submitter_id': 'TCGA-AN-A0FX'}, {'case_id': '13ca97a1-75bb-4a49-b8c3-181e5b2c9e86', 'submitter_id': 'TCGA-AR-A0TT'}, {'case_id': '14d1d84e-99e1-41ad-8892-3b4da3d4f948', 'submitter_id': 'TCGA-BH-A1FL'}, {'case_id': '1549dc64-3dab-43fc-96e9-b07d520957e1', 'submitter_id': 'TCGA-D8-A27F'}, {'case_id': '157ec9e0-ca6e-4da1-9233-f976cf0db433', 'submitter_id': 'TCGA-B6-A0IB'}, {'case_id': '15ff4b02-bb69-4d24-8a07-b82f428e428d', 'submitter_id': 'TCGA-A7-A3IZ'}, {'case_id': '161917b8-88ad-407b-ade6-d6b98478b359', 'submitter_id': 'TCGA-E9-A22H'}, {'case_id': '16368c32-2118-4fcf-8693-6c89995e49d8', 'submitter_id': 'TCGA-A1-A0SI'}, {'case_id': '16a8d916-ad46-4690-b1a5-3b2b323f4336', 'submitter_id': 'TCGA-B6-A0IN'}, {'case_id': '174850b4-5ec2-462b-a890-89bd1716b3c2', 'submitter_id': 'TCGA-A2-A3Y0'}, {'case_id': '1783cac1-253a-40af-a9ac-48dfb20e1ab8', 'submitter_id': 'TCGA-BH-A1FH'}, {'case_id': '178b2c48-c07d-422e-ae17-8bcfd996ad51', 'submitter_id': 'TCGA-B6-A0X1'}, {'case_id': '17baef7c-d97d-4b98-ab53-503ef856523d', 'submitter_id': 'TCGA-A7-A0D9'}, {'case_id': '17c1d42c-cb84-4655-a4cd-b54bae17ecaf', 'submitter_id': 'TCGA-E2-A15K'}, {'case_id': '17ca61a2-607a-45ff-88fa-ef72e80bf891', 'submitter_id': 'TCGA-BH-A0HF'}, {'case_id': '17d9e646-6ab3-40b3-a0bc-2c834d3c3213', 'submitter_id': 'TCGA-AR-A0U1'}, {'case_id': '17f275c1-a0d4-487d-8f02-ea279584b4cd', 'submitter_id': 'TCGA-D8-A13Y'}, {'case_id': '189e1f27-7738-413a-a4d4-97d41d592a13', 'submitter_id': 'TCGA-A2-A3XV'}, {'case_id': '18d35983-ea6a-4b70-a209-9bef37595956', 'submitter_id': 'TCGA-A2-A0SX'}, {'case_id': '18eb4dfc-556f-4bf3-a411-4780209ed1e0', 'submitter_id': 'TCGA-BH-A0B3'}, {'case_id': '195b6731-6ae6-416e-a345-0eb8874a0ca2', 'submitter_id': 'TCGA-AN-A0XO'}, {'case_id': '197428f7-bd77-4c5f-8119-87157b5c35b9', 'submitter_id': 'TCGA-A2-A04N'}, {'case_id': '197741de-a098-4f04-bb37-8ea8b3bb39bc', 'submitter_id': 'TCGA-B6-A0WS'}, {'case_id': '1a18974d-967c-4727-b42e-12ae7be66589', 'submitter_id': 'TCGA-B6-A0I5'}, {'case_id': '1a679332-30a3-4495-a2e5-39d299e14333', 'submitter_id': 'TCGA-S3-A6ZG'}, {'case_id': '9f6be944-83de-42ab-8738-f0022f475e61', 'submitter_id': 'TCGA-GI-A2C9'}, {'case_id': '9f93ea0a-1687-44e0-9e8a-eeb4097d471c', 'submitter_id': 'TCGA-A2-A0CZ'}, {'case_id': '9fefbe7c-f66a-4940-843e-285cb7b392c1', 'submitter_id': 'TCGA-AR-A24Z'}, {'case_id': 'a0576d44-9add-429b-9eeb-f7b234b7385f', 'submitter_id': 'TCGA-E2-A14Y'}, {'case_id': 'a06ff6ae-b0dd-4516-a75c-0db71694b46b', 'submitter_id': 'TCGA-LD-A7W5'}, {'case_id': 'a0963e93-b63e-4de2-86c1-81302e271d3e', 'submitter_id': 'TCGA-AR-A250'}, {'case_id': 'a1093598-d3a8-4ffe-83fc-bc7d1faff7e5', 'submitter_id': 'TCGA-BH-A1EU'}, {'case_id': 'a12fd22a-7f84-4b6e-b6d8-012e38eb73d7', 'submitter_id': 'TCGA-AR-A1AW'}, {'case_id': 'a1674d7b-787a-45c4-bf16-1b7d0efce207', 'submitter_id': 'TCGA-E2-A15P'}, {'case_id': '64975923-d032-4182-8565-59fc37127d8d', 'submitter_id': 'TCGA-D8-A1XT'}, {'case_id': '64d4dfae-8d91-464b-adc3-80ba7caf54ae', 'submitter_id': 'TCGA-E9-A22E'}, {'case_id': '64f67506-f2df-4f0a-b7be-29b4949e986a', 'submitter_id': 'TCGA-A2-A04V'}, {'case_id': '659b0170-e914-45ff-aa55-fcb8d3dc7b8a', 'submitter_id': 'TCGA-E9-A1NG'}, {'case_id': '53d0af48-d7ea-42c9-8695-c614b89b415b', 'submitter_id': 'TCGA-EW-A1P5'}, {'case_id': '53ff5893-7d5e-4bcb-be9c-665fa34b7824', 'submitter_id': 'TCGA-EW-A1OY'}, {'case_id': '546248b0-22a0-4b70-a437-76fb0a238a0d', 'submitter_id': 'TCGA-AN-A0FJ'}, {'case_id': '55262fcb-1b01-4480-b322-36570430c917', 'submitter_id': 'TCGA-3C-AALI'}, {'case_id': '5562455d-bbb8-46eb-a510-e8c6e1e26789', 'submitter_id': 'TCGA-B6-A0RL'}, {'case_id': '557cb0a3-6f1b-4faf-8296-0a15c24158f9', 'submitter_id': 'TCGA-BH-A18P'}, {'case_id': '5580b21a-2cdb-4777-ad79-6e06654144f5', 'submitter_id': 'TCGA-E2-A15H'}, {'case_id': '56203436-8634-4fd0-96b5-ba6be9d87857', 'submitter_id': 'TCGA-D8-A1JK'}, {'case_id': '56230e4a-29ca-4f37-a0f9-730dbdfb6fa2', 'submitter_id': 'TCGA-AC-A7VB'}, {'case_id': '8cf54607-01ce-42b0-9bd9-8627edd9f3b7', 'submitter_id': 'TCGA-C8-A130'}, {'case_id': '8d5fe6e8-d2cc-481f-a6a1-9cb6e7982cde', 'submitter_id': 'TCGA-A2-A0EW'}, {'case_id': '8d9b50d1-139b-4447-ae9c-e54764d9e2a7', 'submitter_id': 'TCGA-AC-A6NO'}, {'case_id': '8db69f1d-72e2-40ba-ad8a-cf228499840d', 'submitter_id': 'TCGA-C8-A8HP'}, {'case_id': 'd1fd8ed2-be13-4272-b31e-df86911db3b1', 'submitter_id': 'TCGA-AR-A24P'}, {'case_id': 'd2f2560c-ec80-4fea-9474-c47a2e85ea95', 'submitter_id': 'TCGA-AO-A0J2'}, {'case_id': 'd34471a1-b367-4f8a-b35a-c5901c4f5503', 'submitter_id': 'TCGA-EW-A2FS'}, {'case_id': 'd3a75976-67d3-40fa-9f6f-cf2a3d7b773c', 'submitter_id': 'TCGA-BH-A0B8'}, {'case_id': 'd3b9d925-ae04-4721-8bfc-50b41225bc74', 'submitter_id': 'TCGA-BH-A0E7'}, {'case_id': 'd3d4d709-ab34-4617-aa8c-51a3d0a3efe6', 'submitter_id': 'TCGA-BH-A0DO'}, {'case_id': 'd3d545b3-457f-4389-821f-704cb24aff7f', 'submitter_id': 'TCGA-AR-A256'}, {'case_id': 'd48e9f25-f083-4f88-a92d-c12d9f765ba6', 'submitter_id': 'TCGA-A7-A426'}, {'case_id': 'd4a1ecdc-399c-4f82-aa7a-68a0c82ded3f', 'submitter_id': 'TCGA-E9-A243'}, {'case_id': 'd4e7426c-9739-4585-9114-e564b13c7c02', 'submitter_id': 'TCGA-BH-A1FG'}, {'case_id': 'd5be2ab3-f748-480d-954b-385cf01b4c81', 'submitter_id': 'TCGA-D8-A27N'}, {'case_id': 'd5d8e76e-2f2a-49bc-ba0a-d51283611b16', 'submitter_id': 'TCGA-AO-A0JL'}, {'case_id': 'd5e655fe-3fbc-47b0-ba23-1d1dd01d591c', 'submitter_id': 'TCGA-AC-A8OS'}, {'case_id': 'd5e9a403-88ce-40fc-bb85-80cf3f8ff6bc', 'submitter_id': 'TCGA-D8-A1J9'}, {'case_id': 'd69e59a8-b10b-46f5-b859-b6c178d90506', 'submitter_id': 'TCGA-A7-A0CJ'}, {'case_id': 'd6f911b5-e895-43f8-8f86-0ac2f1bc6fae', 'submitter_id': 'TCGA-BH-A0BJ'}, {'case_id': 'd7308344-5bab-4073-bb4f-4d8cd8d7bd17', 'submitter_id': 'TCGA-E2-A159'}, {'case_id': 'd7808cbc-4b8c-467b-b2c3-f48d05b9ecab', 'submitter_id': 'TCGA-A8-A08Z'}, {'case_id': 'd7cac141-9269-4733-83ce-e1bc0b503254', 'submitter_id': 'TCGA-A8-A096'}, {'case_id': 'd7ce6b79-f7c0-481e-9dbd-6273f01c9786', 'submitter_id': 'TCGA-E2-A14Z'}, {'case_id': 'd8492ebd-3d94-4a4b-8de7-386526691cc2', 'submitter_id': 'TCGA-E2-A1BC'}, {'case_id': 'd8ecba6a-9fff-4993-a799-9a8d2aea524e', 'submitter_id': 'TCGA-E2-A1LH'}, {'case_id': 'd8f8064f-02ef-4fed-942b-714cbe5e8455', 'submitter_id': 'TCGA-LL-A7T0'}, {'case_id': 'd9627184-b972-4e00-8c11-b0b946ac357a', 'submitter_id': 'TCGA-AC-A5XS'}, {'case_id': 'd9a1c06f-7b50-46b0-878e-89e8c31863ae', 'submitter_id': 'TCGA-B6-A400'}, {'case_id': 'd9dc3b59-613d-469e-8b4f-6c5a557eb26a', 'submitter_id': 'TCGA-EW-A3U0'}, {'case_id': 'd9fd2724-7db0-4af3-ac14-217bdfa5203f', 'submitter_id': 'TCGA-AC-A2QJ'}, {'case_id': 'da1c58a7-c6bd-47d9-95c2-8d2ac70e20e4', 'submitter_id': 'TCGA-AR-A0TY'}, {'case_id': 'da286247-e8bb-4941-a2af-2453fe61cd02', 'submitter_id': 'TCGA-EW-A1PG'}, {'case_id': 'da70cf7e-0e61-4c72-b4c5-c408569d11b8', 'submitter_id': 'TCGA-A7-A3J0'}, {'case_id': 'da840a22-8d30-4682-bbd0-8fa87bd40528', 'submitter_id': 'TCGA-E2-A15C'}, {'case_id': 'daf62b56-6dd2-4ab7-adaa-f296bb86a0a5', 'submitter_id': 'TCGA-AR-A1AV'}, {'case_id': 'db3e1ce8-4a05-4bfc-b5ae-13cf789369e1', 'submitter_id': 'TCGA-OL-A6VR'}, {'case_id': 'db4bc6aa-2e7d-4bcb-8519-a455f624d33b', 'submitter_id': 'TCGA-BH-A18Q'}, {'case_id': 'db62d9c7-8343-4771-84fc-146d2e307bb8', 'submitter_id': 'TCGA-AR-A24R'}, {'case_id': 'db8d38ab-cc61-49ee-863d-40060112f2af', 'submitter_id': 'TCGA-A8-A08H'}, {'case_id': 'dba9beec-5e51-48c0-9229-0ee286a02a1a', 'submitter_id': 'TCGA-BH-A0DD'}, {'case_id': 'dbb2da92-99dd-400c-bc05-e87d7273656c', 'submitter_id': 'TCGA-E2-A1B4'}, {'case_id': 'dbf6f981-15cc-40ad-91ac-a66360405fbd', 'submitter_id': 'TCGA-A7-A4SE'}, {'case_id': 'dc11b1c7-1f00-4813-b4b5-ecf776b2eb37', 'submitter_id': 'TCGA-C8-A26Z'}, {'case_id': 'dc15a8ae-991e-421c-bc70-70e94f79dd17', 'submitter_id': 'TCGA-E2-A10E'}, {'case_id': 'dc657ca8-98e8-4ec4-a513-1b848be0e85d', 'submitter_id': 'TCGA-BH-A0HU'}, {'case_id': 'dcb68327-1537-4ca6-81de-3910d0663cb8', 'submitter_id': 'TCGA-C8-A8HR'}, {'case_id': 'dcd5e079-813a-4c1a-b320-0931468d2bbc', 'submitter_id': 'TCGA-D8-A1JF'}, {'case_id': 'dcfd0b1d-5707-44a6-b225-5e8f7cea5ca1', 'submitter_id': 'TCGA-A8-A097'}, {'case_id': 'dd43ffd9-da18-4ad3-abe7-6f443c76a717', 'submitter_id': 'TCGA-GM-A2DC'}, {'case_id': 'dd67408e-46ba-4573-9415-d4814e9f84de', 'submitter_id': 'TCGA-E9-A226'}, {'case_id': 'dd6b64a8-d546-4fd1-bbbd-ac9703791cae', 'submitter_id': 'TCGA-AO-A03T'}, {'case_id': '0b0f9938-ce1e-4814-8821-0132d137eb9e', 'submitter_id': 'TCGA-LD-A7W6'}, {'case_id': '0bc5744c-5fa3-45bb-87d0-70a02068b392', 'submitter_id': 'TCGA-BH-A0DG'}, {'case_id': '0c1023c0-d2ce-4940-8047-7642f1dc3965', 'submitter_id': 'TCGA-BH-A0HB'}, {'case_id': '0c23c380-363c-474d-b64c-b47f612a8225', 'submitter_id': 'TCGA-C8-A1HG'}, {'case_id': '0d03055c-186b-418a-b614-e2035757bc3b', 'submitter_id': 'TCGA-D8-A1JS'}, {'case_id': '0dca98b0-f43e-45b6-9a02-00092c78678c', 'submitter_id': 'TCGA-D8-A27H'}, {'case_id': '0e1d0d46-7a7b-4538-95dd-b9fc20a15aec', 'submitter_id': 'TCGA-E2-A1BD'}, {'case_id': '0ec70e40-07df-461d-8ff9-351240a0d454', 'submitter_id': 'TCGA-A7-A5ZV'}, {'case_id': '6d4860b2-21c6-4b7b-9093-2f32700d0612', 'submitter_id': 'TCGA-OL-A5D8'}, {'case_id': '6dd0dd7b-62ff-4fd1-a99a-b265f1a91dca', 'submitter_id': 'TCGA-BH-A1FN'}, {'case_id': '6ddaee34-46eb-490c-bd13-f0ab963c4322', 'submitter_id': 'TCGA-GM-A3NW'}, {'case_id': '26573441-eedb-4364-966c-e7f803deef19', 'submitter_id': 'TCGA-BH-A0BO'}, {'case_id': '2680da86-c977-4611-b75f-df015283c023', 'submitter_id': 'TCGA-E9-A1R7'}, {'case_id': '271404de-24e8-43f6-806b-fb510c1124c4', 'submitter_id': 'TCGA-B6-A1KN'}, {'case_id': '271e8024-a008-4bf0-9f6e-177f60096b1b', 'submitter_id': 'TCGA-E2-A15G'}, {'case_id': '27b05b15-a44b-45ed-a6e3-e7d1ca488ea9', 'submitter_id': 'TCGA-A8-A09X'}, {'case_id': '27c1c094-690b-4973-8900-a797ad88f98c', 'submitter_id': 'TCGA-D8-A27T'}, {'case_id': '28911b97-42bf-4189-9961-522fc0aeebc6', 'submitter_id': 'TCGA-D8-A1JN'}, {'case_id': '295cf595-4a29-46a3-a0c5-e5f08f947031', 'submitter_id': 'TCGA-A2-A1G6'}, {'case_id': '298d33da-15af-48cb-b30f-eaf54e7baa43', 'submitter_id': 'TCGA-A2-A0YH'}, {'case_id': '29fdc464-f216-4828-b456-829f71436e27', 'submitter_id': 'TCGA-BH-A0HW'}, {'case_id': 'dd96a9c7-899c-47cd-a0f9-b149ed07a5d6', 'submitter_id': 'TCGA-D8-A1JB'}, {'case_id': 'ddcbdac6-9e43-4146-a611-d033125eba14', 'submitter_id': 'TCGA-BH-A208'}, {'case_id': 'dddd8e2f-e540-418a-b02e-698d18a12c14', 'submitter_id': 'TCGA-A7-A26H'}, {'case_id': 'a53dd490-e0ba-419a-90c6-b905e241a8e5', 'submitter_id': 'TCGA-A2-A4S0'}, {'case_id': 'a6cb373a-1604-4e25-bd81-da6c3e4f06ee', 'submitter_id': 'TCGA-AO-A03V'}, {'case_id': 'a6e11b30-3ae8-4dd1-b04c-a730c6a79746', 'submitter_id': 'TCGA-AR-A1AH'}, {'case_id': 'a6e5f869-1182-4f81-b4bb-cf55261c8f3f', 'submitter_id': 'TCGA-D8-A3Z6'}, {'case_id': 'ba39bfbc-5cac-4f6c-b55c-4eee3466ee93', 'submitter_id': 'TCGA-BH-A0DL'}, {'case_id': 'ba80db4e-d899-4da4-ae49-5263d98e1530', 'submitter_id': 'TCGA-A7-A5ZX'}, {'case_id': 'ba89cb4f-cd63-47b1-9550-76fdaff89f2e', 'submitter_id': 'TCGA-A2-A25E'}, {'case_id': 'bac4b268-c781-4408-96d8-43a48fec7418', 'submitter_id': 'TCGA-BH-A2L8'}, {'case_id': 'baf2afc8-f16c-488f-947c-efc9083c6bef', 'submitter_id': 'TCGA-D8-A1JI'}, {'case_id': 'baf5e81f-2322-41ec-9053-b9559a7993bc', 'submitter_id': 'TCGA-AN-A0FT'}, {'case_id': 'bb1de798-0c02-437e-b539-33cb556d3993', 'submitter_id': 'TCGA-EW-A1J3'}, {'case_id': 'bd5374c9-7f36-457f-b66b-7cc7ff64224e', 'submitter_id': 'TCGA-GM-A3NY'}, {'case_id': 'bdd08ec8-8892-4273-8f21-6fde0f23c52d', 'submitter_id': 'TCGA-EW-A423'}, {'case_id': 'be9bf36a-12e1-4386-addf-1686dc8b49de', 'submitter_id': 'TCGA-E2-A153'}, {'case_id': 'becedbfd-b2aa-4dde-b7f4-29e6f59ec32c', 'submitter_id': 'TCGA-E2-A1IK'}, {'case_id': '4d51159f-ab2f-40e3-a363-847c3654431e', 'submitter_id': 'TCGA-C8-A26Y'}, {'case_id': '4da7abaf-ac7a-41c0-8033-5780a398545c', 'submitter_id': 'TCGA-E2-A10A'}, {'case_id': '753d5d49-3b40-4737-9d4c-b1ec29cc2692', 'submitter_id': 'TCGA-GM-A2DM'}, {'case_id': '757df7b0-4774-4493-98bf-999ded9ac86e', 'submitter_id': 'TCGA-A2-A0CY'}, {'case_id': '75b3fe55-1a63-426e-867e-2ef52f54778d', 'submitter_id': 'TCGA-B6-A402'}, {'case_id': '75b5529b-565a-4eba-918a-910b2f441d32', 'submitter_id': 'TCGA-A2-A1G1'}, {'case_id': '75f6e476-233a-409c-a3ef-0240be569813', 'submitter_id': 'TCGA-JL-A3YX'}, {'case_id': '76ace6aa-0505-442c-978a-f889cf2d44bb', 'submitter_id': 'TCGA-BH-A0E9'}, {'case_id': '76bd9bb9-9a8b-4a90-bb7c-eafe76472ee4', 'submitter_id': 'TCGA-OL-A66H'}, {'case_id': '77e25ae8-82ec-4dea-8e62-1176f27e47ba', 'submitter_id': 'TCGA-D8-A3Z5'}, {'case_id': '784de7ac-8424-42eb-83d4-a1bebaa42b97', 'submitter_id': 'TCGA-A1-A0SM'}, {'case_id': '78582fbc-dcc7-48ae-9f95-5271c9bc5b72', 'submitter_id': 'TCGA-AQ-A04L'}, {'case_id': '7861a5f2-8910-4bcb-9c34-f79c5acd6e21', 'submitter_id': 'TCGA-A8-A075'}, {'case_id': '786e8dbe-442e-4551-87b3-b4c333b04dd4', 'submitter_id': 'TCGA-BH-A0WA'}, {'case_id': '78e1da41-127c-4e9c-aaaa-77a0d94c31d0', 'submitter_id': 'TCGA-A8-A08C'}, {'case_id': '790ff5db-b7f3-4946-aaed-305f66b1dd6a', 'submitter_id': 'TCGA-BH-A0AV'}, {'case_id': '796b593f-5886-4a27-bf94-7ea8df325e1a', 'submitter_id': 'TCGA-A2-A0YJ'}, {'case_id': '7aedb46a-48ec-4e0e-8baa-c9ea4c4a7cf1', 'submitter_id': 'TCGA-A2-A25C'}, {'case_id': '7b892055-c59d-4550-8688-ad039790af3d', 'submitter_id': 'TCGA-BH-A1EX'}, {'case_id': '7bcf6d42-eb8f-4aa2-825b-38671d4f9e3a', 'submitter_id': 'TCGA-BH-A0C3'}, {'case_id': '7c2a8440-0206-4039-8474-8d62f6c7de0c', 'submitter_id': 'TCGA-AN-A0AS'}, {'case_id': '7d9d3522-ec3b-4efe-8c8e-c0e675276ef5', 'submitter_id': 'TCGA-BH-A0GY'}, {'case_id': '7dcf550c-90ce-4f63-aecd-0e46897e2a3e', 'submitter_id': 'TCGA-AC-A23H'}, {'case_id': '7e8713bd-0b17-4f09-9696-bc29707d862b', 'submitter_id': 'TCGA-OL-A5RZ'}, {'case_id': '7eb18190-5a41-4637-9783-f81bbde499e4', 'submitter_id': 'TCGA-BH-A1FM'}, {'case_id': '7f0bbba1-9bc3-45db-bdda-eb3319bb15d2', 'submitter_id': 'TCGA-BH-A0DE'}, {'case_id': '42f6f503-4cf6-4a8e-b5fe-b44bccf6b38b', 'submitter_id': 'TCGA-D8-A141'}, {'case_id': '43029932-feb0-4658-97fa-645c1e775009', 'submitter_id': 'TCGA-AR-A1AN'}, {'case_id': '433427a1-bacf-4381-91ba-5fec8a0953f9', 'submitter_id': 'TCGA-BH-A18S'}, {'case_id': '43b3bf47-7313-4dfb-952a-ec0b9d48e16c', 'submitter_id': 'TCGA-OL-A5S0'}, {'case_id': '43c0bec6-6fac-47b1-83cb-200a15a932be', 'submitter_id': 'TCGA-OL-A5RX'}, {'case_id': '43cc074d-b85a-4b0b-8feb-833094ffc565', 'submitter_id': 'TCGA-BH-A6R9'}, {'case_id': '43d5632e-7272-4aad-9496-7f5a99671223', 'submitter_id': 'TCGA-A2-A0T7'}, {'case_id': '441919eb-8c9f-478c-bda3-8de4f8295e8a', 'submitter_id': 'TCGA-C8-A12L'}, {'case_id': '44954053-0b93-4577-a436-42777e442300', 'submitter_id': 'TCGA-B6-A0I9'}, {'case_id': '44bec761-b603-49c0-8634-f6bfe0319bb1', 'submitter_id': 'TCGA-AO-A0JM'}, {'case_id': '45013972-2dfd-4f82-a076-e3e4af1b43b8', 'submitter_id': 'TCGA-UU-A93S'}, {'case_id': '4510295e-8aa7-4ef1-b2b7-91cc902f8200', 'submitter_id': 'TCGA-BH-A1EO'}, {'case_id': '451e1a67-47e6-4738-99d7-fb7771ef61a3', 'submitter_id': 'TCGA-B6-A0RP'}, {'case_id': '56bbd282-b88d-4730-9242-ab97d08dc83a', 'submitter_id': 'TCGA-GM-A2DN'}, {'case_id': '5700c1b3-922a-4401-8ab8-89028908d696', 'submitter_id': 'TCGA-GM-A2DH'}, {'case_id': '57cf380d-ab52-467f-b9ae-740b2f84c820', 'submitter_id': 'TCGA-BH-A42V'}, {'case_id': '58090433-d8d1-4499-a235-810c3e9d5b74', 'submitter_id': 'TCGA-AQ-A54N'}, {'case_id': '58959e88-54e2-4558-9664-2effda7403dc', 'submitter_id': 'TCGA-AO-A0JG'}, {'case_id': '58c56d4b-3f85-4aad-a779-5f9e1791677d', 'submitter_id': 'TCGA-AO-A12G'}, {'case_id': '59be60a3-e0f6-4d63-b98c-574ef92428c4', 'submitter_id': 'TCGA-E2-A15M'}, {'case_id': '59d60247-e549-4326-a672-50b05c13a291', 'submitter_id': 'TCGA-BH-A8G0'}, {'case_id': '5a17dcd9-5ced-4a69-8069-23c7fd0649d1', 'submitter_id': 'TCGA-D8-A13Z'}, {'case_id': '5a53ec47-e63f-44a2-8078-87659544fb04', 'submitter_id': 'TCGA-A2-A4RY'}, {'case_id': '5a57dc25-d252-4b22-b192-4de630d7002f', 'submitter_id': 'TCGA-BH-A0B9'}, {'case_id': '5a5f0f48-2b13-4e78-b130-901b85d9a7f3', 'submitter_id': 'TCGA-C8-A273'}, {'case_id': '5aca16ca-4516-4e27-8249-6914029a7ebf', 'submitter_id': 'TCGA-A2-A0CK'}, {'case_id': '5b9a5cd2-5ec8-48a0-b9f2-da9bede0b089', 'submitter_id': 'TCGA-B6-A0X7'}, {'case_id': '5cd79093-1571-4f71-8136-0d84ccabdcac', 'submitter_id': 'TCGA-WT-AB44'}, {'case_id': '5cdae21d-eee5-478f-932a-0f51fcf5f031', 'submitter_id': 'TCGA-E9-A1RC'}, {'case_id': '5dc1bee9-c44d-4fdc-9ae5-83426c4d6880', 'submitter_id': 'TCGA-AR-A0TQ'}, {'case_id': '5dd423e8-feaa-4568-a750-500948c41d6c', 'submitter_id': 'TCGA-B6-A0I1'}, {'case_id': '5e2cbc56-97f9-4b94-ade2-a3f739bcc7be', 'submitter_id': 'TCGA-EW-A1IW'}, {'case_id': '5e4187c9-98f8-4bdb-a8da-6a914e96f47a', 'submitter_id': 'TCGA-A8-A082'}, {'case_id': '5e670fec-8992-44bf-8657-f7f9a272306b', 'submitter_id': 'TCGA-A2-A0EN'}, {'case_id': '5ea18514-51ad-4844-abea-15e82f0b10c9', 'submitter_id': 'TCGA-E2-A1L9'}, {'case_id': '5f4d16aa-9cc4-4edb-b714-394e2661439a', 'submitter_id': 'TCGA-BH-A8FY'}, {'case_id': '5f5964a8-8e07-4620-98f0-93d162dbc31e', 'submitter_id': 'TCGA-A8-A08O'}, {'case_id': '6f18f96e-c0c9-4cc4-9fb2-cba8949d5402', 'submitter_id': 'TCGA-E2-A9RU'}, {'case_id': '6f4c8d30-47fb-47df-9eb7-4e5881e3711e', 'submitter_id': 'TCGA-AC-A3QP'}, {'case_id': '6f6afd31-b5dd-48ab-b18f-6390ba18a5f0', 'submitter_id': 'TCGA-D8-A1XF'}, {'case_id': '8c51bbcb-7c8d-47ad-9193-70ca157c6900', 'submitter_id': 'TCGA-AR-A251'}, {'case_id': '8c7e74e0-71ef-49b8-9217-94b8ef740ef9', 'submitter_id': 'TCGA-A7-A13E'}, {'case_id': '8cccf160-93e9-48a5-9b8b-54aa50153142', 'submitter_id': 'TCGA-A8-A07P'}, {'case_id': '8cd1ba0b-ead9-4661-a796-6c9dbf1c42cd', 'submitter_id': 'TCGA-AC-A8OR'}, {'case_id': '452672e8-b6d9-45b5-bb02-e88e03e2dd66', 'submitter_id': 'TCGA-A8-A09W'}, {'case_id': '45c3975c-d333-4237-93f7-e12dc2451c38', 'submitter_id': 'TCGA-E2-A56Z'}, {'case_id': '4649dee3-b668-44cd-ab97-3834de3ef8f8', 'submitter_id': 'TCGA-AN-A0XL'}, {'case_id': '478eb8aa-50b8-4ce5-98e4-d518ede4b174', 'submitter_id': 'TCGA-BH-A0DZ'}, {'case_id': '4842bac3-abaa-4900-871f-f2c3ba6457f5', 'submitter_id': 'TCGA-E9-A1R6'}, {'case_id': '48ff0420-0f19-4e9d-a75d-6c54949a461a', 'submitter_id': 'TCGA-B6-A401'}, {'case_id': '491b6364-1223-474f-816f-e248c8c841e2', 'submitter_id': 'TCGA-BH-A0DH'}, {'case_id': '491d5ebb-e9ab-4b17-acb8-630ff9fef0f2', 'submitter_id': 'TCGA-AR-A24X'}, {'case_id': '4922cddc-575c-4b8a-8245-ce5f6876760c', 'submitter_id': 'TCGA-E9-A1R3'}, {'case_id': '4958c36f-1dc7-4f14-9dec-36e14107dbe3', 'submitter_id': 'TCGA-D8-A145'}, {'case_id': '495f9eda-b9be-4eef-bae1-766a4bfbd68e', 'submitter_id': 'TCGA-AO-A12F'}, {'case_id': 'cc510968-fe52-4109-a79f-74f216b48c78', 'submitter_id': 'TCGA-D8-A1XJ'}, {'case_id': 'ccb22ecc-6e18-44b8-ad48-6ab51314b16e', 'submitter_id': 'TCGA-D8-A142'}, {'case_id': 'ccd4a24b-d8cc-4686-9dee-c98b0c5a8d21', 'submitter_id': 'TCGA-A2-A04P'}, {'case_id': 'cd0c96a4-6414-4efb-879b-7408b62ed5b6', 'submitter_id': 'TCGA-A2-A1FV'}, {'case_id': 'cd3faa15-743c-476f-ab0d-f205b14126b6', 'submitter_id': 'TCGA-B6-A0RV'}, {'case_id': 'cd781589-3820-45a2-906b-8d60cd02f3ef', 'submitter_id': 'TCGA-D8-A1JT'}, {'case_id': 'cd7fb75e-1c2e-4201-86d3-b3ba21f476bf', 'submitter_id': 'TCGA-OK-A5Q2'}, {'case_id': 'cdab777e-62de-4d51-92af-b6eb089c111f', 'submitter_id': 'TCGA-D8-A1X7'}, {'case_id': 'cdd8c046-fd97-482a-a11f-2217b321c4d1', 'submitter_id': 'TCGA-E2-A570'}, {'case_id': 'ce887e90-0660-4f44-a3a4-b3b894cb7eda', 'submitter_id': 'TCGA-C8-A275'}, {'case_id': 'ce9e0309-9756-42d2-ae94-d91264a79498', 'submitter_id': 'TCGA-E2-A1LA'}, {'case_id': 'cea9d8f9-e18c-4947-a461-5f712e3c1e6d', 'submitter_id': 'TCGA-E9-A229'}, {'case_id': 'ced2c048-b047-43ff-b0e7-cd7ad480850c', 'submitter_id': 'TCGA-D8-A1Y0'}, {'case_id': 'cf0a3f38-5850-44e1-8574-808bd37d84a3', 'submitter_id': 'TCGA-E9-A22D'}, {'case_id': 'cf9db1af-17f0-490e-8139-142bd704763a', 'submitter_id': 'TCGA-A8-A07O'}, {'case_id': 'cffe832c-8a81-4cdb-8b25-df7f35afafdc', 'submitter_id': 'TCGA-S3-AA0Z'}, {'case_id': 'd071c16b-7cee-45ed-8ec9-612418143815', 'submitter_id': 'TCGA-A2-A0CS'}, {'case_id': 'dfe6db17-cf45-488e-bd3c-b8433d7343ca', 'submitter_id': 'TCGA-AR-A0TU'}, {'case_id': 'e0375a8b-a135-4103-a59d-39063fcf4a6f', 'submitter_id': 'TCGA-BH-A0HI'}, {'case_id': 'e0929c47-cff3-4518-a188-8764af01073a', 'submitter_id': 'TCGA-E2-A14T'}, {'case_id': 'e0b1bcd2-1139-44b9-98b3-67bcf92bcc39', 'submitter_id': 'TCGA-E2-A1B6'}, {'case_id': 'e1119732-3e97-4259-bc69-dc4269d9496d', 'submitter_id': 'TCGA-BH-A0C7'}, {'case_id': 'e112b452-8850-4353-bfed-0dbdc243290b', 'submitter_id': 'TCGA-AN-A0FW'}, {'case_id': 'e1786e78-ac46-46fd-8ce0-8f7456e46082', 'submitter_id': 'TCGA-LL-A8F5'}, {'case_id': '8e159b50-8136-42d4-b9c7-d579a74e4931', 'submitter_id': 'TCGA-E2-A10F'}, {'case_id': '8f34cb4c-5798-47a0-89a1-f0ee26a8ae93', 'submitter_id': 'TCGA-A2-A0YK'}, {'case_id': '8f912a40-3251-4e1f-ae65-1f93d71f9881', 'submitter_id': 'TCGA-EW-A1OZ'}, {'case_id': '8f9ad301-6699-4078-a80d-886e40894af7', 'submitter_id': 'TCGA-A7-A3J1'}, {'case_id': '9087585f-e792-4f33-baaa-56ffe0f745be', 'submitter_id': 'TCGA-PL-A8LZ'}, {'case_id': '910655da-2c12-4572-96b7-ded616e69b4b', 'submitter_id': 'TCGA-MS-A51U'}, {'case_id': '91a2f2af-e4b1-4a0b-ab20-6a36ce63c533', 'submitter_id': 'TCGA-E2-A1LS'}, {'case_id': '91da548b-5c64-49c3-a44a-1ef115f53311', 'submitter_id': 'TCGA-LL-A50Y'}, {'case_id': '92529232-8504-4541-b7e2-4df8f497c413', 'submitter_id': 'TCGA-D8-A1XM'}, {'case_id': '92654f8d-5137-4ffd-aaa3-5ae38eb88226', 'submitter_id': 'TCGA-A7-A2KD'}, {'case_id': '929acc67-b8bf-4f65-9110-380e44ab66b7', 'submitter_id': 'TCGA-S3-AA14'}, {'case_id': '92b842c5-f71b-4ef7-ba86-358d28e0966f', 'submitter_id': 'TCGA-LL-A6FQ'}, {'case_id': '93ed6066-b567-4e1c-ab81-23370f9d3452', 'submitter_id': 'TCGA-BH-A0AY'}, {'case_id': '9416ff9b-6f29-4554-b04d-b537a3ae3969', 'submitter_id': 'TCGA-B6-A0RS'}, {'case_id': '9434687a-197c-4959-b6b8-9c05f1dd7f53', 'submitter_id': 'TCGA-B6-A3ZX'}, {'case_id': '9495f029-9882-4c9b-a557-b3aec9e91698', 'submitter_id': 'TCGA-AR-A1AP'}, {'case_id': '94b03e1d-50ec-4680-bffd-7086d1536ff2', 'submitter_id': 'TCGA-AR-A1AK'}, {'case_id': '94b95984-b2fb-4e42-8887-45e7086c3179', 'submitter_id': 'TCGA-E9-A1RB'}, {'case_id': '9536bec0-dae0-4d63-a1b3-956741835243', 'submitter_id': 'TCGA-AO-A0J7'}, {'case_id': '95873e61-afdb-496c-9f77-3f9beb008cda', 'submitter_id': 'TCGA-E9-A3X8'}, {'case_id': '959ff069-8a49-4c9b-85c2-5291cac0acff', 'submitter_id': 'TCGA-C8-A3M7'}, {'case_id': '95c53f69-0f05-4348-822a-571f3d757001', 'submitter_id': 'TCGA-A2-A0T0'}, {'case_id': '95cef916-5545-455b-920c-773a54fc7676', 'submitter_id': 'TCGA-AC-A3QQ'}, {'case_id': '95e949d3-b1f3-46c6-9451-8fe92c99e4cf', 'submitter_id': 'TCGA-AN-A0XS'}, {'case_id': '96312510-c126-485d-8109-ed81844a1dc3', 'submitter_id': 'TCGA-AN-A0G0'}, {'case_id': '9646160a-f1f9-437b-8c7d-efb0b57bfb97', 'submitter_id': 'TCGA-AN-A0AJ'}, {'case_id': '96b9c7db-1be1-4b60-b47c-26b654c3d64c', 'submitter_id': 'TCGA-BH-A0DV'}, {'case_id': '96e1fc6d-693f-4f4f-b5f7-8d6e1c6c43f8', 'submitter_id': 'TCGA-OL-A66J'}, {'case_id': '96f02be7-f2df-483c-8968-a5bd2d887206', 'submitter_id': 'TCGA-D8-A73U'}, {'case_id': '97677fd7-8523-48c5-a8ce-614fd4010551', 'submitter_id': 'TCGA-AC-A5XU'}, {'case_id': '97862b8e-9f76-4b19-a865-156a9c00fb1e', 'submitter_id': 'TCGA-EW-A6SC'}, {'case_id': '97943d87-fed7-4f14-a0a7-c5bfee64c392', 'submitter_id': 'TCGA-D8-A1XK'}, {'case_id': '332423a7-8866-4ee3-b08f-3c8d7c16af80', 'submitter_id': 'TCGA-A2-A0CU'}, {'case_id': '33919e92-4ea9-47e5-a6f4-36e51845d50f', 'submitter_id': 'TCGA-A8-A09N'}, {'case_id': '33cea538-4c3f-470a-972d-257c43241ab4', 'submitter_id': 'TCGA-C8-A135'}, {'case_id': '34a74805-300c-4773-ab59-2085fcc2e6cc', 'submitter_id': 'TCGA-D8-A1X9'}, {'case_id': '34ab0cb8-bf19-4cbb-b4eb-3c45ee5aa60b', 'submitter_id': 'TCGA-B6-A0IG'}, {'case_id': '35bd694d-1dd2-466f-ab27-03320614b40e', 'submitter_id': 'TCGA-OL-A66I'}, {'case_id': '35ca5e2a-861a-4dd2-a4ce-d294cf080da3', 'submitter_id': 'TCGA-AQ-A54O'}, {'case_id': '360d1d6d-cf3e-4c78-b36f-ef5e3160aa6b', 'submitter_id': 'TCGA-BH-A0AU'}, {'case_id': '36220587-1c1c-4f92-b177-3b2155e7e273', 'submitter_id': 'TCGA-AR-A1AU'}, {'case_id': '36449392-de76-4ee9-bc09-627a07e18727', 'submitter_id': 'TCGA-A8-A09D'}, {'case_id': '36d77496-99f8-4911-ba7c-89fae32662aa', 'submitter_id': 'TCGA-A2-A0T5'}, {'case_id': '36fe6152-f61e-4948-9ccc-23ac01a9d77d', 'submitter_id': 'TCGA-AO-A0JE'}, {'case_id': '376ffe63-efd7-42af-90e1-261255b28bb7', 'submitter_id': 'TCGA-AR-A2LH'}, {'case_id': '378778d2-b331-4867-a93b-c64028c8b4c7', 'submitter_id': 'TCGA-A2-A0CT'}, {'case_id': '3886b4fb-ba22-4a50-b11a-a6893951f170', 'submitter_id': 'TCGA-D8-A1XQ'}, {'case_id': '38a4e9bd-93e9-432d-a756-3b1055b823bd', 'submitter_id': 'TCGA-LD-A74U'}, {'case_id': '38a631a1-6875-4216-a335-ee93c90a86d6', 'submitter_id': 'TCGA-D8-A1Y1'}, {'case_id': '38a8b734-9acc-42f9-b5b7-e51b0dfc6504', 'submitter_id': 'TCGA-A8-A092'}, {'case_id': '38dc3e09-0b0e-4a29-b318-cc0352013dae', 'submitter_id': 'TCGA-LD-A66U'}, {'case_id': '3927f736-3b5c-48c8-9d9e-83669ec44770', 'submitter_id': 'TCGA-A8-A09G'}, {'case_id': '398fb71b-ca83-44e7-bf0d-b1ca464b0283', 'submitter_id': 'TCGA-OL-A6VO'}, {'case_id': '39cde586-df95-435f-b9a6-73b0c0ee5e92', 'submitter_id': 'TCGA-AO-A0J3'}, {'case_id': '3aaabc62-f5a4-4025-9b29-5adf82c86c84', 'submitter_id': 'TCGA-AO-A1KP'}, {'case_id': '5fc7ff35-d3f7-4687-8759-3542bd58e988', 'submitter_id': 'TCGA-EW-A1OX'}, {'case_id': '5fd9552a-c742-4388-940d-295d1107ae00', 'submitter_id': 'TCGA-AR-A1AY'}, {'case_id': '5fe3c51f-65e2-4da6-8924-a6fae17c022d', 'submitter_id': 'TCGA-E9-A1RD'}, {'case_id': '5ff12cbe-a3e0-4ce6-8452-12b984a1baaf', 'submitter_id': 'TCGA-EW-A1IY'}, {'case_id': '6014a582-d22e-46e1-9000-c8e2fbad7acf', 'submitter_id': 'TCGA-AR-A254'}, {'case_id': '6020d1b4-ee20-4cc9-82a3-340b5e3122f1', 'submitter_id': 'TCGA-D8-A27L'}, {'case_id': '606fbc6a-b41b-441d-9401-51e54912bf5e', 'submitter_id': 'TCGA-BH-A0E1'}, {'case_id': '60df7543-6da5-4c75-943b-5800c1e08234', 'submitter_id': 'TCGA-E2-A14X'}, {'case_id': '61204cdf-3b1c-44a1-bda6-0fef1ac4a333', 'submitter_id': 'TCGA-HN-A2OB'}, {'case_id': '623befd6-0ca4-4a6c-9cf5-d9385c3b718f', 'submitter_id': 'TCGA-AR-A1AO'}, {'case_id': '626b4ff0-2188-4a14-aac8-6703c624917f', 'submitter_id': 'TCGA-A8-A09M'}, {'case_id': '62d70067-ff77-4f95-8b69-f537abaf74ce', 'submitter_id': 'TCGA-D8-A1J8'}, {'case_id': '6397d7bc-9cb1-4a84-81ad-76954e0a8cee', 'submitter_id': 'TCGA-GM-A4E0'}, {'case_id': '6412854a-f874-469e-9d1f-8bd3ae5bd41d', 'submitter_id': 'TCGA-A8-A08R'}, {'case_id': '6429c443-8ac3-407f-bb9c-66420b904bbf', 'submitter_id': 'TCGA-E2-A573'}, {'case_id': '6439621e-da61-4723-91cc-c5d87d0a4abc', 'submitter_id': 'TCGA-AR-A0TV'}, {'case_id': '3ecb0147-276d-486c-9af0-ce437c24ba83', 'submitter_id': 'TCGA-BH-A0BR'}, {'case_id': '3efa245d-177d-4ef9-94f7-f554c54e345e', 'submitter_id': 'TCGA-A8-A0A1'}, {'case_id': '408cb583-6dc3-4698-8bd2-e284042bd5ef', 'submitter_id': 'TCGA-E9-A1RH'}, {'case_id': '417dea5f-f68e-4dab-940e-43ae8c67e5e6', 'submitter_id': 'TCGA-BH-A1EV'}, {'case_id': '418c11e8-2670-48d5-bbf5-95b46bff1201', 'submitter_id': 'TCGA-A2-A4S3'}, {'case_id': '4229e432-6ac5-49d2-b58a-e8713ddb79bd', 'submitter_id': 'TCGA-AR-A2LQ'}, {'case_id': '42621dfa-abfd-4c7d-8bc5-a02a09d1c2b4', 'submitter_id': 'TCGA-C8-A12Z'}, {'case_id': 'b8b6cebc-26dc-43ae-a94a-20da6018f7ae', 'submitter_id': 'TCGA-C8-A133'}, {'case_id': 'b956df1b-bc77-4bdb-a5bd-5dda7b4c8da7', 'submitter_id': 'TCGA-E9-A22B'}, {'case_id': 'b95eef8a-205f-4cf8-9d3c-ae51d406e1e0', 'submitter_id': 'TCGA-E9-A228'}, {'case_id': 'b97bf89a-7a85-4eef-ae7e-f787aead1f0a', 'submitter_id': 'TCGA-BH-A1FC'}, {'case_id': '97b5f490-1cd9-4833-b903-5f4c6e45670d', 'submitter_id': 'TCGA-C8-A12U'}, {'case_id': '9848307d-1bd5-40c1-b655-a33297aaf74f', 'submitter_id': 'TCGA-AR-A1AI'}, {'case_id': '9857be0c-aeca-4a43-90b1-0535bd08e086', 'submitter_id': 'TCGA-B6-A2IU'}, {'case_id': '98e0b4de-52fc-4945-9bf5-11e29368f939', 'submitter_id': 'TCGA-AR-A1AQ'}, {'case_id': '98e709e7-e195-4b37-9537-f6081affb609', 'submitter_id': 'TCGA-A7-A6VW'}, {'case_id': '991e1427-3c01-423d-abfd-4584302ca72c', 'submitter_id': 'TCGA-A2-A0SW'}, {'case_id': '993103b1-e5a1-4c33-8629-be53ebc41d64', 'submitter_id': 'TCGA-A8-A094'}, {'case_id': '9938ce5c-e74e-446e-a932-f096f85cc3b1', 'submitter_id': 'TCGA-AQ-A04J'}, {'case_id': '994ca1f5-ad10-44ec-aa21-71fc2940653b', 'submitter_id': 'TCGA-E9-A1N9'}, {'case_id': '995fdab7-7284-4d33-befa-ec22aa7c6479', 'submitter_id': 'TCGA-A8-A0A7'}, {'case_id': 'b7f74ae1-6f58-447c-be50-a7666eb19d9a', 'submitter_id': 'TCGA-AO-A1KR'}, {'case_id': 'b8a44fdf-9cb9-4123-9ab0-4bc198921fee', 'submitter_id': 'TCGA-OL-A5RU'}, {'case_id': 'b8a615f9-d19b-4b09-8ec8-0674e5c648cd', 'submitter_id': 'TCGA-C8-A12N'}, {'case_id': 'b8aefc48-4a6e-4254-a57f-5f688399b582', 'submitter_id': 'TCGA-LL-A5YO'}, {'case_id': '7fe4670d-4626-459d-869b-ab15f478c6a7', 'submitter_id': 'TCGA-A8-A08A'}, {'case_id': '80419545-4e5d-4baf-8948-f84589b5ef3e', 'submitter_id': 'TCGA-D8-A4Z1'}, {'case_id': '805bfe39-3695-43c2-93e4-d66d0559b89f', 'submitter_id': 'TCGA-A2-A1FZ'}, {'case_id': '807b62ed-d3f7-4211-83be-754386ff2c96', 'submitter_id': 'TCGA-E9-A3HO'}, {'case_id': '8183f0fb-2303-4d7b-bccd-55e5031fc7df', 'submitter_id': 'TCGA-AC-A6IW'}, {'case_id': '81b70c58-4a12-448c-a594-2ade44f6a0ae', 'submitter_id': 'TCGA-AC-A3TN'}, {'case_id': '81e32f39-3aa0-468b-87ed-dd2eb6165ddf', 'submitter_id': 'TCGA-EW-A1P0'}, {'case_id': '81e7a3d3-be70-4834-8018-4d2cc077a4e6', 'submitter_id': 'TCGA-A8-A09Z'}, {'case_id': 'f801aeed-dc43-49d7-a319-84c8851979d9', 'submitter_id': 'TCGA-E2-A10B'}, {'case_id': 'f81ac8a2-4ce6-439e-b027-1c0bfc88ceaa', 'submitter_id': 'TCGA-OL-A66P'}, {'case_id': 'f83b866b-0b2e-4bba-9367-be6dccf56232', 'submitter_id': 'TCGA-E2-A2P6'}, {'case_id': 'f89588e9-ca73-4465-a7fb-7246edb45e3a', 'submitter_id': 'TCGA-XX-A899'}, {'case_id': 'f954de05-1b44-4087-8933-6cc72d81028d', 'submitter_id': 'TCGA-E9-A1N5'}, {'case_id': 'f9eb88f7-9293-46bf-ace4-a746e4ff80dc', 'submitter_id': 'TCGA-A8-A086'}, {'case_id': 'fac173a8-1613-4bd4-87ba-83a2cfe8a37d', 'submitter_id': 'TCGA-AC-A3EH'}, {'case_id': 'fb356957-f620-4d99-b675-1355a1d9f932', 'submitter_id': 'TCGA-E2-A14O'}, {'case_id': 'fb3607eb-858e-4ecd-8477-95140658c6d2', 'submitter_id': 'TCGA-E9-A249'}, {'case_id': 'fb57c598-b45b-478a-9d34-ca1f050d5b7c', 'submitter_id': 'TCGA-BH-A0DS'}, {'case_id': 'fbee40f1-d6d8-4156-8d42-36e09bb9f095', 'submitter_id': 'TCGA-S3-A6ZF'}, {'case_id': 'fc18d029-9be2-4fa0-9aef-6d647dc55f0b', 'submitter_id': 'TCGA-D8-A147'}, {'case_id': 'fcef8cb5-fb2c-4bfb-82cd-6b9f3145182c', 'submitter_id': 'TCGA-BH-A0HP'}, {'case_id': 'fd0b1b8b-1a76-480a-b61c-d176e4e02c6b', 'submitter_id': 'TCGA-B6-A40C'}, {'case_id': 'fe15c48b-116d-461e-9b40-68514730fd18', 'submitter_id': 'TCGA-A2-A0CP'}, {'case_id': 'fe2cd610-aa52-4789-ac62-7683281bb22f', 'submitter_id': 'TCGA-PL-A8LX'}, {'case_id': 'fe7f74b8-20f4-4471-91dc-4cca8c68e5c0', 'submitter_id': 'TCGA-A2-A3XZ'}, {'case_id': 'fec0da58-1047-44d2-b6d1-c18cceed43dc', 'submitter_id': 'TCGA-E9-A295'}, {'case_id': 'ff0f875f-113a-4c0f-8c0a-4259cd496e6d', 'submitter_id': 'TCGA-C8-A26W'}, {'case_id': 'bef7b135-a727-45e8-850a-cc4cd56c49aa', 'submitter_id': 'TCGA-AO-A0JJ'}, {'case_id': 'bf3b1481-ae31-4406-b084-b6cc1d7163e3', 'submitter_id': 'TCGA-BH-A1FR'}, {'case_id': 'bfd49783-1767-469b-9d79-7822301c5efc', 'submitter_id': 'TCGA-BH-A18F'}, {'case_id': 'bfd55808-dddd-44c3-97d7-41600497b992', 'submitter_id': 'TCGA-B6-A0RI'}, {'case_id': 'c0427237-b476-4af4-b664-7bd479922ea5', 'submitter_id': 'TCGA-A2-A0EU'}, {'case_id': 'e783e518-c1e5-4eac-8eaf-e2d65ccd9692', 'submitter_id': 'TCGA-S3-AA15'}, {'case_id': '8218119a-f68b-4ea7-9ee4-5e2edc2ae342', 'submitter_id': 'TCGA-E9-A245'}, {'case_id': '82ec33dd-e783-4c74-9a87-797a699e11df', 'submitter_id': 'TCGA-AQ-A1H3'}, {'case_id': '8332806e-f547-4aae-89af-6d5bec831fd2', 'submitter_id': 'TCGA-BH-A0HO'}, {'case_id': '83f26720-007c-42c9-a7de-7484bf8afa89', 'submitter_id': 'TCGA-C8-A12O'}, {'case_id': '83f943c7-3975-4b4f-985d-9c057741793b', 'submitter_id': 'TCGA-AQ-A04H'}, {'case_id': '843c8f16-5e59-40d4-9ecc-8a75375156f6', 'submitter_id': 'TCGA-A2-A4S1'}, {'case_id': '844ad251-3ee4-42f6-ad00-59a7a1670eea', 'submitter_id': 'TCGA-BH-A0HY'}, {'case_id': '848773a3-2f4a-4186-ab3f-de667129accf', 'submitter_id': 'TCGA-EW-A1PF'}, {'case_id': '84a88e8d-1e65-4b88-aae6-bf4c7a7e4c33', 'submitter_id': 'TCGA-A2-A0YE'}, {'case_id': '8539e15f-ba40-4219-aaeb-08d0ab101311', 'submitter_id': 'TCGA-B6-A40B'}, {'case_id': '8577ffcb-242e-40e2-98d4-2831d952be34', 'submitter_id': 'TCGA-AO-A125'}, {'case_id': '2dc1cec9-925a-417f-9e21-3c2143e711b4', 'submitter_id': 'TCGA-BH-A42U'}, {'case_id': '2e1e3bf0-1708-4b65-936c-48b89eb8966a', 'submitter_id': 'TCGA-AN-A049'}, {'case_id': '2e243f0e-9d7d-4cb0-9678-70607f90430a', 'submitter_id': 'TCGA-A7-A13H'}, {'case_id': '316e021c-5175-4ab3-bdb6-2bf9683f657a', 'submitter_id': 'TCGA-AN-A041'}, {'case_id': '31c31cce-1b4d-4f12-922f-84f389403170', 'submitter_id': 'TCGA-A8-A079'}, {'case_id': '324bcba2-f6a4-45a6-807c-215bdffcca21', 'submitter_id': 'TCGA-A2-A0D0'}, {'case_id': '327a2395-85c8-42e1-9638-8e037a1723ed', 'submitter_id': 'TCGA-BH-A0BC'}, {'case_id': '328dfcb0-b5ae-43f2-bc87-dad0ab3df9e7', 'submitter_id': 'TCGA-B6-A0I2'}, {'case_id': '32bc7cc4-d185-4594-bbee-4b96410be512', 'submitter_id': 'TCGA-A8-A08T'}, {'case_id': '32efa6e8-6b19-480a-9d04-ace02e93318a', 'submitter_id': 'TCGA-A2-A0CW'}, {'case_id': '49717f75-0f2d-4e1c-9a12-f1cd7877b80a', 'submitter_id': 'TCGA-AN-A04D'}, {'case_id': '49a2fd48-744d-4d88-b9b4-8c778d4f48fd', 'submitter_id': 'TCGA-S3-AA17'}, {'case_id': '49dc3e68-6206-4f16-969f-a758cc7be8ed', 'submitter_id': 'TCGA-BH-A0BA'}, {'case_id': '4a16429b-884f-4c95-8683-feeedf0d6a55', 'submitter_id': 'TCGA-A2-A0D3'}, {'case_id': '4a831893-f4ca-4357-a756-b5e954e35dd7', 'submitter_id': 'TCGA-E9-A2JS'}, {'case_id': '4ac693e9-10f3-46b3-9d46-df3af7b0d259', 'submitter_id': 'TCGA-E2-A150'}, {'case_id': '4b0d295c-e185-4b52-9752-178e5bc1d47d', 'submitter_id': 'TCGA-A8-A0A6'}, {'case_id': '4b4e4ea8-6eb9-49ad-b880-c5065fe6517f', 'submitter_id': 'TCGA-E9-A1RA'}, {'case_id': '4b620966-b4c7-4615-bf58-ca9d3226b9bd', 'submitter_id': 'TCGA-A1-A0SF'}, {'case_id': '4c313e5b-4dc3-408e-8e92-22427f74743e', 'submitter_id': 'TCGA-AC-A3W5'}, {'case_id': '4cfef7f9-f1ee-401c-a2a3-c225d4adc3b6', 'submitter_id': 'TCGA-EW-A1PA'}, {'case_id': '8986a141-eae7-4157-b695-02cc6fc3b071', 'submitter_id': 'TCGA-BH-A1ET'}, {'case_id': '89a8da07-4487-47c6-8d3c-442a87e4f632', 'submitter_id': 'TCGA-E9-A227'}, {'case_id': '89c128b9-1c6b-4c04-a4af-7066772e783c', 'submitter_id': 'TCGA-PE-A5DE'}, {'case_id': '89e867de-d30e-4bfc-a453-0a76309dabd5', 'submitter_id': 'TCGA-C8-A132'}, {'case_id': '8ace3b8c-f23e-48a9-a137-9e046bd9549b', 'submitter_id': 'TCGA-BH-A0E2'}, {'case_id': '8b525ec6-d24b-49d4-bfcb-b354de4dae7c', 'submitter_id': 'TCGA-C8-A1HM'}, {'case_id': '8bd68696-5eeb-46d7-9dc6-c39c849029a4', 'submitter_id': 'TCGA-A8-A08L'}, {'case_id': '8c09f413-e938-4f2e-a414-84f0e7fcfe41', 'submitter_id': 'TCGA-A7-A4SD'}, {'case_id': '2e82e576-3095-4aee-9853-65f676647c34', 'submitter_id': 'TCGA-AO-A03R'}, {'case_id': '2e8e70f2-c781-44c2-8f12-1f8c2f536aa3', 'submitter_id': 'TCGA-AN-A0FV'}, {'case_id': '2f4cbedf-ed7e-45a2-bf34-f1d1e696bdde', 'submitter_id': 'TCGA-AN-A0FK'}, {'case_id': '2fd36838-5a83-433e-ac80-b1f77448e5aa', 'submitter_id': 'TCGA-5T-A9QA'}, {'case_id': '2fdfd287-d13c-4910-9788-73987d45908a', 'submitter_id': 'TCGA-A2-A0EM'}, {'case_id': '2fe854b4-bac9-4801-9a1c-ee99388e8082', 'submitter_id': 'TCGA-AO-A12D'}, {'case_id': '30047d32-0833-4aca-98d1-3b9ab7122863', 'submitter_id': 'TCGA-AR-A24N'}, {'case_id': '303a1d77-a37a-4966-a4a4-9981d99ba1b4', 'submitter_id': 'TCGA-E2-A14Q'}, {'case_id': '31427699-e27a-4035-8925-6d8d6900d097', 'submitter_id': 'TCGA-E2-A3DX'}, {'case_id': '1b4cfad1-e353-4411-97b6-2b7b9309e95e', 'submitter_id': 'TCGA-AC-A3W6'}, {'case_id': '1b703058-e596-45bc-80fe-8b98d545c2e2', 'submitter_id': 'TCGA-AR-A2LK'}, {'case_id': '1be375fe-5ae5-4e75-a729-69f86a661d9a', 'submitter_id': 'TCGA-D8-A73X'}, {'case_id': '1c3610f7-e0aa-48d7-9a27-0dbaf6e244f9', 'submitter_id': 'TCGA-A2-A04U'}, {'case_id': '4e42fdc5-2a8b-49e9-87ef-6db7a6692d08', 'submitter_id': 'TCGA-B6-A0X4'}, {'case_id': '4e509f73-99c7-48eb-a3a4-d34e3bface33', 'submitter_id': 'TCGA-OL-A5DA'}, {'case_id': '4f321d41-3255-46a4-ae0d-1cf39699e624', 'submitter_id': 'TCGA-LQ-A4E4'}, {'case_id': 'a8f5c479-8685-4e2d-bb60-63f1cc651083', 'submitter_id': 'TCGA-A7-A425'}, {'case_id': '241fffc8-4250-4cfa-b2e7-e68c33ae07dc', 'submitter_id': 'TCGA-AR-A24U'}, {'case_id': '24334ac1-28a3-4b61-b590-3f51e375b247', 'submitter_id': 'TCGA-BH-A0HK'}, {'case_id': '24e39609-9645-43e5-960b-db5446eaea65', 'submitter_id': 'TCGA-E2-A154'}, {'case_id': 'cab38ea8-4555-413c-b81e-4621aac4ef85', 'submitter_id': 'TCGA-BH-A0H5'}, {'case_id': 'cb0a2055-2168-4454-8755-47dd613db36f', 'submitter_id': 'TCGA-A8-A09R'}, {'case_id': 'cc074b7f-d3b2-4880-902e-bf10e667b665', 'submitter_id': 'TCGA-BH-A18J'}, {'case_id': 'cc0902fd-a2fc-4327-929e-d4219e32e1d7', 'submitter_id': 'TCGA-AO-A126'}, {'case_id': 'cc348a26-ee11-47a4-8b51-de922967e175', 'submitter_id': 'TCGA-A8-A09V'}, {'case_id': '8624354c-af25-423c-9c71-48a5dd821097', 'submitter_id': 'TCGA-D8-A1X8'}, {'case_id': '86b7b206-8e69-432d-acc9-bccce710955e', 'submitter_id': 'TCGA-AO-A0JA'}, {'case_id': '86c6f993-327f-4525-9983-29c55625593a', 'submitter_id': 'TCGA-5L-AAT0'}, {'case_id': '86cf879e-3b40-44dd-aaa7-6f49f54a15d9', 'submitter_id': 'TCGA-AC-A3YJ'}, {'case_id': '87281a89-91d2-44f7-9f80-668567ad5c72', 'submitter_id': 'TCGA-EW-A1J6'}, {'case_id': '8744733a-7b46-43aa-bdef-64876816adbb', 'submitter_id': 'TCGA-E9-A1RG'}, {'case_id': '8785012f-f73e-4d68-87cf-1d804af32782', 'submitter_id': 'TCGA-A7-A13D'}, {'case_id': '878f975b-94fd-4d69-b7e7-1ed3ac2ee438', 'submitter_id': 'TCGA-BH-A18H'}, {'case_id': 'e4fc0909-f284-4471-866d-d8967b6adcbc', 'submitter_id': 'TCGA-E2-A14P'}, {'case_id': 'e5aae05a-478e-4a55-a27c-12b2b4be302a', 'submitter_id': 'TCGA-AN-A04A'}, {'case_id': 'e7a00d67-2c26-4d1f-bd17-35f659e88bc1', 'submitter_id': 'TCGA-BH-A202'}, {'case_id': 'e7db08a7-b439-4230-8dc4-1b54af4736c4', 'submitter_id': 'TCGA-WT-AB41'}, {'case_id': 'e828455d-4680-41b2-8a1c-1582e3790d62', 'submitter_id': 'TCGA-BH-A0RX'}, {'case_id': 'e89a9deb-6321-4e61-b412-b4993d4277dd', 'submitter_id': 'TCGA-A8-A07L'}, {'case_id': '2585edbd-3488-4100-a4ab-a161252a31ee', 'submitter_id': 'TCGA-D8-A140'}, {'case_id': '3af31fcf-ad0c-4fd9-a8e3-10f9176b5e9d', 'submitter_id': 'TCGA-AR-A5QQ'}, {'case_id': '3b01d064-8c00-4972-9f07-407eac8e7534', 'submitter_id': 'TCGA-BH-A0HX'}, {'case_id': '3b1f7e48-216d-47de-ba79-db350f52bff0', 'submitter_id': 'TCGA-C8-A27A'}, {'case_id': '3b963d72-ba5c-467b-83c9-fbdb462510a3', 'submitter_id': 'TCGA-A2-A25D'}, {'case_id': '3bf81a9f-abb4-4495-a514-fd3865e13a03', 'submitter_id': 'TCGA-BH-A201'}, {'case_id': '3c08aabd-d5b5-4bbe-857c-38a7527b2163', 'submitter_id': 'TCGA-A8-A085'}, {'case_id': '3c275152-d04b-440c-9621-2fc05ea977b6', 'submitter_id': 'TCGA-AR-A5QP'}, {'case_id': '3c612e12-6de8-44fa-a095-805c45474821', 'submitter_id': 'TCGA-BH-A0W3'}, {'case_id': '3cb06c7a-f2a8-448b-91a8-dd201bbf2ddd', 'submitter_id': 'TCGA-AR-A24V'}, {'case_id': '3d676bba-154b-4d22-ab59-d4d4da051b94', 'submitter_id': 'TCGA-E9-A1NE'}, {'case_id': 'dfaabd03-2d40-4422-b210-caf112ff4229', 'submitter_id': 'TCGA-AC-A8OQ'}, {'case_id': 'dfd0b7ba-c7d3-498e-b455-346301865452', 'submitter_id': 'TCGA-AC-A23C'}, {'case_id': 'abdc76db-f85e-4337-a57e-6d098789da03', 'submitter_id': 'TCGA-C8-A12P'}, {'case_id': 'ac075bc0-1b59-4557-beea-541694faee03', 'submitter_id': 'TCGA-E9-A1N8'}, {'case_id': 'ac18b3a3-8d52-4e35-8625-673171a7fd92', 'submitter_id': 'TCGA-AN-A0XV'}, {'case_id': 'ac68d219-5670-4ddd-8df6-8aa7ad59e5c7', 'submitter_id': 'TCGA-EW-A1OV'}, {'case_id': 'ac6d3ba9-f84f-4657-aa85-4d66fb7c09da', 'submitter_id': 'TCGA-A2-A1FX'}, {'case_id': 'ad0fa961-c085-4f38-b3db-5fc0cbf6b64f', 'submitter_id': 'TCGA-AR-A2LO'}, {'case_id': 'ad6d26ab-6568-40db-bfb0-394d40e801cf', 'submitter_id': 'TCGA-D8-A27V'}, {'case_id': 'ae65baeb-6b78-492a-8c63-bb7e93e83dc2', 'submitter_id': 'TCGA-D8-A27M'}, {'case_id': 'ae8c77fe-e6c8-44d5-8265-4a38c637bbef', 'submitter_id': 'TCGA-A2-A0YF'}, {'case_id': 'aeb6a3a6-b57a-4c53-90e6-e833777dd2a1', 'submitter_id': 'TCGA-BH-A0H6'}, {'case_id': 'af0acaa9-a61c-4e57-bc0d-453ad5bf193a', 'submitter_id': 'TCGA-OL-A66L'}, {'case_id': 'af2a8e2f-2ae1-48bc-bba5-0e2c077c4e48', 'submitter_id': 'TCGA-D8-A1JU'}, {'case_id': 'af5453a9-cf1f-40de-aec4-0e0710908fb7', 'submitter_id': 'TCGA-A8-A0AD'}, {'case_id': 'af97e043-88cb-4f99-8f8b-9bcbcccdf842', 'submitter_id': 'TCGA-EW-A2FR'}, {'case_id': 'b0700958-5f90-4546-b35f-635cd506889b', 'submitter_id': 'TCGA-PE-A5DD'}, {'case_id': 'b0bcb829-cee0-4247-bb75-093a5bea89ee', 'submitter_id': 'TCGA-E2-A105'}, {'case_id': 'b0f8d698-a30e-4d8d-b0a2-a5a01fac8406', 'submitter_id': 'TCGA-A2-A0T4'}, {'case_id': 'b1d44c81-747d-471f-9093-aeb262a17975', 'submitter_id': 'TCGA-Z7-A8R6'}, {'case_id': 'b205bba0-1870-4458-9088-8817e20389fe', 'submitter_id': 'TCGA-A8-A09A'}, {'case_id': 'b205c89f-af62-4186-acad-ed23d243fa98', 'submitter_id': 'TCGA-A2-A0YL'}, {'case_id': 'b26d41cd-393b-4cd4-8925-a9488f7de576', 'submitter_id': 'TCGA-C8-A1HE'}, {'case_id': 'b2aac45b-2073-4c7a-adb9-769a4fdcc111', 'submitter_id': 'TCGA-E9-A1NH'}, {'case_id': 'b2ecbc0f-2c30-4200-8d5e-7b95424bcadb', 'submitter_id': 'TCGA-A7-A26I'}, {'case_id': 'b304302a-f2b9-4cd7-ab14-c21edf7778ea', 'submitter_id': 'TCGA-E9-A5FK'}, {'case_id': 'b3264748-947a-43aa-b227-b294fbcc8447', 'submitter_id': 'TCGA-BH-A203'}, {'case_id': 'b343bfe0-7c23-4c6a-8c84-9ee39db2ecda', 'submitter_id': 'TCGA-GM-A2DD'}, {'case_id': 'b35fbe19-0e6d-427e-b9be-ee3527b5fca6', 'submitter_id': 'TCGA-E9-A2JT'}, {'case_id': 'b43e41af-1d82-4b5f-b8f1-add0510e6b86', 'submitter_id': 'TCGA-A8-A07B'}, {'case_id': 'b58ad350-5140-4fa8-bc2c-24bca8395f3a', 'submitter_id': 'TCGA-A2-A04T'}, {'case_id': 'b63391a0-73f8-4544-9e94-f6529245ca2a', 'submitter_id': 'TCGA-E2-A1IL'}, {'case_id': 'b6633c36-7ce4-4b69-9bf6-30b64d46c66f', 'submitter_id': 'TCGA-A8-A07C'}, {'case_id': 'b6b1dc9a-91f4-4b0a-afd5-62c9a90c0d5e', 'submitter_id': 'TCGA-AC-A2FM'}, {'case_id': 'f30eb65f-fb44-4062-ac39-a38d072f655f', 'submitter_id': 'TCGA-B6-A1KF'}, {'case_id': 'f31c21b6-0f7f-435b-9e24-97c909755c36', 'submitter_id': 'TCGA-BH-A0HQ'}, {'case_id': 'f357fe19-5359-4662-8ce9-aa996132283b', 'submitter_id': 'TCGA-AO-A0JF'}, {'case_id': 'f3a058b9-fb7f-4098-8f0e-83c2acfa1ed5', 'submitter_id': 'TCGA-A2-A04R'}, {'case_id': 'f3b86c02-09a5-4e97-aa7a-86f13f7cda4b', 'submitter_id': 'TCGA-EW-A1PE'}, {'case_id': '887b9e5b-99db-44ac-9c30-c0dc6877b41c', 'submitter_id': 'TCGA-D8-A1XW'}, {'case_id': '88cd6ccc-70f7-436e-a99c-039b9d31e335', 'submitter_id': 'TCGA-AN-A03X'}, {'case_id': '88db1340-e4bf-451a-87c0-6e9168296f5e', 'submitter_id': 'TCGA-EW-A1PB'}, {'case_id': '89128dba-403f-4a96-bb3b-23ed0d5e2147', 'submitter_id': 'TCGA-E2-A1AZ'}, {'case_id': '89414e79-7f89-42d9-8228-101b5bf2f31f', 'submitter_id': 'TCGA-C8-A26V'}, {'case_id': 'a9b7d7fe-be31-4f71-afee-c1bfdf511888', 'submitter_id': 'TCGA-AO-A0J4'}, {'case_id': 'aa4244a8-0454-4247-a1c3-357fd51746fa', 'submitter_id': 'TCGA-D8-A1JL'}, {'case_id': 'aaea5f9c-b35b-47f8-93cb-bdc7b81844ff', 'submitter_id': 'TCGA-A2-A25A'}, {'case_id': 'ab89bb2e-da84-4116-a8cd-49aad7bbfd4d', 'submitter_id': 'TCGA-AR-A0TP'}, {'case_id': 'aba5f46a-e67a-4cd2-9c52-c0686968ff04', 'submitter_id': 'TCGA-EW-A6SA'}, {'case_id': 'f45aa0b2-f3de-4db5-9730-e5c6c4e2ed3a', 'submitter_id': 'TCGA-EW-A2FV'}, {'case_id': 'f4b69043-4a67-48e3-a4d1-72a21ae2d175', 'submitter_id': 'TCGA-A8-A090'}, {'case_id': 'f51af6db-2655-47fb-9ffc-83a503a728ea', 'submitter_id': 'TCGA-AN-A0XR'}, {'case_id': 'f5539207-6534-4edc-a5a5-7666b5d16ba4', 'submitter_id': 'TCGA-A8-A08X'}, {'case_id': 'f55dd73d-8c36-440b-84e5-9aae53107775', 'submitter_id': 'TCGA-EW-A1OW'}, {'case_id': 'f5d4c2d3-cc69-4b38-8551-0917e3622a68', 'submitter_id': 'TCGA-AC-A2FO'}, {'case_id': 'f63722c1-a0bb-4bf9-8a10-1d76a8e1a0ba', 'submitter_id': 'TCGA-BH-A18M'}, {'case_id': 'f6581eee-61b9-43d4-ab0d-ce5ce3ba1c74', 'submitter_id': 'TCGA-BH-A1FJ'}, {'case_id': 'f6e1ec78-5ad9-4879-9b7e-262d17b166ad', 'submitter_id': 'TCGA-BH-A18R'}, {'case_id': 'f6ed684f-ee7a-496c-80d5-6eacd494d16a', 'submitter_id': 'TCGA-AO-A12B'}, {'case_id': 'f6eebd4b-b63a-4a9c-92d3-0d954a8a6655', 'submitter_id': 'TCGA-AC-A2FE'}, {'case_id': 'f7064d01-29d8-49a2-ad60-1e0c5f148f3e', 'submitter_id': 'TCGA-GM-A5PX'}, {'case_id': 'f72c1d69-da35-459f-8542-59bfd6c09c23', 'submitter_id': 'TCGA-AR-A1AX'}, {'case_id': 'e9002f4e-ba0b-4738-9368-dd9614a5da8a', 'submitter_id': 'TCGA-OL-A66N'}, {'case_id': 'e98b69bc-766a-485f-b5e8-9166b8d457b3', 'submitter_id': 'TCGA-A8-A099'}, {'case_id': 'e9a12df9-024e-4cbc-b6bf-e4e87485fa90', 'submitter_id': 'TCGA-LL-A5YM'}, {'case_id': 'e9f4f373-37a5-48ad-a1a0-b0d47820111a', 'submitter_id': 'TCGA-AO-A0J6'}, {'case_id': 'ea645243-df49-4466-a255-9f3d4321e357', 'submitter_id': 'TCGA-LL-A73Y'}, {'case_id': 'ea8dbc7a-54c6-469c-865e-f49d00b0223d', 'submitter_id': 'TCGA-D8-A73W'}, {'case_id': 'eadb0562-2165-4adb-ad58-018e73f82780', 'submitter_id': 'TCGA-E2-A14W'}, {'case_id': 'eafa45a4-2fd1-4fa3-860c-9d52ed382b7d', 'submitter_id': 'TCGA-E2-A15O'}, {'case_id': 'eb2dbb4f-66b6-4525-8323-431970f7a64e', 'submitter_id': 'TCGA-A2-A0CM'}, {'case_id': 'eb93df3d-9e25-4e4c-9a5d-350f296e5acf', 'submitter_id': 'TCGA-D8-A1X5'}, {'case_id': 'ebc460c2-df88-4dc0-a2c0-aca8072b75ad', 'submitter_id': 'TCGA-AN-A0AR'}, {'case_id': 'ebd1512a-4865-4193-97b3-f599d555759a', 'submitter_id': 'TCGA-AR-A1AM'}, {'case_id': 'ec0155ab-1b14-498d-8fa9-9f63e3ccb990', 'submitter_id': 'TCGA-E2-A1IH'}, {'case_id': 'ec0ab947-9341-4fff-bda4-fdfb9434d508', 'submitter_id': 'TCGA-A7-A4SC'}, {'case_id': 'ec461eaf-f5cb-4225-a9a0-59d8e6c17ea6', 'submitter_id': 'TCGA-S3-A6ZH'}, {'case_id': 'ec6930e5-2d83-435a-9a57-a2c5c22caf02', 'submitter_id': 'TCGA-BH-A0EB'}, {'case_id': 'ec77a23d-84f5-47e4-bf2a-fa1c03baf3db', 'submitter_id': 'TCGA-E2-A15F'}, {'case_id': 'ed6cef77-1bd9-4e3b-b576-550a91e4253a', 'submitter_id': 'TCGA-EW-A1J1'}, {'case_id': 'eda6d2d5-4199-4f76-a45b-1d0401b4e54c', 'submitter_id': 'TCGA-AR-A1AR'}, {'case_id': 'ee5744c0-a8dc-43f2-abdd-0b5529a3e9fb', 'submitter_id': 'TCGA-EW-A1P6'}, {'case_id': 'eebad74f-5961-4e91-b0eb-157a2f6f952b', 'submitter_id': 'TCGA-E2-A1L8'}, {'case_id': 'ef1b3332-cd7f-41bb-a2d3-2538e7becc5c', 'submitter_id': 'TCGA-LL-A5YN'}, {'case_id': 'ef4cbd38-bc79-4d60-a715-647edd2ebe9e', 'submitter_id': 'TCGA-E2-A1LG'}, {'case_id': 'eff2360e-399a-4167-ab2b-798e27bef739', 'submitter_id': 'TCGA-E2-A107'}, {'case_id': 'f02931f8-d72a-481d-b532-8b141dab115f', 'submitter_id': 'TCGA-B6-A0WW'}, {'case_id': 'f04dca9e-409b-4300-b11d-12243e5d361d', 'submitter_id': 'TCGA-E2-A576'}, {'case_id': 'f05d314c-5ec5-4e2a-b785-9a702716f111', 'submitter_id': 'TCGA-E2-A156'}, {'case_id': 'f062cbd0-2426-40ac-a4be-e74ac61fa2a7', 'submitter_id': 'TCGA-A7-A56D'}, {'case_id': 'f06f09f3-8133-4a92-ac86-fbe64295e0d8', 'submitter_id': 'TCGA-E9-A1ND'}, {'case_id': 'f0787165-6f58-4d67-b510-928eea2c4882', 'submitter_id': 'TCGA-E2-A109'}, {'case_id': 'f0d8a1fe-e313-44f1-99cc-b965cbeeff0e', 'submitter_id': 'TCGA-C8-A27B'}, {'case_id': 'f0de67ff-8967-4fce-9c12-0e07193285cd', 'submitter_id': 'TCGA-E2-A2P5'}, {'case_id': 'f130f376-5801-40f9-975d-a7e2f7b5670d', 'submitter_id': 'TCGA-A7-A0DB'}, {'case_id': 'f251cb6c-d18e-4691-9c82-24ed1ac0abf9', 'submitter_id': 'TCGA-BH-A0BP'}, {'case_id': 'f2622cdb-ac92-42b3-a1ca-67e133c3dd4a', 'submitter_id': 'TCGA-AC-A3OD'}, {'case_id': 'f2bbfa9d-9a9d-4f46-9fde-378e4c44e2ad', 'submitter_id': 'TCGA-BH-A0DK'}, {'case_id': 'f2da1d3f-f226-4c99-a97e-9b26f67d7a5d', 'submitter_id': 'TCGA-E9-A1R0'}, {'case_id': 'f2e28af9-c40e-41c4-9e82-205cca38f26a', 'submitter_id': 'TCGA-EW-A1P1'}, {'case_id': 'a6edb6ca-ae9f-4da7-8ebe-92d83d2987fb', 'submitter_id': 'TCGA-E2-A158'}, {'case_id': 'a721dac6-0126-476c-b2d4-2dbf7406454b', 'submitter_id': 'TCGA-AC-A23G'}, {'case_id': 'a76774fe-7298-4d68-a2b2-c1bad93f0c31', 'submitter_id': 'TCGA-GM-A2DL'}, {'case_id': 'a78b04b4-2380-4803-963e-e4e633cd69ab', 'submitter_id': 'TCGA-A2-A3XS'}, {'case_id': 'a8015490-9740-45c9-8bd2-eb6d1beefc2e', 'submitter_id': 'TCGA-E2-A152'}, {'case_id': '4dfc233b-ed03-4825-8089-e04cdee99996', 'submitter_id': 'TCGA-EW-A1PD'}, {'case_id': '4e3699da-4367-4a43-9d66-a117d3ad460d', 'submitter_id': 'TCGA-AN-A0XN'}, {'case_id': '2d4c778c-7f77-4f0a-8261-2086accf15fd', 'submitter_id': 'TCGA-AO-A03P'}, {'case_id': 'a991644b-3ee6-4cda-acf0-e37de48a49fc', 'submitter_id': 'TCGA-AN-A03Y'}, {'case_id': 'd10a4887-373b-4726-a61d-126f950e4a06', 'submitter_id': 'TCGA-BH-A0C1'}, {'case_id': 'd111c4ab-b39a-4a7c-8d8e-cb342bc10627', 'submitter_id': 'TCGA-A2-A4RX'}, {'case_id': 'd13fb44b-291b-4ea4-920c-142daa8d1989', 'submitter_id': 'TCGA-AC-A5EH'}, {'case_id': 'd1703dbd-5c93-4cf2-a4d1-0d90640882bd', 'submitter_id': 'TCGA-AR-A0TR'}, {'case_id': '4d120899-9a80-4736-b097-285e9e261bcb', 'submitter_id': 'TCGA-AQ-A1H2'}, {'case_id': '4d1bf9e6-5837-4aed-b568-92f014ed5a4b', 'submitter_id': 'TCGA-D8-A1JH'}, {'case_id': '4d26dada-5eb7-4d4e-8eb8-f5465c5c3428', 'submitter_id': 'TCGA-AR-A1AT'}, {'case_id': 'e36e985d-2c44-4e14-854a-7dbca4bb0304', 'submitter_id': 'TCGA-E9-A3Q9'}, {'case_id': 'e3935ce4-64d3-4a66-ba11-d308b844b410', 'submitter_id': 'TCGA-E9-A5FL'}, {'case_id': 'e3b555aa-7f0a-49c6-9b13-182c61a144c1', 'submitter_id': 'TCGA-A2-A1G4'}, {'case_id': '87e09544-eddb-473b-8617-212407ce644e', 'submitter_id': 'TCGA-E2-A106'}, {'case_id': 'f3ba71f9-25f3-4784-bf2d-3aa522a0cba8', 'submitter_id': 'TCGA-A8-A06R'}, {'case_id': 'f3cb557d-23e4-4fd1-81ca-db1a3f56d56e', 'submitter_id': 'TCGA-E9-A3QA'}, {'case_id': 'c07b122e-ac50-4db2-add2-5617a5d0e976', 'submitter_id': 'TCGA-GM-A2DA'}, {'case_id': 'c0892598-1f7b-4f23-9cd8-731f797753d5', 'submitter_id': 'TCGA-A2-A0YG'}, {'case_id': 'c0f88fc5-56b0-4255-bbd1-9a21ced8b37b', 'submitter_id': 'TCGA-EW-A1IZ'}, {'case_id': 'c1e704d6-a33b-4891-90bd-992b0040c075', 'submitter_id': 'TCGA-C8-A3M8'}, {'case_id': 'c25898b4-eb33-42f4-bf3f-bf532a929e7d', 'submitter_id': 'TCGA-AO-A1KO'}, {'case_id': 'c2a742fe-3e8b-4210-85a6-7191a1123609', 'submitter_id': 'TCGA-AN-A0FN'}, {'case_id': 'c3148e68-1739-4334-abda-1dcbc2166846', 'submitter_id': 'TCGA-B6-A0RH'}, {'case_id': 'c348a9b3-c901-4384-a222-144387bac0c5', 'submitter_id': 'TCGA-BH-A1FU'}, {'case_id': 'c364e81c-eb1e-4870-ab37-9c661f5f2e3d', 'submitter_id': 'TCGA-AR-A0TX'}, {'case_id': 'c397e6c2-ba3a-4f5e-a258-c140611192fe', 'submitter_id': 'TCGA-A1-A0SE'}, {'case_id': 'c3a981c7-f148-4252-bd50-af8a49ec0df8', 'submitter_id': 'TCGA-OL-A5D6'}, {'case_id': 'c462e422-eb8d-4daf-9897-2a9c6cbd783a', 'submitter_id': 'TCGA-A1-A0SD'}, {'case_id': 'c54d5507-bba5-4a1e-8885-3c3b1eed13c1', 'submitter_id': 'TCGA-D8-A27P'}, {'case_id': 'c57835be-77ab-4cf5-9b23-62c11a7b2eaf', 'submitter_id': 'TCGA-AC-A2QI'}, {'case_id': 'c5891c7a-fd24-4891-8f51-373967e4a6dd', 'submitter_id': 'TCGA-BH-A0AW'}, {'case_id': 'c632675e-e8af-43cd-8744-5be3754c1c14', 'submitter_id': 'TCGA-A2-A0SU'}, {'case_id': 'c65b835a-2d38-4250-a173-0780d2c2cf58', 'submitter_id': 'TCGA-E9-A1NI'}, {'case_id': 'c694615c-b1c6-499c-8058-995633ebf948', 'submitter_id': 'TCGA-E9-A1RF'}, {'case_id': 'c70ee5e1-4703-4996-bb5c-f4cca0fb53ba', 'submitter_id': 'TCGA-AO-A129'}, {'case_id': 'c744fc13-3aca-4245-9e24-abd368cc8bef', 'submitter_id': 'TCGA-A2-A0CX'}, {'case_id': 'c7c34fd9-3021-45b7-b6ff-30b4196585a8', 'submitter_id': 'TCGA-AR-A0TZ'}, {'case_id': 'c836951b-3ffb-4e20-8504-0eccb7d50dd4', 'submitter_id': 'TCGA-A2-A25F'}, {'case_id': 'c85f080a-1075-41df-959f-1b514a11b3c4', 'submitter_id': 'TCGA-E2-A15D'}, {'case_id': 'c8f39325-5382-447c-9291-a6915fc978b8', 'submitter_id': 'TCGA-OL-A5D7'}, {'case_id': 'ca76c6fc-ff30-4833-884d-3a94fe53ff17', 'submitter_id': 'TCGA-BH-A0EE'}, {'case_id': 'caa9b533-24b4-4ecd-9159-c165de049f6a', 'submitter_id': 'TCGA-B6-A0RQ'}, {'case_id': 'e8ea576b-eb16-44f7-b241-daefc1375388', 'submitter_id': 'TCGA-A7-A6VY'}]",nationwidechildrens.org_clinical_follow_up_v4.0_nte_brca.txt,a9baecf0-5549-4396-8805-a6d1681d11cd,Clinical Supplement,Clinical,
1a9a4244-fe1a-4429-8443-eb77a33ea4fa,"[{'case_id': 'c6086936-7544-4da0-8c0c-114166848483', 'submitter_id': 'TCGA-AN-A0FD'}]",TCGA-BRCA.ba8ff683-777a-4d41-9261-014c89e17791.gene_level_copy_number.v36.tsv,1a9a4244-fe1a-4429-8443-eb77a33ea4fa,Gene Level Copy Number,Copy Number Variation,Genotyping Array
04c254d8-9825-4555-8389-4fcb5dc0c8c1,"[{'case_id': '71fc8941-4cfb-47ea-a533-873d38f8c95c', 'submitter_id': 'TCGA-E2-A1IO'}]",GOOFS_p_TCGA_b117_118_SNP_N_GenomeWideSNP_6_C11_777986.CEL,04c254d8-9825-4555-8389-4fcb5dc0c8c1,Raw Intensities,Copy Number Variation,Genotyping Array
3ff6cbdf-b639-48fe-8143-21b10764fcc9,"[{'case_id': '71fc8941-4cfb-47ea-a533-873d38f8c95c', 'submitter_id': 'TCGA-E2-A1IO'}]",nationwidechildrens.org_clinical.TCGA-E2-A1IO.xml,3ff6cbdf-b639-48fe-8143-21b10764fcc9,Clinical Supplement,Clinical,
b91d2a4f-29ef-4e49-a00d-8a42ee06d472,"[{'case_id': '71fc8941-4cfb-47ea-a533-873d38f8c95c', 'submitter_id': 'TCGA-E2-A1IO'}]",TCGA-BRCA.18775b6f-eb23-4dbc-85a6-c4e7761612fa.arriba.rna_fusion.bedpe,b91d2a4f-29ef-4e49-a00d-8a42ee06d472,Transcript Fusion,Structural Variation,RNA-Seq
d9c7ddbc-0017-4480-8645-ec336d70fa1a,"[{'case_id': 'af577366-0258-49e7-b6af-e70056c081a4', 'submitter_id': 'TCGA-E9-A1NA'}]",d82c50f0-5b73-4e16-aae4-939d595a9471.mirbase21.mirnas.quantification.txt,d9c7ddbc-0017-4480-8645-ec336d70fa1a,miRNA Expression Quantification,Transcriptome Profiling,miRNA-Seq
67a19366-4bfd-46b6-a6c8-36bc333f10ed,"[{'case_id': 'af577366-0258-49e7-b6af-e70056c081a4', 'submitter_id': 'TCGA-E9-A1NA'}]",TCGA-BRCA.ca145d1c-f018-4f29-b917-892c24ca1c35.arriba.rna_fusion.bedpe,67a19366-4bfd-46b6-a6c8-36bc333f10ed,Transcript Fusion,Structural Variation,RNA-Seq
7a18b18b-d70f-435b-8f66-0146bd707f6d,"[{'case_id': '71fc8941-4cfb-47ea-a533-873d38f8c95c', 'submitter_id': 'TCGA-E2-A1IO'}]",GOOFS_p_TCGA_b117_118_SNP_N_GenomeWideSNP_6_G05_778022.grch38.seg.v2.txt,7a18b18b-d70f-435b-8f66-0146bd707f6d,Copy Number Segment,Copy Number Variation,Genotyping Array
d01868d0-4627-4cc6-9ecd-ba0a7749c667,"[{'case_id': 'c6086936-7544-4da0-8c0c-114166848483', 'submitter_id': 'TCGA-AN-A0FD'}]",BONZE_p_TCGAb56_SNP_1N_GenomeWideSNP_6_G07_666954.grch38.seg.v2.txt,d01868d0-4627-4cc6-9ecd-ba0a7749c667,Copy Number Segment,Copy Number Variation,Genotyping Array
777696d8-4cc8-4756-a043-c9d3c0d40a4d,"[{'case_id': 'c6086936-7544-4da0-8c0c-114166848483', 'submitter_id': 'TCGA-AN-A0FD'}]",TCGA-AN-A0FD-10A-01D-A891-36.WholeGenome.RP-1657.bam,777696d8-4cc8-4756-a043-c9d3c0d40a4d,Aligned Reads,Sequencing Reads,WGS
1e8c6724-b638-4cdf-8cc6-d3f4f4234fbf,"[{'case_id': '71fc8941-4cfb-47ea-a533-873d38f8c95c', 'submitter_id': 'TCGA-E2-A1IO'}]",986e9b9f-ae15-4743-a150-d6ee11f3c077_wxs_gdc_realn.bam,1e8c6724-b638-4cdf-8cc6-d3f4f4234fbf,Aligned Reads,Sequencing Reads,WXS
71db18ce-3cb1-47e8-b2fe-2ab5c94fea16,"[{'case_id': 'af577366-0258-49e7-b6af-e70056c081a4', 'submitter_id': 'TCGA-E9-A1NA'}]",ad01e71e-ed1f-4de6-81b5-8ef60f7a38d0.rna_seq.star_splice_junctions.tsv.gz,71db18ce-3cb1-47e8-b2fe-2ab5c94fea16,Splice Junction Quantification,Transcriptome Profiling,RNA-Seq
ffd49433-a5d1-4a09-8384-2f893cd3d240,"[{'case_id': 'c6086936-7544-4da0-8c0c-114166848483', 'submitter_id': 'TCGA-AN-A0FD'}]",59fab280-475c-4c7b-b577-3bd5f3565c23.wxs.varscan2.raw_somatic_mutation.vcf.gz,ffd49433-a5d1-4a09-8384-2f893cd3d240,Raw Simple Somatic Mutation,Simple Nucleotide Variation,WXS
3c54bca1-b2b9-4d7f-99a4-bad9bc15b5d7,"[{'case_id': '71fc8941-4cfb-47ea-a533-873d38f8c95c', 'submitter_id': 'TCGA-E2-A1IO'}]",TCGA-BRCA.1123e3e5-8125-432d-9246-195e8114be97.ascat3.gene_level_copy_number.v36.tsv,3c54bca1-b2b9-4d7f-99a4-bad9bc15b5d7,Gene Level Copy Number,Copy Number Variation,Genotyping Array
3d47450a-65aa-4044-9cdf-abcabccfd3fd,"[{'case_id': '0dc337fa-da8b-42c4-b9a7-fb76d81c161f', 'submitter_id': 'TCGA-A1-A0SN'}]",c34dbf20-16a6-4147-aca4-189d562ab336.wxs.VarScan2.aliquot.maf.gz,3d47450a-65aa-4044-9cdf-abcabccfd3fd,Annotated Somatic Mutation,Simple Nucleotide Variation,WXS
59da18b6-9655-4ee9-b7b0-ee7664dd4ce5,"[{'case_id': 'af577366-0258-49e7-b6af-e70056c081a4', 'submitter_id': 'TCGA-E9-A1NA'}]",GOOFS_p_TCGA_b117_118_SNP_N_GenomeWideSNP_6_C05_778020.nocnv_grch38.seg.v2.txt,59da18b6-9655-4ee9-b7b0-ee7664dd4ce5,Masked Copy Number Segment,Copy Number Variation,Genotyping Array
8c295f70-b9a1-4ddc-a77d-115fe53b3c56,"[{'case_id': '0dc337fa-da8b-42c4-b9a7-fb76d81c161f', 'submitter_id': 'TCGA-A1-A0SN'}]",88c8a133-1c35-4e23-88d3-042cbca01208.methylation_array.sesame.level3betas.txt,8c295f70-b9a1-4ddc-a77d-115fe53b3c56,Methylation Beta Value,DNA Methylation,Methylation Array
40b71435-faa4-48d9-8cda-5d99f9ef4746,"[{'case_id': 'c6086936-7544-4da0-8c0c-114166848483', 'submitter_id': 'TCGA-AN-A0FD'}]",TCGA_BRCA.863e6d25-5656-4b4b-aaef-0494d051b25a.wxs.MuSE.somatic_annotation.vcf.gz,40b71435-faa4-48d9-8cda-5d99f9ef4746,Annotated Somatic Mutation,Simple Nucleotide Variation,WXS
364939c1-f0cc-48bc-a3d1-027cd1e5ed74,"[{'case_id': 'c6086936-7544-4da0-8c0c-114166848483', 'submitter_id': 'TCGA-AN-A0FD'}]",890ccbe0-193d-4c06-ac56-96a2794fa5a4.mirbase21.isoforms.quantification.txt,364939c1-f0cc-48bc-a3d1-027cd1e5ed74,Isoform Expression Quantification,Transcriptome Profiling,miRNA-Seq
17267e6b-d7ef-4d27-9ad8-5f41ee60fd09,"[{'case_id': '0dc337fa-da8b-42c4-b9a7-fb76d81c161f', 'submitter_id': 'TCGA-A1-A0SN'}]",8a5a344a-15ef-4655-a237-1263936fb127.svaba.somatic.sv.vcf.gz,17267e6b-d7ef-4d27-9ad8-5f41ee60fd09,Structural Rearrangement,Somatic Structural Variation,WGS
c6cf12e8-fb05-4f82-9fe8-3f7b8639f4fd,"[{'case_id': '0dc337fa-da8b-42c4-b9a7-fb76d81c161f', 'submitter_id': 'TCGA-A1-A0SN'}]",TCGA_BRCA.a52ea27f-7104-45db-ac57-70e0cb75c19f.wgs.SvABA_Somatic.somatic_annotation.vcf.gz,c6cf12e8-fb05-4f82-9fe8-3f7b8639f4fd,Annotated Somatic Mutation,Simple Nucleotide Variation,WGS
d6ff1823-4a2d-4bd7-957a-ded3de1c4b99,"[{'case_id': 'af577366-0258-49e7-b6af-e70056c081a4', 'submitter_id': 'TCGA-E9-A1NA'}]",TCGA-BRCA.ca145d1c-f018-4f29-b917-892c24ca1c35.arriba.rna_fusion.tsv,d6ff1823-4a2d-4bd7-957a-ded3de1c4b99,Transcript Fusion,Structural Variation,RNA-Seq
9c00a43c-1da0-4e3b-b7e2-54a48d29ecae,"[{'case_id': '0dc337fa-da8b-42c4-b9a7-fb76d81c161f', 'submitter_id': 'TCGA-A1-A0SN'}]",c2e73efe-8112-48fc-9dbd-29b4b5b89ad0.rna_seq.augmented_star_gene_counts.tsv,9c00a43c-1da0-4e3b-b7e2-54a48d29ecae,Gene Expression Quantification,Transcriptome Profiling,RNA-Seq
c257507a-f092-43dc-8193-55ab94cfbf7e,"[{'case_id': 'af577366-0258-49e7-b6af-e70056c081a4', 'submitter_id': 'TCGA-E9-A1NA'}]",GOOFS_p_TCGA_b117_118_SNP_N_GenomeWideSNP_6_C05_778020.CEL,c257507a-f092-43dc-8193-55ab94cfbf7e,Raw Intensities,Copy Number Variation,Genotyping Array
9c0df594-00dd-4f4c-aaba-0fc79bd34339,"[{'case_id': '0dc337fa-da8b-42c4-b9a7-fb76d81c161f', 'submitter_id': 'TCGA-A1-A0SN'}]",57806631-4b5a-4d42-8c16-0efebc061a1f.wxs.MuSE.aliquot.maf.gz,9c0df594-00dd-4f4c-aaba-0fc79bd34339,Annotated Somatic Mutation,Simple Nucleotide Variation,WXS
8385b86b-c2fb-42de-9ff9-241fce909dfb,"[{'case_id': '752f4773-5a12-4485-a1f6-896e148ddf4d', 'submitter_id': 'TCGA-D8-A1JP'}]",TCGA-D8-A1JP-01Z-00-DX1.B02959C4-6AAD-4ACA-9838-61D224D838E4.svs,8385b86b-c2fb-42de-9ff9-241fce909dfb,Slide Image,Biospecimen,Diagnostic Slide
0b920c4b-e73a-492b-a115-00775639add2,"[{'case_id': 'c6086936-7544-4da0-8c0c-114166848483', 'submitter_id': 'TCGA-AN-A0FD'}]",TCGA-AN-A0FD-01A-11D-A891-36.WholeGenome.RP-1657.bam,0b920c4b-e73a-492b-a115-00775639add2,Aligned Reads,Sequencing Reads,WGS
6a925145-3581-4e0f-b9e0-363dbd9c68d0,"[{'case_id': '0dc337fa-da8b-42c4-b9a7-fb76d81c161f', 'submitter_id': 'TCGA-A1-A0SN'}]",TCGA-BRCA.8f044860-7f35-4f1e-8a2e-619f12f28ef9.star_fusion.rna_fusion.bedpe,6a925145-3581-4e0f-b9e0-363dbd9c68d0,Transcript Fusion,Structural Variation,RNA-Seq
f6bf88a3-c926-40ba-b2e4-4b00d7049a7a,"[{'case_id': '752f4773-5a12-4485-a1f6-896e148ddf4d', 'submitter_id': 'TCGA-D8-A1JP'}]",TCGA_BRCA.d1e83462-2ea9-4e2d-ba1b-da90b4635825.wxs.Pindel.somatic_annotation.vcf.gz,f6bf88a3-c926-40ba-b2e4-4b00d7049a7a,Annotated Somatic Mutation,Simple Nucleotide Variation,WXS
6ce774a5-2636-4a01-ab6e-737f89a4bd4f,"[{'case_id': '752f4773-5a12-4485-a1f6-896e148ddf4d', 'submitter_id': 'TCGA-D8-A1JP'}]",28f1b708-bd3c-4ae7-935f-3282f75304a7.rna_seq.augmented_star_gene_counts.tsv,6ce774a5-2636-4a01-ab6e-737f89a4bd4f,Gene Expression Quantification,Transcriptome Profiling,RNA-Seq
544a1685-6650-4387-9a04-4267ca56a239,"[{'case_id': 'c6086936-7544-4da0-8c0c-114166848483', 'submitter_id': 'TCGA-AN-A0FD'}]",nationwidechildrens.org_clinical.TCGA-AN-A0FD.xml,544a1685-6650-4387-9a04-4267ca56a239,Clinical Supplement,Clinical,
306a7359-6db6-4b17-9f04-6939b89ec6ea,"[{'case_id': '752f4773-5a12-4485-a1f6-896e148ddf4d', 'submitter_id': 'TCGA-D8-A1JP'}]",TCGA_BRCA.ca2fb082-59b4-4213-be7d-8f5ad441c5e1.wxs.MuTect2.somatic_annotation.vcf.gz,306a7359-6db6-4b17-9f04-6939b89ec6ea,Annotated Somatic Mutation,Simple Nucleotide Variation,WXS
6776b276-c3db-4c42-a46a-0f4a8729565f,"[{'case_id': '752f4773-5a12-4485-a1f6-896e148ddf4d', 'submitter_id': 'TCGA-D8-A1JP'}]",87b65d5a-f4ca-4304-85a8-58767838f3a1.wxs.MuSE.aliquot.maf.gz,6776b276-c3db-4c42-a46a-0f4a8729565f,Annotated Somatic Mutation,Simple Nucleotide Variation,WXS
d9ab7666-6cdd-4cb4-89fd-e7916e10986a,"[{'case_id': '0dc337fa-da8b-42c4-b9a7-fb76d81c161f', 'submitter_id': 'TCGA-A1-A0SN'}]",TCGA-A1-A0SN-01Z-00-DX1.5E9B85AE-AFB7-41DC-8A1B-BD6DA39B6540.svs,d9ab7666-6cdd-4cb4-89fd-e7916e10986a,Slide Image,Biospecimen,Diagnostic Slide
c2cbc2d3-2632-4a12-b62e-c3b602177e4e,"[{'case_id': '0dc337fa-da8b-42c4-b9a7-fb76d81c161f', 'submitter_id': 'TCGA-A1-A0SN'}]",8a5a344a-15ef-4655-a237-1263936fb127.somatic.SV.bedpe,c2cbc2d3-2632-4a12-b62e-c3b602177e4e,Structural Rearrangement,Structural Variation,WGS
2eec807f-8d92-4be9-917f-721e043b1807,"[{'case_id': '752f4773-5a12-4485-a1f6-896e148ddf4d', 'submitter_id': 'TCGA-D8-A1JP'}]",b98e7aa0-a2ce-4688-b36c-148c9b193b05.wxs.MuTect2.aliquot.maf.gz,2eec807f-8d92-4be9-917f-721e043b1807,Annotated Somatic Mutation,Simple Nucleotide Variation,WXS
1fcf00ac-d897-46d1-b51d-c9c50011a279,"[{'case_id': '752f4773-5a12-4485-a1f6-896e148ddf4d', 'submitter_id': 'TCGA-D8-A1JP'}]",TCGA-BRCA.dd15bec7-7b23-4d3b-ab93-9815d6067291.wgs.tumor_normal.gatk4_mutect2.raw_somatic_mutation.vcf.gz,1fcf00ac-d897-46d1-b51d-c9c50011a279,Raw Simple Somatic Mutation,Simple Nucleotide Variation,WGS
599bed2e-c2ff-4dbb-8645-bfaa50d7a5aa,"[{'case_id': '2b19a6b4-7a17-4452-b4aa-6fc18adc0c3c', 'submitter_id': 'TCGA-D8-A1XL'}]",TCGA-BRCA.c50f9ab3-c448-4289-b6b1-36ddcbd9efb9.absolute_liftover.gene_level_copy_number.v36.tsv,599bed2e-c2ff-4dbb-8645-bfaa50d7a5aa,Gene Level Copy Number,Copy Number Variation,Genotyping Array
26b1eb15-e302-4e93-a2fe-77161675b018,"[{'case_id': '752f4773-5a12-4485-a1f6-896e148ddf4d', 'submitter_id': 'TCGA-D8-A1JP'}]",79c91537-924d-4edd-b2bc-550be816a89c.somatic.SV.bedpe,26b1eb15-e302-4e93-a2fe-77161675b018,Structural Rearrangement,Somatic Structural Variation,WGS
a130c902-7f8f-4a24-a3f8-694f38325567,"[{'case_id': '0dc337fa-da8b-42c4-b9a7-fb76d81c161f', 'submitter_id': 'TCGA-A1-A0SN'}]",c2e73efe-8112-48fc-9dbd-29b4b5b89ad0.rna_seq.star_splice_junctions.tsv.gz,a130c902-7f8f-4a24-a3f8-694f38325567,Splice Junction Quantification,Transcriptome Profiling,RNA-Seq
273c57be-9723-42cb-a338-083338679449,"[{'case_id': '0dc337fa-da8b-42c4-b9a7-fb76d81c161f', 'submitter_id': 'TCGA-A1-A0SN'}]",TCGA-BRCA.6d63fdbf-1250-47c6-b254-f0747b7d174a.wgs.varscan2.raw_somatic_mutation.vcf.gz,273c57be-9723-42cb-a338-083338679449,Raw Simple Somatic Mutation,Simple Nucleotide Variation,WGS
9d5f0a18-958f-4e02-84d7-68bf0f05cf70,"[{'case_id': '0dc337fa-da8b-42c4-b9a7-fb76d81c161f', 'submitter_id': 'TCGA-A1-A0SN'}]",88c8a133-1c35-4e23-88d3-042cbca01208_noid_Red.idat,9d5f0a18-958f-4e02-84d7-68bf0f05cf70,Masked Intensities,DNA Methylation,Methylation Array
04fc7b51-ca11-4239-bf64-3fe1b8c348d6,"[{'case_id': '752f4773-5a12-4485-a1f6-896e148ddf4d', 'submitter_id': 'TCGA-D8-A1JP'}]",7d8c1766-3e86-4e7f-8c40-2aa3e263f57f.wxs.varscan2.raw_somatic_mutation.vcf.gz,04fc7b51-ca11-4239-bf64-3fe1b8c348d6,Raw Simple Somatic Mutation,Simple Nucleotide Variation,WXS
fed0a382-2eee-4acc-af00-53a9fdcd2a61,"[{'case_id': '2b19a6b4-7a17-4452-b4aa-6fc18adc0c3c', 'submitter_id': 'TCGA-D8-A1XL'}]",2c1b1cbb-6e9f-4416-8faa-abb31d6b4e0e.rna_seq.augmented_star_gene_counts.tsv,fed0a382-2eee-4acc-af00-53a9fdcd2a61,Gene Expression Quantification,Transcriptome Profiling,RNA-Seq
c3075bd9-b118-4c35-83f2-6c65c9a80248,"[{'case_id': '752f4773-5a12-4485-a1f6-896e148ddf4d', 'submitter_id': 'TCGA-D8-A1JP'}]",6eeba22a-d922-4fc8-abc1-ae8bc9eee928_wxs_gdc_realn.bam,c3075bd9-b118-4c35-83f2-6c65c9a80248,Aligned Reads,Sequencing Reads,WXS
27b6cf98-29fc-4a34-8ef2-327c813be041,"[{'case_id': '0dc337fa-da8b-42c4-b9a7-fb76d81c161f', 'submitter_id': 'TCGA-A1-A0SN'}]",TCGA-BRCA.2e5d28ee-b288-466f-9d14-0ed674e0c6b0.ascat2.allelic_specific.seg.txt,27b6cf98-29fc-4a34-8ef2-327c813be041,Allele-specific Copy Number Segment,Copy Number Variation,Genotyping Array
78a3d79c-8b52-4559-9e5c-58d7306e55d5,"[{'case_id': '2b19a6b4-7a17-4452-b4aa-6fc18adc0c3c', 'submitter_id': 'TCGA-D8-A1XL'}]",2c1b1cbb-6e9f-4416-8faa-abb31d6b4e0e.rna_seq.transcriptome.gdc_realn.bam,78a3d79c-8b52-4559-9e5c-58d7306e55d5,Aligned Reads,Sequencing Reads,RNA-Seq
44b04ae5-cc88-48d4-90a8-2c08e3d9db55,"[{'case_id': '0dc337fa-da8b-42c4-b9a7-fb76d81c161f', 'submitter_id': 'TCGA-A1-A0SN'}]",14f376b8-4bd0-4931-9ddd-0b4b1cb89137_wxs_gdc_realn.bam,44b04ae5-cc88-48d4-90a8-2c08e3d9db55,Aligned Reads,Sequencing Reads,WXS
7497a2a4-8425-4eb0-8a72-b777c1520cd2,"[{'case_id': '752f4773-5a12-4485-a1f6-896e148ddf4d', 'submitter_id': 'TCGA-D8-A1JP'}]",TCGA-D8-A1JP-01A-01-TSA.17850ecb-c049-47fa-8b12-63bc8815e520.svs,7497a2a4-8425-4eb0-8a72-b777c1520cd2,Slide Image,Biospecimen,Tissue Slide
49532f3e-648c-4d8e-af0f-6d5fc0884350,"[{'case_id': '2b19a6b4-7a17-4452-b4aa-6fc18adc0c3c', 'submitter_id': 'TCGA-D8-A1XL'}]",ee5bcc15-599a-4936-b2e8-58b916809279.somatic.SV.bedpe,49532f3e-648c-4d8e-af0f-6d5fc0884350,Structural Rearrangement,Structural Variation,WGS
f2624015-758a-4a42-abd2-7e487f200377,"[{'case_id': '2b19a6b4-7a17-4452-b4aa-6fc18adc0c3c', 'submitter_id': 'TCGA-D8-A1XL'}]",c30d9dc0-f6ab-49c4-8a19-1950e1d9f710.somatic_sv.vcf.gz,f2624015-758a-4a42-abd2-7e487f200377,Structural Rearrangement,Somatic Structural Variation,WGS
75ae8169-9b7e-4040-bc49-b670778be2d9,"[{'case_id': '0dc337fa-da8b-42c4-b9a7-fb76d81c161f', 'submitter_id': 'TCGA-A1-A0SN'}]",0d5b3451-b8f7-4679-8848-b74acc6ea885.wxs.pindel.raw_somatic_mutation.vcf.gz,75ae8169-9b7e-4040-bc49-b670778be2d9,Raw Simple Somatic Mutation,Simple Nucleotide Variation,WXS
38c3a090-0c09-4638-a1f2-ef7c4e238961,"[{'case_id': '0dc337fa-da8b-42c4-b9a7-fb76d81c161f', 'submitter_id': 'TCGA-A1-A0SN'}]",88c8a133-1c35-4e23-88d3-042cbca01208_noid_Grn.idat,38c3a090-0c09-4638-a1f2-ef7c4e238961,Masked Intensities,DNA Methylation,Methylation Array
308c6694-72c2-4b30-841c-04ad85f8e23c,"[{'case_id': '0dc337fa-da8b-42c4-b9a7-fb76d81c161f', 'submitter_id': 'TCGA-A1-A0SN'}]",c2e73efe-8112-48fc-9dbd-29b4b5b89ad0.rna_seq.transcriptome.gdc_realn.bam,308c6694-72c2-4b30-841c-04ad85f8e23c,Aligned Reads,Sequencing Reads,RNA-Seq
df0c617d-f70c-4b56-889f-a7b9398681b6,"[{'case_id': '752f4773-5a12-4485-a1f6-896e148ddf4d', 'submitter_id': 'TCGA-D8-A1JP'}]",28f1b708-bd3c-4ae7-935f-3282f75304a7.rna_seq.transcriptome.gdc_realn.bam,df0c617d-f70c-4b56-889f-a7b9398681b6,Aligned Reads,Sequencing Reads,RNA-Seq
17c1ffe3-4888-48e0-8ef8-1cfd2ccce165,"[{'case_id': '2b19a6b4-7a17-4452-b4aa-6fc18adc0c3c', 'submitter_id': 'TCGA-D8-A1XL'}]",4087cbb6-eeb6-43d7-80ae-106585472f15_noid_Red.idat,17c1ffe3-4888-48e0-8ef8-1cfd2ccce165,Masked Intensities,DNA Methylation,Methylation Array
deeb99d3-2809-4bf8-85f6-ebfece00af80,"[{'case_id': '2b19a6b4-7a17-4452-b4aa-6fc18adc0c3c', 'submitter_id': 'TCGA-D8-A1XL'}]",TCGA-BRCA.c50f9ab3-c448-4289-b6b1-36ddcbd9efb9.gene_level_copy_number.v36.tsv,deeb99d3-2809-4bf8-85f6-ebfece00af80,Gene Level Copy Number,Copy Number Variation,Genotyping Array
ae220879-01a5-4eea-ad95-0df741707dcd,"[{'case_id': '0dc337fa-da8b-42c4-b9a7-fb76d81c161f', 'submitter_id': 'TCGA-A1-A0SN'}]",GOOFS_p_TCGA_b117_118_SNP_N_GenomeWideSNP_6_C09_777996.grch38.seg.v2.txt,ae220879-01a5-4eea-ad95-0df741707dcd,Copy Number Segment,Copy Number Variation,Genotyping Array
babeceff-693c-4516-8904-9dcabccd74e4,"[{'case_id': '752f4773-5a12-4485-a1f6-896e148ddf4d', 'submitter_id': 'TCGA-D8-A1JP'}]",BEAUX_p_TCGA_b109_SNP_2N_GenomeWideSNP_6_A04_772222.birdseed.data.txt,babeceff-693c-4516-8904-9dcabccd74e4,Simple Germline Variation,Simple Nucleotide Variation,Genotyping Array
753f01bf-ea80-49f7-947e-492f2efcf344,"[{'case_id': '752f4773-5a12-4485-a1f6-896e148ddf4d', 'submitter_id': 'TCGA-D8-A1JP'}]",c53650eb-d40e-4e65-9646-4cd32ef4c2d7.svaba.somatic.sv.vcf.gz,753f01bf-ea80-49f7-947e-492f2efcf344,Structural Rearrangement,Somatic Structural Variation,WGS
e0ea8b08-7073-480e-8988-b8f58245fea5,"[{'case_id': '0dc337fa-da8b-42c4-b9a7-fb76d81c161f', 'submitter_id': 'TCGA-A1-A0SN'}]",TCGA_BRCA.d1daf915-81d8-41c1-b8ec-872fcf432fbf.wgs.GATK4_MuTect2_Pair.somatic_annotation.vcf.gz,e0ea8b08-7073-480e-8988-b8f58245fea5,Annotated Somatic Mutation,Simple Nucleotide Variation,WGS
77b88709-a871-4a57-a751-0ec99913fd5e,"[{'case_id': '752f4773-5a12-4485-a1f6-896e148ddf4d', 'submitter_id': 'TCGA-D8-A1JP'}]",TCGA-BRCA.ad60bd65-0fcb-492e-944c-c7f70f9d5bd7.arriba.rna_fusion.bedpe,77b88709-a871-4a57-a751-0ec99913fd5e,Transcript Fusion,Structural Variation,RNA-Seq
3577c3c5-6c44-4951-bc21-2c0cd9c93308,"[{'case_id': '0dc337fa-da8b-42c4-b9a7-fb76d81c161f', 'submitter_id': 'TCGA-A1-A0SN'}]",TCGA-BRCA.2e5d28ee-b288-466f-9d14-0ed674e0c6b0.absolute_liftover.gene_level_copy_number.v36.tsv,3577c3c5-6c44-4951-bc21-2c0cd9c93308,Gene Level Copy Number,Copy Number Variation,Genotyping Array
a48997d2-9de9-4924-94ed-66b26a3803e3,"[{'case_id': '0dc337fa-da8b-42c4-b9a7-fb76d81c161f', 'submitter_id': 'TCGA-A1-A0SN'}]",548d53fc-69d8-4a92-aa38-0c1b73509967.wxs.muse.raw_somatic_mutation.vcf.gz,a48997d2-9de9-4924-94ed-66b26a3803e3,Raw Simple Somatic Mutation,Simple Nucleotide Variation,WXS
3f4add4e-93a9-49c4-b14e-6fc48a4828fb,"[{'case_id': '752f4773-5a12-4485-a1f6-896e148ddf4d', 'submitter_id': 'TCGA-D8-A1JP'}]",61917e0d-8c8d-4173-aba6-7d2f262b9e13.wxs.Pindel.aliquot.maf.gz,3f4add4e-93a9-49c4-b14e-6fc48a4828fb,Annotated Somatic Mutation,Simple Nucleotide Variation,WXS
25f931ca-6a6c-4e27-86c1-552c6c99aa9a,"[{'case_id': '2b19a6b4-7a17-4452-b4aa-6fc18adc0c3c', 'submitter_id': 'TCGA-D8-A1XL'}]",47b52a82-dbf2-43f7-b3da-198a8bd5358a.wxs.pindel.raw_somatic_mutation.vcf.gz,25f931ca-6a6c-4e27-86c1-552c6c99aa9a,Raw Simple Somatic Mutation,Simple Nucleotide Variation,WXS
a9d773f1-cda6-4e27-b919-80081bf0b793,"[{'case_id': '0dc337fa-da8b-42c4-b9a7-fb76d81c161f', 'submitter_id': 'TCGA-A1-A0SN'}]",8a5a344a-15ef-4655-a237-1263936fb127.svaba.somatic.indel.vcf.gz,a9d773f1-cda6-4e27-b919-80081bf0b793,Raw Simple Somatic Mutation,Simple Nucleotide Variation,WGS
907a8474-2086-43bb-a735-a7d0ffb73490,"[{'case_id': '2b19a6b4-7a17-4452-b4aa-6fc18adc0c3c', 'submitter_id': 'TCGA-D8-A1XL'}]",BULGY_p_TCGA_bM1_124_SNP_N_GenomeWideSNP_6_C06_780898.CEL,907a8474-2086-43bb-a735-a7d0ffb73490,Raw Intensities,Copy Number Variation,Genotyping Array
47151de7-96f9-493f-8919-2502d80c3485,"[{'case_id': '752f4773-5a12-4485-a1f6-896e148ddf4d', 'submitter_id': 'TCGA-D8-A1JP'}]",28f1b708-bd3c-4ae7-935f-3282f75304a7.rna_seq.chimeric.gdc_realn.bam,47151de7-96f9-493f-8919-2502d80c3485,Aligned Reads,Sequencing Reads,RNA-Seq
811e4c75-50d2-48f3-8baa-f14f56df6764,"[{'case_id': '2b19a6b4-7a17-4452-b4aa-6fc18adc0c3c', 'submitter_id': 'TCGA-D8-A1XL'}]",295fc633-30d4-444f-a7ab-3707875605a4.wxs.Pindel.aliquot.maf.gz,811e4c75-50d2-48f3-8baa-f14f56df6764,Annotated Somatic Mutation,Simple Nucleotide Variation,WXS
0697d08d-5ef1-4312-84ca-090edd435101,"[{'case_id': '752f4773-5a12-4485-a1f6-896e148ddf4d', 'submitter_id': 'TCGA-D8-A1JP'}]",TCGA-D8-A1JP-01A-21-A17J-20_RPPA_data.tsv,0697d08d-5ef1-4312-84ca-090edd435101,Protein Expression Quantification,Proteome Profiling,Reverse Phase Protein Array
2919f2fa-7535-4bb5-927d-f3b2b80205c9,"[{'case_id': '2b19a6b4-7a17-4452-b4aa-6fc18adc0c3c', 'submitter_id': 'TCGA-D8-A1XL'}]",TCGA-BRCA.c50f9ab3-c448-4289-b6b1-36ddcbd9efb9.ascat2.allelic_specific.seg.txt,2919f2fa-7535-4bb5-927d-f3b2b80205c9,Allele-specific Copy Number Segment,Copy Number Variation,Genotyping Array
7d94e4d5-af22-43c9-a60d-a795a5cddbad,"[{'case_id': '0dc337fa-da8b-42c4-b9a7-fb76d81c161f', 'submitter_id': 'TCGA-A1-A0SN'}]",TCGA-BRCA.2e5d28ee-b288-466f-9d14-0ed674e0c6b0.ascat3.gene_level_copy_number.v36.tsv,7d94e4d5-af22-43c9-a60d-a795a5cddbad,Gene Level Copy Number,Copy Number Variation,Genotyping Array
a3bfc687-7f50-47dc-8876-971755783eee,"[{'case_id': '752f4773-5a12-4485-a1f6-896e148ddf4d', 'submitter_id': 'TCGA-D8-A1JP'}]",TCGA-BRCA.1dd196c1-6198-4edf-b8a1-66fed90a68b3.gene_level_copy_number.v36.tsv,a3bfc687-7f50-47dc-8876-971755783eee,Gene Level Copy Number,Copy Number Variation,Genotyping Array
848805a1-632d-4efa-a8b5-566265cd5c3b,"[{'case_id': '2b19a6b4-7a17-4452-b4aa-6fc18adc0c3c', 'submitter_id': 'TCGA-D8-A1XL'}]",nationwidechildrens.org_biospecimen.TCGA-D8-A1XL.xml,848805a1-632d-4efa-a8b5-566265cd5c3b,Biospecimen Supplement,Biospecimen,
a4b8604d-3750-4de5-90e8-15aced838d77,"[{'case_id': '752f4773-5a12-4485-a1f6-896e148ddf4d', 'submitter_id': 'TCGA-D8-A1JP'}]",79c91537-924d-4edd-b2bc-550be816a89c.somatic_sv.vcf.gz,a4b8604d-3750-4de5-90e8-15aced838d77,Structural Rearrangement,Somatic Structural Variation,WGS
ff17354b-9db5-4c98-9f9d-764d178bee17,"[{'case_id': '0dc337fa-da8b-42c4-b9a7-fb76d81c161f', 'submitter_id': 'TCGA-A1-A0SN'}]",nationwidechildrens.org_clinical.TCGA-A1-A0SN.xml,ff17354b-9db5-4c98-9f9d-764d178bee17,Clinical Supplement,Clinical,
18f51990-7301-485f-90b4-9e401f5b3e6c,"[{'case_id': '0dc337fa-da8b-42c4-b9a7-fb76d81c161f', 'submitter_id': 'TCGA-A1-A0SN'}]",nationwidechildrens.org_biospecimen.TCGA-A1-A0SN.xml,18f51990-7301-485f-90b4-9e401f5b3e6c,Biospecimen Supplement,Biospecimen,
a439f85d-24e2-49b5-a4b3-1ec2c20c1884,"[{'case_id': '0dc337fa-da8b-42c4-b9a7-fb76d81c161f', 'submitter_id': 'TCGA-A1-A0SN'}]",TCGA_BRCA.8701706d-ded7-45e6-bd34-1441ab1a2daf.wxs.Pindel.somatic_annotation.vcf.gz,a439f85d-24e2-49b5-a4b3-1ec2c20c1884,Annotated Somatic Mutation,Simple Nucleotide Variation,WXS
ed95301b-ff1d-4ba6-a47a-66ad6463449b,"[{'case_id': '2b19a6b4-7a17-4452-b4aa-6fc18adc0c3c', 'submitter_id': 'TCGA-D8-A1XL'}]",BULGY_p_TCGA_bM1_124_SNP_N_GenomeWideSNP_6_C07_780950.nocnv_grch38.seg.v2.txt,ed95301b-ff1d-4ba6-a47a-66ad6463449b,Masked Copy Number Segment,Copy Number Variation,Genotyping Array
222af11d-a9b9-4826-93b9-c40931c0fed4,"[{'case_id': '752f4773-5a12-4485-a1f6-896e148ddf4d', 'submitter_id': 'TCGA-D8-A1JP'}]",TCGA-BRCA.c4288976-57ff-49eb-91ba-834d530e1930.wgs.varscan2.raw_somatic_mutation.vcf.gz,222af11d-a9b9-4826-93b9-c40931c0fed4,Raw Simple Somatic Mutation,Simple Nucleotide Variation,WGS
78adc60c-ad68-49dc-9768-ce403dc8dbe3,"[{'case_id': '0dd8dbc1-c48b-4e7c-b401-57101f724967', 'submitter_id': 'TCGA-S3-AA11'}]",TCGA-S3-AA11-10A-01D-A89F-36.WholeGenome.RP-1657.bam,78adc60c-ad68-49dc-9768-ce403dc8dbe3,Aligned Reads,Sequencing Reads,WGS
44dbeeb8-6246-4336-87ec-48ef7b03449b,"[{'case_id': '2b19a6b4-7a17-4452-b4aa-6fc18adc0c3c', 'submitter_id': 'TCGA-D8-A1XL'}]",3faa8f3a-04d0-4a05-b423-432637d69444.wxs.mutect2.raw_somatic_mutation.vcf.gz,44dbeeb8-6246-4336-87ec-48ef7b03449b,Raw Simple Somatic Mutation,Simple Nucleotide Variation,WXS
8e6d8e36-8c9e-410f-bd66-c0e8a4a65057,"[{'case_id': '0dd8dbc1-c48b-4e7c-b401-57101f724967', 'submitter_id': 'TCGA-S3-AA11'}]",b3906844-bd22-4880-9856-beeb55ab3036.somatic_sv.vcf.gz,8e6d8e36-8c9e-410f-bd66-c0e8a4a65057,Structural Rearrangement,Somatic Structural Variation,WGS
f611e46f-534c-403b-8ed0-2da3d0cb3072,"[{'case_id': '3fc3755d-a3f8-4e2c-813f-ff124f2a75c1', 'submitter_id': 'TCGA-A2-A259'}]",TCGA-BRCA.ec4242c5-4c16-43d6-9fe3-0fc2766928a1.ascat3.gene_level_copy_number.v36.tsv,f611e46f-534c-403b-8ed0-2da3d0cb3072,Gene Level Copy Number,Copy Number Variation,Genotyping Array
be4c1de8-8bde-4f1d-9071-4fa30f025b1c,"[{'case_id': '2b19a6b4-7a17-4452-b4aa-6fc18adc0c3c', 'submitter_id': 'TCGA-D8-A1XL'}]",TCGA_BRCA.3ded39ab-6b31-48d9-ac55-b5b92bfdf9ba.wgs.VarScan2.somatic_annotation.vcf.gz,be4c1de8-8bde-4f1d-9071-4fa30f025b1c,Annotated Somatic Mutation,Simple Nucleotide Variation,WGS
55da1620-bbe1-466b-af9a-c7a1a4ce1148,"[{'case_id': '0dd8dbc1-c48b-4e7c-b401-57101f724967', 'submitter_id': 'TCGA-S3-AA11'}]",96bd8f10-cdbd-4a44-b514-d3db67592128.wxs.MuSE.aliquot.maf.gz,55da1620-bbe1-466b-af9a-c7a1a4ce1148,Annotated Somatic Mutation,Simple Nucleotide Variation,WXS
4c3a3985-c5d6-4ca0-aa2a-f9dab8fa80b1,"[{'case_id': '3fc3755d-a3f8-4e2c-813f-ff124f2a75c1', 'submitter_id': 'TCGA-A2-A259'}]",d4de9ae4-94a6-49d8-8a55-f16e04ba8e67.somatic.SV.bedpe,4c3a3985-c5d6-4ca0-aa2a-f9dab8fa80b1,Structural Rearrangement,Somatic Structural Variation,WGS
37a15d4d-68e2-49a5-af28-a272c5f76922,"[{'case_id': '2b19a6b4-7a17-4452-b4aa-6fc18adc0c3c', 'submitter_id': 'TCGA-D8-A1XL'}]",TCGA-BRCA.464e1472-cb36-4b10-a465-e658adc9b3b5.wgs.tumor_normal.gatk4_mutect2.raw_somatic_mutation.vcf.gz,37a15d4d-68e2-49a5-af28-a272c5f76922,Raw Simple Somatic Mutation,Simple Nucleotide Variation,WGS
7cd89d27-a447-46c5-a115-20026bf280f7,"[{'case_id': '0dd8dbc1-c48b-4e7c-b401-57101f724967', 'submitter_id': 'TCGA-S3-AA11'}]",4541a5e4-240b-466d-bbc4-3904581490f3.rna_seq.star_splice_junctions.tsv.gz,7cd89d27-a447-46c5-a115-20026bf280f7,Splice Junction Quantification,Transcriptome Profiling,RNA-Seq
71013009-52d9-42f3-a58c-7b0c659b2e65,"[{'case_id': '3fc3755d-a3f8-4e2c-813f-ff124f2a75c1', 'submitter_id': 'TCGA-A2-A259'}]",TCGA_BRCA.69361900-a50e-493d-9827-2c6eeeb7dc79.wgs.GATK4_MuTect2_Pair.somatic_annotation.vcf.gz,71013009-52d9-42f3-a58c-7b0c659b2e65,Annotated Somatic Mutation,Simple Nucleotide Variation,WGS
7799f6ef-6826-413e-85e1-8da0c632f868,"[{'case_id': '2b19a6b4-7a17-4452-b4aa-6fc18adc0c3c', 'submitter_id': 'TCGA-D8-A1XL'}]",3faa8f3a-04d0-4a05-b423-432637d69444.wxs.varscan2.raw_somatic_mutation.vcf.gz,7799f6ef-6826-413e-85e1-8da0c632f868,Raw Simple Somatic Mutation,Simple Nucleotide Variation,WXS
9d117c75-994d-4069-ad20-c429be33a7db,"[{'case_id': '3fc3755d-a3f8-4e2c-813f-ff124f2a75c1', 'submitter_id': 'TCGA-A2-A259'}]",TCGA-BRCA.9183f7b3-0228-434c-91d8-0617558af906.wgs.tumor_normal.gatk4_mutect2.raw_somatic_mutation.vcf.gz,9d117c75-994d-4069-ad20-c429be33a7db,Raw Simple Somatic Mutation,Simple Nucleotide Variation,WGS
d6a892b1-681f-41d1-ad15-d7c1b0117cd1,"[{'case_id': '0dd8dbc1-c48b-4e7c-b401-57101f724967', 'submitter_id': 'TCGA-S3-AA11'}]",3e4eb595-9c45-4f67-8c00-8fdcf9090e1c_noid_Red.idat,d6a892b1-681f-41d1-ad15-d7c1b0117cd1,Masked Intensities,DNA Methylation,Methylation Array
6deb2b83-5533-48ab-b071-8ce2ac25c2b1,"[{'case_id': '3fc3755d-a3f8-4e2c-813f-ff124f2a75c1', 'submitter_id': 'TCGA-A2-A259'}]",TCGA_BRCA.b8acd6ab-19e0-4d61-a148-43c5cac3eaba.wgs.GATK4_MuTect2_Pair.somatic_annotation.vcf.gz,6deb2b83-5533-48ab-b071-8ce2ac25c2b1,Annotated Somatic Mutation,Simple Nucleotide Variation,WGS
f33ffc96-98cd-4a2a-9128-466ad2b3082c,"[{'case_id': '2b19a6b4-7a17-4452-b4aa-6fc18adc0c3c', 'submitter_id': 'TCGA-D8-A1XL'}]",6ee81613-6920-4c75-bfde-25161c0bfec7.wxs.VarScan2.aliquot.maf.gz,f33ffc96-98cd-4a2a-9128-466ad2b3082c,Annotated Somatic Mutation,Simple Nucleotide Variation,WXS
1cf98f5f-2615-4935-aab8-2dd584dfc185,"[{'case_id': '3fc3755d-a3f8-4e2c-813f-ff124f2a75c1', 'submitter_id': 'TCGA-A2-A259'}]",74e4c12c-cacd-4bb3-bbe1-6edec664ddb9_noid_Red.idat,1cf98f5f-2615-4935-aab8-2dd584dfc185,Masked Intensities,DNA Methylation,Methylation Array
3ad5b398-ae4f-43c0-80a4-3c3885634a02,"[{'case_id': '2b19a6b4-7a17-4452-b4aa-6fc18adc0c3c', 'submitter_id': 'TCGA-D8-A1XL'}]",TCGA_BRCA.95188162-4c24-4330-b7dc-412e60c508f9.wxs.MuSE.somatic_annotation.vcf.gz,3ad5b398-ae4f-43c0-80a4-3c3885634a02,Annotated Somatic Mutation,Simple Nucleotide Variation,WXS
0941de51-da1a-4f3b-9db8-28cdbecdf076,"[{'case_id': '0dd8dbc1-c48b-4e7c-b401-57101f724967', 'submitter_id': 'TCGA-S3-AA11'}]",TCGA-BRCA.12edf3b7-c243-4c84-8fef-f499478f143d.arriba.rna_fusion.bedpe,0941de51-da1a-4f3b-9db8-28cdbecdf076,Transcript Fusion,Structural Variation,RNA-Seq
61860c0f-8eae-44d2-9968-5675c18c5fa1,"[{'case_id': '3fc3755d-a3f8-4e2c-813f-ff124f2a75c1', 'submitter_id': 'TCGA-A2-A259'}]",492d903f-0464-44a3-8984-39b13c6fbcf7_wxs_gdc_realn.bam,61860c0f-8eae-44d2-9968-5675c18c5fa1,Aligned Reads,Sequencing Reads,WXS
cbbda96f-25de-42b0-bf97-380925248ef5,"[{'case_id': '2b19a6b4-7a17-4452-b4aa-6fc18adc0c3c', 'submitter_id': 'TCGA-D8-A1XL'}]",TCGA-BRCA.9dffd93d-a4e1-4e39-b963-662201304eed.star_fusion.rna_fusion.bedpe,cbbda96f-25de-42b0-bf97-380925248ef5,Transcript Fusion,Structural Variation,RNA-Seq
9ec5919b-7019-43c3-8b3d-d9999751cc7b,"[{'case_id': '0dd8dbc1-c48b-4e7c-b401-57101f724967', 'submitter_id': 'TCGA-S3-AA11'}]",4541a5e4-240b-466d-bbc4-3904581490f3.rna_seq.genomic.gdc_realn.bam,9ec5919b-7019-43c3-8b3d-d9999751cc7b,Aligned Reads,Sequencing Reads,RNA-Seq
f85dcd08-f3c8-4137-a77c-2fdbb3f8d337,"[{'case_id': '3fc3755d-a3f8-4e2c-813f-ff124f2a75c1', 'submitter_id': 'TCGA-A2-A259'}]",71546483-dad2-4bef-8056-bf29e22d3b30.wxs.MuSE.aliquot.maf.gz,f85dcd08-f3c8-4137-a77c-2fdbb3f8d337,Annotated Somatic Mutation,Simple Nucleotide Variation,WXS
82494de3-a5f8-494d-92eb-e537ed705001,"[{'case_id': '3fc3755d-a3f8-4e2c-813f-ff124f2a75c1', 'submitter_id': 'TCGA-A2-A259'}]",93febb0a-587c-47f2-9a59-117f7aa475c5_wxs_gdc_realn.bam,82494de3-a5f8-494d-92eb-e537ed705001,Aligned Reads,Sequencing Reads,WXS
0980b9fe-7075-4b09-8506-87c9cb1cc9fd,"[{'case_id': '3fc3755d-a3f8-4e2c-813f-ff124f2a75c1', 'submitter_id': 'TCGA-A2-A259'}]",nationwidechildrens.org_biospecimen.TCGA-A2-A259.xml,0980b9fe-7075-4b09-8506-87c9cb1cc9fd,Biospecimen Supplement,Biospecimen,
6407f9ce-21ce-4181-bf70-fa0dbb2553c3,"[{'case_id': '0dd8dbc1-c48b-4e7c-b401-57101f724967', 'submitter_id': 'TCGA-S3-AA11'}]",TCGA-S3-AA11-01A-03-TS3.8C92F642-024A-482C-A5D0-A49910FE31C6.svs,6407f9ce-21ce-4181-bf70-fa0dbb2553c3,Slide Image,Biospecimen,Tissue Slide
67534968-40bd-46e1-9b8b-06026add5334,"[{'case_id': '2b19a6b4-7a17-4452-b4aa-6fc18adc0c3c', 'submitter_id': 'TCGA-D8-A1XL'}]",2c1b1cbb-6e9f-4416-8faa-abb31d6b4e0e.rna_seq.chimeric.gdc_realn.bam,67534968-40bd-46e1-9b8b-06026add5334,Aligned Reads,Sequencing Reads,RNA-Seq
946ad086-a5bd-4bf8-8861-5e9eb1043911,"[{'case_id': '1dafdd64-527d-4d46-bbdf-7a97774f881b', 'submitter_id': 'TCGA-B6-A1KI'}]",TCGA_BRCA.7e451d0a-9b79-4bf5-ae8a-d5c7e4f5497a.wxs.MuTect2.somatic_annotation.vcf.gz,946ad086-a5bd-4bf8-8861-5e9eb1043911,Annotated Somatic Mutation,Simple Nucleotide Variation,WXS
39fa6f81-37b0-4dea-9217-a75ba9d45c68,"[{'case_id': '0dd8dbc1-c48b-4e7c-b401-57101f724967', 'submitter_id': 'TCGA-S3-AA11'}]",TCGA-BRCA.0a50d096-f517-485c-9b61-5ab097ce7d8d.gene_level_copy_number.v36.tsv,39fa6f81-37b0-4dea-9217-a75ba9d45c68,Gene Level Copy Number,Copy Number Variation,Genotyping Array
c4ae4add-a41d-4cc8-ae9d-216c213b5632,"[{'case_id': '1dafdd64-527d-4d46-bbdf-7a97774f881b', 'submitter_id': 'TCGA-B6-A1KI'}]",TCGA-BRCA.82bfe88a-541f-4187-be75-b05bec1ce60c.absolute_liftover.gene_level_copy_number.v36.tsv,c4ae4add-a41d-4cc8-ae9d-216c213b5632,Gene Level Copy Number,Copy Number Variation,Genotyping Array
bdbb3d52-05bb-4d0a-941b-a29110a336c1,"[{'case_id': '0dd8dbc1-c48b-4e7c-b401-57101f724967', 'submitter_id': 'TCGA-S3-AA11'}]",TCGA-BRCA.0a50d096-f517-485c-9b61-5ab097ce7d8d.ascat3.allelic_specific.seg.txt,bdbb3d52-05bb-4d0a-941b-a29110a336c1,Allele-specific Copy Number Segment,Copy Number Variation,Genotyping Array
80d565a0-59f6-409e-8850-5d4e2b5b996d,"[{'case_id': '1dafdd64-527d-4d46-bbdf-7a97774f881b', 'submitter_id': 'TCGA-B6-A1KI'}]",9da89066-8d82-4ace-80e1-889d3c73c8eb.rna_seq.augmented_star_gene_counts.tsv,80d565a0-59f6-409e-8850-5d4e2b5b996d,Gene Expression Quantification,Transcriptome Profiling,RNA-Seq
f85e00f5-86ba-42fe-8433-135a8908288e,"[{'case_id': '0dd8dbc1-c48b-4e7c-b401-57101f724967', 'submitter_id': 'TCGA-S3-AA11'}]",TCGA-BRCA.87088636-a5fb-4d56-9b50-04fa46a074b5.star_fusion.rna_fusion.tsv,f85e00f5-86ba-42fe-8433-135a8908288e,Transcript Fusion,Structural Variation,RNA-Seq
7ca41c44-a23e-49c0-827b-99a930d96e31,"[{'case_id': '0dd8dbc1-c48b-4e7c-b401-57101f724967', 'submitter_id': 'TCGA-S3-AA11'}]",TAKEN_p_TCGAb_379_400_FFPE_NSP_GenomeWideSNP_6_A09_1513184.grch38.seg.v2.txt,7ca41c44-a23e-49c0-827b-99a930d96e31,Copy Number Segment,Copy Number Variation,Genotyping Array
5342f059-c20c-4df6-969a-cb5a6ede61e9,"[{'case_id': '0dd8dbc1-c48b-4e7c-b401-57101f724967', 'submitter_id': 'TCGA-S3-AA11'}]",TAKEN_p_TCGAb_379_400_FFPE_NSP_GenomeWideSNP_6_A09_1513184.birdseed.data.txt,5342f059-c20c-4df6-969a-cb5a6ede61e9,Simple Germline Variation,Simple Nucleotide Variation,Genotyping Array
5a480fb1-901d-47b0-8f48-c72058fa6792,"[{'case_id': '1dafdd64-527d-4d46-bbdf-7a97774f881b', 'submitter_id': 'TCGA-B6-A1KI'}]",9da89066-8d82-4ace-80e1-889d3c73c8eb.rna_seq.chimeric.gdc_realn.bam,5a480fb1-901d-47b0-8f48-c72058fa6792,Aligned Reads,Sequencing Reads,RNA-Seq
150de38d-a2e0-4462-ae19-1de7ce45cbdb,"[{'case_id': '0dd8dbc1-c48b-4e7c-b401-57101f724967', 'submitter_id': 'TCGA-S3-AA11'}]",TCGA-S3-AA11-01A-31D-A89F-36.WholeGenome.RP-1657.cr.igv.reheader.seg.txt,150de38d-a2e0-4462-ae19-1de7ce45cbdb,Copy Number Segment,Copy Number Variation,WGS
005a5163-2307-4e64-aaf7-bcad7749f47c,"[{'case_id': '1dafdd64-527d-4d46-bbdf-7a97774f881b', 'submitter_id': 'TCGA-B6-A1KI'}]",BULGY_p_TCGA_bM1_124_SNP_N_GenomeWideSNP_6_A04_780938.CEL,005a5163-2307-4e64-aaf7-bcad7749f47c,Raw Intensities,Copy Number Variation,Genotyping Array
4ebf6799-32b8-40d6-bc20-7914ad06383c,"[{'case_id': '1dafdd64-527d-4d46-bbdf-7a97774f881b', 'submitter_id': 'TCGA-B6-A1KI'}]",TCGA-B6-A1KI-01A-01-TS1.9e114169-5c22-4ec6-a85f-327bd0b51570.svs,4ebf6799-32b8-40d6-bc20-7914ad06383c,Slide Image,Biospecimen,Tissue Slide
5366ebf6-a629-47d5-a284-d5c13ac7ce49,"[{'case_id': '0dd8dbc1-c48b-4e7c-b401-57101f724967', 'submitter_id': 'TCGA-S3-AA11'}]",TCGA_BRCA.e2c7ace2-847e-4511-bbc5-a4bb30918c3f.wgs.SvABA_Somatic.somatic_annotation.vcf.gz,5366ebf6-a629-47d5-a284-d5c13ac7ce49,Annotated Somatic Mutation,Simple Nucleotide Variation,WGS
c552844d-0a2e-4f69-919c-40030125f1f1,"[{'case_id': '1dafdd64-527d-4d46-bbdf-7a97774f881b', 'submitter_id': 'TCGA-B6-A1KI'}]",306397bf-a07c-47d3-83c2-90c20b040436.wxs.MuSE.aliquot.maf.gz,c552844d-0a2e-4f69-919c-40030125f1f1,Annotated Somatic Mutation,Simple Nucleotide Variation,WXS
1f0f723c-6d7b-4d14-8e60-3dce22146dbe,"[{'case_id': '0dd8dbc1-c48b-4e7c-b401-57101f724967', 'submitter_id': 'TCGA-S3-AA11'}]",2a3cc3e9-f681-4896-81bb-d62f0122a6e7.wxs.VarScan2.aliquot.maf.gz,1f0f723c-6d7b-4d14-8e60-3dce22146dbe,Annotated Somatic Mutation,Simple Nucleotide Variation,WXS
6dd1a38b-0cc8-4b98-b5c2-d61e2b29b014,"[{'case_id': '1dafdd64-527d-4d46-bbdf-7a97774f881b', 'submitter_id': 'TCGA-B6-A1KI'}]",TCGA-BRCA.ef438000-885b-40ce-96af-6710496eaf26.star_fusion.rna_fusion.tsv,6dd1a38b-0cc8-4b98-b5c2-d61e2b29b014,Transcript Fusion,Structural Variation,RNA-Seq
7d74cc39-463b-4f42-86e5-d399a17dde26,"[{'case_id': '0dd8dbc1-c48b-4e7c-b401-57101f724967', 'submitter_id': 'TCGA-S3-AA11'}]",91488cdd-8d69-490b-a066-1271cdeedb58.wgs.gatk4.copy_number_variation.supplementary.tar.gz,7d74cc39-463b-4f42-86e5-d399a17dde26,Intermediate Analysis Archive,Copy Number Variation,WGS
30c99c47-806b-42f0-93ad-29d550d5fefb,"[{'case_id': '1dafdd64-527d-4d46-bbdf-7a97774f881b', 'submitter_id': 'TCGA-B6-A1KI'}]",TCGA-BRCA.909e3a84-ebbe-40f5-91a5-b9d504f31720.arriba.rna_fusion.tsv,30c99c47-806b-42f0-93ad-29d550d5fefb,Transcript Fusion,Structural Variation,RNA-Seq
586c5ed8-c705-4cf7-aa24-1d553bb2e05c,"[{'case_id': '1dafdd64-527d-4d46-bbdf-7a97774f881b', 'submitter_id': 'TCGA-B6-A1KI'}]",TCGA_BRCA.d722159e-dd78-4abd-a3a2-f0154b84745b.wxs.Pindel.somatic_annotation.vcf.gz,586c5ed8-c705-4cf7-aa24-1d553bb2e05c,Annotated Somatic Mutation,Simple Nucleotide Variation,WXS
1405037c-0274-4040-baa6-e4bc7dc209b7,"[{'case_id': '0dd8dbc1-c48b-4e7c-b401-57101f724967', 'submitter_id': 'TCGA-S3-AA11'}]",3e4eb595-9c45-4f67-8c00-8fdcf9090e1c_noid_Grn.idat,1405037c-0274-4040-baa6-e4bc7dc209b7,Masked Intensities,DNA Methylation,Methylation Array
c8cb9200-88db-41a8-8ac2-61bdb9353eb4,"[{'case_id': '1dafdd64-527d-4d46-bbdf-7a97774f881b', 'submitter_id': 'TCGA-B6-A1KI'}]",8d5022da-d3d7-4b5a-94fa-0cd1131138c1.wxs.mutect2.raw_somatic_mutation.vcf.gz,c8cb9200-88db-41a8-8ac2-61bdb9353eb4,Raw Simple Somatic Mutation,Simple Nucleotide Variation,WXS
3948db64-3c60-4d37-bde2-43c899171c91,"[{'case_id': '0dd8dbc1-c48b-4e7c-b401-57101f724967', 'submitter_id': 'TCGA-S3-AA11'}]",bdd7cd3f-4875-48b8-83de-dc9ad696f04b.wxs.aliquot_ensemble_raw.maf.gz,3948db64-3c60-4d37-bde2-43c899171c91,Aggregated Somatic Mutation,Simple Nucleotide Variation,WXS
4e196797-6ca9-4546-bfd5-3d36ac69e7b9,"[{'case_id': '1dafdd64-527d-4d46-bbdf-7a97774f881b', 'submitter_id': 'TCGA-B6-A1KI'}]",9d4bb505-560b-4726-8101-7bf8206a8a24.wxs.aliquot_ensemble_masked.maf.gz,4e196797-6ca9-4546-bfd5-3d36ac69e7b9,Masked Somatic Mutation,Simple Nucleotide Variation,WXS
6627f14e-ef05-48dd-bbbc-0d0d76e652a0,"[{'case_id': '1dafdd64-527d-4d46-bbdf-7a97774f881b', 'submitter_id': 'TCGA-B6-A1KI'}]",TCGA-B6-A1KI-01A-11R-A14L-13_mirna_gdc_realn.bam,6627f14e-ef05-48dd-bbbc-0d0d76e652a0,Aligned Reads,Sequencing Reads,miRNA-Seq
9007ae68-de0e-4130-9011-b9651dd8a805,"[{'case_id': '1dafdd64-527d-4d46-bbdf-7a97774f881b', 'submitter_id': 'TCGA-B6-A1KI'}]",TCGA-BRCA.909e3a84-ebbe-40f5-91a5-b9d504f31720.arriba.rna_fusion.bedpe,9007ae68-de0e-4130-9011-b9651dd8a805,Transcript Fusion,Structural Variation,RNA-Seq
e0439ff1-1bd3-4b64-bb5f-45809f5da958,"[{'case_id': '0dd8dbc1-c48b-4e7c-b401-57101f724967', 'submitter_id': 'TCGA-S3-AA11'}]",TAKEN_p_TCGAb_379_400_FFPE_NSP_GenomeWideSNP_6_A10_1513252.nocnv_grch38.seg.v2.txt,e0439ff1-1bd3-4b64-bb5f-45809f5da958,Masked Copy Number Segment,Copy Number Variation,Genotyping Array
ded10b7f-e408-4b52-b735-dfc530e6bc5f,"[{'case_id': '1dafdd64-527d-4d46-bbdf-7a97774f881b', 'submitter_id': 'TCGA-B6-A1KI'}]",TCGA-B6-A1KI-01Z-00-DX1.EFAA08A8-02EC-4A9B-AC6B-79BF2DC5A2AA.svs,ded10b7f-e408-4b52-b735-dfc530e6bc5f,Slide Image,Biospecimen,Diagnostic Slide
f968f75e-43a4-46cd-9c4d-744bc2a93206,"[{'case_id': '1dafdd64-527d-4d46-bbdf-7a97774f881b', 'submitter_id': 'TCGA-B6-A1KI'}]",nationwidechildrens.org_clinical.TCGA-B6-A1KI.xml,f968f75e-43a4-46cd-9c4d-744bc2a93206,Clinical Supplement,Clinical,
3da98053-c555-4f85-95ef-118d116f1c40,"[{'case_id': '1dafdd64-527d-4d46-bbdf-7a97774f881b', 'submitter_id': 'TCGA-B6-A1KI'}]",TCGA-BRCA.82bfe88a-541f-4187-be75-b05bec1ce60c.ascat3.allelic_specific.seg.txt,3da98053-c555-4f85-95ef-118d116f1c40,Allele-specific Copy Number Segment,Copy Number Variation,Genotyping Array
d50b86e6-4e40-45a4-9843-fc8bdc6d2666,"[{'case_id': '1dafdd64-527d-4d46-bbdf-7a97774f881b', 'submitter_id': 'TCGA-B6-A1KI'}]",b8627c39-407d-4e6e-b102-d942fa70fdd5_noid_Red.idat,d50b86e6-4e40-45a4-9843-fc8bdc6d2666,Masked Intensities,DNA Methylation,Methylation Array
ff8d020d-6657-4def-ab03-046fc94d1bee,"[{'case_id': '1dafdd64-527d-4d46-bbdf-7a97774f881b', 'submitter_id': 'TCGA-B6-A1KI'}]",BULGY_p_TCGA_bM1_124_SNP_N_GenomeWideSNP_6_C05_780912.nocnv_grch38.seg.v2.txt,ff8d020d-6657-4def-ab03-046fc94d1bee,Masked Copy Number Segment,Copy Number Variation,Genotyping Array
8193c9fe-7d1c-45ca-937b-797a4fa601fd,"[{'case_id': '1dafdd64-527d-4d46-bbdf-7a97774f881b', 'submitter_id': 'TCGA-B6-A1KI'}]",TCGA_BRCA.770acc3c-3578-45eb-8cbe-b6af55575c76.wxs.VarScan2.somatic_annotation.vcf.gz,8193c9fe-7d1c-45ca-937b-797a4fa601fd,Annotated Somatic Mutation,Simple Nucleotide Variation,WXS
db6acb38-fe07-461f-a10e-0d39b8d910b0,"[{'case_id': '1dafdd64-527d-4d46-bbdf-7a97774f881b', 'submitter_id': 'TCGA-B6-A1KI'}]",12983a0c-2f74-4c87-af64-048fbfea9ddd_wxs_gdc_realn.bam,db6acb38-fe07-461f-a10e-0d39b8d910b0,Aligned Reads,Sequencing Reads,WXS
4b378394-a617-432b-9f69-eedc3a4d08d1,"[{'case_id': '1dafdd64-527d-4d46-bbdf-7a97774f881b', 'submitter_id': 'TCGA-B6-A1KI'}]",d9262092-798c-4c49-96e3-b028fc333bdf.wxs.pindel.raw_somatic_mutation.vcf.gz,4b378394-a617-432b-9f69-eedc3a4d08d1,Raw Simple Somatic Mutation,Simple Nucleotide Variation,WXS
258d7f58-69c7-4c8a-b93f-d460fcec862d,"[{'case_id': '1dafdd64-527d-4d46-bbdf-7a97774f881b', 'submitter_id': 'TCGA-B6-A1KI'}]",TCGA_BRCA.09c6e1b8-a377-46fb-94cf-93407d77fa74.wxs.MuSE.somatic_annotation.vcf.gz,258d7f58-69c7-4c8a-b93f-d460fcec862d,Annotated Somatic Mutation,Simple Nucleotide Variation,WXS
93bf7346-9661-4224-8893-0fbb8926d4ff,"[{'case_id': '1dafdd64-527d-4d46-bbdf-7a97774f881b', 'submitter_id': 'TCGA-B6-A1KI'}]",f4cafe8e-81db-4c7e-aae4-765c52de2051.mirbase21.isoforms.quantification.txt,93bf7346-9661-4224-8893-0fbb8926d4ff,Isoform Expression Quantification,Transcriptome Profiling,miRNA-Seq
9597dc73-7224-444c-8a36-184c8a79ec8b,"[{'case_id': '1dafdd64-527d-4d46-bbdf-7a97774f881b', 'submitter_id': 'TCGA-B6-A1KI'}]",BULGY_p_TCGA_bM1_124_SNP_N_GenomeWideSNP_6_A04_780938.grch38.seg.v2.txt,9597dc73-7224-444c-8a36-184c8a79ec8b,Copy Number Segment,Copy Number Variation,Genotyping Array
1492ce80-f1bb-4917-ae30-91e241a0ea50,"[{'case_id': '1dafdd64-527d-4d46-bbdf-7a97774f881b', 'submitter_id': 'TCGA-B6-A1KI'}]",BULGY_p_TCGA_bM1_124_SNP_N_GenomeWideSNP_6_A04_780938.birdseed.data.txt,1492ce80-f1bb-4917-ae30-91e241a0ea50,Simple Germline Variation,Simple Nucleotide Variation,Genotyping Array
37842a0c-95a7-4795-8067-ec4520de3b68,"[{'case_id': '1dafdd64-527d-4d46-bbdf-7a97774f881b', 'submitter_id': 'TCGA-B6-A1KI'}]",8d5022da-d3d7-4b5a-94fa-0cd1131138c1.wxs.muse.raw_somatic_mutation.vcf.gz,37842a0c-95a7-4795-8067-ec4520de3b68,Raw Simple Somatic Mutation,Simple Nucleotide Variation,WXS
cf1f3af5-6e95-44ac-8e51-a2bf6becaef0,"[{'case_id': '0dd8dbc1-c48b-4e7c-b401-57101f724967', 'submitter_id': 'TCGA-S3-AA11'}]",TCGA-BRCA.12edf3b7-c243-4c84-8fef-f499478f143d.arriba.rna_fusion.tsv,cf1f3af5-6e95-44ac-8e51-a2bf6becaef0,Transcript Fusion,Structural Variation,RNA-Seq
949cdffd-7d6a-40be-b1e0-a299e9dd8708,"[{'case_id': '1dafdd64-527d-4d46-bbdf-7a97774f881b', 'submitter_id': 'TCGA-B6-A1KI'}]",59c6d007-e4ce-4eda-bf22-96e68d7c33ac.wxs.Pindel.aliquot.maf.gz,949cdffd-7d6a-40be-b1e0-a299e9dd8708,Annotated Somatic Mutation,Simple Nucleotide Variation,WXS
e7d71f04-f6f5-4d20-871d-ad2e2569c11e,"[{'case_id': '1111fb30-46ce-4722-98da-ec9ba2323d90', 'submitter_id': 'TCGA-AO-A03O'}]",TCGA-BRCA.93086b74-d130-4d31-832c-f01934aec5c0.wgs.varscan2.raw_somatic_mutation.vcf.gz,e7d71f04-f6f5-4d20-871d-ad2e2569c11e,Raw Simple Somatic Mutation,Simple Nucleotide Variation,WGS
c645f59d-0770-4609-b4a7-0e2c38ee0ebc,"[{'case_id': '1111fb30-46ce-4722-98da-ec9ba2323d90', 'submitter_id': 'TCGA-AO-A03O'}]",c9b9ed6a-ff3e-4f10-bd30-2b746dc43404.mirbase21.mirnas.quantification.txt,c645f59d-0770-4609-b4a7-0e2c38ee0ebc,miRNA Expression Quantification,Transcriptome Profiling,miRNA-Seq
89103134-12c8-46f0-8d46-e91ef5d3c755,"[{'case_id': '1111fb30-46ce-4722-98da-ec9ba2323d90', 'submitter_id': 'TCGA-AO-A03O'}]",TCGA-AO-A03O-01A-31-A13A-20_RPPA_data.tsv,89103134-12c8-46f0-8d46-e91ef5d3c755,Protein Expression Quantification,Proteome Profiling,Reverse Phase Protein Array
cdc4da31-a879-48d1-9f72-21b3f7ce8b20,"[{'case_id': '22b35927-1c3f-4f98-ba42-deafc56b677a', 'submitter_id': 'TCGA-BH-A0EI'}]",TCGA-BRCA.690c778d-bca2-48c6-b084-3445f58cf216.absolute_liftover.gene_level_copy_number.v36.tsv,cdc4da31-a879-48d1-9f72-21b3f7ce8b20,Gene Level Copy Number,Copy Number Variation,Genotyping Array
51750dd4-f428-4b50-bcbc-0c5fff9df61a,"[{'case_id': '0dd8dbc1-c48b-4e7c-b401-57101f724967', 'submitter_id': 'TCGA-S3-AA11'}]",TCGA-BRCA.749c1fbe-46c8-4417-a2e2-39461254d59e.wgs.tumor_normal.gatk4_mutect2.raw_somatic_mutation.vcf.gz,51750dd4-f428-4b50-bcbc-0c5fff9df61a,Raw Simple Somatic Mutation,Simple Nucleotide Variation,WGS
ad76c01f-dfa6-4043-9346-d79009565f69,"[{'case_id': '22b35927-1c3f-4f98-ba42-deafc56b677a', 'submitter_id': 'TCGA-BH-A0EI'}]",36531e24-bd47-4b12-b001-9aa163f0c4a0.wxs.mutect2.raw_somatic_mutation.vcf.gz,ad76c01f-dfa6-4043-9346-d79009565f69,Raw Simple Somatic Mutation,Simple Nucleotide Variation,WXS
52d4b701-120c-442d-82e4-fcdd070bc170,"[{'case_id': '0dd8dbc1-c48b-4e7c-b401-57101f724967', 'submitter_id': 'TCGA-S3-AA11'}]",TCGA_BRCA.e956e412-3205-48d9-92cc-aa67010df4be.wgs.VarScan2.somatic_annotation.vcf.gz,52d4b701-120c-442d-82e4-fcdd070bc170,Annotated Somatic Mutation,Simple Nucleotide Variation,WGS
f77a4036-a8f8-4f09-9dfe-ccb54717dac6,"[{'case_id': '1dafdd64-527d-4d46-bbdf-7a97774f881b', 'submitter_id': 'TCGA-B6-A1KI'}]",d9374702-8fc6-48c0-bec5-5c1105e641dc_wxs_gdc_realn.bam,f77a4036-a8f8-4f09-9dfe-ccb54717dac6,Aligned Reads,Sequencing Reads,WXS
c0c80b78-109c-4f6c-8606-98cc0961c389,"[{'case_id': '22b35927-1c3f-4f98-ba42-deafc56b677a', 'submitter_id': 'TCGA-BH-A0EI'}]",TCGA-BH-A0EI-01Z-00-DX1.929E126A-C9F8-4240-BF00-B6C4A57B7FF6.svs,c0c80b78-109c-4f6c-8606-98cc0961c389,Slide Image,Biospecimen,Diagnostic Slide
6d4ecca4-3d68-4e56-822c-b7316d439291,"[{'case_id': '22b35927-1c3f-4f98-ba42-deafc56b677a', 'submitter_id': 'TCGA-BH-A0EI'}]",a98217af-f6e7-4770-8912-2988ae2a84cd_noid_Red.idat,6d4ecca4-3d68-4e56-822c-b7316d439291,Masked Intensities,DNA Methylation,Methylation Array
dada93a6-fb66-41bc-a4a6-8b73130d80f4,"[{'case_id': 'da9c10ea-c13f-4d88-8b94-a0cbc106d036', 'submitter_id': 'TCGA-BH-A0W5'}]",TCGA-BH-A0W5-01A-01-BSA.f3d54f51-a213-4c52-8eeb-1220f24364e4.svs,dada93a6-fb66-41bc-a4a6-8b73130d80f4,Slide Image,Biospecimen,Tissue Slide
f306da64-4286-486e-bb4f-b07ccb4dd90f,"[{'case_id': '22b35927-1c3f-4f98-ba42-deafc56b677a', 'submitter_id': 'TCGA-BH-A0EI'}]",URAEI_p_TCGASNP_b85_N_GenomeWideSNP_6_D02_735046.grch38.seg.v2.txt,f306da64-4286-486e-bb4f-b07ccb4dd90f,Copy Number Segment,Copy Number Variation,Genotyping Array
6bf1c949-d208-451e-85f8-2c4842738088,"[{'case_id': '22b35927-1c3f-4f98-ba42-deafc56b677a', 'submitter_id': 'TCGA-BH-A0EI'}]",82048864-b71e-4295-973c-66b57c16a52e.wxs.Pindel.aliquot.maf.gz,6bf1c949-d208-451e-85f8-2c4842738088,Annotated Somatic Mutation,Simple Nucleotide Variation,WXS
ea522ed2-eb3e-4d2a-9216-a38fce0813c7,"[{'case_id': 'da9c10ea-c13f-4d88-8b94-a0cbc106d036', 'submitter_id': 'TCGA-BH-A0W5'}]",SHUCK_p_TCGAb74and75_SNP_N_GenomeWideSNP_6_F01_731080.nocnv_grch38.seg.v2.txt,ea522ed2-eb3e-4d2a-9216-a38fce0813c7,Masked Copy Number Segment,Copy Number Variation,Genotyping Array
142c9de1-286e-4474-9bf5-476d1aa58c85,"[{'case_id': '1402082d-25c9-4148-8a1e-f58450b706bb', 'submitter_id': 'TCGA-B6-A0IP'}]",94250f1c-d514-4dd2-b488-a93fbf111784_wxs_gdc_realn.bam,142c9de1-286e-4474-9bf5-476d1aa58c85,Aligned Reads,Sequencing Reads,WXS
8ca3cb58-ffbd-4ded-9675-70613a26d660,"[{'case_id': 'da9c10ea-c13f-4d88-8b94-a0cbc106d036', 'submitter_id': 'TCGA-BH-A0W5'}]",671bc03b-e3a8-45f6-88e4-ce138c716886.rna_seq.transcriptome.gdc_realn.bam,8ca3cb58-ffbd-4ded-9675-70613a26d660,Aligned Reads,Sequencing Reads,RNA-Seq
a3ca2c04-12a8-46d2-8e38-1954803d36f2,"[{'case_id': '22b35927-1c3f-4f98-ba42-deafc56b677a', 'submitter_id': 'TCGA-BH-A0EI'}]",TCGA_BRCA.06dcedad-53a6-4140-a4a0-5f5d4e944f0b.wxs.MuTect2.somatic_annotation.vcf.gz,a3ca2c04-12a8-46d2-8e38-1954803d36f2,Annotated Somatic Mutation,Simple Nucleotide Variation,WXS
35e6d946-c98d-41ae-a4ab-5a125718ce7f,"[{'case_id': '22b35927-1c3f-4f98-ba42-deafc56b677a', 'submitter_id': 'TCGA-BH-A0EI'}]",URAEI_p_TCGASNP_b85_N_GenomeWideSNP_6_D02_735046.CEL,35e6d946-c98d-41ae-a4ab-5a125718ce7f,Raw Intensities,Copy Number Variation,Genotyping Array
305ea534-324a-4dfa-b1dd-7d7bcdbd7fa9,"[{'case_id': '22b35927-1c3f-4f98-ba42-deafc56b677a', 'submitter_id': 'TCGA-BH-A0EI'}]",URAEI_p_TCGASNP_b85_N_GenomeWideSNP_6_D02_735046.birdseed.data.txt,305ea534-324a-4dfa-b1dd-7d7bcdbd7fa9,Simple Germline Variation,Simple Nucleotide Variation,Genotyping Array
6dc9cc2a-801d-436d-a089-e173db45009c,"[{'case_id': 'da9c10ea-c13f-4d88-8b94-a0cbc106d036', 'submitter_id': 'TCGA-BH-A0W5'}]",TCGA-BRCA.62a30fed-c0c3-4db5-9a9e-76cb6bf0a4a0.wgs.varscan2.raw_somatic_mutation.vcf.gz,6dc9cc2a-801d-436d-a089-e173db45009c,Raw Simple Somatic Mutation,Simple Nucleotide Variation,WGS
05aaa4ed-839e-4ec6-9a25-1a9c4c61454b,"[{'case_id': '1402082d-25c9-4148-8a1e-f58450b706bb', 'submitter_id': 'TCGA-B6-A0IP'}]",fb49b14e-d40f-4270-98b3-458ce60f2cde.rna_seq.chimeric.gdc_realn.bam,05aaa4ed-839e-4ec6-9a25-1a9c4c61454b,Aligned Reads,Sequencing Reads,RNA-Seq
c2b7ab96-f6f6-469d-93b1-180ea94980b1,"[{'case_id': '22b35927-1c3f-4f98-ba42-deafc56b677a', 'submitter_id': 'TCGA-BH-A0EI'}]",6554f195-2070-4af3-98f9-c4d8529e5635.wxs.aliquot_ensemble_masked.maf.gz,c2b7ab96-f6f6-469d-93b1-180ea94980b1,Masked Somatic Mutation,Simple Nucleotide Variation,WXS
30be4fb4-92a2-418b-852c-ab4380da877d,"[{'case_id': 'da9c10ea-c13f-4d88-8b94-a0cbc106d036', 'submitter_id': 'TCGA-BH-A0W5'}]",d63f58a2-6c66-451e-a9f3-4f2c3799807e.wxs.VarScan2.aliquot.maf.gz,30be4fb4-92a2-418b-852c-ab4380da877d,Annotated Somatic Mutation,Simple Nucleotide Variation,WXS
85af4aa1-a607-43f5-bac1-90b5d86b31e1,"[{'case_id': 'da9c10ea-c13f-4d88-8b94-a0cbc106d036', 'submitter_id': 'TCGA-BH-A0W5'}]",c7e63a4e-d5b9-4917-8fca-b2ef40f8c97d.wgs.gatk4.copy_number_variation.supplementary.tar.gz,85af4aa1-a607-43f5-bac1-90b5d86b31e1,Intermediate Analysis Archive,Copy Number Variation,WGS
a988516b-7da4-4cd3-b318-3bc59436fafa,"[{'case_id': '1402082d-25c9-4148-8a1e-f58450b706bb', 'submitter_id': 'TCGA-B6-A0IP'}]",fb49b14e-d40f-4270-98b3-458ce60f2cde.rna_seq.star_splice_junctions.tsv.gz,a988516b-7da4-4cd3-b318-3bc59436fafa,Splice Junction Quantification,Transcriptome Profiling,RNA-Seq
df6ee03b-83b4-48e1-a146-9bb23b4242a8,"[{'case_id': '22b35927-1c3f-4f98-ba42-deafc56b677a', 'submitter_id': 'TCGA-BH-A0EI'}]",TCGA-BRCA.af723e50-e007-42aa-986d-b392506d4d18.star_fusion.rna_fusion.bedpe,df6ee03b-83b4-48e1-a146-9bb23b4242a8,Transcript Fusion,Structural Variation,RNA-Seq
2550b2a1-7137-4fdc-82d5-724409e95f63,"[{'case_id': '1402082d-25c9-4148-8a1e-f58450b706bb', 'submitter_id': 'TCGA-B6-A0IP'}]",d1371288-4cf3-4d3a-9442-fd9966d32e81.mirbase21.mirnas.quantification.txt,2550b2a1-7137-4fdc-82d5-724409e95f63,miRNA Expression Quantification,Transcriptome Profiling,miRNA-Seq
b257dbef-d158-43ff-8006-63c9029a5c4f,"[{'case_id': '1402082d-25c9-4148-8a1e-f58450b706bb', 'submitter_id': 'TCGA-B6-A0IP'}]",COZEN_p_TCGAb56_SNP_2N_GenomeWideSNP_6_E09_667064.CEL,b257dbef-d158-43ff-8006-63c9029a5c4f,Raw Intensities,Copy Number Variation,Genotyping Array
4dbbb3e1-ff79-4004-b8c1-00e4b4f52f87,"[{'case_id': '1402082d-25c9-4148-8a1e-f58450b706bb', 'submitter_id': 'TCGA-B6-A0IP'}]",COZEN_p_TCGAb56_SNP_2N_GenomeWideSNP_6_H05_667072.grch38.seg.v2.txt,4dbbb3e1-ff79-4004-b8c1-00e4b4f52f87,Copy Number Segment,Copy Number Variation,Genotyping Array
2427c0f1-4cea-4746-b04f-364742cb3725,"[{'case_id': '22b35927-1c3f-4f98-ba42-deafc56b677a', 'submitter_id': 'TCGA-BH-A0EI'}]",039eaafb-c311-45ff-9df7-30c1b0bab00a.rna_seq.star_splice_junctions.tsv.gz,2427c0f1-4cea-4746-b04f-364742cb3725,Splice Junction Quantification,Transcriptome Profiling,RNA-Seq
5afd174b-b1d6-4196-a567-f3525ee96859,"[{'case_id': '1402082d-25c9-4148-8a1e-f58450b706bb', 'submitter_id': 'TCGA-B6-A0IP'}]",TCGA-BRCA.86088506-0730-49c2-b1f4-e358f3fe4dd9.star_fusion.rna_fusion.tsv,5afd174b-b1d6-4196-a567-f3525ee96859,Transcript Fusion,Structural Variation,RNA-Seq
92a2239a-c588-41ed-8c02-c69a795f12c1,"[{'case_id': 'da9c10ea-c13f-4d88-8b94-a0cbc106d036', 'submitter_id': 'TCGA-BH-A0W5'}]",SHUCK_p_TCGAb74and75_SNP_N_GenomeWideSNP_6_F01_731080.grch38.seg.v2.txt,92a2239a-c588-41ed-8c02-c69a795f12c1,Copy Number Segment,Copy Number Variation,Genotyping Array
c0f85c2b-a905-494e-9288-d9ff8d7b4ae9,"[{'case_id': '1402082d-25c9-4148-8a1e-f58450b706bb', 'submitter_id': 'TCGA-B6-A0IP'}]",TCGA-B6-A0IP.6C91D49C-9738-4A4F-A480-E71CD8EE5268.PDF,c0f85c2b-a905-494e-9288-d9ff8d7b4ae9,Pathology Report,Clinical,
f772b781-d621-4278-b224-ab16a44f0710,"[{'case_id': '22b35927-1c3f-4f98-ba42-deafc56b677a', 'submitter_id': 'TCGA-BH-A0EI'}]",ef57b156-a03d-4d91-a7d7-c88f9142e037.mirbase21.mirnas.quantification.txt,f772b781-d621-4278-b224-ab16a44f0710,miRNA Expression Quantification,Transcriptome Profiling,miRNA-Seq
d2a708ea-f9cd-485f-8917-060f7389f436,"[{'case_id': '1402082d-25c9-4148-8a1e-f58450b706bb', 'submitter_id': 'TCGA-B6-A0IP'}]",TCGA-B6-A0IP-01A-01-BSA.a052ef3d-7640-4a8a-8060-5f88d7ce9e94.svs,d2a708ea-f9cd-485f-8917-060f7389f436,Slide Image,Biospecimen,Tissue Slide
e58790e2-f3d6-405e-9c8b-f4b4806f50f2,"[{'case_id': '1402082d-25c9-4148-8a1e-f58450b706bb', 'submitter_id': 'TCGA-B6-A0IP'}]",nationwidechildrens.org_biospecimen.TCGA-B6-A0IP.xml,e58790e2-f3d6-405e-9c8b-f4b4806f50f2,Biospecimen Supplement,Biospecimen,
6302bb58-27ad-4abf-8aad-acce14d686c0,"[{'case_id': '22b35927-1c3f-4f98-ba42-deafc56b677a', 'submitter_id': 'TCGA-BH-A0EI'}]",039eaafb-c311-45ff-9df7-30c1b0bab00a.rna_seq.chimeric.gdc_realn.bam,6302bb58-27ad-4abf-8aad-acce14d686c0,Aligned Reads,Sequencing Reads,RNA-Seq
0bf682ec-a209-4b9a-a9d9-54d6c252027c,"[{'case_id': '22b35927-1c3f-4f98-ba42-deafc56b677a', 'submitter_id': 'TCGA-BH-A0EI'}]",nationwidechildrens.org_ssf.TCGA-BH-A0EI.xml,0bf682ec-a209-4b9a-a9d9-54d6c252027c,Biospecimen Supplement,Biospecimen,
551e697f-2ad9-4fb7-9a6b-c43558bc1961,"[{'case_id': '22b35927-1c3f-4f98-ba42-deafc56b677a', 'submitter_id': 'TCGA-BH-A0EI'}]",TCGA-BH-A0EI.DFB21194-30C7-430E-A53C-C38345209B1F.PDF,551e697f-2ad9-4fb7-9a6b-c43558bc1961,Pathology Report,Clinical,
1e1d0c1b-a0e9-4bd5-99ee-de1ee1493140,"[{'case_id': '1402082d-25c9-4148-8a1e-f58450b706bb', 'submitter_id': 'TCGA-B6-A0IP'}]",COZEN_p_TCGAb56_SNP_2N_GenomeWideSNP_6_E09_667064.grch38.seg.v2.txt,1e1d0c1b-a0e9-4bd5-99ee-de1ee1493140,Copy Number Segment,Copy Number Variation,Genotyping Array
7e6f5ec5-abc0-42f3-b507-61d240cb422f,"[{'case_id': 'da9c10ea-c13f-4d88-8b94-a0cbc106d036', 'submitter_id': 'TCGA-BH-A0W5'}]",55921f08-dd49-4f8d-a4b3-5ebdd39f9870.wxs.pindel.raw_somatic_mutation.vcf.gz,7e6f5ec5-abc0-42f3-b507-61d240cb422f,Raw Simple Somatic Mutation,Simple Nucleotide Variation,WXS
eb3f3130-e121-46f8-b5fa-0632abec94fb,"[{'case_id': 'da9c10ea-c13f-4d88-8b94-a0cbc106d036', 'submitter_id': 'TCGA-BH-A0W5'}]",62dde9b3-0835-4855-9e63-b1af1a18398c.somatic_sv.vcf.gz,eb3f3130-e121-46f8-b5fa-0632abec94fb,Structural Rearrangement,Somatic Structural Variation,WGS
bfd0eb6f-0679-4aec-bdc6-4b89551b8d14,"[{'case_id': '22b35927-1c3f-4f98-ba42-deafc56b677a', 'submitter_id': 'TCGA-BH-A0EI'}]",nationwidechildrens.org_biospecimen.TCGA-BH-A0EI.xml,bfd0eb6f-0679-4aec-bdc6-4b89551b8d14,Biospecimen Supplement,Biospecimen,
9aef4812-6204-44b0-9b49-7ca2eecce215,"[{'case_id': '22b35927-1c3f-4f98-ba42-deafc56b677a', 'submitter_id': 'TCGA-BH-A0EI'}]",URAEI_p_TCGASNP_b85_N_GenomeWideSNP_6_E06_735110.birdseed.data.txt,9aef4812-6204-44b0-9b49-7ca2eecce215,Simple Germline Variation,Simple Nucleotide Variation,Genotyping Array
347fec2b-f7ea-49ae-b527-2919b69db80d,"[{'case_id': 'da9c10ea-c13f-4d88-8b94-a0cbc106d036', 'submitter_id': 'TCGA-BH-A0W5'}]",TCGA-BRCA.c2056ecb-78f2-4bc7-8954-030007e428dc.ascat3.allelic_specific.seg.txt,347fec2b-f7ea-49ae-b527-2919b69db80d,Allele-specific Copy Number Segment,Copy Number Variation,Genotyping Array
1c853cdb-7684-4d92-82cb-f48a1160e746,"[{'case_id': '1402082d-25c9-4148-8a1e-f58450b706bb', 'submitter_id': 'TCGA-B6-A0IP'}]",COZEN_p_TCGAb56_SNP_2N_GenomeWideSNP_6_H05_667072.CEL,1c853cdb-7684-4d92-82cb-f48a1160e746,Raw Intensities,Copy Number Variation,Genotyping Array
f5b3d663-a588-4ff4-9a70-4e6bac6ba405,"[{'case_id': 'da9c10ea-c13f-4d88-8b94-a0cbc106d036', 'submitter_id': 'TCGA-BH-A0W5'}]",TCGA-BRCA.1b4fe0dc-c8cf-46cc-a176-364be998e221.arriba.rna_fusion.tsv,f5b3d663-a588-4ff4-9a70-4e6bac6ba405,Transcript Fusion,Structural Variation,RNA-Seq
66503b14-fdee-49d1-abc6-09ee8e9e0996,"[{'case_id': 'da9c10ea-c13f-4d88-8b94-a0cbc106d036', 'submitter_id': 'TCGA-BH-A0W5'}]",c530a730-ab95-4b97-9cbd-dc7249e087c7.mirbase21.isoforms.quantification.txt,66503b14-fdee-49d1-abc6-09ee8e9e0996,Isoform Expression Quantification,Transcriptome Profiling,miRNA-Seq
b089eefd-9233-4276-a534-96ef1e2af8ba,"[{'case_id': '1402082d-25c9-4148-8a1e-f58450b706bb', 'submitter_id': 'TCGA-B6-A0IP'}]",TCGA-BRCA.12dff233-d164-4560-8045-1712fd973416.gene_level_copy_number.v36.tsv,b089eefd-9233-4276-a534-96ef1e2af8ba,Gene Level Copy Number,Copy Number Variation,Genotyping Array
dad0431b-a725-4206-afa2-ccc38c6813b4,"[{'case_id': '5a4b7098-1f6a-49e9-b364-29d6d34f5bd5', 'submitter_id': 'TCGA-B6-A0IM'}]",TCGA-BRCA.a12ef456-3010-4ec9-a428-0259be208606.absolute_liftover.gene_level_copy_number.v36.tsv,dad0431b-a725-4206-afa2-ccc38c6813b4,Gene Level Copy Number,Copy Number Variation,Genotyping Array
9e1c460a-19fa-4c05-8912-66ca1bcd8e9e,"[{'case_id': '5a4b7098-1f6a-49e9-b364-29d6d34f5bd5', 'submitter_id': 'TCGA-B6-A0IM'}]",COZEN_p_TCGAb56_SNP_2N_GenomeWideSNP_6_B05_667234.nocnv_grch38.seg.v2.txt,9e1c460a-19fa-4c05-8912-66ca1bcd8e9e,Masked Copy Number Segment,Copy Number Variation,Genotyping Array
e4492d3d-0acf-4251-a717-6e888ffe2c7c,"[{'case_id': '1402082d-25c9-4148-8a1e-f58450b706bb', 'submitter_id': 'TCGA-B6-A0IP'}]",b147ced3-245c-400e-83e1-5396cc0fd411.wgs.ASCAT.gene_level.copy_number_variation.tsv,e4492d3d-0acf-4251-a717-6e888ffe2c7c,Gene Level Copy Number,Copy Number Variation,WGS
296774a8-d06d-420a-808a-b7b901c976fb,"[{'case_id': '1402082d-25c9-4148-8a1e-f58450b706bb', 'submitter_id': 'TCGA-B6-A0IP'}]",TCGA-BRCA.9001841e-9b76-43ef-8bbf-5301f41d2f54.wgs.varscan2.raw_somatic_mutation.vcf.gz,296774a8-d06d-420a-808a-b7b901c976fb,Raw Simple Somatic Mutation,Simple Nucleotide Variation,WGS
0b2a0585-2d8a-419c-9ddf-6702a6fbf202,"[{'case_id': '1402082d-25c9-4148-8a1e-f58450b706bb', 'submitter_id': 'TCGA-B6-A0IP'}]",nationwidechildrens.org_ssf.TCGA-B6-A0IP.xml,0b2a0585-2d8a-419c-9ddf-6702a6fbf202,Biospecimen Supplement,Biospecimen,
96198616-dec4-4165-bda2-f1a584678984,"[{'case_id': '1402082d-25c9-4148-8a1e-f58450b706bb', 'submitter_id': 'TCGA-B6-A0IP'}]",69e5cdb2-ef32-49e3-9b25-a7f43df1dfe9.wgs.CaVEMan.raw_somatic_mutation.vcf.gz,96198616-dec4-4165-bda2-f1a584678984,Raw Simple Somatic Mutation,Simple Nucleotide Variation,WGS
648c2805-e47e-49ba-8bb3-9c7f63cf9a5b,"[{'case_id': 'da9c10ea-c13f-4d88-8b94-a0cbc106d036', 'submitter_id': 'TCGA-BH-A0W5'}]",5d89a4d2-d789-428e-bbf1-eaba3f719d78.wgs.gatk4.copy_number_variation.supplementary.tar.gz,648c2805-e47e-49ba-8bb3-9c7f63cf9a5b,Intermediate Analysis Archive,Copy Number Variation,WGS
45507f32-d8ec-4f56-85fa-715007378344,"[{'case_id': '5a4b7098-1f6a-49e9-b364-29d6d34f5bd5', 'submitter_id': 'TCGA-B6-A0IM'}]",TCGA-B6-A0IM-01A-11R-A035-13_mirna_gdc_realn.bam,45507f32-d8ec-4f56-85fa-715007378344,Aligned Reads,Sequencing Reads,miRNA-Seq
3e507d72-240f-4b9b-9792-8e0da8c63a55,"[{'case_id': 'da9c10ea-c13f-4d88-8b94-a0cbc106d036', 'submitter_id': 'TCGA-BH-A0W5'}]",bbf9988a-7181-4388-b39d-c4327051fed9.methylation_array.sesame.level3betas.txt,3e507d72-240f-4b9b-9792-8e0da8c63a55,Methylation Beta Value,DNA Methylation,Methylation Array
2269ac8e-8952-4195-bbeb-c357abe49b94,"[{'case_id': '5a4b7098-1f6a-49e9-b364-29d6d34f5bd5', 'submitter_id': 'TCGA-B6-A0IM'}]",TCGA-B6-A0IM-10A-01D-A892-36.WholeGenome.RP-1657.bam,2269ac8e-8952-4195-bbeb-c357abe49b94,Aligned Reads,Sequencing Reads,WGS
b55bf7a9-0ce2-4a2f-959f-fb1445c12c89,"[{'case_id': 'da9c10ea-c13f-4d88-8b94-a0cbc106d036', 'submitter_id': 'TCGA-BH-A0W5'}]",6efec449-7d5e-4049-968f-9e263b823203.wxs.MuTect2.aliquot.maf.gz,b55bf7a9-0ce2-4a2f-959f-fb1445c12c89,Annotated Somatic Mutation,Simple Nucleotide Variation,WXS
d0ba60df-d641-4037-84ad-6443e5b9eff6,"[{'case_id': '5a4b7098-1f6a-49e9-b364-29d6d34f5bd5', 'submitter_id': 'TCGA-B6-A0IM'}]",TCGA-BRCA.61f1c5a5-ccdc-47c0-8565-bf1414ef1e60.arriba.rna_fusion.tsv,d0ba60df-d641-4037-84ad-6443e5b9eff6,Transcript Fusion,Structural Variation,RNA-Seq
263123b0-ec68-47cd-96dd-4f0795503d89,"[{'case_id': '1402082d-25c9-4148-8a1e-f58450b706bb', 'submitter_id': 'TCGA-B6-A0IP'}]",fb49b14e-d40f-4270-98b3-458ce60f2cde.rna_seq.augmented_star_gene_counts.tsv,263123b0-ec68-47cd-96dd-4f0795503d89,Gene Expression Quantification,Transcriptome Profiling,RNA-Seq
457dfdb8-c947-4acb-b2bd-9c88de0fcfef,"[{'case_id': '5a4b7098-1f6a-49e9-b364-29d6d34f5bd5', 'submitter_id': 'TCGA-B6-A0IM'}]",ed8a8dd4-205f-4415-9c3b-cd03cba9a302_noid_Grn.idat,457dfdb8-c947-4acb-b2bd-9c88de0fcfef,Masked Intensities,DNA Methylation,Methylation Array
a3e3139e-3759-4501-a060-e3dcc466ba1c,"[{'case_id': 'da9c10ea-c13f-4d88-8b94-a0cbc106d036', 'submitter_id': 'TCGA-BH-A0W5'}]",TCGA-BH-A0W5.60F59595-928B-43BB-978F-9E5B48539EFA.PDF,a3e3139e-3759-4501-a060-e3dcc466ba1c,Pathology Report,Clinical,
877b5653-c08f-4d59-a9f9-97699bdb38d2,"[{'case_id': '5a4b7098-1f6a-49e9-b364-29d6d34f5bd5', 'submitter_id': 'TCGA-B6-A0IM'}]",TCGA-B6-A0IM-01Z-00-DX1.E2CBD42F-D933-4446-BE7C-C2F8B5AFB976.svs,877b5653-c08f-4d59-a9f9-97699bdb38d2,Slide Image,Biospecimen,Diagnostic Slide
39569768-a62c-4209-a28b-1884dc7683db,"[{'case_id': 'da9c10ea-c13f-4d88-8b94-a0cbc106d036', 'submitter_id': 'TCGA-BH-A0W5'}]",0f115881-2ea3-47e7-9003-7c75a5c4d9a7.wxs.MuSE.aliquot.maf.gz,39569768-a62c-4209-a28b-1884dc7683db,Annotated Somatic Mutation,Simple Nucleotide Variation,WXS
35444d09-f950-4bf9-a92e-3a48cee18296,"[{'case_id': '1402082d-25c9-4148-8a1e-f58450b706bb', 'submitter_id': 'TCGA-B6-A0IP'}]",TCGA-BRCA.91694528-5dfb-4ca9-a75d-9981f65bc716.wgs.tumor_normal.gatk4_mutect2.raw_somatic_mutation.vcf.gz,35444d09-f950-4bf9-a92e-3a48cee18296,Raw Simple Somatic Mutation,Simple Nucleotide Variation,WGS
78b023ae-2aa5-48cf-be69-c91206e23f3a,"[{'case_id': 'da9c10ea-c13f-4d88-8b94-a0cbc106d036', 'submitter_id': 'TCGA-BH-A0W5'}]",TCGA-BRCA.035e91c8-893c-4cbf-8d74-9b10d63a90f1.wgs.varscan2.raw_somatic_mutation.vcf.gz,78b023ae-2aa5-48cf-be69-c91206e23f3a,Raw Simple Somatic Mutation,Simple Nucleotide Variation,WGS
3eb87e63-d23b-45fa-a8da-b2c40b850aa5,"[{'case_id': '1402082d-25c9-4148-8a1e-f58450b706bb', 'submitter_id': 'TCGA-B6-A0IP'}]",COZEN_p_TCGAb56_SNP_2N_GenomeWideSNP_6_E09_667064.nocnv_grch38.seg.v2.txt,3eb87e63-d23b-45fa-a8da-b2c40b850aa5,Masked Copy Number Segment,Copy Number Variation,Genotyping Array
33144fac-ed5d-42e6-ba5e-bfa38d2b0661,"[{'case_id': '5a4b7098-1f6a-49e9-b364-29d6d34f5bd5', 'submitter_id': 'TCGA-B6-A0IM'}]",538383ae-c722-44ae-bb58-28a0fd9bb88f.wxs.aliquot_ensemble_masked.maf.gz,33144fac-ed5d-42e6-ba5e-bfa38d2b0661,Masked Somatic Mutation,Simple Nucleotide Variation,WXS
24d12ec4-9c17-47c4-85d0-3c4bc56e51dd,"[{'case_id': '5a4b7098-1f6a-49e9-b364-29d6d34f5bd5', 'submitter_id': 'TCGA-B6-A0IM'}]",3f32cdec-5a60-4147-b313-7c9a9dfefc78.rna_seq.genomic.gdc_realn.bam,24d12ec4-9c17-47c4-85d0-3c4bc56e51dd,Aligned Reads,Sequencing Reads,RNA-Seq
cea82b7d-135a-49d5-b4f6-3fb0215f7188,"[{'case_id': '0045349c-69d9-4306-a403-c9c1fa836644', 'submitter_id': 'TCGA-A1-A0SB'}]",TCGA-A1-A0SB-01Z-00-DX1.B34C267B-CAAA-4AB6-AD5C-276C26F997A1.svs,cea82b7d-135a-49d5-b4f6-3fb0215f7188,Slide Image,Biospecimen,Diagnostic Slide
a8c01f31-38d3-4590-87c2-19ead1f546f2,"[{'case_id': '5a4b7098-1f6a-49e9-b364-29d6d34f5bd5', 'submitter_id': 'TCGA-B6-A0IM'}]",TCGA-BRCA.a12ef456-3010-4ec9-a428-0259be208606.ascat3.gene_level_copy_number.v36.tsv,a8c01f31-38d3-4590-87c2-19ead1f546f2,Gene Level Copy Number,Copy Number Variation,Genotyping Array
0b4184f1-984a-4c5f-a551-275a5650fbc0,"[{'case_id': '0045349c-69d9-4306-a403-c9c1fa836644', 'submitter_id': 'TCGA-A1-A0SB'}]",nationwidechildrens.org_biospecimen.TCGA-A1-A0SB.xml,0b4184f1-984a-4c5f-a551-275a5650fbc0,Biospecimen Supplement,Biospecimen,
38f9300a-ef17-4732-808f-2961a9a2ee3c,"[{'case_id': '5a4b7098-1f6a-49e9-b364-29d6d34f5bd5', 'submitter_id': 'TCGA-B6-A0IM'}]",0bf2f0d5-4b7e-44e7-8af5-bf6974b14e66.wxs.MuSE.aliquot.maf.gz,38f9300a-ef17-4732-808f-2961a9a2ee3c,Annotated Somatic Mutation,Simple Nucleotide Variation,WXS
1577eca7-9c98-4c90-a9cc-63f41cc82a5a,"[{'case_id': 'da9c10ea-c13f-4d88-8b94-a0cbc106d036', 'submitter_id': 'TCGA-BH-A0W5'}]",SHUCK_p_TCGAb74and75_SNP_N_GenomeWideSNP_6_F04_731046.CEL,1577eca7-9c98-4c90-a9cc-63f41cc82a5a,Raw Intensities,Copy Number Variation,Genotyping Array
93b721f6-4f8c-42fc-96d1-2c229dc8d5d5,"[{'case_id': 'da9c10ea-c13f-4d88-8b94-a0cbc106d036', 'submitter_id': 'TCGA-BH-A0W5'}]",TCGA_BRCA.d35762d1-f837-441a-be82-4754a4195df4.wgs.VarScan2.somatic_annotation.vcf.gz,93b721f6-4f8c-42fc-96d1-2c229dc8d5d5,Annotated Somatic Mutation,Simple Nucleotide Variation,WGS
4f35a7b6-b4dc-4894-b435-bde65c13ec34,"[{'case_id': '0045349c-69d9-4306-a403-c9c1fa836644', 'submitter_id': 'TCGA-A1-A0SB'}]",29448a01-6d48-46a0-99db-7f42479b2dc2.somatic_sv.vcf.gz,4f35a7b6-b4dc-4894-b435-bde65c13ec34,Structural Rearrangement,Somatic Structural Variation,WGS
690459f1-2b95-46ce-a84d-f11e3fcb7798,"[{'case_id': '5a4b7098-1f6a-49e9-b364-29d6d34f5bd5', 'submitter_id': 'TCGA-B6-A0IM'}]",TCGA-B6-A0IM-01A-01-TSA.b038a0c6-b657-47f0-99b7-475c9596c4b6.svs,690459f1-2b95-46ce-a84d-f11e3fcb7798,Slide Image,Biospecimen,Tissue Slide
147e2024-ae98-4f6d-b1db-9ebd6f68ee0d,"[{'case_id': 'da9c10ea-c13f-4d88-8b94-a0cbc106d036', 'submitter_id': 'TCGA-BH-A0W5'}]",TCGA-BH-A0W5-01A-11R-A108-13_mirna_gdc_realn.bam,147e2024-ae98-4f6d-b1db-9ebd6f68ee0d,Aligned Reads,Sequencing Reads,miRNA-Seq
08a3f01e-8f60-49e6-ac4c-23fbb59fe1f4,"[{'case_id': '5a4b7098-1f6a-49e9-b364-29d6d34f5bd5', 'submitter_id': 'TCGA-B6-A0IM'}]",TCGA_BRCA.3de8fce4-c070-4881-baac-75edd5ad5349.wxs.Pindel.somatic_annotation.vcf.gz,08a3f01e-8f60-49e6-ac4c-23fbb59fe1f4,Annotated Somatic Mutation,Simple Nucleotide Variation,WXS
33135b0d-54af-4be5-82ef-caa23601a8b0,"[{'case_id': '0045349c-69d9-4306-a403-c9c1fa836644', 'submitter_id': 'TCGA-A1-A0SB'}]",f355706e-18f3-4f1d-b247-c86c89b592bb.wgs.gatk4.copy_number_variation.supplementary.tar.gz,33135b0d-54af-4be5-82ef-caa23601a8b0,Intermediate Analysis Archive,Copy Number Variation,WGS
1b486203-e361-4bf3-bb97-eb0505ade55c,"[{'case_id': '5a4b7098-1f6a-49e9-b364-29d6d34f5bd5', 'submitter_id': 'TCGA-B6-A0IM'}]",3f32cdec-5a60-4147-b313-7c9a9dfefc78.rna_seq.chimeric.gdc_realn.bam,1b486203-e361-4bf3-bb97-eb0505ade55c,Aligned Reads,Sequencing Reads,RNA-Seq
ccdb98fc-cbaf-4fb9-92d3-b7a05aab3786,"[{'case_id': '5a4b7098-1f6a-49e9-b364-29d6d34f5bd5', 'submitter_id': 'TCGA-B6-A0IM'}]",e5b337f8-2a6b-4ad0-aad3-bfce44103ac2.somatic.SV.bedpe,ccdb98fc-cbaf-4fb9-92d3-b7a05aab3786,Structural Rearrangement,Structural Variation,WGS
22cdb05d-c97c-4ea7-91f6-9988e4b6df31,"[{'case_id': '19015644-9c17-4ae7-a656-0fe8623c04ae', 'submitter_id': 'TCGA-AQ-A7U7'}]",TCGA-BRCA.afed0048-1b6f-421d-b458-4e76b96f5cd9.star_fusion.rna_fusion.tsv,22cdb05d-c97c-4ea7-91f6-9988e4b6df31,Transcript Fusion,Structural Variation,RNA-Seq
c13c207a-1e95-473c-873f-6ac03d6a9b04,"[{'case_id': '0045349c-69d9-4306-a403-c9c1fa836644', 'submitter_id': 'TCGA-A1-A0SB'}]",4fbe4ee1-7efd-4ba4-8116-5ab3b4666b48.mirbase21.mirnas.quantification.txt,c13c207a-1e95-473c-873f-6ac03d6a9b04,miRNA Expression Quantification,Transcriptome Profiling,miRNA-Seq
c9a8394d-cf05-4255-b1aa-9e4a0fdfa559,"[{'case_id': '19015644-9c17-4ae7-a656-0fe8623c04ae', 'submitter_id': 'TCGA-AQ-A7U7'}]",f3087c9b-d563-4af6-ad6f-69fb94164890.wxs.Pindel.aliquot.maf.gz,c9a8394d-cf05-4255-b1aa-9e4a0fdfa559,Annotated Somatic Mutation,Simple Nucleotide Variation,WXS
7814f2d4-f315-421f-a359-ce9668b45b4a,"[{'case_id': '0045349c-69d9-4306-a403-c9c1fa836644', 'submitter_id': 'TCGA-A1-A0SB'}]",TCGA-A1-A0SB-01A-01-TS1.ed80b57e-ce46-45d6-b8cf-bb18e254488f.svs,7814f2d4-f315-421f-a359-ce9668b45b4a,Slide Image,Biospecimen,Tissue Slide
a48f1456-804c-43a5-a162-29a0941763b3,"[{'case_id': '19015644-9c17-4ae7-a656-0fe8623c04ae', 'submitter_id': 'TCGA-AQ-A7U7'}]",STOPE_p_TCGAb3_58_59_60_61_62_N_GenomeWideSNP_6_D10_1388110.nocnv_grch38.seg.v2.txt,a48f1456-804c-43a5-a162-29a0941763b3,Masked Copy Number Segment,Copy Number Variation,Genotyping Array
18e1b6d0-4dad-4f90-ae45-2e3d34630f8e,"[{'case_id': '0045349c-69d9-4306-a403-c9c1fa836644', 'submitter_id': 'TCGA-A1-A0SB'}]",eb63197c-1780-4f05-afd4-f0c1405c5e3b.wxs.MuTect2.aliquot.maf.gz,18e1b6d0-4dad-4f90-ae45-2e3d34630f8e,Annotated Somatic Mutation,Simple Nucleotide Variation,WXS
1cdafb0a-c405-45a8-8a74-02f03646bf24,"[{'case_id': '5a4b7098-1f6a-49e9-b364-29d6d34f5bd5', 'submitter_id': 'TCGA-B6-A0IM'}]",97c757aa-dbdd-4c35-ad33-3a2a389adc8b.wxs.VarScan2.aliquot.maf.gz,1cdafb0a-c405-45a8-8a74-02f03646bf24,Annotated Somatic Mutation,Simple Nucleotide Variation,WXS
385e3965-6de4-45d8-bab0-47cc9c07668f,"[{'case_id': '19015644-9c17-4ae7-a656-0fe8623c04ae', 'submitter_id': 'TCGA-AQ-A7U7'}]",STOPE_p_TCGAb3_58_59_60_61_62_N_GenomeWideSNP_6_D10_1388110.birdseed.data.txt,385e3965-6de4-45d8-bab0-47cc9c07668f,Simple Germline Variation,Simple Nucleotide Variation,Genotyping Array
5546de8c-6cea-470b-bb11-ad49ef27cab1,"[{'case_id': '0045349c-69d9-4306-a403-c9c1fa836644', 'submitter_id': 'TCGA-A1-A0SB'}]",36125e17-48fd-4eea-874c-ed2e2e218402.rna_seq.transcriptome.gdc_realn.bam,5546de8c-6cea-470b-bb11-ad49ef27cab1,Aligned Reads,Sequencing Reads,RNA-Seq
783eac9c-7a86-4889-b7f9-b1348dd0ceaf,"[{'case_id': '5a4b7098-1f6a-49e9-b364-29d6d34f5bd5', 'submitter_id': 'TCGA-B6-A0IM'}]",COZEN_p_TCGAb56_SNP_2N_GenomeWideSNP_6_B10_667080.nocnv_grch38.seg.v2.txt,783eac9c-7a86-4889-b7f9-b1348dd0ceaf,Masked Copy Number Segment,Copy Number Variation,Genotyping Array
e9807bbc-d9e8-4cd0-b4ef-7ccc6b9622dd,"[{'case_id': '0045349c-69d9-4306-a403-c9c1fa836644', 'submitter_id': 'TCGA-A1-A0SB'}]",deb7398f-6f53-4daa-8401-9b2ab1b394d9.somatic.SV.bedpe,e9807bbc-d9e8-4cd0-b4ef-7ccc6b9622dd,Structural Rearrangement,Structural Variation,WGS
b0170342-d464-44c6-a655-77d8dda028ae,"[{'case_id': '0045349c-69d9-4306-a403-c9c1fa836644', 'submitter_id': 'TCGA-A1-A0SB'}]",TCGA_BRCA.1c8334dd-f3d7-4caa-9b51-e36d6310dfd1.wgs.SvABA_Somatic.somatic_annotation.vcf.gz,b0170342-d464-44c6-a655-77d8dda028ae,Annotated Somatic Mutation,Simple Nucleotide Variation,WGS
f205f47f-bd57-42bf-a702-4a17d4391411,"[{'case_id': '5a4b7098-1f6a-49e9-b364-29d6d34f5bd5', 'submitter_id': 'TCGA-B6-A0IM'}]",3f32cdec-5a60-4147-b313-7c9a9dfefc78.rna_seq.augmented_star_gene_counts.tsv,f205f47f-bd57-42bf-a702-4a17d4391411,Gene Expression Quantification,Transcriptome Profiling,RNA-Seq
a962f899-f22d-41a6-a72b-16ebb091d365,"[{'case_id': '19015644-9c17-4ae7-a656-0fe8623c04ae', 'submitter_id': 'TCGA-AQ-A7U7'}]",TCGA_BRCA.a4f6a52c-d225-40ac-bebb-8c773dda293f.wxs.MuSE.somatic_annotation.vcf.gz,a962f899-f22d-41a6-a72b-16ebb091d365,Annotated Somatic Mutation,Simple Nucleotide Variation,WXS
32a7aa78-f7e1-4307-9826-c2623315c495,"[{'case_id': '0045349c-69d9-4306-a403-c9c1fa836644', 'submitter_id': 'TCGA-A1-A0SB'}]",TCGA-BRCA.2eed946f-2219-4809-95cf-004be4201d1a.arriba.rna_fusion.tsv,32a7aa78-f7e1-4307-9826-c2623315c495,Transcript Fusion,Structural Variation,RNA-Seq
3fa2ffb6-8fcc-464a-aec3-5aae50514cfb,"[{'case_id': '5a4b7098-1f6a-49e9-b364-29d6d34f5bd5', 'submitter_id': 'TCGA-B6-A0IM'}]",0963f3b8-17f4-478d-aef4-b44b7f537330.wxs.MuTect2.aliquot.maf.gz,3fa2ffb6-8fcc-464a-aec3-5aae50514cfb,Annotated Somatic Mutation,Simple Nucleotide Variation,WXS
f91fa8ee-f1fa-437d-8d08-32b631721a3c,"[{'case_id': '19015644-9c17-4ae7-a656-0fe8623c04ae', 'submitter_id': 'TCGA-AQ-A7U7'}]",da03b00f-2c56-47fe-8534-bf561863e209.mirbase21.isoforms.quantification.txt,f91fa8ee-f1fa-437d-8d08-32b631721a3c,Isoform Expression Quantification,Transcriptome Profiling,miRNA-Seq
a85b7101-e158-4dde-9863-d466da951f1a,"[{'case_id': '19015644-9c17-4ae7-a656-0fe8623c04ae', 'submitter_id': 'TCGA-AQ-A7U7'}]",da03b00f-2c56-47fe-8534-bf561863e209.mirbase21.mirnas.quantification.txt,a85b7101-e158-4dde-9863-d466da951f1a,miRNA Expression Quantification,Transcriptome Profiling,miRNA-Seq
1b1cfc0f-01c5-44a6-baa1-fc5cd0d9cd87,"[{'case_id': '19015644-9c17-4ae7-a656-0fe8623c04ae', 'submitter_id': 'TCGA-AQ-A7U7'}]",TCGA-BRCA.541c7fb0-5dee-4175-ab14-c2c0a35c61b4.wgs.tumor_normal.gatk4_mutect2.raw_somatic_mutation.vcf.gz,1b1cfc0f-01c5-44a6-baa1-fc5cd0d9cd87,Raw Simple Somatic Mutation,Simple Nucleotide Variation,WGS
87fefbaa-039b-4dc3-a5e6-f5db4f8e0962,"[{'case_id': '0045349c-69d9-4306-a403-c9c1fa836644', 'submitter_id': 'TCGA-A1-A0SB'}]",29448a01-6d48-46a0-99db-7f42479b2dc2.somatic.SV.bedpe,87fefbaa-039b-4dc3-a5e6-f5db4f8e0962,Structural Rearrangement,Somatic Structural Variation,WGS
17b23940-3aeb-4179-baac-43bb5d413b36,"[{'case_id': '5a4b7098-1f6a-49e9-b364-29d6d34f5bd5', 'submitter_id': 'TCGA-B6-A0IM'}]",TCGA-B6-A0IM.4A86A028-C56D-455E-A5CD-47D8A34B5734.PDF,17b23940-3aeb-4179-baac-43bb5d413b36,Pathology Report,Clinical,
b5d6c31b-06d5-4470-8218-32b56fa6a930,"[{'case_id': '5a4b7098-1f6a-49e9-b364-29d6d34f5bd5', 'submitter_id': 'TCGA-B6-A0IM'}]",538383ae-c722-44ae-bb58-28a0fd9bb88f.wxs.aliquot_ensemble_raw.maf.gz,b5d6c31b-06d5-4470-8218-32b56fa6a930,Aggregated Somatic Mutation,Simple Nucleotide Variation,WXS
8b1cdc7d-a6a8-4f97-a842-76e2d81d6ba1,"[{'case_id': '19015644-9c17-4ae7-a656-0fe8623c04ae', 'submitter_id': 'TCGA-AQ-A7U7'}]",TCGA-BRCA.28e0e468-3f0e-4c99-b615-141fdc6d7072.arriba.rna_fusion.tsv,8b1cdc7d-a6a8-4f97-a842-76e2d81d6ba1,Transcript Fusion,Structural Variation,RNA-Seq
53de5f4c-0abe-4501-a83b-9e445935cddb,"[{'case_id': '5a4b7098-1f6a-49e9-b364-29d6d34f5bd5', 'submitter_id': 'TCGA-B6-A0IM'}]",598048de-cd49-49fa-8669-abef581439c1.wxs.muse.raw_somatic_mutation.vcf.gz,53de5f4c-0abe-4501-a83b-9e445935cddb,Raw Simple Somatic Mutation,Simple Nucleotide Variation,WXS
adb70be8-16ee-4151-a609-a65fc0e531de,"[{'case_id': '19015644-9c17-4ae7-a656-0fe8623c04ae', 'submitter_id': 'TCGA-AQ-A7U7'}]",0a6274e5-1ab7-4e14-a511-ace9c3c2cf7f_wxs_gdc_realn.bam,adb70be8-16ee-4151-a609-a65fc0e531de,Aligned Reads,Sequencing Reads,WXS
80a8241e-8278-41dd-9dae-01047d6d062c,"[{'case_id': '5a4b7098-1f6a-49e9-b364-29d6d34f5bd5', 'submitter_id': 'TCGA-B6-A0IM'}]",e99a4753-10db-4823-953d-e878a90e6b01_wxs_gdc_realn.bam,80a8241e-8278-41dd-9dae-01047d6d062c,Aligned Reads,Sequencing Reads,WXS
27b763da-a5ed-4eda-8427-d7762d9f3b89,"[{'case_id': '5a4b7098-1f6a-49e9-b364-29d6d34f5bd5', 'submitter_id': 'TCGA-B6-A0IM'}]",COZEN_p_TCGAb56_SNP_2N_GenomeWideSNP_6_B10_667080.birdseed.data.txt,27b763da-a5ed-4eda-8427-d7762d9f3b89,Simple Germline Variation,Simple Nucleotide Variation,Genotyping Array
0e0df72c-33c0-4e4f-939c-a4d45a6e1ea3,"[{'case_id': '0045349c-69d9-4306-a403-c9c1fa836644', 'submitter_id': 'TCGA-A1-A0SB'}]",36125e17-48fd-4eea-874c-ed2e2e218402.rna_seq.augmented_star_gene_counts.tsv,0e0df72c-33c0-4e4f-939c-a4d45a6e1ea3,Gene Expression Quantification,Transcriptome Profiling,RNA-Seq
6d52c4cf-f557-4307-938d-da0e7bb0af0b,"[{'case_id': '19015644-9c17-4ae7-a656-0fe8623c04ae', 'submitter_id': 'TCGA-AQ-A7U7'}]",7830107d-bc45-4391-b95c-787a246cf059.rna_seq.star_splice_junctions.tsv.gz,6d52c4cf-f557-4307-938d-da0e7bb0af0b,Splice Junction Quantification,Transcriptome Profiling,RNA-Seq
242f0089-7882-4fae-ab18-8e33a8ce4fc2,"[{'case_id': '0045349c-69d9-4306-a403-c9c1fa836644', 'submitter_id': 'TCGA-A1-A0SB'}]",TCGA-BRCA.d4c2fab5-8fbd-4ab5-b18c-37f9b4b576a8.ascat3.allelic_specific.seg.txt,242f0089-7882-4fae-ab18-8e33a8ce4fc2,Allele-specific Copy Number Segment,Copy Number Variation,Genotyping Array
433cfa75-d3c8-4ee4-b2ee-4d92417f723e,"[{'case_id': '19015644-9c17-4ae7-a656-0fe8623c04ae', 'submitter_id': 'TCGA-AQ-A7U7'}]",78793d80-39c7-4c84-8fd8-d2cb5cc04339.wxs.VarScan2.aliquot.maf.gz,433cfa75-d3c8-4ee4-b2ee-4d92417f723e,Annotated Somatic Mutation,Simple Nucleotide Variation,WXS
50016c1d-30b2-49fb-a9ce-7e49a40675a9,"[{'case_id': 'd8d7a6c2-6427-4f47-968c-6c3affba4617', 'submitter_id': 'TCGA-A8-A08B'}]",CUSKS_p_TCGAb47_SNP_1N_GenomeWideSNP_6_D06_628390.birdseed.data.txt,50016c1d-30b2-49fb-a9ce-7e49a40675a9,Simple Germline Variation,Simple Nucleotide Variation,Genotyping Array
e54b3082-fbdf-4ede-a59f-93d753ea9c22,"[{'case_id': '0045349c-69d9-4306-a403-c9c1fa836644', 'submitter_id': 'TCGA-A1-A0SB'}]",TCGA_BRCA.cda70d01-8e84-4599-9108-e225bd443bb7.wxs.MuTect2.somatic_annotation.vcf.gz,e54b3082-fbdf-4ede-a59f-93d753ea9c22,Annotated Somatic Mutation,Simple Nucleotide Variation,WXS
947019e4-b4b5-4d41-8943-346efe3eafc2,"[{'case_id': '19015644-9c17-4ae7-a656-0fe8623c04ae', 'submitter_id': 'TCGA-AQ-A7U7'}]",0f11a6f0-42ee-4289-aaaa-9e188eaa1913.wgs.sanger_raw_pindel.raw_somatic_mutation.vcf.gz,947019e4-b4b5-4d41-8943-346efe3eafc2,Raw Simple Somatic Mutation,Simple Nucleotide Variation,WGS
750a76c3-b44f-475d-88fd-d5538fced5aa,"[{'case_id': 'd8d7a6c2-6427-4f47-968c-6c3affba4617', 'submitter_id': 'TCGA-A8-A08B'}]",0b4d04b7-1367-49a9-9697-bbcb90fccb37.wxs.varscan2.raw_somatic_mutation.vcf.gz,750a76c3-b44f-475d-88fd-d5538fced5aa,Raw Simple Somatic Mutation,Simple Nucleotide Variation,WXS
8582f26e-4ad8-4f28-aca3-5fc5612713d3,"[{'case_id': 'd8d7a6c2-6427-4f47-968c-6c3affba4617', 'submitter_id': 'TCGA-A8-A08B'}]",TCGA-A8-A08B.2261B407-340D-4BB3-94BC-F06096FBDA80.PDF,8582f26e-4ad8-4f28-aca3-5fc5612713d3,Pathology Report,Clinical,
d3b55500-6a1c-4daf-85ec-52d38ed45849,"[{'case_id': '0045349c-69d9-4306-a403-c9c1fa836644', 'submitter_id': 'TCGA-A1-A0SB'}]",d040682f-480c-4b8e-910b-954f0ae096f7.wxs.Pindel.aliquot.maf.gz,d3b55500-6a1c-4daf-85ec-52d38ed45849,Annotated Somatic Mutation,Simple Nucleotide Variation,WXS
2be44fc2-003e-47fd-9bad-c17c7c8b3e69,"[{'case_id': '19015644-9c17-4ae7-a656-0fe8623c04ae', 'submitter_id': 'TCGA-AQ-A7U7'}]",TCGA_BRCA.ed32f160-1104-411c-9ad4-9cf0ed1ff8ee.wxs.VarScan2.somatic_annotation.vcf.gz,2be44fc2-003e-47fd-9bad-c17c7c8b3e69,Annotated Somatic Mutation,Simple Nucleotide Variation,WXS
384c81b5-3404-4171-8cba-7f45399a060b,"[{'case_id': '0045349c-69d9-4306-a403-c9c1fa836644', 'submitter_id': 'TCGA-A1-A0SB'}]",4598a0fe-4bbf-413d-8f9b-db38d4f213d5.wgs.sanger_raw_pindel.raw_somatic_mutation.vcf.gz,384c81b5-3404-4171-8cba-7f45399a060b,Raw Simple Somatic Mutation,Simple Nucleotide Variation,WGS
0f7a5400-3b1d-42d3-b47a-2979084bf616,"[{'case_id': 'd8d7a6c2-6427-4f47-968c-6c3affba4617', 'submitter_id': 'TCGA-A8-A08B'}]",3d0c9888-3f92-4204-8b82-0d1f325d2aed.mirbase21.isoforms.quantification.txt,0f7a5400-3b1d-42d3-b47a-2979084bf616,Isoform Expression Quantification,Transcriptome Profiling,miRNA-Seq
b94470c2-86a0-4508-9044-40aa90d8f56a,"[{'case_id': '19015644-9c17-4ae7-a656-0fe8623c04ae', 'submitter_id': 'TCGA-AQ-A7U7'}]",7830107d-bc45-4391-b95c-787a246cf059.rna_seq.transcriptome.gdc_realn.bam,b94470c2-86a0-4508-9044-40aa90d8f56a,Aligned Reads,Sequencing Reads,RNA-Seq
60bad1d7-6ad0-4030-a8cb-be53c158e353,"[{'case_id': 'd8d7a6c2-6427-4f47-968c-6c3affba4617', 'submitter_id': 'TCGA-A8-A08B'}]",8ee200e1-ea79-4af1-87c4-831a4b590ecb_wgs_gdc_realn.bam,60bad1d7-6ad0-4030-a8cb-be53c158e353,Aligned Reads,Sequencing Reads,WGS
61dc30a2-18cb-4160-a555-a8f3ddc3205a,"[{'case_id': '0045349c-69d9-4306-a403-c9c1fa836644', 'submitter_id': 'TCGA-A1-A0SB'}]",36125e17-48fd-4eea-874c-ed2e2e218402.rna_seq.star_splice_junctions.tsv.gz,61dc30a2-18cb-4160-a555-a8f3ddc3205a,Splice Junction Quantification,Transcriptome Profiling,RNA-Seq
0a811686-493b-4b36-ba9b-cb38fed00a4b,"[{'case_id': '19015644-9c17-4ae7-a656-0fe8623c04ae', 'submitter_id': 'TCGA-AQ-A7U7'}]",nationwidechildrens.org_ssf.TCGA-AQ-A7U7.xml,0a811686-493b-4b36-ba9b-cb38fed00a4b,Biospecimen Supplement,Biospecimen,
ef9151cf-1455-4d4e-923c-a93adf257fa4,"[{'case_id': '19015644-9c17-4ae7-a656-0fe8623c04ae', 'submitter_id': 'TCGA-AQ-A7U7'}]",TCGA-AQ-A7U7-01A-11-A43F-20_RPPA_data.tsv,ef9151cf-1455-4d4e-923c-a93adf257fa4,Protein Expression Quantification,Proteome Profiling,Reverse Phase Protein Array
66d2c50b-4b77-457b-83ac-5d0ca00e3bd8,"[{'case_id': '0045349c-69d9-4306-a403-c9c1fa836644', 'submitter_id': 'TCGA-A1-A0SB'}]",deb7398f-6f53-4daa-8401-9b2ab1b394d9.svaba.somatic.sv.vcf.gz,66d2c50b-4b77-457b-83ac-5d0ca00e3bd8,Structural Rearrangement,Somatic Structural Variation,WGS
624f7a59-df50-4f50-a486-b63b3454f4de,"[{'case_id': '0045349c-69d9-4306-a403-c9c1fa836644', 'submitter_id': 'TCGA-A1-A0SB'}]",36125e17-48fd-4eea-874c-ed2e2e218402.rna_seq.chimeric.gdc_realn.bam,624f7a59-df50-4f50-a486-b63b3454f4de,Aligned Reads,Sequencing Reads,RNA-Seq
19d1895b-4b37-4540-a4b7-04e55fd91762,"[{'case_id': '0045349c-69d9-4306-a403-c9c1fa836644', 'submitter_id': 'TCGA-A1-A0SB'}]",GOOFS_p_TCGA_b117_118_SNP_N_GenomeWideSNP_6_D08_777960.nocnv_grch38.seg.v2.txt,19d1895b-4b37-4540-a4b7-04e55fd91762,Masked Copy Number Segment,Copy Number Variation,Genotyping Array
32e8623c-4c68-4e2e-8885-747cfa250858,"[{'case_id': '0045349c-69d9-4306-a403-c9c1fa836644', 'submitter_id': 'TCGA-A1-A0SB'}]",TCGA_BRCA.3df98015-2585-41e5-bffb-12f8a9cf6954.wxs.VarScan2.somatic_annotation.vcf.gz,32e8623c-4c68-4e2e-8885-747cfa250858,Annotated Somatic Mutation,Simple Nucleotide Variation,WXS
ea7c26f5-2990-431c-bb49-6801f6551431,"[{'case_id': 'd8d7a6c2-6427-4f47-968c-6c3affba4617', 'submitter_id': 'TCGA-A8-A08B'}]",4ba9d929-ec4d-461f-842b-32fadefeed4a.somatic.SV.bedpe,ea7c26f5-2990-431c-bb49-6801f6551431,Structural Rearrangement,Somatic Structural Variation,WGS
5d475862-a849-41c7-a304-b2bf7af6aec4,"[{'case_id': '19015644-9c17-4ae7-a656-0fe8623c04ae', 'submitter_id': 'TCGA-AQ-A7U7'}]",STOPE_p_TCGAb3_58_59_60_61_62_N_GenomeWideSNP_6_D11_1388126.grch38.seg.v2.txt,5d475862-a849-41c7-a304-b2bf7af6aec4,Copy Number Segment,Copy Number Variation,Genotyping Array
5ef37412-bf3e-4c11-b208-552c03637b04,"[{'case_id': 'd8d7a6c2-6427-4f47-968c-6c3affba4617', 'submitter_id': 'TCGA-A8-A08B'}]",0b4d04b7-1367-49a9-9697-bbcb90fccb37.wxs.mutect2.raw_somatic_mutation.vcf.gz,5ef37412-bf3e-4c11-b208-552c03637b04,Raw Simple Somatic Mutation,Simple Nucleotide Variation,WXS
6a739cb8-808d-4ce1-a334-41bff81fb41a,"[{'case_id': '19015644-9c17-4ae7-a656-0fe8623c04ae', 'submitter_id': 'TCGA-AQ-A7U7'}]",ebbe0005-13b6-4834-bdfc-595ef6971b14.wxs.mutect2.raw_somatic_mutation.vcf.gz,6a739cb8-808d-4ce1-a334-41bff81fb41a,Raw Simple Somatic Mutation,Simple Nucleotide Variation,WXS
4dcf0fd6-a7eb-4f62-add4-e54905acf3b9,"[{'case_id': '39cda4c9-e1c8-44c2-bab7-f5849c12f879', 'submitter_id': 'TCGA-AC-A2FG'}]",1ef63151-386a-4ed1-9384-50a0eb9caa6f.mirbase21.mirnas.quantification.txt,4dcf0fd6-a7eb-4f62-add4-e54905acf3b9,miRNA Expression Quantification,Transcriptome Profiling,miRNA-Seq
f947d8df-d29b-4fa1-8fc7-8c1e88e0a03d,"[{'case_id': '19015644-9c17-4ae7-a656-0fe8623c04ae', 'submitter_id': 'TCGA-AQ-A7U7'}]",13038b2e-07ea-42c1-bdc9-62ffff907332.wgs.ASCAT.gene_level.copy_number_variation.tsv,f947d8df-d29b-4fa1-8fc7-8c1e88e0a03d,Gene Level Copy Number,Copy Number Variation,WGS
3ef75f19-8b1a-4d77-a84a-f89e9869c0bb,"[{'case_id': 'd8d7a6c2-6427-4f47-968c-6c3affba4617', 'submitter_id': 'TCGA-A8-A08B'}]",3d0c9888-3f92-4204-8b82-0d1f325d2aed.mirbase21.mirnas.quantification.txt,3ef75f19-8b1a-4d77-a84a-f89e9869c0bb,miRNA Expression Quantification,Transcriptome Profiling,miRNA-Seq
898bf8b1-60e8-48ef-a913-d5f22a9373e9,"[{'case_id': '39cda4c9-e1c8-44c2-bab7-f5849c12f879', 'submitter_id': 'TCGA-AC-A2FG'}]",1ef63151-386a-4ed1-9384-50a0eb9caa6f.mirbase21.isoforms.quantification.txt,898bf8b1-60e8-48ef-a913-d5f22a9373e9,Isoform Expression Quantification,Transcriptome Profiling,miRNA-Seq
b15de92c-3450-4a9a-8c24-94e8907083cb,"[{'case_id': 'd8d7a6c2-6427-4f47-968c-6c3affba4617', 'submitter_id': 'TCGA-A8-A08B'}]",TCGA-BRCA.1b64ab51-1aa1-480f-ab6d-fe249a5aaf5c.wgs.tumor_normal.gatk4_mutect2.raw_somatic_mutation.vcf.gz,b15de92c-3450-4a9a-8c24-94e8907083cb,Raw Simple Somatic Mutation,Simple Nucleotide Variation,WGS
ce2ecd25-42a0-4c3f-9d74-d737509d66ac,"[{'case_id': '19015644-9c17-4ae7-a656-0fe8623c04ae', 'submitter_id': 'TCGA-AQ-A7U7'}]",0f11a6f0-42ee-4289-aaaa-9e188eaa1913.wgs.CaVEMan.raw_somatic_mutation.vcf.gz,ce2ecd25-42a0-4c3f-9d74-d737509d66ac,Raw Simple Somatic Mutation,Simple Nucleotide Variation,WGS
bc1ecf25-51b1-48d8-89fd-c2e0d8e073e0,"[{'case_id': '39cda4c9-e1c8-44c2-bab7-f5849c12f879', 'submitter_id': 'TCGA-AC-A2FG'}]",TCGA-BRCA.709f0022-50be-49df-839c-9e716e3e0869.gene_level_copy_number.v36.tsv,bc1ecf25-51b1-48d8-89fd-c2e0d8e073e0,Gene Level Copy Number,Copy Number Variation,Genotyping Array
678a3170-81ab-409c-983b-b20dd568e112,"[{'case_id': '19015644-9c17-4ae7-a656-0fe8623c04ae', 'submitter_id': 'TCGA-AQ-A7U7'}]",TCGA-AQ-A7U7-10A-01D-A89E-36.WholeGenome.RP-1657.bam,678a3170-81ab-409c-983b-b20dd568e112,Aligned Reads,Sequencing Reads,WGS
867b16ba-7bcd-4f05-b90f-a69a892409ac,"[{'case_id': '19015644-9c17-4ae7-a656-0fe8623c04ae', 'submitter_id': 'TCGA-AQ-A7U7'}]",STOPE_p_TCGAb3_58_59_60_61_62_N_GenomeWideSNP_6_D11_1388126.birdseed.data.txt,867b16ba-7bcd-4f05-b90f-a69a892409ac,Simple Germline Variation,Simple Nucleotide Variation,Genotyping Array
542ea817-c41c-45d8-b4cd-4f46464f12f8,"[{'case_id': '19015644-9c17-4ae7-a656-0fe8623c04ae', 'submitter_id': 'TCGA-AQ-A7U7'}]",TCGA-BRCA.8b2ac658-78b4-40dc-8151-fb5296ecc828.ascat2.allelic_specific.seg.txt,542ea817-c41c-45d8-b4cd-4f46464f12f8,Allele-specific Copy Number Segment,Copy Number Variation,Genotyping Array
d644303e-52ff-4c1c-8e0a-b30ed1053a85,"[{'case_id': '39cda4c9-e1c8-44c2-bab7-f5849c12f879', 'submitter_id': 'TCGA-AC-A2FG'}]",TCGA_BRCA.c0da7170-e20b-4e61-b111-33c5dfc8662a.wxs.MuTect2.somatic_annotation.vcf.gz,d644303e-52ff-4c1c-8e0a-b30ed1053a85,Annotated Somatic Mutation,Simple Nucleotide Variation,WXS
111b2865-e7dc-45c9-b206-20b5713714bc,"[{'case_id': 'd8d7a6c2-6427-4f47-968c-6c3affba4617', 'submitter_id': 'TCGA-A8-A08B'}]",6798cbfe-7aca-4f33-b4fc-162bf579a303.rna_seq.augmented_star_gene_counts.tsv,111b2865-e7dc-45c9-b206-20b5713714bc,Gene Expression Quantification,Transcriptome Profiling,RNA-Seq
b2de19e8-9eb3-435d-a475-387051094687,"[{'case_id': 'd8d7a6c2-6427-4f47-968c-6c3affba4617', 'submitter_id': 'TCGA-A8-A08B'}]",TCGA-A8-A08B-01A-01-BS1.cd256d6e-99c5-4b32-8bbc-7c1811004b8b.svs,b2de19e8-9eb3-435d-a475-387051094687,Slide Image,Biospecimen,Tissue Slide
17647583-870c-4e5d-8b12-23881152fd2c,"[{'case_id': '39cda4c9-e1c8-44c2-bab7-f5849c12f879', 'submitter_id': 'TCGA-AC-A2FG'}]",HELVE_p_TCGA_b139_154_155_SNP_N_GenomeWideSNP_6_H10_808570.birdseed.data.txt,17647583-870c-4e5d-8b12-23881152fd2c,Simple Germline Variation,Simple Nucleotide Variation,Genotyping Array
36e3380c-6393-4ba5-948e-84c1c3000126,"[{'case_id': 'd8d7a6c2-6427-4f47-968c-6c3affba4617', 'submitter_id': 'TCGA-A8-A08B'}]",0b4d04b7-1367-49a9-9697-bbcb90fccb37.wxs.muse.raw_somatic_mutation.vcf.gz,36e3380c-6393-4ba5-948e-84c1c3000126,Raw Simple Somatic Mutation,Simple Nucleotide Variation,WXS
6c663667-6b81-4b31-9b75-b5a0567199f8,"[{'case_id': 'd8d7a6c2-6427-4f47-968c-6c3affba4617', 'submitter_id': 'TCGA-A8-A08B'}]",5cc04038-21ba-4d0a-bfcc-33a90a20ddf9.wxs.VarScan2.aliquot.maf.gz,6c663667-6b81-4b31-9b75-b5a0567199f8,Annotated Somatic Mutation,Simple Nucleotide Variation,WXS
e433cd98-6861-4837-a132-3fe5207e8189,"[{'case_id': '19015644-9c17-4ae7-a656-0fe8623c04ae', 'submitter_id': 'TCGA-AQ-A7U7'}]",TCGA_BRCA.c12d796d-5768-4b47-9964-f307df604d5c.wgs.VarScan2.somatic_annotation.vcf.gz,e433cd98-6861-4837-a132-3fe5207e8189,Annotated Somatic Mutation,Simple Nucleotide Variation,WGS
b6391f47-b2bf-4719-a10f-9af0ca5959bd,"[{'case_id': '39cda4c9-e1c8-44c2-bab7-f5849c12f879', 'submitter_id': 'TCGA-AC-A2FG'}]",eb878dfa-07e0-4ec2-8c9b-ed89dd42d8fb.wxs.VarScan2.aliquot.maf.gz,b6391f47-b2bf-4719-a10f-9af0ca5959bd,Annotated Somatic Mutation,Simple Nucleotide Variation,WXS
bb811e11-0c66-40a6-b602-ad609ca7fa7d,"[{'case_id': 'd8d7a6c2-6427-4f47-968c-6c3affba4617', 'submitter_id': 'TCGA-A8-A08B'}]",CUSKS_p_TCGAb47_SNP_1N_GenomeWideSNP_6_D06_628390.nocnv_grch38.seg.v2.txt,bb811e11-0c66-40a6-b602-ad609ca7fa7d,Masked Copy Number Segment,Copy Number Variation,Genotyping Array
0ac510f2-ccc9-4cbc-af3d-b34f43fa1841,"[{'case_id': 'd8d7a6c2-6427-4f47-968c-6c3affba4617', 'submitter_id': 'TCGA-A8-A08B'}]",TCGA_BRCA.57eaedd2-abb8-488d-9c29-2f0ab0482446.wxs.Pindel.somatic_annotation.vcf.gz,0ac510f2-ccc9-4cbc-af3d-b34f43fa1841,Annotated Somatic Mutation,Simple Nucleotide Variation,WXS
5172b00b-e816-456c-8d69-6562ad6bf2a2,"[{'case_id': '19015644-9c17-4ae7-a656-0fe8623c04ae', 'submitter_id': 'TCGA-AQ-A7U7'}]",ebbe0005-13b6-4834-bdfc-595ef6971b14.wxs.muse.raw_somatic_mutation.vcf.gz,5172b00b-e816-456c-8d69-6562ad6bf2a2,Raw Simple Somatic Mutation,Simple Nucleotide Variation,WXS
b241dc07-7d71-42c9-805a-7849223a82c7,"[{'case_id': '39cda4c9-e1c8-44c2-bab7-f5849c12f879', 'submitter_id': 'TCGA-AC-A2FG'}]",TCGA-AC-A2FG.C1ABCD83-40EA-4FF7-BEB6-69679589E8E7.PDF,b241dc07-7d71-42c9-805a-7849223a82c7,Pathology Report,Clinical,
2481fb53-2c2b-42d0-b752-75cb5947ed98,"[{'case_id': '19015644-9c17-4ae7-a656-0fe8623c04ae', 'submitter_id': 'TCGA-AQ-A7U7'}]",TCGA-AQ-A7U7-01Z-00-DX1.AB5629A1-399E-402B-AD3D-DAF9F97D8300.svs,2481fb53-2c2b-42d0-b752-75cb5947ed98,Slide Image,Biospecimen,Diagnostic Slide
3357e815-78f5-40cf-9084-4c5bc5cb9b51,"[{'case_id': 'd8d7a6c2-6427-4f47-968c-6c3affba4617', 'submitter_id': 'TCGA-A8-A08B'}]",TCGA_BRCA.5893e714-837e-4b00-ac17-7b8e1fb2725a.wgs.VarScan2.somatic_annotation.vcf.gz,3357e815-78f5-40cf-9084-4c5bc5cb9b51,Annotated Somatic Mutation,Simple Nucleotide Variation,WGS
61af3875-17da-4a42-b689-741a63ee03d4,"[{'case_id': 'd8d7a6c2-6427-4f47-968c-6c3affba4617', 'submitter_id': 'TCGA-A8-A08B'}]",834d4abb-e77d-4b46-9995-d5936d7f00e1.wxs.Pindel.aliquot.maf.gz,61af3875-17da-4a42-b689-741a63ee03d4,Annotated Somatic Mutation,Simple Nucleotide Variation,WXS
88e91d89-c14f-46a2-b1e2-e97e2c2f396a,"[{'case_id': '39cda4c9-e1c8-44c2-bab7-f5849c12f879', 'submitter_id': 'TCGA-AC-A2FG'}]",HELVE_p_TCGA_b139_154_155_SNP_N_GenomeWideSNP_6_H10_808570.CEL,88e91d89-c14f-46a2-b1e2-e97e2c2f396a,Raw Intensities,Copy Number Variation,Genotyping Array
48d83463-0bde-41e7-82f6-ab6433d327f8,"[{'case_id': 'd8d7a6c2-6427-4f47-968c-6c3affba4617', 'submitter_id': 'TCGA-A8-A08B'}]",TCGA-BRCA.a4993b6c-a78c-4fe7-9c7c-ebd34a632fe1.wgs.varscan2.raw_somatic_mutation.vcf.gz,48d83463-0bde-41e7-82f6-ab6433d327f8,Raw Simple Somatic Mutation,Simple Nucleotide Variation,WGS
bca7079e-d0e3-4fdb-b77d-255fadbd7cc6,"[{'case_id': 'c6086936-7544-4da0-8c0c-114166848483', 'submitter_id': 'TCGA-AN-A0FD'}]",4dd5f6be-984c-4b87-8048-f531afd36b72.wxs.VarScan2.aliquot.maf.gz,bca7079e-d0e3-4fdb-b77d-255fadbd7cc6,Annotated Somatic Mutation,Simple Nucleotide Variation,WXS
45621fac-f9b3-45da-ab14-2866a1e3acdf,"[{'case_id': 'c6086936-7544-4da0-8c0c-114166848483', 'submitter_id': 'TCGA-AN-A0FD'}]",TCGA_BRCA.bc633bd3-320b-4ff0-85f6-d6d468f5ab4a.wxs.VarScan2.somatic_annotation.vcf.gz,45621fac-f9b3-45da-ab14-2866a1e3acdf,Annotated Somatic Mutation,Simple Nucleotide Variation,WXS
3c491b6c-7911-49de-9321-b86eeebc73ab,"[{'case_id': '39cda4c9-e1c8-44c2-bab7-f5849c12f879', 'submitter_id': 'TCGA-AC-A2FG'}]",31a33f9d-ed78-4d0d-9988-6cf71c5cbbd4.wxs.varscan2.raw_somatic_mutation.vcf.gz,3c491b6c-7911-49de-9321-b86eeebc73ab,Raw Simple Somatic Mutation,Simple Nucleotide Variation,WXS
058a3c61-90ca-47e4-82cf-4e0d56054728,"[{'case_id': 'c6086936-7544-4da0-8c0c-114166848483', 'submitter_id': 'TCGA-AN-A0FD'}]",TCGA_BRCA.3f661680-a224-46ca-86e2-334728534de0.wxs.MuTect2.somatic_annotation.vcf.gz,058a3c61-90ca-47e4-82cf-4e0d56054728,Annotated Somatic Mutation,Simple Nucleotide Variation,WXS
e7bf4c52-84b9-426f-a654-0d979fdd9679,"[{'case_id': 'd8d7a6c2-6427-4f47-968c-6c3affba4617', 'submitter_id': 'TCGA-A8-A08B'}]",6798cbfe-7aca-4f33-b4fc-162bf579a303.rna_seq.chimeric.gdc_realn.bam,e7bf4c52-84b9-426f-a654-0d979fdd9679,Aligned Reads,Sequencing Reads,RNA-Seq
ddbff877-fa25-4a87-85ce-f6a4fdaf831d,"[{'case_id': '39cda4c9-e1c8-44c2-bab7-f5849c12f879', 'submitter_id': 'TCGA-AC-A2FG'}]",05ddce6e-57b0-4b78-9955-7c1b4c564498.rna_seq.star_splice_junctions.tsv.gz,ddbff877-fa25-4a87-85ce-f6a4fdaf831d,Splice Junction Quantification,Transcriptome Profiling,RNA-Seq
dd47b711-b034-45e9-bf66-605bcc127d04,"[{'case_id': '39cda4c9-e1c8-44c2-bab7-f5849c12f879', 'submitter_id': 'TCGA-AC-A2FG'}]",TCGA-AC-A2FG-01A-21-A24A-20_RPPA_data.tsv,dd47b711-b034-45e9-bf66-605bcc127d04,Protein Expression Quantification,Proteome Profiling,Reverse Phase Protein Array
db9fae36-39f3-4d3b-9319-084c5737efe9,"[{'case_id': 'c6086936-7544-4da0-8c0c-114166848483', 'submitter_id': 'TCGA-AN-A0FD'}]",TCGA-BRCA.ba8ff683-777a-4d41-9261-014c89e17791.ascat2.allelic_specific.seg.txt,db9fae36-39f3-4d3b-9319-084c5737efe9,Allele-specific Copy Number Segment,Copy Number Variation,Genotyping Array
0e2677e2-0480-409e-b312-d215cbcdf021,"[{'case_id': 'd8d7a6c2-6427-4f47-968c-6c3affba4617', 'submitter_id': 'TCGA-A8-A08B'}]",CUSKS_p_TCGAb47_SNP_1N_GenomeWideSNP_6_C10_628234.CEL,0e2677e2-0480-409e-b312-d215cbcdf021,Raw Intensities,Copy Number Variation,Genotyping Array
b517ed23-1881-4923-b143-62a75ae20e34,"[{'case_id': '39cda4c9-e1c8-44c2-bab7-f5849c12f879', 'submitter_id': 'TCGA-AC-A2FG'}]",61aec1b1-f2db-45a7-87a5-bec477886f85_wxs_gdc_realn.bam,b517ed23-1881-4923-b143-62a75ae20e34,Aligned Reads,Sequencing Reads,WXS
04235d8a-f39d-4a0c-ba1c-01a24df325f4,"[{'case_id': 'd8d7a6c2-6427-4f47-968c-6c3affba4617', 'submitter_id': 'TCGA-A8-A08B'}]",72a71d75-8f87-4455-9169-5548c3e149e0.methylation_array.sesame.level3betas.txt,04235d8a-f39d-4a0c-ba1c-01a24df325f4,Methylation Beta Value,DNA Methylation,Methylation Array
9a1c9a5a-7b3f-463b-bc9c-e06107b2aeb7,"[{'case_id': 'c6086936-7544-4da0-8c0c-114166848483', 'submitter_id': 'TCGA-AN-A0FD'}]",ecdac97e-eec5-4753-a572-8aff707178e5.rna_seq.augmented_star_gene_counts.tsv,9a1c9a5a-7b3f-463b-bc9c-e06107b2aeb7,Gene Expression Quantification,Transcriptome Profiling,RNA-Seq
0cd9ef84-a9e8-4cb7-af17-cd151bf2d531,"[{'case_id': '39cda4c9-e1c8-44c2-bab7-f5849c12f879', 'submitter_id': 'TCGA-AC-A2FG'}]",TCGA_BRCA.d90221ee-0772-48c8-8114-da4d8bd7b5f4.wxs.MuSE.somatic_annotation.vcf.gz,0cd9ef84-a9e8-4cb7-af17-cd151bf2d531,Annotated Somatic Mutation,Simple Nucleotide Variation,WXS
b87c3558-3d56-4873-9c99-cd4b403a201d,"[{'case_id': 'd8d7a6c2-6427-4f47-968c-6c3affba4617', 'submitter_id': 'TCGA-A8-A08B'}]",CUSKS_p_TCGAb47_SNP_1N_GenomeWideSNP_6_C10_628234.nocnv_grch38.seg.v2.txt,b87c3558-3d56-4873-9c99-cd4b403a201d,Masked Copy Number Segment,Copy Number Variation,Genotyping Array
02826a61-1c43-4390-a889-2d53a16df747,"[{'case_id': 'd8d7a6c2-6427-4f47-968c-6c3affba4617', 'submitter_id': 'TCGA-A8-A08B'}]",72a71d75-8f87-4455-9169-5548c3e149e0_noid_Grn.idat,02826a61-1c43-4390-a889-2d53a16df747,Masked Intensities,DNA Methylation,Methylation Array
3bcc40c9-11d9-498c-bd16-d370ab874e51,"[{'case_id': 'd8d7a6c2-6427-4f47-968c-6c3affba4617', 'submitter_id': 'TCGA-A8-A08B'}]",eba0e0f2-dbc6-4ab2-b4f7-e998a662b606.wgs.gatk4.copy_number_variation.supplementary.tar.gz,3bcc40c9-11d9-498c-bd16-d370ab874e51,Intermediate Analysis Archive,Copy Number Variation,WGS
5436a889-422b-4034-8953-6618e731a86c,"[{'case_id': '39cda4c9-e1c8-44c2-bab7-f5849c12f879', 'submitter_id': 'TCGA-AC-A2FG'}]",TCGA-BRCA.38e21113-c369-4ad9-bc1f-0c1549a6c76c.star_fusion.rna_fusion.tsv,5436a889-422b-4034-8953-6618e731a86c,Transcript Fusion,Structural Variation,RNA-Seq
1d225f88-9a77-46e6-87b5-2f91ad2ddb52,"[{'case_id': 'c6086936-7544-4da0-8c0c-114166848483', 'submitter_id': 'TCGA-AN-A0FD'}]",ecdac97e-eec5-4753-a572-8aff707178e5.rna_seq.star_splice_junctions.tsv.gz,1d225f88-9a77-46e6-87b5-2f91ad2ddb52,Splice Junction Quantification,Transcriptome Profiling,RNA-Seq
c279de17-1559-47cf-ad41-a8551da32b7b,"[{'case_id': '39cda4c9-e1c8-44c2-bab7-f5849c12f879', 'submitter_id': 'TCGA-AC-A2FG'}]",nationwidechildrens.org_ssf.TCGA-AC-A2FG.xml,c279de17-1559-47cf-ad41-a8551da32b7b,Biospecimen Supplement,Biospecimen,
ef4250f1-e6cb-43c3-b15e-bca4a2cf26d8,"[{'case_id': 'c6086936-7544-4da0-8c0c-114166848483', 'submitter_id': 'TCGA-AN-A0FD'}]",TCGA-BRCA.ba8ff683-777a-4d41-9261-014c89e17791.ascat3.gene_level_copy_number.v36.tsv,ef4250f1-e6cb-43c3-b15e-bca4a2cf26d8,Gene Level Copy Number,Copy Number Variation,Genotyping Array
90ec70d8-a726-4a3e-9def-66ccec34dfaf,"[{'case_id': '39cda4c9-e1c8-44c2-bab7-f5849c12f879', 'submitter_id': 'TCGA-AC-A2FG'}]",nationwidechildrens.org_clinical.TCGA-AC-A2FG.xml,90ec70d8-a726-4a3e-9def-66ccec34dfaf,Clinical Supplement,Clinical,
c990587e-8901-4825-851f-17f0872218ce,"[{'case_id': 'c6086936-7544-4da0-8c0c-114166848483', 'submitter_id': 'TCGA-AN-A0FD'}]",87e24612-267f-4b5b-8893-1f461b923841.svaba.somatic.sv.vcf.gz,c990587e-8901-4825-851f-17f0872218ce,Structural Rearrangement,Somatic Structural Variation,WGS
7c19ae5e-4fd8-4e05-ac06-26ab56972816,"[{'case_id': '39cda4c9-e1c8-44c2-bab7-f5849c12f879', 'submitter_id': 'TCGA-AC-A2FG'}]",HELVE_p_TCGA_b139_154_155_SNP_N_GenomeWideSNP_6_H10_808570.grch38.seg.v2.txt,7c19ae5e-4fd8-4e05-ac06-26ab56972816,Copy Number Segment,Copy Number Variation,Genotyping Array
5c90b705-33f1-44fb-9a95-f1b848e3c12b,"[{'case_id': 'c6086936-7544-4da0-8c0c-114166848483', 'submitter_id': 'TCGA-AN-A0FD'}]",f418234d-8faf-4959-b087-f28de119193b.methylation_array.sesame.level3betas.txt,5c90b705-33f1-44fb-9a95-f1b848e3c12b,Methylation Beta Value,DNA Methylation,Methylation Array
1c12db5d-8027-44a3-a12a-77af9b61db50,"[{'case_id': 'd8d7a6c2-6427-4f47-968c-6c3affba4617', 'submitter_id': 'TCGA-A8-A08B'}]",TCGA-A8-A08B-01A-11D-A88Z-36.WholeGenome.RP-1657.cr.igv.reheader.seg.txt,1c12db5d-8027-44a3-a12a-77af9b61db50,Copy Number Segment,Copy Number Variation,WGS
3399cf2f-ff12-4bbd-a3e8-f9b05c7841a5,"[{'case_id': 'c6086936-7544-4da0-8c0c-114166848483', 'submitter_id': 'TCGA-AN-A0FD'}]",TCGA-AN-A0FD-01A-01-TS1.28f70459-3f79-46e1-bb93-2095f4b29994.svs,3399cf2f-ff12-4bbd-a3e8-f9b05c7841a5,Slide Image,Biospecimen,Tissue Slide
ff196f65-c134-4c0d-b22c-7dc14421f788,"[{'case_id': 'c6086936-7544-4da0-8c0c-114166848483', 'submitter_id': 'TCGA-AN-A0FD'}]",TCGA_BRCA.f79bcf6a-eec1-4999-8082-646e32e28c60.wgs.VarScan2.somatic_annotation.vcf.gz,ff196f65-c134-4c0d-b22c-7dc14421f788,Annotated Somatic Mutation,Simple Nucleotide Variation,WGS
116d41a7-5ce6-4d95-98c5-57f03c4bcbd4,"[{'case_id': 'd8d7a6c2-6427-4f47-968c-6c3affba4617', 'submitter_id': 'TCGA-A8-A08B'}]",e6ddceca-eb49-4969-b886-6020cc6eba41.somatic.SV.bedpe,116d41a7-5ce6-4d95-98c5-57f03c4bcbd4,Structural Rearrangement,Somatic Structural Variation,WGS
125ec19e-a8ea-4383-a5d3-c797ef733638,"[{'case_id': '4cf0f639-7940-48b6-8ea1-2a3494097cdb', 'submitter_id': 'TCGA-A2-A0CR'}]",e8a7ddbf-e08a-4d0c-b601-c216ae5383e2.wxs.pindel.raw_somatic_mutation.vcf.gz,125ec19e-a8ea-4383-a5d3-c797ef733638,Raw Simple Somatic Mutation,Simple Nucleotide Variation,WXS
9a48f648-5d9a-46fb-a8c8-fbf25300895c,"[{'case_id': 'c6086936-7544-4da0-8c0c-114166848483', 'submitter_id': 'TCGA-AN-A0FD'}]",TCGA-BRCA.6659d9f3-063c-4deb-9b6a-98a055970c16.star_fusion.rna_fusion.tsv,9a48f648-5d9a-46fb-a8c8-fbf25300895c,Transcript Fusion,Structural Variation,RNA-Seq
c508c8f8-a8dc-4e96-8d79-d265c4c8b5c4,"[{'case_id': '4cf0f639-7940-48b6-8ea1-2a3494097cdb', 'submitter_id': 'TCGA-A2-A0CR'}]",TCGA-A2-A0CR-01A-11R-A22I-13_mirna_gdc_realn.bam,c508c8f8-a8dc-4e96-8d79-d265c4c8b5c4,Aligned Reads,Sequencing Reads,miRNA-Seq
6e471029-4364-4466-897d-ac23daa5fbf9,"[{'case_id': 'c6086936-7544-4da0-8c0c-114166848483', 'submitter_id': 'TCGA-AN-A0FD'}]",34c9879b-1159-41dd-bb3d-4d05ac81d753.wxs.pindel.raw_somatic_mutation.vcf.gz,6e471029-4364-4466-897d-ac23daa5fbf9,Raw Simple Somatic Mutation,Simple Nucleotide Variation,WXS
579ba596-67b2-4fe3-986e-18f62d121cbe,"[{'case_id': '427d0648-3f77-4ffc-b52c-89855426d647', 'submitter_id': 'TCGA-3C-AALJ'}]",313f50a5-7f76-4399-a555-23d39a5d964d_wgs_gdc_realn.bam,579ba596-67b2-4fe3-986e-18f62d121cbe,Aligned Reads,Sequencing Reads,WGS
2ce9fd07-bd4f-48a3-b2e3-68b63b27fcf4,"[{'case_id': '427d0648-3f77-4ffc-b52c-89855426d647', 'submitter_id': 'TCGA-3C-AALJ'}]",b9ec5332-e422-453d-b3e0-5254bb88934d.wxs.aliquot_ensemble_raw.maf.gz,2ce9fd07-bd4f-48a3-b2e3-68b63b27fcf4,Aggregated Somatic Mutation,Simple Nucleotide Variation,WXS
75a4a8c1-6a2a-4ed9-a005-b01c77ed1470,"[{'case_id': 'c6086936-7544-4da0-8c0c-114166848483', 'submitter_id': 'TCGA-AN-A0FD'}]",TCGA-AN-A0FD.F124155D-6131-47F6-8320-46A41AB125D3.PDF,75a4a8c1-6a2a-4ed9-a005-b01c77ed1470,Pathology Report,Clinical,
aa218ece-d2a8-4815-b4ab-a9f592b7212d,"[{'case_id': '427d0648-3f77-4ffc-b52c-89855426d647', 'submitter_id': 'TCGA-3C-AALJ'}]",1b8b9a31-863a-45cb-91df-d23efb95eb64.wgs.ASCAT.gene_level.copy_number_variation.tsv,aa218ece-d2a8-4815-b4ab-a9f592b7212d,Gene Level Copy Number,Copy Number Variation,WGS
f42a3284-edf1-4809-9550-5e269a0a2c75,"[{'case_id': '4cf0f639-7940-48b6-8ea1-2a3494097cdb', 'submitter_id': 'TCGA-A2-A0CR'}]",bb0f1f16-a609-4b6d-84b9-d581532e1e79.wxs.VarScan2.aliquot.maf.gz,f42a3284-edf1-4809-9550-5e269a0a2c75,Annotated Somatic Mutation,Simple Nucleotide Variation,WXS
a747a7eb-15d0-4d48-95df-bdf4993764a7,"[{'case_id': '427d0648-3f77-4ffc-b52c-89855426d647', 'submitter_id': 'TCGA-3C-AALJ'}]",TAKEN_p_TCGAb_379_400_FFPE_NSP_GenomeWideSNP_6_B02_1513286.nocnv_grch38.seg.v2.txt,a747a7eb-15d0-4d48-95df-bdf4993764a7,Masked Copy Number Segment,Copy Number Variation,Genotyping Array
135c8545-e075-4797-b945-4ed60129b019,"[{'case_id': '427d0648-3f77-4ffc-b52c-89855426d647', 'submitter_id': 'TCGA-3C-AALJ'}]",54c696de-d778-4e79-9cc3-3297eacb1299_noid_Red.idat,135c8545-e075-4797-b945-4ed60129b019,Masked Intensities,DNA Methylation,Methylation Array
e9749bbd-d707-4dce-9d70-47c446ae7c93,"[{'case_id': 'c6086936-7544-4da0-8c0c-114166848483', 'submitter_id': 'TCGA-AN-A0FD'}]",TCGA-BRCA.42113e2f-8dcc-41d9-9dde-cd02c318b8b8.wgs.varscan2.raw_somatic_mutation.vcf.gz,e9749bbd-d707-4dce-9d70-47c446ae7c93,Raw Simple Somatic Mutation,Simple Nucleotide Variation,WGS
3dd3b0d7-f425-4a0b-a7bb-87576ac25d5c,"[{'case_id': '4cf0f639-7940-48b6-8ea1-2a3494097cdb', 'submitter_id': 'TCGA-A2-A0CR'}]",TCGA-BRCA.3c4fb546-03e3-4202-9092-a117736cc60d.star_fusion.rna_fusion.tsv,3dd3b0d7-f425-4a0b-a7bb-87576ac25d5c,Transcript Fusion,Structural Variation,RNA-Seq
7b97b96f-a19f-4333-a3a3-9ba587068396,"[{'case_id': '427d0648-3f77-4ffc-b52c-89855426d647', 'submitter_id': 'TCGA-3C-AALJ'}]",nationwidechildrens.org_biospecimen.TCGA-3C-AALJ.xml,7b97b96f-a19f-4333-a3a3-9ba587068396,Biospecimen Supplement,Biospecimen,
db9a761c-5f4e-4083-bf50-18318851da9f,"[{'case_id': 'c6086936-7544-4da0-8c0c-114166848483', 'submitter_id': 'TCGA-AN-A0FD'}]",TCGA-BRCA.7858e4c4-25bf-4114-a578-4189ce15884e.arriba.rna_fusion.bedpe,db9a761c-5f4e-4083-bf50-18318851da9f,Transcript Fusion,Structural Variation,RNA-Seq
b31ff2da-5e41-4c60-ba50-10decfdbe349,"[{'case_id': '4cf0f639-7940-48b6-8ea1-2a3494097cdb', 'submitter_id': 'TCGA-A2-A0CR'}]",TCGA-A2-A0CR-01A-01-BSA.EEDC8A56-25C0-4348-B5CD-E91C2CC3411B.svs,b31ff2da-5e41-4c60-ba50-10decfdbe349,Slide Image,Biospecimen,Tissue Slide
c8ae7438-b0cd-44a3-bd1d-cdd81945ec47,"[{'case_id': 'c6086936-7544-4da0-8c0c-114166848483', 'submitter_id': 'TCGA-AN-A0FD'}]",ecdac97e-eec5-4753-a572-8aff707178e5.rna_seq.chimeric.gdc_realn.bam,c8ae7438-b0cd-44a3-bd1d-cdd81945ec47,Aligned Reads,Sequencing Reads,RNA-Seq
8c13f343-c1ee-409c-bb9e-6173abef0115,"[{'case_id': '4cf0f639-7940-48b6-8ea1-2a3494097cdb', 'submitter_id': 'TCGA-A2-A0CR'}]",fb6aa55e-d404-4d9d-b470-cce23b7e8843.wxs.varscan2.raw_somatic_mutation.vcf.gz,8c13f343-c1ee-409c-bb9e-6173abef0115,Raw Simple Somatic Mutation,Simple Nucleotide Variation,WXS
3701c5c6-5738-4f6d-b1f3-aaf07a426ba6,"[{'case_id': '4cf0f639-7940-48b6-8ea1-2a3494097cdb', 'submitter_id': 'TCGA-A2-A0CR'}]",8668654e-c441-4279-80e3-345787c28922.rna_seq.transcriptome.gdc_realn.bam,3701c5c6-5738-4f6d-b1f3-aaf07a426ba6,Aligned Reads,Sequencing Reads,RNA-Seq
a4953d51-25cc-4fca-92cb-109262187693,"[{'case_id': '427d0648-3f77-4ffc-b52c-89855426d647', 'submitter_id': 'TCGA-3C-AALJ'}]",TAKEN_p_TCGAb_379_400_FFPE_NSP_GenomeWideSNP_6_B01_1513238.nocnv_grch38.seg.v2.txt,a4953d51-25cc-4fca-92cb-109262187693,Masked Copy Number Segment,Copy Number Variation,Genotyping Array
9827c3fc-571c-40a3-bdb6-cb46351c6dbd,"[{'case_id': '4cf0f639-7940-48b6-8ea1-2a3494097cdb', 'submitter_id': 'TCGA-A2-A0CR'}]",KEBAB_p_TCGASNP_226_227_N_GenomeWideSNP_6_G07_1151652.nocnv_grch38.seg.v2.txt,9827c3fc-571c-40a3-bdb6-cb46351c6dbd,Masked Copy Number Segment,Copy Number Variation,Genotyping Array
2564a316-15ed-4836-ac89-d4027b9a82ea,"[{'case_id': '427d0648-3f77-4ffc-b52c-89855426d647', 'submitter_id': 'TCGA-3C-AALJ'}]",934b8c4b-7f7a-4001-9f21-c642216b5cbc.wgs.CaVEMan.raw_somatic_mutation.vcf.gz,2564a316-15ed-4836-ac89-d4027b9a82ea,Raw Simple Somatic Mutation,Simple Nucleotide Variation,WGS
4553c2db-c6c1-4366-be26-c555b9e57a65,"[{'case_id': '4cf0f639-7940-48b6-8ea1-2a3494097cdb', 'submitter_id': 'TCGA-A2-A0CR'}]",TCGA-BRCA.e98fb773-897b-48bb-9b3d-387079e5e5db.ascat3.allelic_specific.seg.txt,4553c2db-c6c1-4366-be26-c555b9e57a65,Allele-specific Copy Number Segment,Copy Number Variation,Genotyping Array
7792f1b5-1916-46d6-a9bd-2a9ea9c228eb,"[{'case_id': '4cf0f639-7940-48b6-8ea1-2a3494097cdb', 'submitter_id': 'TCGA-A2-A0CR'}]",TCGA_BRCA.17c3c1c5-d6d3-461a-a16f-cdb3ca69ec96.wxs.Pindel.somatic_annotation.vcf.gz,7792f1b5-1916-46d6-a9bd-2a9ea9c228eb,Annotated Somatic Mutation,Simple Nucleotide Variation,WXS
931442ba-af81-4b68-beca-7285fc44b1df,"[{'case_id': '427d0648-3f77-4ffc-b52c-89855426d647', 'submitter_id': 'TCGA-3C-AALJ'}]",f2dda955-5a39-43c1-93a2-83953b2b91d1.rna_seq.augmented_star_gene_counts.tsv,931442ba-af81-4b68-beca-7285fc44b1df,Gene Expression Quantification,Transcriptome Profiling,RNA-Seq
0074459f-0401-4011-88cd-c0031e0add3d,"[{'case_id': '4cf0f639-7940-48b6-8ea1-2a3494097cdb', 'submitter_id': 'TCGA-A2-A0CR'}]",c0b124b6-a0c1-4b0f-a341-bf413657f2f1.wgs.gatk4.copy_number_variation.supplementary.tar.gz,0074459f-0401-4011-88cd-c0031e0add3d,Intermediate Analysis Archive,Copy Number Variation,WGS
3188dcf2-00db-45c9-93d6-c254a218b36a,"[{'case_id': '4cf0f639-7940-48b6-8ea1-2a3494097cdb', 'submitter_id': 'TCGA-A2-A0CR'}]",8a6ebcbf-1d3f-4b3c-ae8b-33776c1c58df_noid_Grn.idat,3188dcf2-00db-45c9-93d6-c254a218b36a,Masked Intensities,DNA Methylation,Methylation Array
7469f552-87e3-4e52-82e5-52e1dcf8b5b5,"[{'case_id': '427d0648-3f77-4ffc-b52c-89855426d647', 'submitter_id': 'TCGA-3C-AALJ'}]",0058ce19-7651-4a8d-af6a-4813da314687_wxs_gdc_realn.bam,7469f552-87e3-4e52-82e5-52e1dcf8b5b5,Aligned Reads,Sequencing Reads,WXS
1f92f824-fc42-4590-b375-979428a2760e,"[{'case_id': '7e9c8d3c-790c-46ad-8f31-b557b7c26f69', 'submitter_id': 'TCGA-E9-A6HE'}]",6a114c34-c16d-43f0-9fb9-a96228bb9a0e_wxs_gdc_realn.bam,1f92f824-fc42-4590-b375-979428a2760e,Aligned Reads,Sequencing Reads,WXS
36eed1b9-9f6a-44fd-9f4e-a21022ede981,"[{'case_id': '7e9c8d3c-790c-46ad-8f31-b557b7c26f69', 'submitter_id': 'TCGA-E9-A6HE'}]",TCGA-E9-A6HE-10A-01D-A89E-36.WholeGenome.RP-1657.bam,36eed1b9-9f6a-44fd-9f4e-a21022ede981,Aligned Reads,Sequencing Reads,WGS
b1e6b881-8e8d-42cd-90a1-ed9a8d93835e,"[{'case_id': '427d0648-3f77-4ffc-b52c-89855426d647', 'submitter_id': 'TCGA-3C-AALJ'}]",TAKEN_p_TCGAb_379_400_FFPE_NSP_GenomeWideSNP_6_B01_1513238.grch38.seg.v2.txt,b1e6b881-8e8d-42cd-90a1-ed9a8d93835e,Copy Number Segment,Copy Number Variation,Genotyping Array
d5fdf239-3b46-47cf-933b-ea167ce482f4,"[{'case_id': '7e9c8d3c-790c-46ad-8f31-b557b7c26f69', 'submitter_id': 'TCGA-E9-A6HE'}]",TCGA_BRCA.973221e5-0423-482e-8f16-9ac50be338b7.wxs.MuTect2.somatic_annotation.vcf.gz,d5fdf239-3b46-47cf-933b-ea167ce482f4,Annotated Somatic Mutation,Simple Nucleotide Variation,WXS
aa6624a0-0d79-4014-a133-512dac1e4c1f,"[{'case_id': '427d0648-3f77-4ffc-b52c-89855426d647', 'submitter_id': 'TCGA-3C-AALJ'}]",TCGA_BRCA.4301cd7a-aba0-494f-befa-c85eb4f27cce.wxs.MuSE.somatic_annotation.vcf.gz,aa6624a0-0d79-4014-a133-512dac1e4c1f,Annotated Somatic Mutation,Simple Nucleotide Variation,WXS
457bf002-cdc1-4bed-85ae-a079a8464625,"[{'case_id': '427d0648-3f77-4ffc-b52c-89855426d647', 'submitter_id': 'TCGA-3C-AALJ'}]",TCGA-BRCA.6cb7dc53-ea35-431b-9bd9-4f13f5ec40fd.ascat2.allelic_specific.seg.txt,457bf002-cdc1-4bed-85ae-a079a8464625,Allele-specific Copy Number Segment,Copy Number Variation,Genotyping Array
249e1434-ce40-41c1-8b69-2966be97f8b6,"[{'case_id': '427d0648-3f77-4ffc-b52c-89855426d647', 'submitter_id': 'TCGA-3C-AALJ'}]",118e21e4-8a05-4101-a979-466f66f2ae6d.wxs.muse.raw_somatic_mutation.vcf.gz,249e1434-ce40-41c1-8b69-2966be97f8b6,Raw Simple Somatic Mutation,Simple Nucleotide Variation,WXS
f1effffe-1a6c-4baa-836d-a89365fc445c,"[{'case_id': '427d0648-3f77-4ffc-b52c-89855426d647', 'submitter_id': 'TCGA-3C-AALJ'}]",e1a153df-b512-42e3-a050-13696d428f94.wxs.VarScan2.aliquot.maf.gz,f1effffe-1a6c-4baa-836d-a89365fc445c,Annotated Somatic Mutation,Simple Nucleotide Variation,WXS
bc8ec93f-9579-40b6-a358-c4d913e6583d,"[{'case_id': '4cf0f639-7940-48b6-8ea1-2a3494097cdb', 'submitter_id': 'TCGA-A2-A0CR'}]",TCGA_BRCA.e45844e3-6597-4c61-bb06-cc265d2325b2.wxs.MuSE.somatic_annotation.vcf.gz,bc8ec93f-9579-40b6-a358-c4d913e6583d,Annotated Somatic Mutation,Simple Nucleotide Variation,WXS
0fa54e7b-e4d5-4347-a8b4-fe634c48abc5,"[{'case_id': '427d0648-3f77-4ffc-b52c-89855426d647', 'submitter_id': 'TCGA-3C-AALJ'}]",eb03e14a-ac53-4c22-bfde-1230652861a0.mirbase21.isoforms.quantification.txt,0fa54e7b-e4d5-4347-a8b4-fe634c48abc5,Isoform Expression Quantification,Transcriptome Profiling,miRNA-Seq
b3cae8de-1bba-407c-9334-c035ddd12bd2,"[{'case_id': '7e9c8d3c-790c-46ad-8f31-b557b7c26f69', 'submitter_id': 'TCGA-E9-A6HE'}]",TCGA-E9-A6HE-01A-01-TSA.0EC4715E-A5F7-48BF-B95E-8532C3F101D6.svs,b3cae8de-1bba-407c-9334-c035ddd12bd2,Slide Image,Biospecimen,Tissue Slide
83b8eaf2-74cb-4c4e-8cdd-471224fcd869,"[{'case_id': '427d0648-3f77-4ffc-b52c-89855426d647', 'submitter_id': 'TCGA-3C-AALJ'}]",TCGA-3C-AALJ-01A-31R-A41G-13_mirna_gdc_realn.bam,83b8eaf2-74cb-4c4e-8cdd-471224fcd869,Aligned Reads,Sequencing Reads,miRNA-Seq
42ecb19d-98ba-4b8d-9bec-4bed62f927b7,"[{'case_id': '427d0648-3f77-4ffc-b52c-89855426d647', 'submitter_id': 'TCGA-3C-AALJ'}]",TCGA-BRCA.6cb7dc53-ea35-431b-9bd9-4f13f5ec40fd.gene_level_copy_number.v36.tsv,42ecb19d-98ba-4b8d-9bec-4bed62f927b7,Gene Level Copy Number,Copy Number Variation,Genotyping Array
494639f3-ca4e-41ba-951a-8d339ae1fac0,"[{'case_id': '7e9c8d3c-790c-46ad-8f31-b557b7c26f69', 'submitter_id': 'TCGA-E9-A6HE'}]",TCGA-BRCA.cf8af48a-6c72-4092-98dc-215a99791a24.arriba.rna_fusion.bedpe,494639f3-ca4e-41ba-951a-8d339ae1fac0,Transcript Fusion,Structural Variation,RNA-Seq
70e04b0b-82e9-4455-bac3-82f81ca19e73,"[{'case_id': '427d0648-3f77-4ffc-b52c-89855426d647', 'submitter_id': 'TCGA-3C-AALJ'}]",79843b71-2b3f-46be-95c7-be9326330a4f.somatic.SV.bedpe,70e04b0b-82e9-4455-bac3-82f81ca19e73,Structural Rearrangement,Somatic Structural Variation,WGS
ef08dd5c-90b2-4fb5-a3e7-d20fced2aa5d,"[{'case_id': '7e9c8d3c-790c-46ad-8f31-b557b7c26f69', 'submitter_id': 'TCGA-E9-A6HE'}]",SHOUT_p_TCGAb_319_20_21_22_NSP_GenomeWideSNP_6_G11_1365122.birdseed.data.txt,ef08dd5c-90b2-4fb5-a3e7-d20fced2aa5d,Simple Germline Variation,Simple Nucleotide Variation,Genotyping Array
8e3f7a7a-6654-4156-b04a-31fe9b964b68,"[{'case_id': '7e9c8d3c-790c-46ad-8f31-b557b7c26f69', 'submitter_id': 'TCGA-E9-A6HE'}]",666cf0c6-8f6c-473d-ac85-fff929a12a29.wxs.MuSE.aliquot.maf.gz,8e3f7a7a-6654-4156-b04a-31fe9b964b68,Annotated Somatic Mutation,Simple Nucleotide Variation,WXS
ee18e53d-2faa-4c7b-9ce5-ad99b011351c,"[{'case_id': '4cf0f639-7940-48b6-8ea1-2a3494097cdb', 'submitter_id': 'TCGA-A2-A0CR'}]",KEBAB_p_TCGASNP_226_227_N_GenomeWideSNP_6_H08_1151500.CEL,ee18e53d-2faa-4c7b-9ce5-ad99b011351c,Raw Intensities,Copy Number Variation,Genotyping Array
07bbb7a0-0afb-47ac-aa2d-02555a040bc9,"[{'case_id': '427d0648-3f77-4ffc-b52c-89855426d647', 'submitter_id': 'TCGA-3C-AALJ'}]",934b8c4b-7f7a-4001-9f21-c642216b5cbc.wgs.BRASS.raw_structural_variation.vcf.gz,07bbb7a0-0afb-47ac-aa2d-02555a040bc9,Structural Rearrangement,Somatic Structural Variation,WGS
e13f4559-77a8-49b4-8a02-287fe7787eaa,"[{'case_id': '7e9c8d3c-790c-46ad-8f31-b557b7c26f69', 'submitter_id': 'TCGA-E9-A6HE'}]",TCGA-BRCA.4d7aae97-ae34-43e0-97a4-bfb15e3543b4.ascat3.gene_level_copy_number.v36.tsv,e13f4559-77a8-49b4-8a02-287fe7787eaa,Gene Level Copy Number,Copy Number Variation,Genotyping Array
bf6a1770-9784-4b4c-9826-97d1d85d4d9f,"[{'case_id': '4cf0f639-7940-48b6-8ea1-2a3494097cdb', 'submitter_id': 'TCGA-A2-A0CR'}]",TCGA_BRCA.9928fa09-fa89-4566-b990-8f64858dfd70.wgs.VarScan2.somatic_annotation.vcf.gz,bf6a1770-9784-4b4c-9826-97d1d85d4d9f,Annotated Somatic Mutation,Simple Nucleotide Variation,WGS
c91973f8-41e8-4a80-ad71-b80aa2cca1ec,"[{'case_id': '7e9c8d3c-790c-46ad-8f31-b557b7c26f69', 'submitter_id': 'TCGA-E9-A6HE'}]",b9c90a9e-851c-4afa-adac-64d1b42f4d12.svaba.somatic.sv.vcf.gz,c91973f8-41e8-4a80-ad71-b80aa2cca1ec,Structural Rearrangement,Somatic Structural Variation,WGS
3c73d3f5-53ac-4085-946b-a688f0d91333,"[{'case_id': '427d0648-3f77-4ffc-b52c-89855426d647', 'submitter_id': 'TCGA-3C-AALJ'}]",118e21e4-8a05-4101-a979-466f66f2ae6d.wxs.mutect2.raw_somatic_mutation.vcf.gz,3c73d3f5-53ac-4085-946b-a688f0d91333,Raw Simple Somatic Mutation,Simple Nucleotide Variation,WXS
8ef8fa69-d30b-4348-a9bb-0bc977d4e323,"[{'case_id': '4cf0f639-7940-48b6-8ea1-2a3494097cdb', 'submitter_id': 'TCGA-A2-A0CR'}]",cdbf0499-8f91-49e4-8833-a196b4240cc1.somatic_sv.vcf.gz,8ef8fa69-d30b-4348-a9bb-0bc977d4e323,Structural Rearrangement,Somatic Structural Variation,WGS
75c12b8a-b3f7-45f0-bed9-e31e6ad8c82c,"[{'case_id': '427d0648-3f77-4ffc-b52c-89855426d647', 'submitter_id': 'TCGA-3C-AALJ'}]",7f395b18-5eed-4bde-b420-2db981f29913.wxs.MuSE.aliquot.maf.gz,75c12b8a-b3f7-45f0-bed9-e31e6ad8c82c,Annotated Somatic Mutation,Simple Nucleotide Variation,WXS
e02751fa-6cf1-4451-82de-3b4c056517e6,"[{'case_id': '7e9c8d3c-790c-46ad-8f31-b557b7c26f69', 'submitter_id': 'TCGA-E9-A6HE'}]",a410ae33-9070-4d1d-886a-21f04666a6c7.rna_seq.transcriptome.gdc_realn.bam,e02751fa-6cf1-4451-82de-3b4c056517e6,Aligned Reads,Sequencing Reads,RNA-Seq
fcd597a0-6280-472f-aac8-f566945c52c9,"[{'case_id': '427d0648-3f77-4ffc-b52c-89855426d647', 'submitter_id': 'TCGA-3C-AALJ'}]",TCGA-3C-AALJ-01A-03-TSC.272FA991-8382-409A-A00A-9A3BAA6EE041.svs,fcd597a0-6280-472f-aac8-f566945c52c9,Slide Image,Biospecimen,Tissue Slide
1ddb25fd-928c-42b0-85de-919dfbf8b581,"[{'case_id': '4cf0f639-7940-48b6-8ea1-2a3494097cdb', 'submitter_id': 'TCGA-A2-A0CR'}]",KEBAB_p_TCGASNP_226_227_N_GenomeWideSNP_6_G07_1151652.birdseed.data.txt,1ddb25fd-928c-42b0-85de-919dfbf8b581,Simple Germline Variation,Simple Nucleotide Variation,Genotyping Array
22d8a4fb-473e-4e36-9385-ceeb08b7dd72,"[{'case_id': '427d0648-3f77-4ffc-b52c-89855426d647', 'submitter_id': 'TCGA-3C-AALJ'}]",1b8b9a31-863a-45cb-91df-d23efb95eb64.wgs.BRASS.rerun_structural_variation.bedpe,22d8a4fb-473e-4e36-9385-ceeb08b7dd72,Structural Rearrangement,Somatic Structural Variation,WGS
3ee3d7f1-2366-4def-909e-9084f1db3043,"[{'case_id': '427d0648-3f77-4ffc-b52c-89855426d647', 'submitter_id': 'TCGA-3C-AALJ'}]",TAKEN_p_TCGAb_379_400_FFPE_NSP_GenomeWideSNP_6_B02_1513286.grch38.seg.v2.txt,3ee3d7f1-2366-4def-909e-9084f1db3043,Copy Number Segment,Copy Number Variation,Genotyping Array
0c6af1b0-e8e1-4fdb-98bb-b995654fce9d,"[{'case_id': '427d0648-3f77-4ffc-b52c-89855426d647', 'submitter_id': 'TCGA-3C-AALJ'}]",nationwidechildrens.org_ssf.TCGA-3C-AALJ.xml,0c6af1b0-e8e1-4fdb-98bb-b995654fce9d,Biospecimen Supplement,Biospecimen,
1c207f5d-0337-47b6-83e4-2a729ebb1e98,"[{'case_id': '7e9c8d3c-790c-46ad-8f31-b557b7c26f69', 'submitter_id': 'TCGA-E9-A6HE'}]",610b6953-d45c-42e5-b0ba-d6e732bf131e.wgs.gatk4.copy_number_variation.supplementary.tar.gz,1c207f5d-0337-47b6-83e4-2a729ebb1e98,Intermediate Analysis Archive,Copy Number Variation,WGS
764e86a5-2326-40c9-85ee-bb5a23746b3d,"[{'case_id': '427d0648-3f77-4ffc-b52c-89855426d647', 'submitter_id': 'TCGA-3C-AALJ'}]",TCGA-BRCA.6cb7dc53-ea35-431b-9bd9-4f13f5ec40fd.ascat3.allelic_specific.seg.txt,764e86a5-2326-40c9-85ee-bb5a23746b3d,Allele-specific Copy Number Segment,Copy Number Variation,Genotyping Array
6e058ad0-a39b-47d8-b87c-548484ab0a92,"[{'case_id': '4cf0f639-7940-48b6-8ea1-2a3494097cdb', 'submitter_id': 'TCGA-A2-A0CR'}]",TCGA-BRCA.e98fb773-897b-48bb-9b3d-387079e5e5db.gene_level_copy_number.v36.tsv,6e058ad0-a39b-47d8-b87c-548484ab0a92,Gene Level Copy Number,Copy Number Variation,Genotyping Array
093221f3-7e6f-4e3c-87e7-a8928ff4f4f3,"[{'case_id': '4cf0f639-7940-48b6-8ea1-2a3494097cdb', 'submitter_id': 'TCGA-A2-A0CR'}]",TCGA_BRCA.094c9275-af3e-4521-8f85-bd74125340a5.wxs.MuTect2.somatic_annotation.vcf.gz,093221f3-7e6f-4e3c-87e7-a8928ff4f4f3,Annotated Somatic Mutation,Simple Nucleotide Variation,WXS
408b7844-7534-4e8b-926c-a5738b49cf35,"[{'case_id': '427d0648-3f77-4ffc-b52c-89855426d647', 'submitter_id': 'TCGA-3C-AALJ'}]",f2dda955-5a39-43c1-93a2-83953b2b91d1.rna_seq.star_splice_junctions.tsv.gz,408b7844-7534-4e8b-926c-a5738b49cf35,Splice Junction Quantification,Transcriptome Profiling,RNA-Seq
7bc54500-e187-47c8-8c45-8cff902730a1,"[{'case_id': '7e9c8d3c-790c-46ad-8f31-b557b7c26f69', 'submitter_id': 'TCGA-E9-A6HE'}]",TCGA_BRCA.156b748c-5b81-4b4c-8c3c-9462609d1f5e.wxs.VarScan2.somatic_annotation.vcf.gz,7bc54500-e187-47c8-8c45-8cff902730a1,Annotated Somatic Mutation,Simple Nucleotide Variation,WXS
46c3d675-5cdb-4749-a537-32541e40a5a1,"[{'case_id': '427d0648-3f77-4ffc-b52c-89855426d647', 'submitter_id': 'TCGA-3C-AALJ'}]",TCGA_BRCA.f71a58dc-d9fa-492a-b8a7-32eb7f38a7ca.wxs.MuTect2.somatic_annotation.vcf.gz,46c3d675-5cdb-4749-a537-32541e40a5a1,Annotated Somatic Mutation,Simple Nucleotide Variation,WXS
71f98962-507b-432d-ae02-c03cdc620c1d,"[{'case_id': '4cf0f639-7940-48b6-8ea1-2a3494097cdb', 'submitter_id': 'TCGA-A2-A0CR'}]",f573c3c3-7b61-4955-8772-215b7cb9a763_wxs_gdc_realn.bam,71f98962-507b-432d-ae02-c03cdc620c1d,Aligned Reads,Sequencing Reads,WXS
b331c94c-9001-4e7d-be4a-62af12fee3a9,"[{'case_id': '0cf0d67c-2f7f-42a6-94f3-407d0ec46c88', 'submitter_id': 'TCGA-AC-A4ZE'}]",e7c2b898-cd11-42a1-b309-b4de1ab01965.rna_seq.genomic.gdc_realn.bam,b331c94c-9001-4e7d-be4a-62af12fee3a9,Aligned Reads,Sequencing Reads,RNA-Seq
472732b6-5047-4749-a678-25931cf6c2ea,"[{'case_id': '4cf0f639-7940-48b6-8ea1-2a3494097cdb', 'submitter_id': 'TCGA-A2-A0CR'}]",1cac55d6-38fa-41f7-9c59-80378584da28.wxs.MuTect2.aliquot.maf.gz,472732b6-5047-4749-a678-25931cf6c2ea,Annotated Somatic Mutation,Simple Nucleotide Variation,WXS
ece8e79d-07bc-4435-af2b-5d12577554a6,"[{'case_id': 'b094e8b2-8ece-4b36-8025-18073a8b873c', 'submitter_id': 'TCGA-AO-A124'}]",20171ef3-0986-476f-96f8-9d6051835771.methylation_array.sesame.level3betas.txt,ece8e79d-07bc-4435-af2b-5d12577554a6,Methylation Beta Value,DNA Methylation,Methylation Array
fa5119cc-b8f4-4a1b-8cd8-a53d42170645,"[{'case_id': 'b094e8b2-8ece-4b36-8025-18073a8b873c', 'submitter_id': 'TCGA-AO-A124'}]",834f77a5-44b2-447f-b1bc-47f7f449b616_atacseq_gdc_realn.bam,fa5119cc-b8f4-4a1b-8cd8-a53d42170645,Aligned Reads,Sequencing Reads,ATAC-Seq
1ba6ed67-2fb9-40b1-9c4f-d38d97e32dce,"[{'case_id': 'b094e8b2-8ece-4b36-8025-18073a8b873c', 'submitter_id': 'TCGA-AO-A124'}]",bf75588b-350e-40cf-b339-6055f04b8c3b_wgs_gdc_realn.cr.igv.reheader.seg.txt,1ba6ed67-2fb9-40b1-9c4f-d38d97e32dce,Copy Number Segment,Copy Number Variation,WGS
ae89d22f-6bff-493e-8ec8-59987ccc1785,"[{'case_id': 'b094e8b2-8ece-4b36-8025-18073a8b873c', 'submitter_id': 'TCGA-AO-A124'}]",09a8fbb6-a236-4c64-be34-932db3fd3f06.mirbase21.isoforms.quantification.txt,ae89d22f-6bff-493e-8ec8-59987ccc1785,Isoform Expression Quantification,Transcriptome Profiling,miRNA-Seq
ea23aa85-e6d9-4454-a0cd-cc17ce1a36a1,"[{'case_id': '0cf0d67c-2f7f-42a6-94f3-407d0ec46c88', 'submitter_id': 'TCGA-AC-A4ZE'}]",nationwidechildrens.org_ssf.TCGA-AC-A4ZE.xml,ea23aa85-e6d9-4454-a0cd-cc17ce1a36a1,Biospecimen Supplement,Biospecimen,
c8af1ef9-006e-4845-aa4d-9777dd6e9643,"[{'case_id': '4cf0f639-7940-48b6-8ea1-2a3494097cdb', 'submitter_id': 'TCGA-A2-A0CR'}]",0b0722da-8df1-4d9a-a541-470186ba16d6.somatic.SV.bedpe,c8af1ef9-006e-4845-aa4d-9777dd6e9643,Structural Rearrangement,Structural Variation,WGS
22939224-48d2-428f-bd11-5cb0b12ca37e,"[{'case_id': '0cf0d67c-2f7f-42a6-94f3-407d0ec46c88', 'submitter_id': 'TCGA-AC-A4ZE'}]",TCGA-BRCA.20aace1c-07d4-4942-be83-a59de3021c9b.wgs.tumor_normal.gatk4_mutect2.raw_somatic_mutation.vcf.gz,22939224-48d2-428f-bd11-5cb0b12ca37e,Raw Simple Somatic Mutation,Simple Nucleotide Variation,WGS
68d89636-3dcd-40e5-bcce-a1cb2eba36e0,"[{'case_id': '0cf0d67c-2f7f-42a6-94f3-407d0ec46c88', 'submitter_id': 'TCGA-AC-A4ZE'}]",TCGA-BRCA.09a78982-3fe5-4dd0-be97-03b03a6bf683.ascat3.allelic_specific.seg.txt,68d89636-3dcd-40e5-bcce-a1cb2eba36e0,Allele-specific Copy Number Segment,Copy Number Variation,Genotyping Array
0823a55f-4ec8-48ed-b44e-0f4cf8444d38,"[{'case_id': '0cf0d67c-2f7f-42a6-94f3-407d0ec46c88', 'submitter_id': 'TCGA-AC-A4ZE'}]",TCGA-BRCA.09a78982-3fe5-4dd0-be97-03b03a6bf683.absolute_liftover.gene_level_copy_number.v36.tsv,0823a55f-4ec8-48ed-b44e-0f4cf8444d38,Gene Level Copy Number,Copy Number Variation,Genotyping Array
eff9c23b-fc85-403c-8e88-86b4def8ced1,"[{'case_id': '0cf0d67c-2f7f-42a6-94f3-407d0ec46c88', 'submitter_id': 'TCGA-AC-A4ZE'}]",e7c2b898-cd11-42a1-b309-b4de1ab01965.rna_seq.augmented_star_gene_counts.tsv,eff9c23b-fc85-403c-8e88-86b4def8ced1,Gene Expression Quantification,Transcriptome Profiling,RNA-Seq
0cc06ddc-f855-4bc2-b881-92b0360864b1,"[{'case_id': '0cf0d67c-2f7f-42a6-94f3-407d0ec46c88', 'submitter_id': 'TCGA-AC-A4ZE'}]",nationwidechildrens.org_biospecimen.TCGA-AC-A4ZE.xml,0cc06ddc-f855-4bc2-b881-92b0360864b1,Biospecimen Supplement,Biospecimen,
a63cca36-139d-4054-9d99-9b04ddae7ec2,"[{'case_id': 'b094e8b2-8ece-4b36-8025-18073a8b873c', 'submitter_id': 'TCGA-AO-A124'}]",3d05d072-d042-4c02-aaf6-ee2e589003d6.rna_seq.augmented_star_gene_counts.tsv,a63cca36-139d-4054-9d99-9b04ddae7ec2,Gene Expression Quantification,Transcriptome Profiling,RNA-Seq
e02f44fb-84da-4ec4-bed9-c18358c3c2ea,"[{'case_id': '0cf0d67c-2f7f-42a6-94f3-407d0ec46c88', 'submitter_id': 'TCGA-AC-A4ZE'}]",bd2c5c5d-e623-4ff2-b890-d887a16d8e9f_wxs_gdc_realn.bam,e02f44fb-84da-4ec4-bed9-c18358c3c2ea,Aligned Reads,Sequencing Reads,WXS
0ed61603-7d1a-4ac8-be6e-ca8a3b1f883d,"[{'case_id': '0cf0d67c-2f7f-42a6-94f3-407d0ec46c88', 'submitter_id': 'TCGA-AC-A4ZE'}]",TAKEN_p_TCGAb_379_400_FFPE_NSP_GenomeWideSNP_6_F09_1513288.grch38.seg.v2.txt,0ed61603-7d1a-4ac8-be6e-ca8a3b1f883d,Copy Number Segment,Copy Number Variation,Genotyping Array
d1ced6c9-1dd5-45d8-99a3-f7fd4f3d7268,"[{'case_id': 'b094e8b2-8ece-4b36-8025-18073a8b873c', 'submitter_id': 'TCGA-AO-A124'}]",TCGA-BRCA.cea1bfb5-fe63-4515-8f2b-66696afa23b2.ascat2.allelic_specific.seg.txt,d1ced6c9-1dd5-45d8-99a3-f7fd4f3d7268,Allele-specific Copy Number Segment,Copy Number Variation,Genotyping Array
127398d0-9372-431e-92bf-fd5589fca3f2,"[{'case_id': 'b094e8b2-8ece-4b36-8025-18073a8b873c', 'submitter_id': 'TCGA-AO-A124'}]",TCGA-AO-A124-01Z-00-DX1.E3C7B017-6154-4630-9BDE-0CAC946D0209.svs,127398d0-9372-431e-92bf-fd5589fca3f2,Slide Image,Biospecimen,Diagnostic Slide
bd6f9379-3c12-4de0-97e8-33690a2c8ad4,"[{'case_id': '0cf0d67c-2f7f-42a6-94f3-407d0ec46c88', 'submitter_id': 'TCGA-AC-A4ZE'}]",258a2c7f-93e3-4106-9435-b80bd6493e02_noid_Red.idat,bd6f9379-3c12-4de0-97e8-33690a2c8ad4,Masked Intensities,DNA Methylation,Methylation Array
5645320f-820e-45b7-b4cf-ea05085f53e3,"[{'case_id': 'aa30ac3d-4216-45dd-a314-1ae192fafcb2', 'submitter_id': 'TCGA-AR-A24M'}]",bb06ad3a-4d73-4f88-8f3c-954dce2b38ef.rna_seq.augmented_star_gene_counts.tsv,5645320f-820e-45b7-b4cf-ea05085f53e3,Gene Expression Quantification,Transcriptome Profiling,RNA-Seq
da07ccb9-cb9c-4838-b8ad-2f5f46881fe9,"[{'case_id': '0cf0d67c-2f7f-42a6-94f3-407d0ec46c88', 'submitter_id': 'TCGA-AC-A4ZE'}]",TCGA-AC-A4ZE-01A-01-TS1.98A0B048-54FF-4550-8C6B-7DA21EB71123.svs,da07ccb9-cb9c-4838-b8ad-2f5f46881fe9,Slide Image,Biospecimen,Tissue Slide
73088ff0-8d65-426a-be4f-94235e805c5f,"[{'case_id': 'b094e8b2-8ece-4b36-8025-18073a8b873c', 'submitter_id': 'TCGA-AO-A124'}]",987528ac-437a-4eb8-a335-4f2076d5c006_wgs_gdc_realn.cr.igv.reheader.seg.txt,73088ff0-8d65-426a-be4f-94235e805c5f,Copy Number Segment,Copy Number Variation,WGS
129b8ca3-6c27-4e4c-82bd-b1eb6cfb3868,"[{'case_id': '0cf0d67c-2f7f-42a6-94f3-407d0ec46c88', 'submitter_id': 'TCGA-AC-A4ZE'}]",TCGA-AC-A4ZE-01Z-00-DX1.A9BB4DBC-4314-4A77-AA1C-0882DBC370F1.svs,129b8ca3-6c27-4e4c-82bd-b1eb6cfb3868,Slide Image,Biospecimen,Diagnostic Slide
de779d98-3616-4d4a-80e3-2a08c5154a1e,"[{'case_id': 'b094e8b2-8ece-4b36-8025-18073a8b873c', 'submitter_id': 'TCGA-AO-A124'}]",3d05d072-d042-4c02-aaf6-ee2e589003d6.rna_seq.star_splice_junctions.tsv.gz,de779d98-3616-4d4a-80e3-2a08c5154a1e,Splice Junction Quantification,Transcriptome Profiling,RNA-Seq
fa17aa25-7062-4409-bba3-7bc277805dd8,"[{'case_id': 'aa30ac3d-4216-45dd-a314-1ae192fafcb2', 'submitter_id': 'TCGA-AR-A24M'}]",TCGA-BRCA.071b569b-3b44-4a6b-ac2c-bbda7d13c501.absolute_liftover.gene_level_copy_number.v36.tsv,fa17aa25-7062-4409-bba3-7bc277805dd8,Gene Level Copy Number,Copy Number Variation,Genotyping Array
948d376a-31d8-47bb-80e0-b11122575ba6,"[{'case_id': '0cf0d67c-2f7f-42a6-94f3-407d0ec46c88', 'submitter_id': 'TCGA-AC-A4ZE'}]",ada9f561-72b9-4e52-a3bd-fe4317464ef9.wxs.pindel.raw_somatic_mutation.vcf.gz,948d376a-31d8-47bb-80e0-b11122575ba6,Raw Simple Somatic Mutation,Simple Nucleotide Variation,WXS
6740d2e0-7441-46bf-8dcc-a79f4ea10e14,"[{'case_id': 'aa30ac3d-4216-45dd-a314-1ae192fafcb2', 'submitter_id': 'TCGA-AR-A24M'}]",EXINE_p_TCGA_b142_SNP_N_GenomeWideSNP_6_F04_802340.nocnv_grch38.seg.v2.txt,6740d2e0-7441-46bf-8dcc-a79f4ea10e14,Masked Copy Number Segment,Copy Number Variation,Genotyping Array
ebf18ffe-03f5-4e9b-a90f-757471dbdd6e,"[{'case_id': 'b094e8b2-8ece-4b36-8025-18073a8b873c', 'submitter_id': 'TCGA-AO-A124'}]",TCGA-BRCA.4b8ed3ee-e4ed-4d0a-8953-6e59a706c743.wgs.tumor_normal.gatk4_mutect2.raw_somatic_mutation.vcf.gz,ebf18ffe-03f5-4e9b-a90f-757471dbdd6e,Raw Simple Somatic Mutation,Simple Nucleotide Variation,WGS
66a5bf91-162b-497b-ba6d-368e374df8cb,"[{'case_id': 'b094e8b2-8ece-4b36-8025-18073a8b873c', 'submitter_id': 'TCGA-AO-A124'}]",TCGA_BRCA.dcb3f8e2-2c2e-4663-8bff-ae7f0abff9a5.wxs.VarScan2.somatic_annotation.vcf.gz,66a5bf91-162b-497b-ba6d-368e374df8cb,Annotated Somatic Mutation,Simple Nucleotide Variation,WXS
0ee8e50b-0894-40d9-b749-13b0ef6edf4c,"[{'case_id': 'aa30ac3d-4216-45dd-a314-1ae192fafcb2', 'submitter_id': 'TCGA-AR-A24M'}]",TCGA_BRCA.6231b4e2-86d6-4f75-913a-6d8a3e5f6123.wxs.Pindel.somatic_annotation.vcf.gz,0ee8e50b-0894-40d9-b749-13b0ef6edf4c,Annotated Somatic Mutation,Simple Nucleotide Variation,WXS
9bf1324c-85c9-4eec-950c-19656bfe9f76,"[{'case_id': '0cf0d67c-2f7f-42a6-94f3-407d0ec46c88', 'submitter_id': 'TCGA-AC-A4ZE'}]",TCGA-BRCA.d498f485-a96b-4cd9-9daf-0ea7205c165f.arriba.rna_fusion.bedpe,9bf1324c-85c9-4eec-950c-19656bfe9f76,Transcript Fusion,Structural Variation,RNA-Seq
0d1b6ff1-8f43-49e2-8cd7-9cd01f74d64c,"[{'case_id': 'b094e8b2-8ece-4b36-8025-18073a8b873c', 'submitter_id': 'TCGA-AO-A124'}]",TCGA-BRCA.ff198e47-f25e-4205-8ef1-edf4fbdaddce.arriba.rna_fusion.bedpe,0d1b6ff1-8f43-49e2-8cd7-9cd01f74d64c,Transcript Fusion,Structural Variation,RNA-Seq
995631dc-a85e-4054-a02e-34a92a6b0acd,"[{'case_id': 'aa30ac3d-4216-45dd-a314-1ae192fafcb2', 'submitter_id': 'TCGA-AR-A24M'}]",COMIC_p_TCGA_b142_SNP_S_GenomeWideSNP_6_H10_804504.birdseed.data.txt,995631dc-a85e-4054-a02e-34a92a6b0acd,Simple Germline Variation,Simple Nucleotide Variation,Genotyping Array
4757ba1e-ae41-42a8-9d6e-7e437a782f7b,"[{'case_id': '0cf0d67c-2f7f-42a6-94f3-407d0ec46c88', 'submitter_id': 'TCGA-AC-A4ZE'}]",e7c2b898-cd11-42a1-b309-b4de1ab01965.rna_seq.chimeric.gdc_realn.bam,4757ba1e-ae41-42a8-9d6e-7e437a782f7b,Aligned Reads,Sequencing Reads,RNA-Seq
020d6957-5f9b-4381-938d-5e34034cb108,"[{'case_id': 'b094e8b2-8ece-4b36-8025-18073a8b873c', 'submitter_id': 'TCGA-AO-A124'}]",5467f488-6f5c-4134-87b0-a2a73f41c7df.wgs.gatk4.copy_number_variation.supplementary.tar.gz,020d6957-5f9b-4381-938d-5e34034cb108,Intermediate Analysis Archive,Copy Number Variation,WGS
b01ee4ac-cb62-4943-88a4-df8913a3fe44,"[{'case_id': '0cf0d67c-2f7f-42a6-94f3-407d0ec46c88', 'submitter_id': 'TCGA-AC-A4ZE'}]",TCGA-BRCA.09a78982-3fe5-4dd0-be97-03b03a6bf683.gene_level_copy_number.v36.tsv,b01ee4ac-cb62-4943-88a4-df8913a3fe44,Gene Level Copy Number,Copy Number Variation,Genotyping Array
5d6b0d57-2d61-494d-9983-7cfeaad39a3a,"[{'case_id': 'b094e8b2-8ece-4b36-8025-18073a8b873c', 'submitter_id': 'TCGA-AO-A124'}]",0592cdd6-20f3-4262-adf5-bc6a3e193216.somatic_sv.vcf.gz,5d6b0d57-2d61-494d-9983-7cfeaad39a3a,Structural Rearrangement,Somatic Structural Variation,WGS
b69a93e3-f21e-4454-a1f6-0ac23410f2f9,"[{'case_id': '0cf0d67c-2f7f-42a6-94f3-407d0ec46c88', 'submitter_id': 'TCGA-AC-A4ZE'}]",f3b4a5ca-3ea0-4321-97c3-d870b74ac811.svaba.somatic.sv.vcf.gz,b69a93e3-f21e-4454-a1f6-0ac23410f2f9,Structural Rearrangement,Somatic Structural Variation,WGS
8812f8fa-579c-450e-9433-dfbb4692435f,"[{'case_id': 'aa30ac3d-4216-45dd-a314-1ae192fafcb2', 'submitter_id': 'TCGA-AR-A24M'}]",bb06ad3a-4d73-4f88-8f3c-954dce2b38ef.rna_seq.star_splice_junctions.tsv.gz,8812f8fa-579c-450e-9433-dfbb4692435f,Splice Junction Quantification,Transcriptome Profiling,RNA-Seq
01d12699-5d98-464b-b12b-68596654d71e,"[{'case_id': 'b094e8b2-8ece-4b36-8025-18073a8b873c', 'submitter_id': 'TCGA-AO-A124'}]",TCGA_BRCA.97c361e2-0dc4-469b-9f4e-905fcbe6c58d.wgs.VarScan2.somatic_annotation.vcf.gz,01d12699-5d98-464b-b12b-68596654d71e,Annotated Somatic Mutation,Simple Nucleotide Variation,WGS
8d481659-a58e-4a5c-b8be-3285728d01b1,"[{'case_id': 'b094e8b2-8ece-4b36-8025-18073a8b873c', 'submitter_id': 'TCGA-AO-A124'}]",0af39534-c671-4121-8ca6-dbdb27ec78a5.wgs.ASCAT.copy_number_variation.seg.txt,8d481659-a58e-4a5c-b8be-3285728d01b1,Allele-specific Copy Number Segment,Copy Number Variation,WGS
a4b5bc88-e556-4c1e-8b12-7076c2459238,"[{'case_id': '0cf0d67c-2f7f-42a6-94f3-407d0ec46c88', 'submitter_id': 'TCGA-AC-A4ZE'}]",1f927743-3b95-49e4-ae51-dab5f74a65e4.wxs.VarScan2.aliquot.maf.gz,a4b5bc88-e556-4c1e-8b12-7076c2459238,Annotated Somatic Mutation,Simple Nucleotide Variation,WXS
13e418a8-0001-484b-8ead-6f3ea9ff4cdb,"[{'case_id': 'aa30ac3d-4216-45dd-a314-1ae192fafcb2', 'submitter_id': 'TCGA-AR-A24M'}]",4dc10bd0-6561-450a-9551-c4e5224814a4.somatic_sv.vcf.gz,13e418a8-0001-484b-8ead-6f3ea9ff4cdb,Structural Rearrangement,Somatic Structural Variation,WGS
d562efa5-8e9a-4f82-9613-804819227816,"[{'case_id': 'aa30ac3d-4216-45dd-a314-1ae192fafcb2', 'submitter_id': 'TCGA-AR-A24M'}]",TCGA-AR-A24M-10A-01D-A899-36.WholeGenome.RP-1657.bam,d562efa5-8e9a-4f82-9613-804819227816,Aligned Reads,Sequencing Reads,WGS
105e93d3-bb72-47ba-9513-a3b7bef6207d,"[{'case_id': '0cf0d67c-2f7f-42a6-94f3-407d0ec46c88', 'submitter_id': 'TCGA-AC-A4ZE'}]",bffe5d89-f332-49ac-bd92-8271144ed37d.mirbase21.mirnas.quantification.txt,105e93d3-bb72-47ba-9513-a3b7bef6207d,miRNA Expression Quantification,Transcriptome Profiling,miRNA-Seq
208761e9-66d6-4c5f-831a-17860840e66a,"[{'case_id': '57a1604c-60b7-4b30-a75e-f70939532c5c', 'submitter_id': 'TCGA-BH-A0B2'}]",TCGA-BH-A0B2-01A-11R-A10I-13_mirna_gdc_realn.bam,208761e9-66d6-4c5f-831a-17860840e66a,Aligned Reads,Sequencing Reads,miRNA-Seq
80b2aa80-0288-40dd-90f3-a49d4fc4f0b1,"[{'case_id': '7f2a63e6-64d5-4be1-9814-e8416fc9e688', 'submitter_id': 'TCGA-D8-A1JG'}]",TCGA-D8-A1JG-01B-01-TSA.321ed03a-e75f-4611-812b-04c6ac512160.svs,80b2aa80-0288-40dd-90f3-a49d4fc4f0b1,Slide Image,Biospecimen,Tissue Slide
ea33663b-9503-4abb-aae0-3f831eccb67a,"[{'case_id': '016caf42-4e19-4444-ab5d-6cf1e76c4afa', 'submitter_id': 'TCGA-AO-A128'}]",86fba8d4-60cd-4df2-a3d0-4bc11b327c49.svaba.somatic.indel.vcf.gz,ea33663b-9503-4abb-aae0-3f831eccb67a,Raw Simple Somatic Mutation,Simple Nucleotide Variation,WGS
d3183f81-6818-4afb-baa5-10ed9575e26a,"[{'case_id': '7e9c8d3c-790c-46ad-8f31-b557b7c26f69', 'submitter_id': 'TCGA-E9-A6HE'}]",TCGA-E9-A6HE-01A-21-A321-20_RPPA_data.tsv,d3183f81-6818-4afb-baa5-10ed9575e26a,Protein Expression Quantification,Proteome Profiling,Reverse Phase Protein Array
1c817802-653a-4e87-8ced-0e03c33edb9b,"[{'case_id': '7e9c8d3c-790c-46ad-8f31-b557b7c26f69', 'submitter_id': 'TCGA-E9-A6HE'}]",4f4db15d-8c72-4910-b98d-0b0dd72e13ad_wxs_gdc_realn.bam,1c817802-653a-4e87-8ced-0e03c33edb9b,Aligned Reads,Sequencing Reads,WXS
b1b2fcd7-234c-47b0-9b3d-d53966f9c084,"[{'case_id': '7f2a63e6-64d5-4be1-9814-e8416fc9e688', 'submitter_id': 'TCGA-D8-A1JG'}]",9c5bc432-fe92-4319-a5da-be33bb1fd1a9.wgs.gatk4.copy_number_variation.supplementary.tar.gz,b1b2fcd7-234c-47b0-9b3d-d53966f9c084,Intermediate Analysis Archive,Copy Number Variation,WGS
9a4ae6e8-e318-4053-9d67-a7c0a8aad933,"[{'case_id': '7e9c8d3c-790c-46ad-8f31-b557b7c26f69', 'submitter_id': 'TCGA-E9-A6HE'}]",68af26da-eac0-4aae-99f2-74656bbfe13a_noid_Grn.idat,9a4ae6e8-e318-4053-9d67-a7c0a8aad933,Masked Intensities,DNA Methylation,Methylation Array
f18ffe53-aaef-4a12-b968-087497a7a6f0,"[{'case_id': '7e9c8d3c-790c-46ad-8f31-b557b7c26f69', 'submitter_id': 'TCGA-E9-A6HE'}]",5b93ddb0-8743-49de-855e-7d69c32b1929.wxs.Pindel.aliquot.maf.gz,f18ffe53-aaef-4a12-b968-087497a7a6f0,Annotated Somatic Mutation,Simple Nucleotide Variation,WXS
1fd0fe3f-ecea-49a3-a9b9-284aa83e992e,"[{'case_id': '016caf42-4e19-4444-ab5d-6cf1e76c4afa', 'submitter_id': 'TCGA-AO-A128'}]",TCGA-AO-A128-01A-11D-A894-36.WholeGenome.RP-1657.bam,1fd0fe3f-ecea-49a3-a9b9-284aa83e992e,Aligned Reads,Sequencing Reads,WGS
7458a6c1-b7a1-4c5a-a765-9a7eebd80ad7,"[{'case_id': '7e9c8d3c-790c-46ad-8f31-b557b7c26f69', 'submitter_id': 'TCGA-E9-A6HE'}]",SHOUT_p_TCGAb_319_20_21_22_NSP_GenomeWideSNP_6_G10_1365034.birdseed.data.txt,7458a6c1-b7a1-4c5a-a765-9a7eebd80ad7,Simple Germline Variation,Simple Nucleotide Variation,Genotyping Array
ae40a283-bc0c-43fe-b4f5-e5cd64b587aa,"[{'case_id': '7f2a63e6-64d5-4be1-9814-e8416fc9e688', 'submitter_id': 'TCGA-D8-A1JG'}]",TCGA-D8-A1JG-01B-21-A17J-20_RPPA_data.tsv,ae40a283-bc0c-43fe-b4f5-e5cd64b587aa,Protein Expression Quantification,Proteome Profiling,Reverse Phase Protein Array
3127ce26-2c37-417d-9c7a-e93e49818fc2,"[{'case_id': '016caf42-4e19-4444-ab5d-6cf1e76c4afa', 'submitter_id': 'TCGA-AO-A128'}]",f8b1d450-ff75-4a45-8690-80c5f124bb10.wxs.varscan2.raw_somatic_mutation.vcf.gz,3127ce26-2c37-417d-9c7a-e93e49818fc2,Raw Simple Somatic Mutation,Simple Nucleotide Variation,WXS
6eee1fd8-6de2-45bc-983b-f519e9de0e29,"[{'case_id': '7e9c8d3c-790c-46ad-8f31-b557b7c26f69', 'submitter_id': 'TCGA-E9-A6HE'}]",TCGA-E9-A6HE-01A-11R-A31S-13_mirna_gdc_realn.bam,6eee1fd8-6de2-45bc-983b-f519e9de0e29,Aligned Reads,Sequencing Reads,miRNA-Seq
5beb271e-d5ad-462c-8987-92ce52c340f0,"[{'case_id': '8240c4ae-f878-4882-aa07-7857c7ac52cf', 'submitter_id': 'TCGA-AN-A0FZ'}]",b1aa9f3c-c857-4e7d-8d95-8e22911c6373_noid_Grn.idat,5beb271e-d5ad-462c-8987-92ce52c340f0,Masked Intensities,DNA Methylation,Methylation Array
6d3019bc-9dbf-4e97-b155-7a064b2f822c,"[{'case_id': '8240c4ae-f878-4882-aa07-7857c7ac52cf', 'submitter_id': 'TCGA-AN-A0FZ'}]",COZEN_p_TCGAb56_SNP_2N_GenomeWideSNP_6_H03_667186.CEL,6d3019bc-9dbf-4e97-b155-7a064b2f822c,Raw Intensities,Copy Number Variation,Genotyping Array
9c54260c-0c97-40b8-a78f-f739add70995,"[{'case_id': '7f2a63e6-64d5-4be1-9814-e8416fc9e688', 'submitter_id': 'TCGA-D8-A1JG'}]",TCGA_BRCA.8c4f94ab-b6fd-46bb-88d1-5fecd4a88c7d.wgs.VarScan2.somatic_annotation.vcf.gz,9c54260c-0c97-40b8-a78f-f739add70995,Annotated Somatic Mutation,Simple Nucleotide Variation,WGS
d46b9231-eb28-48aa-ab4e-526136f38ba8,"[{'case_id': '016caf42-4e19-4444-ab5d-6cf1e76c4afa', 'submitter_id': 'TCGA-AO-A128'}]",ETUIS_p_TCGASNP_b80_83_N_GenomeWideSNP_6_G09_734640.nocnv_grch38.seg.v2.txt,d46b9231-eb28-48aa-ab4e-526136f38ba8,Masked Copy Number Segment,Copy Number Variation,Genotyping Array
7839f49b-013a-42ba-84ce-7a4cf658e250,"[{'case_id': '7e9c8d3c-790c-46ad-8f31-b557b7c26f69', 'submitter_id': 'TCGA-E9-A6HE'}]",b9c90a9e-851c-4afa-adac-64d1b42f4d12.somatic.SV.bedpe,7839f49b-013a-42ba-84ce-7a4cf658e250,Structural Rearrangement,Structural Variation,WGS
16dbdcd6-b055-4c68-b859-1243a1e539fb,"[{'case_id': '7e9c8d3c-790c-46ad-8f31-b557b7c26f69', 'submitter_id': 'TCGA-E9-A6HE'}]",TCGA-BRCA.4d7aae97-ae34-43e0-97a4-bfb15e3543b4.ascat2.allelic_specific.seg.txt,16dbdcd6-b055-4c68-b859-1243a1e539fb,Allele-specific Copy Number Segment,Copy Number Variation,Genotyping Array
446ceeab-af81-47f5-a162-7b5a0c5c0447,"[{'case_id': '8240c4ae-f878-4882-aa07-7857c7ac52cf', 'submitter_id': 'TCGA-AN-A0FZ'}]",895beecb-6000-4abd-8dcc-89a2171c8568.wxs.MuTect2.aliquot.maf.gz,446ceeab-af81-47f5-a162-7b5a0c5c0447,Annotated Somatic Mutation,Simple Nucleotide Variation,WXS
d99f70a8-959e-4ba2-b45e-aac91162e78a,"[{'case_id': '8240c4ae-f878-4882-aa07-7857c7ac52cf', 'submitter_id': 'TCGA-AN-A0FZ'}]",TCGA_BRCA.90f15e12-6b9a-420e-a16b-fe09fe413cc7.wxs.MuTect2.somatic_annotation.vcf.gz,d99f70a8-959e-4ba2-b45e-aac91162e78a,Annotated Somatic Mutation,Simple Nucleotide Variation,WXS
cdaba974-6346-464d-ab71-9a45056e57bd,"[{'case_id': '7f2a63e6-64d5-4be1-9814-e8416fc9e688', 'submitter_id': 'TCGA-D8-A1JG'}]",56cc7ef4-ecf0-41d0-a692-88b352939918_wxs_gdc_realn.bam,cdaba974-6346-464d-ab71-9a45056e57bd,Aligned Reads,Sequencing Reads,WXS
d255a618-428c-4d5f-bb5b-5b47c7a4a46e,"[{'case_id': '34d5a193-85e5-4399-8a9b-e92858eafdfe', 'submitter_id': 'TCGA-A8-A0A2'}]",dde967e7-652a-45e1-b523-d2960d7f14a4.wgs.gatk4.copy_number_variation.supplementary.tar.gz,d255a618-428c-4d5f-bb5b-5b47c7a4a46e,Intermediate Analysis Archive,Copy Number Variation,WGS
b2e8b8d5-295a-475c-9879-cc06245f3ae4,"[{'case_id': '34d5a193-85e5-4399-8a9b-e92858eafdfe', 'submitter_id': 'TCGA-A8-A0A2'}]",BONZE_p_TCGAb56_SNP_1N_GenomeWideSNP_6_A05_666878.birdseed.data.txt,b2e8b8d5-295a-475c-9879-cc06245f3ae4,Simple Germline Variation,Simple Nucleotide Variation,Genotyping Array
ef19f7d4-aced-45de-9dcd-88053b9e5b10,"[{'case_id': '7e9c8d3c-790c-46ad-8f31-b557b7c26f69', 'submitter_id': 'TCGA-E9-A6HE'}]",a8f4a01b-8b78-48cf-bb29-adb4b7d969ee.wxs.mutect2.raw_somatic_mutation.vcf.gz,ef19f7d4-aced-45de-9dcd-88053b9e5b10,Raw Simple Somatic Mutation,Simple Nucleotide Variation,WXS
cc8f4b64-8485-4406-8bee-962127e9fe34,"[{'case_id': '016caf42-4e19-4444-ab5d-6cf1e76c4afa', 'submitter_id': 'TCGA-AO-A128'}]",ETUIS_p_TCGASNP_b80_83_N_GenomeWideSNP_6_G08_734684.grch38.seg.v2.txt,cc8f4b64-8485-4406-8bee-962127e9fe34,Copy Number Segment,Copy Number Variation,Genotyping Array
70894f4f-afdf-4f0e-bb73-0e163a2a1319,"[{'case_id': '34d5a193-85e5-4399-8a9b-e92858eafdfe', 'submitter_id': 'TCGA-A8-A0A2'}]",466218d9-e426-4808-bcf8-1feba56856ea.mirbase21.isoforms.quantification.txt,70894f4f-afdf-4f0e-bb73-0e163a2a1319,Isoform Expression Quantification,Transcriptome Profiling,miRNA-Seq
6a946672-df72-451b-a13e-edb7db980080,"[{'case_id': '2ab1b35b-9e56-475c-ac9b-15ed0a422683', 'submitter_id': 'TCGA-OL-A66K'}]",TCGA-BRCA.3132f97e-d3f9-47df-a976-d493ad393564.arriba.rna_fusion.bedpe,6a946672-df72-451b-a13e-edb7db980080,Transcript Fusion,Structural Variation,RNA-Seq
c644e0f4-6377-4b7d-959e-1f79c17d3c8c,"[{'case_id': '016caf42-4e19-4444-ab5d-6cf1e76c4afa', 'submitter_id': 'TCGA-AO-A128'}]",ed9b710f-c83f-4ab6-8cef-d0cc9f8aeeb4.wxs.aliquot_ensemble_raw.maf.gz,c644e0f4-6377-4b7d-959e-1f79c17d3c8c,Aggregated Somatic Mutation,Simple Nucleotide Variation,WXS
31f1628f-56b5-42a8-9dfa-753eab6fadb9,"[{'case_id': '34d5a193-85e5-4399-8a9b-e92858eafdfe', 'submitter_id': 'TCGA-A8-A0A2'}]",56f92378-3707-489e-b4bc-6f7485122484.rna_seq.chimeric.gdc_realn.bam,31f1628f-56b5-42a8-9dfa-753eab6fadb9,Aligned Reads,Sequencing Reads,RNA-Seq
a2bed087-3c32-4ce6-ac85-0c355ddcaa7f,"[{'case_id': '016caf42-4e19-4444-ab5d-6cf1e76c4afa', 'submitter_id': 'TCGA-AO-A128'}]",5f3beec0-ef9f-4ad9-96fc-f1e8aa493544.wxs.VarScan2.aliquot.maf.gz,a2bed087-3c32-4ce6-ac85-0c355ddcaa7f,Annotated Somatic Mutation,Simple Nucleotide Variation,WXS
70cfdd49-5cbf-4c94-b07c-129fd040580e,"[{'case_id': '34d5a193-85e5-4399-8a9b-e92858eafdfe', 'submitter_id': 'TCGA-A8-A0A2'}]",TCGA-A8-A0A2-10A-01D-A88Z-36.WholeGenome.RP-1657.bam,70cfdd49-5cbf-4c94-b07c-129fd040580e,Aligned Reads,Sequencing Reads,WGS
917bdde3-92f6-472a-9f2e-4a123f10097f,"[{'case_id': '016caf42-4e19-4444-ab5d-6cf1e76c4afa', 'submitter_id': 'TCGA-AO-A128'}]",cf7bd3e2-fe1d-43bc-a1dd-14197984162e_wxs_gdc_realn.bam,917bdde3-92f6-472a-9f2e-4a123f10097f,Aligned Reads,Sequencing Reads,WXS
ef069592-028b-47eb-ad35-610dff3bddba,"[{'case_id': '34d5a193-85e5-4399-8a9b-e92858eafdfe', 'submitter_id': 'TCGA-A8-A0A2'}]",TCGA-BRCA.22f35cad-6238-4c23-894b-5d6352fd7b12.arriba.rna_fusion.bedpe,ef069592-028b-47eb-ad35-610dff3bddba,Transcript Fusion,Structural Variation,RNA-Seq
3f8c192b-62df-437b-ae18-10a1c4575252,"[{'case_id': '2ab1b35b-9e56-475c-ac9b-15ed0a422683', 'submitter_id': 'TCGA-OL-A66K'}]",TCGA_BRCA.15f52563-4876-4b0d-ab85-45cf96a4c0f1.wxs.VarScan2.somatic_annotation.vcf.gz,3f8c192b-62df-437b-ae18-10a1c4575252,Annotated Somatic Mutation,Simple Nucleotide Variation,WXS
945ed04d-517b-46ec-8be3-56acb6201086,"[{'case_id': '2ab1b35b-9e56-475c-ac9b-15ed0a422683', 'submitter_id': 'TCGA-OL-A66K'}]",BURSA_p_TCGA_303_304_305_N_GenomeWideSNP_6_D12_1344718.nocnv_grch38.seg.v2.txt,945ed04d-517b-46ec-8be3-56acb6201086,Masked Copy Number Segment,Copy Number Variation,Genotyping Array
8f13ddcc-cb97-4f13-9017-7e44bc7a1b87,"[{'case_id': '2ab1b35b-9e56-475c-ac9b-15ed0a422683', 'submitter_id': 'TCGA-OL-A66K'}]",be360bd8-89c0-4661-b1ee-f12ad9b7c4a9.wxs.MuTect2.aliquot.maf.gz,8f13ddcc-cb97-4f13-9017-7e44bc7a1b87,Annotated Somatic Mutation,Simple Nucleotide Variation,WXS
8fb09d68-65b3-4ec6-a24b-9a0a09b9e33c,"[{'case_id': '2ab1b35b-9e56-475c-ac9b-15ed0a422683', 'submitter_id': 'TCGA-OL-A66K'}]",TCGA-OL-A66K-01A-11R-A29V-13_mirna_gdc_realn.bam,8fb09d68-65b3-4ec6-a24b-9a0a09b9e33c,Aligned Reads,Sequencing Reads,miRNA-Seq
db3bb841-b214-4f67-879b-b4f46a8d7cae,"[{'case_id': '016caf42-4e19-4444-ab5d-6cf1e76c4afa', 'submitter_id': 'TCGA-AO-A128'}]",TCGA-BRCA.e704bf4e-f9a2-4ae5-a6ae-2cf62564c0ec.ascat3.allelic_specific.seg.txt,db3bb841-b214-4f67-879b-b4f46a8d7cae,Allele-specific Copy Number Segment,Copy Number Variation,Genotyping Array
7af53a57-5173-4381-9ea8-19f2af317268,"[{'case_id': '2ab1b35b-9e56-475c-ac9b-15ed0a422683', 'submitter_id': 'TCGA-OL-A66K'}]",TCGA-BRCA.04ca65ff-5024-4c58-9c7e-5f03691f3c6d.gene_level_copy_number.v36.tsv,7af53a57-5173-4381-9ea8-19f2af317268,Gene Level Copy Number,Copy Number Variation,Genotyping Array
f8aa48de-2460-477f-8971-a7f1a220df9b,"[{'case_id': '34d5a193-85e5-4399-8a9b-e92858eafdfe', 'submitter_id': 'TCGA-A8-A0A2'}]",TCGA-BRCA.94ef0bf3-3fb6-4317-92ed-7cb01aeb1336.wgs.tumor_normal.gatk4_mutect2.raw_somatic_mutation.vcf.gz,f8aa48de-2460-477f-8971-a7f1a220df9b,Raw Simple Somatic Mutation,Simple Nucleotide Variation,WGS
6d7561a8-0861-43ae-a79d-c8d3f73552b3,"[{'case_id': '2ab1b35b-9e56-475c-ac9b-15ed0a422683', 'submitter_id': 'TCGA-OL-A66K'}]",dede0990-1733-4473-bc48-78605f16834c.rna_seq.genomic.gdc_realn.bam,6d7561a8-0861-43ae-a79d-c8d3f73552b3,Aligned Reads,Sequencing Reads,RNA-Seq
fcd00a51-a25f-4d52-9fc5-d112c569ef3f,"[{'case_id': '2ab1b35b-9e56-475c-ac9b-15ed0a422683', 'submitter_id': 'TCGA-OL-A66K'}]",406b29c3-7bed-47c3-aedb-9056c805912f.wxs.mutect2.raw_somatic_mutation.vcf.gz,fcd00a51-a25f-4d52-9fc5-d112c569ef3f,Raw Simple Somatic Mutation,Simple Nucleotide Variation,WXS
a6cb4d5f-6bed-4417-82b5-473416a180ae,"[{'case_id': '2ab1b35b-9e56-475c-ac9b-15ed0a422683', 'submitter_id': 'TCGA-OL-A66K'}]",dede0990-1733-4473-bc48-78605f16834c.rna_seq.star_splice_junctions.tsv.gz,a6cb4d5f-6bed-4417-82b5-473416a180ae,Splice Junction Quantification,Transcriptome Profiling,RNA-Seq
12a9371f-ffff-4a48-8005-b17219205bae,"[{'case_id': '34d5a193-85e5-4399-8a9b-e92858eafdfe', 'submitter_id': 'TCGA-A8-A0A2'}]",335e9a8d-9bde-4cb4-8ce9-8e241f0c9e4a.wxs.varscan2.raw_somatic_mutation.vcf.gz,12a9371f-ffff-4a48-8005-b17219205bae,Raw Simple Somatic Mutation,Simple Nucleotide Variation,WXS
acf9309e-3ccc-424d-beae-1c4f97e76649,"[{'case_id': '34d5a193-85e5-4399-8a9b-e92858eafdfe', 'submitter_id': 'TCGA-A8-A0A2'}]",117824d2-676f-4f37-8221-26f1b2391930.wxs.aliquot_ensemble_raw.maf.gz,acf9309e-3ccc-424d-beae-1c4f97e76649,Aggregated Somatic Mutation,Simple Nucleotide Variation,WXS
8404df61-ef60-464c-a0a8-f8d117822d36,"[{'case_id': '2ab1b35b-9e56-475c-ac9b-15ed0a422683', 'submitter_id': 'TCGA-OL-A66K'}]",1695b663-aef2-4686-ac3e-cfee3e0d27fe.wxs.pindel.raw_somatic_mutation.vcf.gz,8404df61-ef60-464c-a0a8-f8d117822d36,Raw Simple Somatic Mutation,Simple Nucleotide Variation,WXS
e5b780af-f34a-4574-9902-7091631a6147,"[{'case_id': '016caf42-4e19-4444-ab5d-6cf1e76c4afa', 'submitter_id': 'TCGA-AO-A128'}]",TCGA-AO-A128-01A-11R-A10I-13_mirna_gdc_realn.bam,e5b780af-f34a-4574-9902-7091631a6147,Aligned Reads,Sequencing Reads,miRNA-Seq
60d67cfd-703d-42ae-8ef8-3522f5bb47e6,"[{'case_id': '2ab1b35b-9e56-475c-ac9b-15ed0a422683', 'submitter_id': 'TCGA-OL-A66K'}]",10363163-7f3b-4109-a4ee-62e3235f739b.somatic.SV.bedpe,60d67cfd-703d-42ae-8ef8-3522f5bb47e6,Structural Rearrangement,Somatic Structural Variation,WGS
a13a30b1-523a-4017-ad18-ba1540e61052,"[{'case_id': '016caf42-4e19-4444-ab5d-6cf1e76c4afa', 'submitter_id': 'TCGA-AO-A128'}]",TCGA_BRCA.587074a5-98d9-4f39-8dee-45c89ae969df.wgs.VarScan2.somatic_annotation.vcf.gz,a13a30b1-523a-4017-ad18-ba1540e61052,Annotated Somatic Mutation,Simple Nucleotide Variation,WGS
33f49387-0f7f-4d7e-a950-b9b5c73cca00,"[{'case_id': '34d5a193-85e5-4399-8a9b-e92858eafdfe', 'submitter_id': 'TCGA-A8-A0A2'}]",TCGA-BRCA.2c01b1ef-d826-4183-b79d-903d4fe5ef5e.ascat3.allelic_specific.seg.txt,33f49387-0f7f-4d7e-a950-b9b5c73cca00,Allele-specific Copy Number Segment,Copy Number Variation,Genotyping Array
d9d19d07-0fcb-401f-ae74-ec3deddd52ad,"[{'case_id': '34d5a193-85e5-4399-8a9b-e92858eafdfe', 'submitter_id': 'TCGA-A8-A0A2'}]",BONZE_p_TCGAb56_SNP_1N_GenomeWideSNP_6_A05_666878.grch38.seg.v2.txt,d9d19d07-0fcb-401f-ae74-ec3deddd52ad,Copy Number Segment,Copy Number Variation,Genotyping Array
260de444-9c7e-46a5-a0e2-954028281a57,"[{'case_id': '34d5a193-85e5-4399-8a9b-e92858eafdfe', 'submitter_id': 'TCGA-A8-A0A2'}]",TCGA-BRCA.2c01b1ef-d826-4183-b79d-903d4fe5ef5e.ascat2.allelic_specific.seg.txt,260de444-9c7e-46a5-a0e2-954028281a57,Allele-specific Copy Number Segment,Copy Number Variation,Genotyping Array
728161b9-ec85-4a80-b1b1-d1a8e40e6ff9,"[{'case_id': '016caf42-4e19-4444-ab5d-6cf1e76c4afa', 'submitter_id': 'TCGA-AO-A128'}]",TCGA-BRCA.0dfd1d52-37a7-46d2-a006-a87d64c19cb2.arriba.rna_fusion.tsv,728161b9-ec85-4a80-b1b1-d1a8e40e6ff9,Transcript Fusion,Structural Variation,RNA-Seq
1f7c3b39-83dc-482c-972d-d30c7790f9b1,"[{'case_id': '016caf42-4e19-4444-ab5d-6cf1e76c4afa', 'submitter_id': 'TCGA-AO-A128'}]",TCGA-AO-A128.03526CFD-0C3E-4ACB-AB26-3E0B0ED0ADA2.PDF,1f7c3b39-83dc-482c-972d-d30c7790f9b1,Pathology Report,Clinical,
885515fb-4065-4341-bada-36c5cc17e0fd,"[{'case_id': '34d5a193-85e5-4399-8a9b-e92858eafdfe', 'submitter_id': 'TCGA-A8-A0A2'}]",335e9a8d-9bde-4cb4-8ce9-8e241f0c9e4a.wxs.mutect2.raw_somatic_mutation.vcf.gz,885515fb-4065-4341-bada-36c5cc17e0fd,Raw Simple Somatic Mutation,Simple Nucleotide Variation,WXS
fde60b0f-2643-479d-95a3-f95ee245802c,"[{'case_id': '2ab1b35b-9e56-475c-ac9b-15ed0a422683', 'submitter_id': 'TCGA-OL-A66K'}]",10363163-7f3b-4109-a4ee-62e3235f739b.somatic_sv.vcf.gz,fde60b0f-2643-479d-95a3-f95ee245802c,Structural Rearrangement,Somatic Structural Variation,WGS
8cb76ac0-421e-44f4-b2a9-13bf532abdbf,"[{'case_id': '2ab1b35b-9e56-475c-ac9b-15ed0a422683', 'submitter_id': 'TCGA-OL-A66K'}]",5ae74254-18b4-4632-8dd8-7414f4d8f9a0.wxs.Pindel.aliquot.maf.gz,8cb76ac0-421e-44f4-b2a9-13bf532abdbf,Annotated Somatic Mutation,Simple Nucleotide Variation,WXS
ce60faa7-6458-4d5f-bb16-d07ac13c667b,"[{'case_id': '151f3677-6854-4265-9126-d92c646c67ae', 'submitter_id': 'TCGA-B6-A0RM'}]",SHAWM_p_TCGAb72_SNP_N_GenomeWideSNP_6_D07_698122.grch38.seg.v2.txt,ce60faa7-6458-4d5f-bb16-d07ac13c667b,Copy Number Segment,Copy Number Variation,Genotyping Array
05bb41f9-be10-4c71-a512-096c5993e253,"[{'case_id': '34d5a193-85e5-4399-8a9b-e92858eafdfe', 'submitter_id': 'TCGA-A8-A0A2'}]",BONZE_p_TCGAb56_SNP_1N_GenomeWideSNP_6_A05_666878.CEL,05bb41f9-be10-4c71-a512-096c5993e253,Raw Intensities,Copy Number Variation,Genotyping Array
477fb6d6-f543-40b0-a380-4d5a4b1288d2,"[{'case_id': '151f3677-6854-4265-9126-d92c646c67ae', 'submitter_id': 'TCGA-B6-A0RM'}]",ce52c9b2-ab83-4efa-8abf-97475dcf892d.rna_seq.star_splice_junctions.tsv.gz,477fb6d6-f543-40b0-a380-4d5a4b1288d2,Splice Junction Quantification,Transcriptome Profiling,RNA-Seq
9d6d0d86-f9da-48dd-9f8a-ca998e98356c,"[{'case_id': '34d5a193-85e5-4399-8a9b-e92858eafdfe', 'submitter_id': 'TCGA-A8-A0A2'}]",TCGA-A8-A0A2-01A-11D-A88Z-36.WholeGenome.RP-1657.cr.igv.reheader.seg.txt,9d6d0d86-f9da-48dd-9f8a-ca998e98356c,Copy Number Segment,Copy Number Variation,WGS
0e4e1b73-9f10-4d15-9081-6c0cc3d3d0f5,"[{'case_id': '151f3677-6854-4265-9126-d92c646c67ae', 'submitter_id': 'TCGA-B6-A0RM'}]",nationwidechildrens.org_biospecimen.TCGA-B6-A0RM.xml,0e4e1b73-9f10-4d15-9081-6c0cc3d3d0f5,Biospecimen Supplement,Biospecimen,
e806bb74-251e-401c-b98d-2c53168ec52b,"[{'case_id': '34d5a193-85e5-4399-8a9b-e92858eafdfe', 'submitter_id': 'TCGA-A8-A0A2'}]",74dbf121-ff2a-4c7f-9144-bd3c5a61bea1.somatic.SV.bedpe,e806bb74-251e-401c-b98d-2c53168ec52b,Structural Rearrangement,Structural Variation,WGS
9a03116e-f339-40b2-af43-9f8a16c1a905,"[{'case_id': '151f3677-6854-4265-9126-d92c646c67ae', 'submitter_id': 'TCGA-B6-A0RM'}]",TCGA-B6-A0RM-01A-11D-A892-36.WholeGenome.RP-1657.bam,9a03116e-f339-40b2-af43-9f8a16c1a905,Aligned Reads,Sequencing Reads,WGS
15924a44-c88b-4287-bf08-3eb0d04f23d0,"[{'case_id': '151f3677-6854-4265-9126-d92c646c67ae', 'submitter_id': 'TCGA-B6-A0RM'}]",4533d48d-2182-499f-8ebb-43ba75f6d589.wxs.aliquot_ensemble_masked.maf.gz,15924a44-c88b-4287-bf08-3eb0d04f23d0,Masked Somatic Mutation,Simple Nucleotide Variation,WXS
7c022118-2af0-4ef0-9b1f-98a683ea6e75,"[{'case_id': '2ab1b35b-9e56-475c-ac9b-15ed0a422683', 'submitter_id': 'TCGA-OL-A66K'}]",f9a3b84f-3b73-4f5f-8b68-1aa1fa553ee7.mirbase21.mirnas.quantification.txt,7c022118-2af0-4ef0-9b1f-98a683ea6e75,miRNA Expression Quantification,Transcriptome Profiling,miRNA-Seq
14f30dc2-6b77-431a-8db9-443da7b4ca81,"[{'case_id': '34d5a193-85e5-4399-8a9b-e92858eafdfe', 'submitter_id': 'TCGA-A8-A0A2'}]",TCGA-BRCA.2c01b1ef-d826-4183-b79d-903d4fe5ef5e.absolute_liftover.gene_level_copy_number.v36.tsv,14f30dc2-6b77-431a-8db9-443da7b4ca81,Gene Level Copy Number,Copy Number Variation,Genotyping Array
4c92f9b8-4761-4378-ad64-705770d68965,"[{'case_id': '2ab1b35b-9e56-475c-ac9b-15ed0a422683', 'submitter_id': 'TCGA-OL-A66K'}]",406b29c3-7bed-47c3-aedb-9056c805912f.wxs.muse.raw_somatic_mutation.vcf.gz,4c92f9b8-4761-4378-ad64-705770d68965,Raw Simple Somatic Mutation,Simple Nucleotide Variation,WXS
590beb54-abc2-43c2-a021-361ac24e4983,"[{'case_id': '151f3677-6854-4265-9126-d92c646c67ae', 'submitter_id': 'TCGA-B6-A0RM'}]",SHAWM_p_TCGAb72_SNP_N_GenomeWideSNP_6_D07_698122.nocnv_grch38.seg.v2.txt,590beb54-abc2-43c2-a021-361ac24e4983,Masked Copy Number Segment,Copy Number Variation,Genotyping Array
3fb71d25-5241-4820-a3a9-c7debdd9db34,"[{'case_id': '34d5a193-85e5-4399-8a9b-e92858eafdfe', 'submitter_id': 'TCGA-A8-A0A2'}]",nationwidechildrens.org_clinical.TCGA-A8-A0A2.xml,3fb71d25-5241-4820-a3a9-c7debdd9db34,Clinical Supplement,Clinical,
d3826d84-0a9f-4cfc-96a4-5b7fa802217f,"[{'case_id': '34d5a193-85e5-4399-8a9b-e92858eafdfe', 'submitter_id': 'TCGA-A8-A0A2'}]",d6c2ec66-21cc-40ab-b600-d8437b4f291a.methylation_array.sesame.level3betas.txt,d3826d84-0a9f-4cfc-96a4-5b7fa802217f,Methylation Beta Value,DNA Methylation,Methylation Array
7395ecb6-6b74-4934-b062-924677e3e08d,"[{'case_id': '151f3677-6854-4265-9126-d92c646c67ae', 'submitter_id': 'TCGA-B6-A0RM'}]",ce52c9b2-ab83-4efa-8abf-97475dcf892d.rna_seq.chimeric.gdc_realn.bam,7395ecb6-6b74-4934-b062-924677e3e08d,Aligned Reads,Sequencing Reads,RNA-Seq
92bee3a5-6290-4867-8681-cc11457fbe72,"[{'case_id': '2ab1b35b-9e56-475c-ac9b-15ed0a422683', 'submitter_id': 'TCGA-OL-A66K'}]",TCGA_BRCA.797d4142-b4f5-4e28-9cb9-79bb3c00b040.wxs.MuTect2.somatic_annotation.vcf.gz,92bee3a5-6290-4867-8681-cc11457fbe72,Annotated Somatic Mutation,Simple Nucleotide Variation,WXS
26949d7c-d371-46ed-b6ad-9bca481d9097,"[{'case_id': '34d5a193-85e5-4399-8a9b-e92858eafdfe', 'submitter_id': 'TCGA-A8-A0A2'}]",TCGA-BRCA.22f35cad-6238-4c23-894b-5d6352fd7b12.arriba.rna_fusion.tsv,26949d7c-d371-46ed-b6ad-9bca481d9097,Transcript Fusion,Structural Variation,RNA-Seq
36b12972-e8b5-4bf9-b90f-a43619390e25,"[{'case_id': '151f3677-6854-4265-9126-d92c646c67ae', 'submitter_id': 'TCGA-B6-A0RM'}]",TCGA-B6-A0RM-01A-01-TSA.12501542-b8cb-4b36-bc66-67ef4578d7d1.svs,36b12972-e8b5-4bf9-b90f-a43619390e25,Slide Image,Biospecimen,Tissue Slide
35e310ce-2a5c-4af7-abe3-2100e5ab7cf6,"[{'case_id': '2ab1b35b-9e56-475c-ac9b-15ed0a422683', 'submitter_id': 'TCGA-OL-A66K'}]",TCGA-BRCA.04ca65ff-5024-4c58-9c7e-5f03691f3c6d.ascat2.allelic_specific.seg.txt,35e310ce-2a5c-4af7-abe3-2100e5ab7cf6,Allele-specific Copy Number Segment,Copy Number Variation,Genotyping Array
aab1db95-f841-4dd0-8e3d-0ca2deca6c00,"[{'case_id': '34d5a193-85e5-4399-8a9b-e92858eafdfe', 'submitter_id': 'TCGA-A8-A0A2'}]",TCGA-A8-A0A2-01A-01-TS1.124134ed-c4d2-4a08-937c-1def71bfcc42.svs,aab1db95-f841-4dd0-8e3d-0ca2deca6c00,Slide Image,Biospecimen,Tissue Slide
0d861339-ac86-4f73-a49b-50e5c4c0fbc9,"[{'case_id': '2ab1b35b-9e56-475c-ac9b-15ed0a422683', 'submitter_id': 'TCGA-OL-A66K'}]",nationwidechildrens.org_ssf.TCGA-OL-A66K.xml,0d861339-ac86-4f73-a49b-50e5c4c0fbc9,Biospecimen Supplement,Biospecimen,
be3b1687-32a3-4467-a350-0cdcee1c10cd,"[{'case_id': '151f3677-6854-4265-9126-d92c646c67ae', 'submitter_id': 'TCGA-B6-A0RM'}]",01f0ac15-a4ce-4b59-a957-6357af02c891.svaba.somatic.indel.vcf.gz,be3b1687-32a3-4467-a350-0cdcee1c10cd,Raw Simple Somatic Mutation,Simple Nucleotide Variation,WGS
07205690-7775-4479-9985-be5e3766b07e,"[{'case_id': '151f3677-6854-4265-9126-d92c646c67ae', 'submitter_id': 'TCGA-B6-A0RM'}]",TCGA-BRCA.7e6abd9e-93ce-4f7f-b7e9-1270d07a46d2.star_fusion.rna_fusion.bedpe,07205690-7775-4479-9985-be5e3766b07e,Transcript Fusion,Structural Variation,RNA-Seq
cdc018b6-cb46-4f42-bf23-a21bf3b08393,"[{'case_id': '151f3677-6854-4265-9126-d92c646c67ae', 'submitter_id': 'TCGA-B6-A0RM'}]",SHAWM_p_TCGAb72_SNP_N_GenomeWideSNP_6_D07_698122.birdseed.data.txt,cdc018b6-cb46-4f42-bf23-a21bf3b08393,Simple Germline Variation,Simple Nucleotide Variation,Genotyping Array
ea675cf0-60ae-47b2-85c3-8247512c94a6,"[{'case_id': '2ab1b35b-9e56-475c-ac9b-15ed0a422683', 'submitter_id': 'TCGA-OL-A66K'}]",TCGA-BRCA.04ca65ff-5024-4c58-9c7e-5f03691f3c6d.ascat3.gene_level_copy_number.v36.tsv,ea675cf0-60ae-47b2-85c3-8247512c94a6,Gene Level Copy Number,Copy Number Variation,Genotyping Array
910d9408-8df9-4cd9-89ae-e062f7280a6b,"[{'case_id': '57af5c72-0d60-4a6b-b1b4-ec6dab90f80f', 'submitter_id': 'TCGA-A7-A6VV'}]",cdbb1b9a-ab33-492e-9324-093fc43239ec.wxs.MuSE.aliquot.maf.gz,910d9408-8df9-4cd9-89ae-e062f7280a6b,Annotated Somatic Mutation,Simple Nucleotide Variation,WXS
d74caec7-6465-4f8b-b425-e8db1eae84bc,"[{'case_id': '151f3677-6854-4265-9126-d92c646c67ae', 'submitter_id': 'TCGA-B6-A0RM'}]",TCGA_BRCA.ac7b01ca-8b6c-4c3c-b11c-a88e63943310.wxs.MuTect2.somatic_annotation.vcf.gz,d74caec7-6465-4f8b-b425-e8db1eae84bc,Annotated Somatic Mutation,Simple Nucleotide Variation,WXS
86153bea-435d-4f2b-a325-5041a8f92222,"[{'case_id': '151f3677-6854-4265-9126-d92c646c67ae', 'submitter_id': 'TCGA-B6-A0RM'}]",5e10d024-10e0-4cf2-9da3-7eda2308f347.wxs.varscan2.raw_somatic_mutation.vcf.gz,86153bea-435d-4f2b-a325-5041a8f92222,Raw Simple Somatic Mutation,Simple Nucleotide Variation,WXS
d39f51a9-d177-416b-be98-f59a435662dd,"[{'case_id': 'd6f7afc0-1558-43ad-acb1-2b5311ed2264', 'submitter_id': 'TCGA-GM-A2DF'}]",416c92f4-4538-4ad8-9883-00a5eaa45ed5.wxs.MuTect2.aliquot.maf.gz,d39f51a9-d177-416b-be98-f59a435662dd,Annotated Somatic Mutation,Simple Nucleotide Variation,WXS
c339bed8-3d9d-4985-a4bd-ae2d3fb17562,"[{'case_id': '151f3677-6854-4265-9126-d92c646c67ae', 'submitter_id': 'TCGA-B6-A0RM'}]",TCGA-B6-A0RM-01Z-00-DX1.31DE3E32-7996-4D30-BB5F-72C94409C940.svs,c339bed8-3d9d-4985-a4bd-ae2d3fb17562,Slide Image,Biospecimen,Diagnostic Slide
f59e0b8c-df38-430e-ac6c-15b87f593bb6,"[{'case_id': '151f3677-6854-4265-9126-d92c646c67ae', 'submitter_id': 'TCGA-B6-A0RM'}]",TCGA-BRCA.2524810a-2b65-478b-82de-952fe9a353fc.arriba.rna_fusion.bedpe,f59e0b8c-df38-430e-ac6c-15b87f593bb6,Transcript Fusion,Structural Variation,RNA-Seq
2fbe0a48-5a8a-46b5-a294-213882b68242,"[{'case_id': '57af5c72-0d60-4a6b-b1b4-ec6dab90f80f', 'submitter_id': 'TCGA-A7-A6VV'}]",1e2fd456-89d2-4af1-90a5-b4031f079bd4.somatic_sv.vcf.gz,2fbe0a48-5a8a-46b5-a294-213882b68242,Structural Rearrangement,Somatic Structural Variation,WGS
03c69285-796b-49e0-bec2-5751f86c89c0,"[{'case_id': '151f3677-6854-4265-9126-d92c646c67ae', 'submitter_id': 'TCGA-B6-A0RM'}]",3e03385e-f0fa-4e11-8bed-c6316802e1a9_wxs_gdc_realn.bam,03c69285-796b-49e0-bec2-5751f86c89c0,Aligned Reads,Sequencing Reads,WXS
1dd03c2e-31b4-4a3e-8b61-1e8a6f5f0a95,"[{'case_id': '151f3677-6854-4265-9126-d92c646c67ae', 'submitter_id': 'TCGA-B6-A0RM'}]",4533d48d-2182-499f-8ebb-43ba75f6d589.wxs.aliquot_ensemble_raw.maf.gz,1dd03c2e-31b4-4a3e-8b61-1e8a6f5f0a95,Aggregated Somatic Mutation,Simple Nucleotide Variation,WXS
ad1a4c72-bece-4ab6-a823-d3dec0f5d202,"[{'case_id': '151f3677-6854-4265-9126-d92c646c67ae', 'submitter_id': 'TCGA-B6-A0RM'}]",5861fadd-0879-4697-a1cd-43e77b205c26.mirbase21.isoforms.quantification.txt,ad1a4c72-bece-4ab6-a823-d3dec0f5d202,Isoform Expression Quantification,Transcriptome Profiling,miRNA-Seq
ee24b4e5-e869-4ed2-9bf7-6febefe0fb6a,"[{'case_id': '151f3677-6854-4265-9126-d92c646c67ae', 'submitter_id': 'TCGA-B6-A0RM'}]",TCGA_BRCA.db360f98-96f2-43cd-8f51-a9a388aee9cf.wxs.MuSE.somatic_annotation.vcf.gz,ee24b4e5-e869-4ed2-9bf7-6febefe0fb6a,Annotated Somatic Mutation,Simple Nucleotide Variation,WXS
739462b5-528d-4ebe-9795-69c5376a6d9d,"[{'case_id': 'd6f7afc0-1558-43ad-acb1-2b5311ed2264', 'submitter_id': 'TCGA-GM-A2DF'}]",b0fba40e-a6bc-4846-814c-7ecf3d52a8ed.wxs.VarScan2.aliquot.maf.gz,739462b5-528d-4ebe-9795-69c5376a6d9d,Annotated Somatic Mutation,Simple Nucleotide Variation,WXS
16b3d366-b553-4b95-898b-f9c22ae584d3,"[{'case_id': '57af5c72-0d60-4a6b-b1b4-ec6dab90f80f', 'submitter_id': 'TCGA-A7-A6VV'}]",TCGA-BRCA.43ddd644-6bf0-42b7-b6f0-7cb522b6d1f7.star_fusion.rna_fusion.bedpe,16b3d366-b553-4b95-898b-f9c22ae584d3,Transcript Fusion,Structural Variation,RNA-Seq
26a1e030-166a-4caf-bc7a-b260b8f90c2b,"[{'case_id': '151f3677-6854-4265-9126-d92c646c67ae', 'submitter_id': 'TCGA-B6-A0RM'}]",TCGA_BRCA.840f3eea-ee54-4539-be48-c1a249252708.wxs.VarScan2.somatic_annotation.vcf.gz,26a1e030-166a-4caf-bc7a-b260b8f90c2b,Annotated Somatic Mutation,Simple Nucleotide Variation,WXS
2a6ad77c-83c8-4200-a581-abb7e4b86db4,"[{'case_id': 'd6f7afc0-1558-43ad-acb1-2b5311ed2264', 'submitter_id': 'TCGA-GM-A2DF'}]",7456abd5-303e-4e6f-bf4e-47efefc7310f_wgs_gdc_realn.cr.igv.reheader.seg.txt,2a6ad77c-83c8-4200-a581-abb7e4b86db4,Copy Number Segment,Copy Number Variation,WGS
9479720d-ad9b-4b1a-9daa-8275e2799563,"[{'case_id': '57af5c72-0d60-4a6b-b1b4-ec6dab90f80f', 'submitter_id': 'TCGA-A7-A6VV'}]",TCGA-A7-A6VV-01A-22D-A89E-36.WholeGenome.RP-1657.bam,9479720d-ad9b-4b1a-9daa-8275e2799563,Aligned Reads,Sequencing Reads,WGS
97d1c379-48fc-4bbc-b626-e9567984cd2a,"[{'case_id': '151f3677-6854-4265-9126-d92c646c67ae', 'submitter_id': 'TCGA-B6-A0RM'}]",0637049e-fc2d-4a7e-9d76-2ee991899260.wxs.pindel.raw_somatic_mutation.vcf.gz,97d1c379-48fc-4bbc-b626-e9567984cd2a,Raw Simple Somatic Mutation,Simple Nucleotide Variation,WXS
8e26fa8c-9344-4561-b1bd-cc0b81839c98,"[{'case_id': '151f3677-6854-4265-9126-d92c646c67ae', 'submitter_id': 'TCGA-B6-A0RM'}]",3a2c8bb4-9411-4bad-8d69-bc58f1fe8108.wgs.gatk4.copy_number_variation.supplementary.tar.gz,8e26fa8c-9344-4561-b1bd-cc0b81839c98,Intermediate Analysis Archive,Copy Number Variation,WGS
0ff26288-8b20-448e-b252-2b801562fa4b,"[{'case_id': '151f3677-6854-4265-9126-d92c646c67ae', 'submitter_id': 'TCGA-B6-A0RM'}]",SHAWM_p_TCGAb72_SNP_N_GenomeWideSNP_6_H02_698142.CEL,0ff26288-8b20-448e-b252-2b801562fa4b,Raw Intensities,Copy Number Variation,Genotyping Array
cd0f0570-732a-412b-b63b-5503758b8f6a,"[{'case_id': '57af5c72-0d60-4a6b-b1b4-ec6dab90f80f', 'submitter_id': 'TCGA-A7-A6VV'}]",TCGA-A7-A6VV.C26EAF0E-202B-4F3E-9E59-3395A1BFCAB8.PDF,cd0f0570-732a-412b-b63b-5503758b8f6a,Pathology Report,Clinical,
934806ef-19c6-4e0a-8256-2fefa7a45e38,"[{'case_id': '151f3677-6854-4265-9126-d92c646c67ae', 'submitter_id': 'TCGA-B6-A0RM'}]",TCGA-B6-A0RM-10A-01D-A892-36.WholeGenome.RP-1657.bam,934806ef-19c6-4e0a-8256-2fefa7a45e38,Aligned Reads,Sequencing Reads,WGS
ce97e8e1-1b83-4275-9c8a-99f16e043fc4,"[{'case_id': '57af5c72-0d60-4a6b-b1b4-ec6dab90f80f', 'submitter_id': 'TCGA-A7-A6VV'}]",TCGA-BRCA.7406aaff-b28a-4b4c-8fa3-b4e208b8cf85.ascat2.allelic_specific.seg.txt,ce97e8e1-1b83-4275-9c8a-99f16e043fc4,Allele-specific Copy Number Segment,Copy Number Variation,Genotyping Array
1412db4c-2c29-4b7b-a266-d55d1c0c510d,"[{'case_id': '57af5c72-0d60-4a6b-b1b4-ec6dab90f80f', 'submitter_id': 'TCGA-A7-A6VV'}]",TCGA-BRCA.a5cd8d80-dded-452e-af6b-b52e9c47628b.arriba.rna_fusion.tsv,1412db4c-2c29-4b7b-a266-d55d1c0c510d,Transcript Fusion,Structural Variation,RNA-Seq
e14e9d13-002a-4a69-931c-b20d5d3b0988,"[{'case_id': '57af5c72-0d60-4a6b-b1b4-ec6dab90f80f', 'submitter_id': 'TCGA-A7-A6VV'}]",4f6114a2-0125-4bf5-8d62-d890fa751ee9.methylation_array.sesame.level3betas.txt,e14e9d13-002a-4a69-931c-b20d5d3b0988,Methylation Beta Value,DNA Methylation,Methylation Array
c5e304fc-66db-4f52-b86a-580399022266,"[{'case_id': '151f3677-6854-4265-9126-d92c646c67ae', 'submitter_id': 'TCGA-B6-A0RM'}]",TCGA-BRCA.2524810a-2b65-478b-82de-952fe9a353fc.arriba.rna_fusion.tsv,c5e304fc-66db-4f52-b86a-580399022266,Transcript Fusion,Structural Variation,RNA-Seq
5713b585-560f-45e2-a794-cbc32caa081a,"[{'case_id': '151f3677-6854-4265-9126-d92c646c67ae', 'submitter_id': 'TCGA-B6-A0RM'}]",be4b8d83-bc46-4c70-b4fe-e7a238de9ddc.somatic.SV.bedpe,5713b585-560f-45e2-a794-cbc32caa081a,Structural Rearrangement,Somatic Structural Variation,WGS
e884aec3-b508-40f1-a083-5b521fece9d4,"[{'case_id': 'd6f7afc0-1558-43ad-acb1-2b5311ed2264', 'submitter_id': 'TCGA-GM-A2DF'}]",nationwidechildrens.org_clinical.TCGA-GM-A2DF.xml,e884aec3-b508-40f1-a083-5b521fece9d4,Clinical Supplement,Clinical,
51f1d4bc-6eb4-4bbc-9a63-7744bb76cef4,"[{'case_id': '57af5c72-0d60-4a6b-b1b4-ec6dab90f80f', 'submitter_id': 'TCGA-A7-A6VV'}]",77513473-cad2-43dc-a19f-4033f4174138.somatic.SV.bedpe,51f1d4bc-6eb4-4bbc-9a63-7744bb76cef4,Structural Rearrangement,Structural Variation,WGS
080d26fe-ecd2-4414-a0b2-beb800443d9a,"[{'case_id': '151f3677-6854-4265-9126-d92c646c67ae', 'submitter_id': 'TCGA-B6-A0RM'}]",5e10d024-10e0-4cf2-9da3-7eda2308f347.wxs.mutect2.raw_somatic_mutation.vcf.gz,080d26fe-ecd2-4414-a0b2-beb800443d9a,Raw Simple Somatic Mutation,Simple Nucleotide Variation,WXS
ea96ee43-263a-4ee8-9a67-0bcbb9e4eebb,"[{'case_id': 'd6f7afc0-1558-43ad-acb1-2b5311ed2264', 'submitter_id': 'TCGA-GM-A2DF'}]",7b280634-96e6-4ad2-b636-ef9984e9d4c6.mirbase21.isoforms.quantification.txt,ea96ee43-263a-4ee8-9a67-0bcbb9e4eebb,Isoform Expression Quantification,Transcriptome Profiling,miRNA-Seq
ee0cdfc4-3d52-4245-a1ff-0fa50b01e47c,"[{'case_id': '57af5c72-0d60-4a6b-b1b4-ec6dab90f80f', 'submitter_id': 'TCGA-A7-A6VV'}]",443a6627-8b7d-4b80-be56-cb152d44fd4d.wxs.varscan2.raw_somatic_mutation.vcf.gz,ee0cdfc4-3d52-4245-a1ff-0fa50b01e47c,Raw Simple Somatic Mutation,Simple Nucleotide Variation,WXS
20707643-36cf-4d6c-81ad-cbc7007d900e,"[{'case_id': '151f3677-6854-4265-9126-d92c646c67ae', 'submitter_id': 'TCGA-B6-A0RM'}]",TCGA-B6-A0RM-01A-21-A13C-20_RPPA_data.tsv,20707643-36cf-4d6c-81ad-cbc7007d900e,Protein Expression Quantification,Proteome Profiling,Reverse Phase Protein Array
afc71501-c6a1-45bc-9fd8-b4252a12b8b9,"[{'case_id': '37242f5a-25ae-4b1f-9ce6-09ce1dc92539', 'submitter_id': 'TCGA-E2-A15L'}]",HITCH_p_TCGASNP_b93_N_GenomeWideSNP_6_F03_741528.birdseed.data.txt,afc71501-c6a1-45bc-9fd8-b4252a12b8b9,Simple Germline Variation,Simple Nucleotide Variation,Genotyping Array
0aae799b-8341-4c44-a702-e0a5f76c9eb1,"[{'case_id': '57af5c72-0d60-4a6b-b1b4-ec6dab90f80f', 'submitter_id': 'TCGA-A7-A6VV'}]",TCGA-BRCA.a5cd8d80-dded-452e-af6b-b52e9c47628b.arriba.rna_fusion.bedpe,0aae799b-8341-4c44-a702-e0a5f76c9eb1,Transcript Fusion,Structural Variation,RNA-Seq
9951beeb-048d-42fe-8655-e96e1f96402c,"[{'case_id': 'd6f7afc0-1558-43ad-acb1-2b5311ed2264', 'submitter_id': 'TCGA-GM-A2DF'}]",PITON_p_TCGA_b162_167_SNP_N_GenomeWideSNP_6_C03_844800.CEL,9951beeb-048d-42fe-8655-e96e1f96402c,Raw Intensities,Copy Number Variation,Genotyping Array
92cee369-b015-4328-acc0-44482b6a84e6,"[{'case_id': '37242f5a-25ae-4b1f-9ce6-09ce1dc92539', 'submitter_id': 'TCGA-E2-A15L'}]",TCGA-BRCA.e96765f9-45a3-446f-924a-45202dd4b7db.ascat3.allelic_specific.seg.txt,92cee369-b015-4328-acc0-44482b6a84e6,Allele-specific Copy Number Segment,Copy Number Variation,Genotyping Array
dcfc4f69-cb00-427c-a2b0-b6d3ebc9b90e,"[{'case_id': '57af5c72-0d60-4a6b-b1b4-ec6dab90f80f', 'submitter_id': 'TCGA-A7-A6VV'}]",TCGA_BRCA.e28c956d-15ee-4b16-90cc-ffcdb5b376e5.wxs.MuSE.somatic_annotation.vcf.gz,dcfc4f69-cb00-427c-a2b0-b6d3ebc9b90e,Annotated Somatic Mutation,Simple Nucleotide Variation,WXS
36857cce-06d3-4eb4-9d2c-137e2be5747f,"[{'case_id': '37242f5a-25ae-4b1f-9ce6-09ce1dc92539', 'submitter_id': 'TCGA-E2-A15L'}]",f7f1f468-a589-4593-82e4-abbf09d26fcc_wxs_gdc_realn.bam,36857cce-06d3-4eb4-9d2c-137e2be5747f,Aligned Reads,Sequencing Reads,WXS
8e756b12-572e-464d-b571-1ec87f5fa27f,"[{'case_id': 'd6f7afc0-1558-43ad-acb1-2b5311ed2264', 'submitter_id': 'TCGA-GM-A2DF'}]",PITON_p_TCGA_b162_167_SNP_N_GenomeWideSNP_6_C03_844800.birdseed.data.txt,8e756b12-572e-464d-b571-1ec87f5fa27f,Simple Germline Variation,Simple Nucleotide Variation,Genotyping Array
35c6510c-603a-41a1-86b3-937b4b17f747,"[{'case_id': '37242f5a-25ae-4b1f-9ce6-09ce1dc92539', 'submitter_id': 'TCGA-E2-A15L'}]",112fb65d-da5d-4261-8b05-950f1b018efe.wxs.aliquot_ensemble_raw.maf.gz,35c6510c-603a-41a1-86b3-937b4b17f747,Aggregated Somatic Mutation,Simple Nucleotide Variation,WXS
748fb42b-bbfc-4317-a2b6-0f6ac4a423c5,"[{'case_id': '37242f5a-25ae-4b1f-9ce6-09ce1dc92539', 'submitter_id': 'TCGA-E2-A15L'}]",HITCH_p_TCGASNP_b93_N_GenomeWideSNP_6_F05_741516.grch38.seg.v2.txt,748fb42b-bbfc-4317-a2b6-0f6ac4a423c5,Copy Number Segment,Copy Number Variation,Genotyping Array
d33b0692-e0e0-447d-8e1e-c827d747eb5f,"[{'case_id': '57af5c72-0d60-4a6b-b1b4-ec6dab90f80f', 'submitter_id': 'TCGA-A7-A6VV'}]",COPAL_p_TCGAb_337_338_339_NSP_GenomeWideSNP_6_E09_1373726.nocnv_grch38.seg.v2.txt,d33b0692-e0e0-447d-8e1e-c827d747eb5f,Masked Copy Number Segment,Copy Number Variation,Genotyping Array
f656d00a-ea94-40a8-ad2b-ffdad314dca9,"[{'case_id': '57af5c72-0d60-4a6b-b1b4-ec6dab90f80f', 'submitter_id': 'TCGA-A7-A6VV'}]",9053dfeb-293e-44b3-b267-cc29c3ea8949.wxs.VarScan2.aliquot.maf.gz,f656d00a-ea94-40a8-ad2b-ffdad314dca9,Annotated Somatic Mutation,Simple Nucleotide Variation,WXS
595f37ca-3db9-4678-beca-3b0aa1063ec9,"[{'case_id': 'd6f7afc0-1558-43ad-acb1-2b5311ed2264', 'submitter_id': 'TCGA-GM-A2DF'}]",7456abd5-303e-4e6f-bf4e-47efefc7310f_wgs_gdc_realn.bam,595f37ca-3db9-4678-beca-3b0aa1063ec9,Aligned Reads,Sequencing Reads,WGS
ec9557a1-7800-490e-8241-c33e8c26f88d,"[{'case_id': '57af5c72-0d60-4a6b-b1b4-ec6dab90f80f', 'submitter_id': 'TCGA-A7-A6VV'}]",834c20ca-a255-4e06-b31a-72879130e494.wxs.aliquot_ensemble_masked.maf.gz,ec9557a1-7800-490e-8241-c33e8c26f88d,Masked Somatic Mutation,Simple Nucleotide Variation,WXS
8fed4ab1-ed89-4210-a7cd-1e0b4d4d9d1a,"[{'case_id': '37242f5a-25ae-4b1f-9ce6-09ce1dc92539', 'submitter_id': 'TCGA-E2-A15L'}]",TCGA-BRCA.969a2c25-4c21-4f71-b761-222eaaa1041c.star_fusion.rna_fusion.tsv,8fed4ab1-ed89-4210-a7cd-1e0b4d4d9d1a,Transcript Fusion,Structural Variation,RNA-Seq
5627c8dd-49f4-480e-b7e4-f0b9046c1072,"[{'case_id': 'd6f7afc0-1558-43ad-acb1-2b5311ed2264', 'submitter_id': 'TCGA-GM-A2DF'}]",TCGA-BRCA.6b3da5b3-6634-4705-a877-36939cc94c6c.arriba.rna_fusion.tsv,5627c8dd-49f4-480e-b7e4-f0b9046c1072,Transcript Fusion,Structural Variation,RNA-Seq
91e1719e-5b5e-417c-acd6-5adad6e8fbe0,"[{'case_id': '57af5c72-0d60-4a6b-b1b4-ec6dab90f80f', 'submitter_id': 'TCGA-A7-A6VV'}]",3534d886-4f8e-4868-b5d5-6898f537e7c4.wgs.gatk4.copy_number_variation.supplementary.tar.gz,91e1719e-5b5e-417c-acd6-5adad6e8fbe0,Intermediate Analysis Archive,Copy Number Variation,WGS
2249a1c0-e6af-4550-b890-c27e0b4ae13b,"[{'case_id': '57af5c72-0d60-4a6b-b1b4-ec6dab90f80f', 'submitter_id': 'TCGA-A7-A6VV'}]",nationwidechildrens.org_clinical.TCGA-A7-A6VV.xml,2249a1c0-e6af-4550-b890-c27e0b4ae13b,Clinical Supplement,Clinical,
be4ef765-e4e8-47b7-9c57-b71601e3e135,"[{'case_id': 'd6f7afc0-1558-43ad-acb1-2b5311ed2264', 'submitter_id': 'TCGA-GM-A2DF'}]",7ef41f9d-d632-4205-8f9c-f03d6cd847ef.wxs.varscan2.raw_somatic_mutation.vcf.gz,be4ef765-e4e8-47b7-9c57-b71601e3e135,Raw Simple Somatic Mutation,Simple Nucleotide Variation,WXS
4558600a-bbfa-40a3-bbc8-7ef83b024e89,"[{'case_id': '57af5c72-0d60-4a6b-b1b4-ec6dab90f80f', 'submitter_id': 'TCGA-A7-A6VV'}]",TCGA-BRCA.7406aaff-b28a-4b4c-8fa3-b4e208b8cf85.ascat3.allelic_specific.seg.txt,4558600a-bbfa-40a3-bbc8-7ef83b024e89,Allele-specific Copy Number Segment,Copy Number Variation,Genotyping Array
33185c6a-81e1-47d5-8809-c86b7b3e07fa,"[{'case_id': 'd6f7afc0-1558-43ad-acb1-2b5311ed2264', 'submitter_id': 'TCGA-GM-A2DF'}]",58eb9fd1-81b1-4f3e-9764-cb3e0878ca30.somatic_sv.vcf.gz,33185c6a-81e1-47d5-8809-c86b7b3e07fa,Structural Rearrangement,Somatic Structural Variation,WGS
3c9b3598-fc5c-4f7e-88f6-0602a82984b6,"[{'case_id': '57af5c72-0d60-4a6b-b1b4-ec6dab90f80f', 'submitter_id': 'TCGA-A7-A6VV'}]",TCGA-BRCA.cb316dc7-effd-4349-a41d-31ae1586edee.wgs.tumor_normal.gatk4_mutect2.raw_somatic_mutation.vcf.gz,3c9b3598-fc5c-4f7e-88f6-0602a82984b6,Raw Simple Somatic Mutation,Simple Nucleotide Variation,WGS
f1f80e69-8a3b-46dc-af11-822ad61d864d,"[{'case_id': 'd6f7afc0-1558-43ad-acb1-2b5311ed2264', 'submitter_id': 'TCGA-GM-A2DF'}]",6cc901d0-8cc5-4567-82dd-5f34771605ca.wgs.gatk4.copy_number_variation.supplementary.tar.gz,f1f80e69-8a3b-46dc-af11-822ad61d864d,Intermediate Analysis Archive,Copy Number Variation,WGS
e7d4f3c3-7e1f-4236-b115-f021100c6cc7,"[{'case_id': '37242f5a-25ae-4b1f-9ce6-09ce1dc92539', 'submitter_id': 'TCGA-E2-A15L'}]",TCGA_BRCA.6e065e2b-ab37-43e6-af1b-89822791920e.wgs.GATK4_MuTect2_Pair.somatic_annotation.vcf.gz,e7d4f3c3-7e1f-4236-b115-f021100c6cc7,Annotated Somatic Mutation,Simple Nucleotide Variation,WGS
0b5e93cd-8f96-4e5d-9192-9979c5a793cd,"[{'case_id': '57af5c72-0d60-4a6b-b1b4-ec6dab90f80f', 'submitter_id': 'TCGA-A7-A6VV'}]",fff3f42f-5e42-4653-b91b-1676f914e9fa.rna_seq.genomic.gdc_realn.bam,0b5e93cd-8f96-4e5d-9192-9979c5a793cd,Aligned Reads,Sequencing Reads,RNA-Seq
485da8a3-e4ac-4469-a069-b6d8f573850a,"[{'case_id': 'd6f7afc0-1558-43ad-acb1-2b5311ed2264', 'submitter_id': 'TCGA-GM-A2DF'}]",12ca0b20-2f39-43df-a572-28f4069502de_wxs_gdc_realn.bam,485da8a3-e4ac-4469-a069-b6d8f573850a,Aligned Reads,Sequencing Reads,WXS
bf1e4aba-5f91-4a31-83fa-9273a6f97278,"[{'case_id': '57af5c72-0d60-4a6b-b1b4-ec6dab90f80f', 'submitter_id': 'TCGA-A7-A6VV'}]",77513473-cad2-43dc-a19f-4033f4174138.svaba.somatic.sv.vcf.gz,bf1e4aba-5f91-4a31-83fa-9273a6f97278,Structural Rearrangement,Somatic Structural Variation,WGS
3e7c06ac-350e-4331-9a8d-0f0c5ec34a93,"[{'case_id': '37242f5a-25ae-4b1f-9ce6-09ce1dc92539', 'submitter_id': 'TCGA-E2-A15L'}]",5fc65e17-1d90-411d-b01d-f6aaa72730f9.rna_seq.chimeric.gdc_realn.bam,3e7c06ac-350e-4331-9a8d-0f0c5ec34a93,Aligned Reads,Sequencing Reads,RNA-Seq
88305250-0b69-423d-950e-39a17f07e57e,"[{'case_id': 'd6f7afc0-1558-43ad-acb1-2b5311ed2264', 'submitter_id': 'TCGA-GM-A2DF'}]",TCGA_BRCA.83fe6dae-7064-4a8d-afd5-1c21dd50b40d.wxs.VarScan2.somatic_annotation.vcf.gz,88305250-0b69-423d-950e-39a17f07e57e,Annotated Somatic Mutation,Simple Nucleotide Variation,WXS
daa5c3a1-c0ad-4375-b3f1-1b0184901b16,"[{'case_id': 'd6f7afc0-1558-43ad-acb1-2b5311ed2264', 'submitter_id': 'TCGA-GM-A2DF'}]",TCGA-BRCA.c9153891-f6a1-42eb-8785-a2e07349708a.wgs.varscan2.raw_somatic_mutation.vcf.gz,daa5c3a1-c0ad-4375-b3f1-1b0184901b16,Raw Simple Somatic Mutation,Simple Nucleotide Variation,WGS
7f57b431-55e3-4f92-bede-ad85cedc2663,"[{'case_id': '29df128d-ace2-40cf-88ee-3f6f2170f159', 'submitter_id': 'TCGA-A8-A095'}]",c9f6d251-7972-4013-a191-b34d6deab52e.wxs.MuSE.aliquot.maf.gz,7f57b431-55e3-4f92-bede-ad85cedc2663,Annotated Somatic Mutation,Simple Nucleotide Variation,WXS
8a767f95-2109-43bb-80b0-b17ff79f6a1c,"[{'case_id': '37242f5a-25ae-4b1f-9ce6-09ce1dc92539', 'submitter_id': 'TCGA-E2-A15L'}]",TCGA-BRCA.e96765f9-45a3-446f-924a-45202dd4b7db.ascat3.gene_level_copy_number.v36.tsv,8a767f95-2109-43bb-80b0-b17ff79f6a1c,Gene Level Copy Number,Copy Number Variation,Genotyping Array
52b2af1d-cd34-41db-a087-e3481f335fc7,"[{'case_id': 'd6f7afc0-1558-43ad-acb1-2b5311ed2264', 'submitter_id': 'TCGA-GM-A2DF'}]",a8813563-0e77-46cf-a0d6-d78e7ba157cb.wxs.Pindel.aliquot.maf.gz,52b2af1d-cd34-41db-a087-e3481f335fc7,Annotated Somatic Mutation,Simple Nucleotide Variation,WXS
fb793b9b-2fce-4e61-a8ae-ad5cbf6e57f4,"[{'case_id': '37242f5a-25ae-4b1f-9ce6-09ce1dc92539', 'submitter_id': 'TCGA-E2-A15L'}]",70b01035-2be3-4d5f-b388-3a92ffb2853a.methylation_array.sesame.level3betas.txt,fb793b9b-2fce-4e61-a8ae-ad5cbf6e57f4,Methylation Beta Value,DNA Methylation,Methylation Array
259a0578-7529-4cc0-b18d-3663f318ec11,"[{'case_id': '37242f5a-25ae-4b1f-9ce6-09ce1dc92539', 'submitter_id': 'TCGA-E2-A15L'}]",TCGA_BRCA.61ad1b9f-b575-41c6-9a84-c9aa18778abc.wxs.Pindel.somatic_annotation.vcf.gz,259a0578-7529-4cc0-b18d-3663f318ec11,Annotated Somatic Mutation,Simple Nucleotide Variation,WXS
943969b1-3b3f-4ea3-bd7c-9e54120ca831,"[{'case_id': 'd6f7afc0-1558-43ad-acb1-2b5311ed2264', 'submitter_id': 'TCGA-GM-A2DF'}]",56bc1e6b-d1bf-4df9-b266-07ff567aad77.rna_seq.transcriptome.gdc_realn.bam,943969b1-3b3f-4ea3-bd7c-9e54120ca831,Aligned Reads,Sequencing Reads,RNA-Seq
f3e65cf9-9c27-472a-858d-2b189f1aa9ce,"[{'case_id': '37242f5a-25ae-4b1f-9ce6-09ce1dc92539', 'submitter_id': 'TCGA-E2-A15L'}]",112fb65d-da5d-4261-8b05-950f1b018efe.wxs.aliquot_ensemble_masked.maf.gz,f3e65cf9-9c27-472a-858d-2b189f1aa9ce,Masked Somatic Mutation,Simple Nucleotide Variation,WXS
fb3583de-ccce-42e0-b5fe-35c2dbb7eb92,"[{'case_id': '29df128d-ace2-40cf-88ee-3f6f2170f159', 'submitter_id': 'TCGA-A8-A095'}]",TCGA-BRCA.a8e8c490-a5ad-4e2c-953f-ece6ef4d1dad.star_fusion.rna_fusion.bedpe,fb3583de-ccce-42e0-b5fe-35c2dbb7eb92,Transcript Fusion,Structural Variation,RNA-Seq
8a45c8e3-ecf9-46e3-ac30-eec3ab548ed4,"[{'case_id': 'd6f7afc0-1558-43ad-acb1-2b5311ed2264', 'submitter_id': 'TCGA-GM-A2DF'}]",PITON_p_TCGA_b162_167_SNP_N_GenomeWideSNP_6_C03_844800.nocnv_grch38.seg.v2.txt,8a45c8e3-ecf9-46e3-ac30-eec3ab548ed4,Masked Copy Number Segment,Copy Number Variation,Genotyping Array
d105ad11-3f3e-40df-bb73-f3658db7cfb2,"[{'case_id': '29df128d-ace2-40cf-88ee-3f6f2170f159', 'submitter_id': 'TCGA-A8-A095'}]",e7a1cdcf-ec99-44fd-a13b-604cf15b2bd4.rna_seq.genomic.gdc_realn.bam,d105ad11-3f3e-40df-bb73-f3658db7cfb2,Aligned Reads,Sequencing Reads,RNA-Seq
cf469e92-1274-401c-8d39-e63cd677a815,"[{'case_id': '4aacbc42-5ac5-4339-b9fa-c6e812084837', 'submitter_id': 'TCGA-E9-A22A'}]",b5b646c9-cb3c-4a0c-a09d-520a8ff5dd1e.somatic.SV.bedpe,cf469e92-1274-401c-8d39-e63cd677a815,Structural Rearrangement,Somatic Structural Variation,WGS
67ccfec2-14a6-45d4-bd97-f17c2e83bc04,"[{'case_id': '29df128d-ace2-40cf-88ee-3f6f2170f159', 'submitter_id': 'TCGA-A8-A095'}]",HAULS_p_TCGAb47_SNP_2N_GenomeWideSNP_6_H05_628424.CEL,67ccfec2-14a6-45d4-bd97-f17c2e83bc04,Raw Intensities,Copy Number Variation,Genotyping Array
730e46d4-0910-498a-9b2e-a0ac8b86f1f8,"[{'case_id': '4aacbc42-5ac5-4339-b9fa-c6e812084837', 'submitter_id': 'TCGA-E9-A22A'}]",USAGE_p_TCGA_132_133_136_SNP_N_GenomeWideSNP_6_A10_787634.CEL,730e46d4-0910-498a-9b2e-a0ac8b86f1f8,Raw Intensities,Copy Number Variation,Genotyping Array
2b3cd146-5b5d-4859-9769-7495e176820d,"[{'case_id': '4aacbc42-5ac5-4339-b9fa-c6e812084837', 'submitter_id': 'TCGA-E9-A22A'}]",TCGA-E9-A22A-01A-21-A17K-20_RPPA_data.tsv,2b3cd146-5b5d-4859-9769-7495e176820d,Protein Expression Quantification,Proteome Profiling,Reverse Phase Protein Array
925d82d4-1135-497e-b9b2-6768cb0167fb,"[{'case_id': '37242f5a-25ae-4b1f-9ce6-09ce1dc92539', 'submitter_id': 'TCGA-E2-A15L'}]",HITCH_p_TCGASNP_b93_N_GenomeWideSNP_6_F05_741516.nocnv_grch38.seg.v2.txt,925d82d4-1135-497e-b9b2-6768cb0167fb,Masked Copy Number Segment,Copy Number Variation,Genotyping Array
7a3d6697-9892-4cce-8eee-a56d15ef2ac9,"[{'case_id': '29df128d-ace2-40cf-88ee-3f6f2170f159', 'submitter_id': 'TCGA-A8-A095'}]",TCGA-BRCA.8bb0471f-9d25-4c27-9a4c-ecc00090a7da.ascat2.allelic_specific.seg.txt,7a3d6697-9892-4cce-8eee-a56d15ef2ac9,Allele-specific Copy Number Segment,Copy Number Variation,Genotyping Array
9216f3c5-c7c2-4abf-aa2b-c6e4fe5cf235,"[{'case_id': '37242f5a-25ae-4b1f-9ce6-09ce1dc92539', 'submitter_id': 'TCGA-E2-A15L'}]",HITCH_p_TCGASNP_b93_N_GenomeWideSNP_6_A03_741472.birdseed.data.txt,9216f3c5-c7c2-4abf-aa2b-c6e4fe5cf235,Simple Germline Variation,Simple Nucleotide Variation,Genotyping Array
ad2118cf-986d-4314-a4d7-b530e27ad2f0,"[{'case_id': '29df128d-ace2-40cf-88ee-3f6f2170f159', 'submitter_id': 'TCGA-A8-A095'}]",309b719b-ac9a-4f57-b884-3b28bd6de9f3.wxs.pindel.raw_somatic_mutation.vcf.gz,ad2118cf-986d-4314-a4d7-b530e27ad2f0,Raw Simple Somatic Mutation,Simple Nucleotide Variation,WXS
ed5a7680-eb8d-4990-afcf-aa64bf839a65,"[{'case_id': '37242f5a-25ae-4b1f-9ce6-09ce1dc92539', 'submitter_id': 'TCGA-E2-A15L'}]",70b01035-2be3-4d5f-b388-3a92ffb2853a_noid_Grn.idat,ed5a7680-eb8d-4990-afcf-aa64bf839a65,Masked Intensities,DNA Methylation,Methylation Array
be5cda5d-b68e-4ca7-b080-654e14a86f26,"[{'case_id': '4aacbc42-5ac5-4339-b9fa-c6e812084837', 'submitter_id': 'TCGA-E9-A22A'}]",44f1c070-57db-475a-979a-d384eabe4589_noid_Red.idat,be5cda5d-b68e-4ca7-b080-654e14a86f26,Masked Intensities,DNA Methylation,Methylation Array
68382289-d9e2-4bf1-9d62-cd85f438a608,"[{'case_id': '37242f5a-25ae-4b1f-9ce6-09ce1dc92539', 'submitter_id': 'TCGA-E2-A15L'}]",TCGA-E2-A15L-01A-11D-A895-36.WholeGenome.RP-1657.bam,68382289-d9e2-4bf1-9d62-cd85f438a608,Aligned Reads,Sequencing Reads,WGS
f9432d83-a322-4f5b-9c45-7dad736005a4,"[{'case_id': '4aacbc42-5ac5-4339-b9fa-c6e812084837', 'submitter_id': 'TCGA-E9-A22A'}]",c1f95e8e-aaaa-4090-8f64-c619aa543d1b.rna_seq.augmented_star_gene_counts.tsv,f9432d83-a322-4f5b-9c45-7dad736005a4,Gene Expression Quantification,Transcriptome Profiling,RNA-Seq
1704d8ff-3084-423e-9b6c-1c42630f43f4,"[{'case_id': '37242f5a-25ae-4b1f-9ce6-09ce1dc92539', 'submitter_id': 'TCGA-E2-A15L'}]",nationwidechildrens.org_biospecimen.TCGA-E2-A15L.xml,1704d8ff-3084-423e-9b6c-1c42630f43f4,Biospecimen Supplement,Biospecimen,
60c991ab-9915-4273-9d93-64a2e903c849,"[{'case_id': '37242f5a-25ae-4b1f-9ce6-09ce1dc92539', 'submitter_id': 'TCGA-E2-A15L'}]",eb76dd76-4095-443f-946c-25037b73274e.wxs.MuTect2.aliquot.maf.gz,60c991ab-9915-4273-9d93-64a2e903c849,Annotated Somatic Mutation,Simple Nucleotide Variation,WXS
c50606b8-bbca-4313-99d4-577b04c93d32,"[{'case_id': '4aacbc42-5ac5-4339-b9fa-c6e812084837', 'submitter_id': 'TCGA-E9-A22A'}]",TCGA-BRCA.3d9546c7-c287-4bd9-be64-7fbe764853ec.wgs.varscan2.raw_somatic_mutation.vcf.gz,c50606b8-bbca-4313-99d4-577b04c93d32,Raw Simple Somatic Mutation,Simple Nucleotide Variation,WGS
cfd4cff0-c223-4c4a-8149-3411355d3b15,"[{'case_id': '4aacbc42-5ac5-4339-b9fa-c6e812084837', 'submitter_id': 'TCGA-E9-A22A'}]",958d1955-1933-4e57-906b-cd1a2720de11.somatic.SV.bedpe,cfd4cff0-c223-4c4a-8149-3411355d3b15,Structural Rearrangement,Structural Variation,WGS
64047edb-5625-44ce-a5b8-883a47a4cd5a,"[{'case_id': '37242f5a-25ae-4b1f-9ce6-09ce1dc92539', 'submitter_id': 'TCGA-E2-A15L'}]",66705e98-15ad-4eab-9901-7d1f6c0c2e57_noid_Red.idat,64047edb-5625-44ce-a5b8-883a47a4cd5a,Masked Intensities,DNA Methylation,Methylation Array
40206480-f918-44b4-ae68-a0229ba6409e,"[{'case_id': '4aacbc42-5ac5-4339-b9fa-c6e812084837', 'submitter_id': 'TCGA-E9-A22A'}]",nationwidechildrens.org_biospecimen.TCGA-E9-A22A.xml,40206480-f918-44b4-ae68-a0229ba6409e,Biospecimen Supplement,Biospecimen,
1824852e-a587-4f5d-9416-064e65cc6231,"[{'case_id': '29df128d-ace2-40cf-88ee-3f6f2170f159', 'submitter_id': 'TCGA-A8-A095'}]",TCGA-A8-A095-10A-01D-A88Z-36.WholeGenome.RP-1657.bam,1824852e-a587-4f5d-9416-064e65cc6231,Aligned Reads,Sequencing Reads,WGS
c99f45b9-7d05-49dc-9b28-3086ee57ce6c,"[{'case_id': '29df128d-ace2-40cf-88ee-3f6f2170f159', 'submitter_id': 'TCGA-A8-A095'}]",HAULS_p_TCGAb47_SNP_2N_GenomeWideSNP_6_H05_628424.birdseed.data.txt,c99f45b9-7d05-49dc-9b28-3086ee57ce6c,Simple Germline Variation,Simple Nucleotide Variation,Genotyping Array
7022c997-3b29-4c52-88ce-182642a4ee03,"[{'case_id': '4aacbc42-5ac5-4339-b9fa-c6e812084837', 'submitter_id': 'TCGA-E9-A22A'}]",3a6622cc-f38c-47f0-9272-e2795bc5a9f0.wxs.pindel.raw_somatic_mutation.vcf.gz,7022c997-3b29-4c52-88ce-182642a4ee03,Raw Simple Somatic Mutation,Simple Nucleotide Variation,WXS
9dcb265a-a036-410c-8ac1-2ac19bb04cb0,"[{'case_id': '37242f5a-25ae-4b1f-9ce6-09ce1dc92539', 'submitter_id': 'TCGA-E2-A15L'}]",TCGA_BRCA.0f87ef14-cd99-4617-828b-af0b4fb4ace5.wxs.VarScan2.somatic_annotation.vcf.gz,9dcb265a-a036-410c-8ac1-2ac19bb04cb0,Annotated Somatic Mutation,Simple Nucleotide Variation,WXS
522aecff-38ed-4ed2-af3b-d2fae40f6ac6,"[{'case_id': '29df128d-ace2-40cf-88ee-3f6f2170f159', 'submitter_id': 'TCGA-A8-A095'}]",HAULS_p_TCGAb47_SNP_2N_GenomeWideSNP_6_H05_628424.nocnv_grch38.seg.v2.txt,522aecff-38ed-4ed2-af3b-d2fae40f6ac6,Masked Copy Number Segment,Copy Number Variation,Genotyping Array
084bc447-9d84-4144-bc54-7469ab40d03e,"[{'case_id': '37242f5a-25ae-4b1f-9ce6-09ce1dc92539', 'submitter_id': 'TCGA-E2-A15L'}]",b2e47270-72d3-4051-92c6-8668e6eda041.wxs.muse.raw_somatic_mutation.vcf.gz,084bc447-9d84-4144-bc54-7469ab40d03e,Raw Simple Somatic Mutation,Simple Nucleotide Variation,WXS
34bea05e-0d09-4144-9b9c-5c1f510a4151,"[{'case_id': '4aacbc42-5ac5-4339-b9fa-c6e812084837', 'submitter_id': 'TCGA-E9-A22A'}]",TCGA-BRCA.cf0172bb-8763-4dd9-8a83-f1776983107b.star_fusion.rna_fusion.tsv,34bea05e-0d09-4144-9b9c-5c1f510a4151,Transcript Fusion,Structural Variation,RNA-Seq
76016aff-4e31-42fe-9feb-4db6c64543d2,"[{'case_id': '37242f5a-25ae-4b1f-9ce6-09ce1dc92539', 'submitter_id': 'TCGA-E2-A15L'}]",b2e47270-72d3-4051-92c6-8668e6eda041.wxs.mutect2.raw_somatic_mutation.vcf.gz,76016aff-4e31-42fe-9feb-4db6c64543d2,Raw Simple Somatic Mutation,Simple Nucleotide Variation,WXS
40e9736e-e800-41d9-8c55-50a15ecd2c64,"[{'case_id': '4aacbc42-5ac5-4339-b9fa-c6e812084837', 'submitter_id': 'TCGA-E9-A22A'}]",TCGA_BRCA.11167395-96b6-4583-9700-26ee8eda7286.wxs.Pindel.somatic_annotation.vcf.gz,40e9736e-e800-41d9-8c55-50a15ecd2c64,Annotated Somatic Mutation,Simple Nucleotide Variation,WXS
0ef68352-0e1d-4826-aa0c-72e1f32e6321,"[{'case_id': '29df128d-ace2-40cf-88ee-3f6f2170f159', 'submitter_id': 'TCGA-A8-A095'}]",nationwidechildrens.org_ssf.TCGA-A8-A095.xml,0ef68352-0e1d-4826-aa0c-72e1f32e6321,Biospecimen Supplement,Biospecimen,
f5540b11-cdbf-47b7-8a5c-489783e7a883,"[{'case_id': '4aacbc42-5ac5-4339-b9fa-c6e812084837', 'submitter_id': 'TCGA-E9-A22A'}]",TCGA-E9-A22A-10A-01D-A899-36.WholeGenome.RP-1657.bam,f5540b11-cdbf-47b7-8a5c-489783e7a883,Aligned Reads,Sequencing Reads,WGS
53e4ecb9-88c5-4270-91e3-da1c8510bbf7,"[{'case_id': '4aacbc42-5ac5-4339-b9fa-c6e812084837', 'submitter_id': 'TCGA-E9-A22A'}]",66d80f41-bd9e-43ed-ba79-2fbe18e96959.wxs.aliquot_ensemble_raw.maf.gz,53e4ecb9-88c5-4270-91e3-da1c8510bbf7,Aggregated Somatic Mutation,Simple Nucleotide Variation,WXS
bfe0652a-a781-4d1f-b148-96c9eabfe916,"[{'case_id': '4aacbc42-5ac5-4339-b9fa-c6e812084837', 'submitter_id': 'TCGA-E9-A22A'}]",25bf7831-6878-4bac-b23d-e94a555b2232_wxs_gdc_realn.bam,bfe0652a-a781-4d1f-b148-96c9eabfe916,Aligned Reads,Sequencing Reads,WXS
618ec0c8-0845-4cc2-a9ee-34b58ddd378f,"[{'case_id': '4aacbc42-5ac5-4339-b9fa-c6e812084837', 'submitter_id': 'TCGA-E9-A22A'}]",c1f95e8e-aaaa-4090-8f64-c619aa543d1b.rna_seq.star_splice_junctions.tsv.gz,618ec0c8-0845-4cc2-a9ee-34b58ddd378f,Splice Junction Quantification,Transcriptome Profiling,RNA-Seq
e9d2dfa3-efa3-43ed-a8b6-7d476d368332,"[{'case_id': '4aacbc42-5ac5-4339-b9fa-c6e812084837', 'submitter_id': 'TCGA-E9-A22A'}]",c1f95e8e-aaaa-4090-8f64-c619aa543d1b.rna_seq.transcriptome.gdc_realn.bam,e9d2dfa3-efa3-43ed-a8b6-7d476d368332,Aligned Reads,Sequencing Reads,RNA-Seq
674fe499-30cc-4d12-936e-0171c365cd83,"[{'case_id': '29df128d-ace2-40cf-88ee-3f6f2170f159', 'submitter_id': 'TCGA-A8-A095'}]",TCGA-BRCA.24b9b33a-fabe-47fe-8085-76330ee11e2f.wgs.varscan2.raw_somatic_mutation.vcf.gz,674fe499-30cc-4d12-936e-0171c365cd83,Raw Simple Somatic Mutation,Simple Nucleotide Variation,WGS
bf8e4c24-b0af-4e80-be04-db53e8c23d86,"[{'case_id': '29df128d-ace2-40cf-88ee-3f6f2170f159', 'submitter_id': 'TCGA-A8-A095'}]",TCGA-BRCA.8bb0471f-9d25-4c27-9a4c-ecc00090a7da.ascat3.allelic_specific.seg.txt,bf8e4c24-b0af-4e80-be04-db53e8c23d86,Allele-specific Copy Number Segment,Copy Number Variation,Genotyping Array
91742903-6ba9-4240-a4df-01b7f30f53ed,"[{'case_id': '57a1604c-60b7-4b30-a75e-f70939532c5c', 'submitter_id': 'TCGA-BH-A0B2'}]",ETUIS_p_TCGASNP_b80_83_N_GenomeWideSNP_6_G06_734624.nocnv_grch38.seg.v2.txt,91742903-6ba9-4240-a4df-01b7f30f53ed,Masked Copy Number Segment,Copy Number Variation,Genotyping Array
470b2076-3518-4e47-96c3-80f5d89b30b4,"[{'case_id': '4a032bad-e726-48f2-8f39-e3acc109cc91', 'submitter_id': 'TCGA-BH-A0BZ'}]",eb5b35df-0277-49c4-803e-0ccc2545aa2a_noid_Red.idat,470b2076-3518-4e47-96c3-80f5d89b30b4,Masked Intensities,DNA Methylation,Methylation Array
7a189dff-ef5a-4d22-8044-a3ac719dbcda,"[{'case_id': '4aacbc42-5ac5-4339-b9fa-c6e812084837', 'submitter_id': 'TCGA-E9-A22A'}]",TCGA-BRCA.4f3773c4-6744-40d9-a7cc-5fca2d81c88b.arriba.rna_fusion.tsv,7a189dff-ef5a-4d22-8044-a3ac719dbcda,Transcript Fusion,Structural Variation,RNA-Seq
aa4149cb-a38c-4517-a92e-a43251366bc9,"[{'case_id': '4a032bad-e726-48f2-8f39-e3acc109cc91', 'submitter_id': 'TCGA-BH-A0BZ'}]",TCGA-BRCA.6eee21c1-5bc4-4eb7-bf40-151fc831d5b9.gene_level_copy_number.v36.tsv,aa4149cb-a38c-4517-a92e-a43251366bc9,Gene Level Copy Number,Copy Number Variation,Genotyping Array
a375a990-df3a-4d36-b558-872ef016d0f5,"[{'case_id': '29df128d-ace2-40cf-88ee-3f6f2170f159', 'submitter_id': 'TCGA-A8-A095'}]",TCGA_BRCA.7cfbe155-77d7-4815-8bd4-a993ba223e7d.wxs.VarScan2.somatic_annotation.vcf.gz,a375a990-df3a-4d36-b558-872ef016d0f5,Annotated Somatic Mutation,Simple Nucleotide Variation,WXS
d45046fe-ad21-48a3-bbe6-a10bc9cc2305,"[{'case_id': '4aacbc42-5ac5-4339-b9fa-c6e812084837', 'submitter_id': 'TCGA-E9-A22A'}]",USAGE_p_TCGA_132_133_136_SNP_N_GenomeWideSNP_6_D02_787546.nocnv_grch38.seg.v2.txt,d45046fe-ad21-48a3-bbe6-a10bc9cc2305,Masked Copy Number Segment,Copy Number Variation,Genotyping Array
3d075fc4-5a01-47ce-bef0-a77acf71061d,"[{'case_id': '4a032bad-e726-48f2-8f39-e3acc109cc91', 'submitter_id': 'TCGA-BH-A0BZ'}]",707fad7d-f284-456a-abfa-17289b40579f.rna_seq.augmented_star_gene_counts.tsv,3d075fc4-5a01-47ce-bef0-a77acf71061d,Gene Expression Quantification,Transcriptome Profiling,RNA-Seq
1f4cb7ea-56d1-49e1-8ead-425d22b31dcd,"[{'case_id': '29df128d-ace2-40cf-88ee-3f6f2170f159', 'submitter_id': 'TCGA-A8-A095'}]",9dafa22c-39df-467b-920b-a1e42c820671_wxs_gdc_realn.bam,1f4cb7ea-56d1-49e1-8ead-425d22b31dcd,Aligned Reads,Sequencing Reads,WXS
f64eafc5-de0c-4fa9-8632-b1fd98edfc9d,"[{'case_id': '4aacbc42-5ac5-4339-b9fa-c6e812084837', 'submitter_id': 'TCGA-E9-A22A'}]",TCGA-BRCA.4f3773c4-6744-40d9-a7cc-5fca2d81c88b.arriba.rna_fusion.bedpe,f64eafc5-de0c-4fa9-8632-b1fd98edfc9d,Transcript Fusion,Structural Variation,RNA-Seq
01d5ea8e-19b1-4bd4-a8af-0a2128d56a3e,"[{'case_id': '29df128d-ace2-40cf-88ee-3f6f2170f159', 'submitter_id': 'TCGA-A8-A095'}]",d16f025a-4187-4632-b833-02a3ffa54210_wxs_gdc_realn.bam,01d5ea8e-19b1-4bd4-a8af-0a2128d56a3e,Aligned Reads,Sequencing Reads,WXS
86856564-acce-483d-b796-5ab6e9762f1f,"[{'case_id': '29df128d-ace2-40cf-88ee-3f6f2170f159', 'submitter_id': 'TCGA-A8-A095'}]",0d805179-d900-4e94-aabb-bec7e44c2691.wxs.mutect2.raw_somatic_mutation.vcf.gz,86856564-acce-483d-b796-5ab6e9762f1f,Raw Simple Somatic Mutation,Simple Nucleotide Variation,WXS
77c6f470-6a77-4351-b101-6940c011d383,"[{'case_id': '4aacbc42-5ac5-4339-b9fa-c6e812084837', 'submitter_id': 'TCGA-E9-A22A'}]",TCGA-BRCA.3b807901-2667-4023-8210-20c0ebb5d189.ascat3.gene_level_copy_number.v36.tsv,77c6f470-6a77-4351-b101-6940c011d383,Gene Level Copy Number,Copy Number Variation,Genotyping Array
854b4f9b-21c7-47c6-943c-4c2d92e55c4a,"[{'case_id': '4a032bad-e726-48f2-8f39-e3acc109cc91', 'submitter_id': 'TCGA-BH-A0BZ'}]",TCGA-BH-A0BZ-01A-31D-A890-36.WholeGenome.RP-1657.bam,854b4f9b-21c7-47c6-943c-4c2d92e55c4a,Aligned Reads,Sequencing Reads,WGS
89f54c9b-ebb7-49bf-a822-6d99fe0b8ff7,"[{'case_id': '29df128d-ace2-40cf-88ee-3f6f2170f159', 'submitter_id': 'TCGA-A8-A095'}]",TCGA-BRCA.8bb0471f-9d25-4c27-9a4c-ecc00090a7da.ascat3.gene_level_copy_number.v36.tsv,89f54c9b-ebb7-49bf-a822-6d99fe0b8ff7,Gene Level Copy Number,Copy Number Variation,Genotyping Array
39af8e4a-b74e-4e6b-8df6-f45fd662f6a5,"[{'case_id': '29df128d-ace2-40cf-88ee-3f6f2170f159', 'submitter_id': 'TCGA-A8-A095'}]",TCGA-BRCA.690d7b39-03a2-4e89-8140-920fbf0c1ed9.arriba.rna_fusion.bedpe,39af8e4a-b74e-4e6b-8df6-f45fd662f6a5,Transcript Fusion,Structural Variation,RNA-Seq
90cbfa07-43ad-4259-b1a9-96c6099e668b,"[{'case_id': '4a032bad-e726-48f2-8f39-e3acc109cc91', 'submitter_id': 'TCGA-BH-A0BZ'}]",382f8823-98e9-4a54-828c-5e9aba82327e.wxs.mutect2.raw_somatic_mutation.vcf.gz,90cbfa07-43ad-4259-b1a9-96c6099e668b,Raw Simple Somatic Mutation,Simple Nucleotide Variation,WXS
b6fa9239-d750-4672-9460-7c6d82ed28b5,"[{'case_id': '4a032bad-e726-48f2-8f39-e3acc109cc91', 'submitter_id': 'TCGA-BH-A0BZ'}]",TCGA_BRCA.ffa270a8-4327-45e9-a295-341b1ae3ef2d.wgs.VarScan2.somatic_annotation.vcf.gz,b6fa9239-d750-4672-9460-7c6d82ed28b5,Annotated Somatic Mutation,Simple Nucleotide Variation,WGS
4dc48295-8b8a-4596-ae14-4bb0b134c275,"[{'case_id': '5d1d00c6-fcae-479e-ae1e-de76efd41d98', 'submitter_id': 'TCGA-BH-A0BW'}]",TCGA-BRCA.aa63a87d-a050-47ad-9ace-36a76d031e16.arriba.rna_fusion.tsv,4dc48295-8b8a-4596-ae14-4bb0b134c275,Transcript Fusion,Structural Variation,RNA-Seq
d6d75be1-ccac-4c8c-a1f1-0c08c42929bf,"[{'case_id': '4a032bad-e726-48f2-8f39-e3acc109cc91', 'submitter_id': 'TCGA-BH-A0BZ'}]",625b3c30-771b-4f01-81c6-e896b1c2a53e.wxs.Pindel.aliquot.maf.gz,d6d75be1-ccac-4c8c-a1f1-0c08c42929bf,Annotated Somatic Mutation,Simple Nucleotide Variation,WXS
fabc542d-6a6f-4404-ab37-caa1bd26b1d8,"[{'case_id': '4aacbc42-5ac5-4339-b9fa-c6e812084837', 'submitter_id': 'TCGA-E9-A22A'}]",TCGA-BRCA.3b807901-2667-4023-8210-20c0ebb5d189.gene_level_copy_number.v36.tsv,fabc542d-6a6f-4404-ab37-caa1bd26b1d8,Gene Level Copy Number,Copy Number Variation,Genotyping Array
89d8348b-2769-4310-829a-f18ec8f5f192,"[{'case_id': '5d1d00c6-fcae-479e-ae1e-de76efd41d98', 'submitter_id': 'TCGA-BH-A0BW'}]",1af052f9-a584-4d92-a504-64d8e6e9ed30.wxs.MuSE.aliquot.maf.gz,89d8348b-2769-4310-829a-f18ec8f5f192,Annotated Somatic Mutation,Simple Nucleotide Variation,WXS
ed523496-4475-46bc-b485-0d8852d2ac90,"[{'case_id': '4a032bad-e726-48f2-8f39-e3acc109cc91', 'submitter_id': 'TCGA-BH-A0BZ'}]",TCGA-BH-A0BZ-01A-03-BSC.875682e9-3d99-4189-8ad1-f1e4e4bb7610.svs,ed523496-4475-46bc-b485-0d8852d2ac90,Slide Image,Biospecimen,Tissue Slide
503837ff-a0d2-4c2f-b334-9dd7fe520869,"[{'case_id': '4a032bad-e726-48f2-8f39-e3acc109cc91', 'submitter_id': 'TCGA-BH-A0BZ'}]",ea91d00f-af87-49b8-b7ee-0fb7f486c904_noid_Red.idat,503837ff-a0d2-4c2f-b334-9dd7fe520869,Masked Intensities,DNA Methylation,Methylation Array
b2435a37-79c9-4ca8-b1e2-db2ddef82073,"[{'case_id': '5d1d00c6-fcae-479e-ae1e-de76efd41d98', 'submitter_id': 'TCGA-BH-A0BW'}]",TCGA-BRCA.95ee1e28-2b56-48bb-b66e-bc1354953713.star_fusion.rna_fusion.bedpe,b2435a37-79c9-4ca8-b1e2-db2ddef82073,Transcript Fusion,Structural Variation,RNA-Seq
effdc910-4526-4f9a-99fc-9309f1e965ce,"[{'case_id': '5d1d00c6-fcae-479e-ae1e-de76efd41d98', 'submitter_id': 'TCGA-BH-A0BW'}]",TCGA-BH-A0BW-10A-01D-A890-36.WholeGenome.RP-1657.bam,effdc910-4526-4f9a-99fc-9309f1e965ce,Aligned Reads,Sequencing Reads,WGS
294a5c3e-c8fd-4ca3-add0-72e936094e26,"[{'case_id': '4a032bad-e726-48f2-8f39-e3acc109cc91', 'submitter_id': 'TCGA-BH-A0BZ'}]",TCGA-BRCA.fcf02e9c-afdd-4e58-bd5c-3a72878757b1.arriba.rna_fusion.bedpe,294a5c3e-c8fd-4ca3-add0-72e936094e26,Transcript Fusion,Structural Variation,RNA-Seq
7993ce5d-9f9b-406e-ab93-79da7c99f97c,"[{'case_id': '4a032bad-e726-48f2-8f39-e3acc109cc91', 'submitter_id': 'TCGA-BH-A0BZ'}]",382f8823-98e9-4a54-828c-5e9aba82327e.wxs.muse.raw_somatic_mutation.vcf.gz,7993ce5d-9f9b-406e-ab93-79da7c99f97c,Raw Simple Somatic Mutation,Simple Nucleotide Variation,WXS
72e97966-7bb8-4312-b9f6-61ecb0196a76,"[{'case_id': 'eadf8482-e60e-4307-adb7-d5c3b9fa6cae', 'submitter_id': 'TCGA-A2-A25B'}]",a5810311-9dfb-4b9a-afbb-7a722f202cf7.wxs.mutect2.raw_somatic_mutation.vcf.gz,72e97966-7bb8-4312-b9f6-61ecb0196a76,Raw Simple Somatic Mutation,Simple Nucleotide Variation,WXS
af4d3d32-45f7-423e-a676-d9a38f20e084,"[{'case_id': 'eadf8482-e60e-4307-adb7-d5c3b9fa6cae', 'submitter_id': 'TCGA-A2-A25B'}]",TCGA-A2-A25B-01A-11R-A168-13_mirna_gdc_realn.bam,af4d3d32-45f7-423e-a676-d9a38f20e084,Aligned Reads,Sequencing Reads,miRNA-Seq
303e801d-a952-48ee-aa4c-3278dd07cde2,"[{'case_id': '4a032bad-e726-48f2-8f39-e3acc109cc91', 'submitter_id': 'TCGA-BH-A0BZ'}]",707fad7d-f284-456a-abfa-17289b40579f.rna_seq.star_splice_junctions.tsv.gz,303e801d-a952-48ee-aa4c-3278dd07cde2,Splice Junction Quantification,Transcriptome Profiling,RNA-Seq
22fee50c-f6bc-4128-b8e7-672ea46910d9,"[{'case_id': '5d1d00c6-fcae-479e-ae1e-de76efd41d98', 'submitter_id': 'TCGA-BH-A0BW'}]",TCGA_BRCA.d1a5cafe-59ea-4b5c-9801-9d325618364b.wgs.GATK4_MuTect2_Pair.somatic_annotation.vcf.gz,22fee50c-f6bc-4128-b8e7-672ea46910d9,Annotated Somatic Mutation,Simple Nucleotide Variation,WGS
bf590f57-180c-444c-a2f8-2b4087bdc1c5,"[{'case_id': 'eadf8482-e60e-4307-adb7-d5c3b9fa6cae', 'submitter_id': 'TCGA-A2-A25B'}]",5cd141e2-54af-4fdb-b3b6-cfe16b5190fa.wxs.Pindel.aliquot.maf.gz,bf590f57-180c-444c-a2f8-2b4087bdc1c5,Annotated Somatic Mutation,Simple Nucleotide Variation,WXS
1a19806a-c4de-4ad3-9de8-7afa58e42f8a,"[{'case_id': '5d1d00c6-fcae-479e-ae1e-de76efd41d98', 'submitter_id': 'TCGA-BH-A0BW'}]",TCGA-BRCA.32158971-d130-413c-b5a4-3e0c332df82c.wgs.varscan2.raw_somatic_mutation.vcf.gz,1a19806a-c4de-4ad3-9de8-7afa58e42f8a,Raw Simple Somatic Mutation,Simple Nucleotide Variation,WGS
172b1a79-538b-458a-8190-f6cbb25ce619,"[{'case_id': 'eadf8482-e60e-4307-adb7-d5c3b9fa6cae', 'submitter_id': 'TCGA-A2-A25B'}]",6e839eaf-1dbb-43f5-8846-c980e05540c7_wxs_gdc_realn.bam,172b1a79-538b-458a-8190-f6cbb25ce619,Aligned Reads,Sequencing Reads,WXS
8347c8ba-c60c-4f2b-9c54-0376c0d801af,"[{'case_id': '5d1d00c6-fcae-479e-ae1e-de76efd41d98', 'submitter_id': 'TCGA-BH-A0BW'}]",aeee03c3-20b3-4f96-b686-52111ce99a63.rna_seq.star_splice_junctions.tsv.gz,8347c8ba-c60c-4f2b-9c54-0376c0d801af,Splice Junction Quantification,Transcriptome Profiling,RNA-Seq
ef7cfd93-4674-4dca-aa39-b670b3f60a27,"[{'case_id': '5d1d00c6-fcae-479e-ae1e-de76efd41d98', 'submitter_id': 'TCGA-BH-A0BW'}]",9c0d510b-caf7-4b67-8244-99e3ceb4507c.wxs.pindel.raw_somatic_mutation.vcf.gz,ef7cfd93-4674-4dca-aa39-b670b3f60a27,Raw Simple Somatic Mutation,Simple Nucleotide Variation,WXS
6d18c46e-cfc3-4118-a3eb-8c78c072cba5,"[{'case_id': '4a032bad-e726-48f2-8f39-e3acc109cc91', 'submitter_id': 'TCGA-BH-A0BZ'}]",b1e03953-263f-4331-b386-487cdc897425.rna_seq.star_splice_junctions.tsv.gz,6d18c46e-cfc3-4118-a3eb-8c78c072cba5,Splice Junction Quantification,Transcriptome Profiling,RNA-Seq
4f4eac46-3c0c-40f4-82a7-5fd6be11afc2,"[{'case_id': '5d1d00c6-fcae-479e-ae1e-de76efd41d98', 'submitter_id': 'TCGA-BH-A0BW'}]",20f5ce9d-da3c-462e-a82d-3e0d0c8d28ed_noid_Grn.idat,4f4eac46-3c0c-40f4-82a7-5fd6be11afc2,Masked Intensities,DNA Methylation,Methylation Array
48b25061-168a-4876-8a3c-17f12ef0dd1d,"[{'case_id': 'eadf8482-e60e-4307-adb7-d5c3b9fa6cae', 'submitter_id': 'TCGA-A2-A25B'}]",97c38850-0fa9-4b3c-a132-e4abf0c8e646.somatic_sv.vcf.gz,48b25061-168a-4876-8a3c-17f12ef0dd1d,Structural Rearrangement,Somatic Structural Variation,WGS
3186e029-bca4-4175-b4f3-cab94e83c35f,"[{'case_id': '5d1d00c6-fcae-479e-ae1e-de76efd41d98', 'submitter_id': 'TCGA-BH-A0BW'}]",07b5141f-ac79-439b-883b-b0183bbe7ff5_wgs_gdc_realn.cr.igv.reheader.seg.txt,3186e029-bca4-4175-b4f3-cab94e83c35f,Copy Number Segment,Copy Number Variation,WGS
b1e977d8-13a4-497f-9a03-983d738d37ec,"[{'case_id': 'eadf8482-e60e-4307-adb7-d5c3b9fa6cae', 'submitter_id': 'TCGA-A2-A25B'}]",TCGA_BRCA.492fc75a-09cd-40c0-ac7e-c35531ff47fd.wgs.VarScan2.somatic_annotation.vcf.gz,b1e977d8-13a4-497f-9a03-983d738d37ec,Annotated Somatic Mutation,Simple Nucleotide Variation,WGS
26d472c4-ef19-482d-9277-1f2d311e75f8,"[{'case_id': '4a032bad-e726-48f2-8f39-e3acc109cc91', 'submitter_id': 'TCGA-BH-A0BZ'}]",TCGA-BRCA.fcf02e9c-afdd-4e58-bd5c-3a72878757b1.arriba.rna_fusion.tsv,26d472c4-ef19-482d-9277-1f2d311e75f8,Transcript Fusion,Structural Variation,RNA-Seq
29f0979c-4781-41a0-aa62-9e8f2299a0dd,"[{'case_id': '5d1d00c6-fcae-479e-ae1e-de76efd41d98', 'submitter_id': 'TCGA-BH-A0BW'}]",aeee03c3-20b3-4f96-b686-52111ce99a63.rna_seq.transcriptome.gdc_realn.bam,29f0979c-4781-41a0-aa62-9e8f2299a0dd,Aligned Reads,Sequencing Reads,RNA-Seq
6a8ec312-1754-42f8-806d-c36d0835afb5,"[{'case_id': 'eadf8482-e60e-4307-adb7-d5c3b9fa6cae', 'submitter_id': 'TCGA-A2-A25B'}]",c16cf182-b4b2-42c0-a2b1-ce071638de2f_wgs_gdc_realn.bam,6a8ec312-1754-42f8-806d-c36d0835afb5,Aligned Reads,Sequencing Reads,WGS
3e6d86f2-1456-40f6-9d81-a3995f6d810a,"[{'case_id': '4a032bad-e726-48f2-8f39-e3acc109cc91', 'submitter_id': 'TCGA-BH-A0BZ'}]",707fad7d-f284-456a-abfa-17289b40579f.rna_seq.genomic.gdc_realn.bam,3e6d86f2-1456-40f6-9d81-a3995f6d810a,Aligned Reads,Sequencing Reads,RNA-Seq
68db173f-35b5-44e9-9c80-b5fb4d473069,"[{'case_id': '4a032bad-e726-48f2-8f39-e3acc109cc91', 'submitter_id': 'TCGA-BH-A0BZ'}]",TCGA-BRCA.2f501081-a1e4-476d-8f31-1773ef0c86bc.arriba.rna_fusion.bedpe,68db173f-35b5-44e9-9c80-b5fb4d473069,Transcript Fusion,Structural Variation,RNA-Seq
e3976c14-c931-40ac-a5df-7e82bd421be7,"[{'case_id': '4a032bad-e726-48f2-8f39-e3acc109cc91', 'submitter_id': 'TCGA-BH-A0BZ'}]",TCGA-BRCA.77c6db1e-b71d-493c-9677-059436126e50.star_fusion.rna_fusion.tsv,e3976c14-c931-40ac-a5df-7e82bd421be7,Transcript Fusion,Structural Variation,RNA-Seq
a14cdba4-8ef1-4ba3-9d54-510c1f7767a2,"[{'case_id': 'eadf8482-e60e-4307-adb7-d5c3b9fa6cae', 'submitter_id': 'TCGA-A2-A25B'}]",TCGA-BRCA.2dc67a1c-a45f-43dd-a3e6-b55bdf8b782d.wgs.varscan2.raw_somatic_mutation.vcf.gz,a14cdba4-8ef1-4ba3-9d54-510c1f7767a2,Raw Simple Somatic Mutation,Simple Nucleotide Variation,WGS
5eea2956-7550-4782-aa6e-353a06bc26a8,"[{'case_id': 'eadf8482-e60e-4307-adb7-d5c3b9fa6cae', 'submitter_id': 'TCGA-A2-A25B'}]",TCGA-BRCA.5d0ebf67-dd44-4d74-9253-c2050db2dbdd.wgs.tumor_normal.gatk4_mutect2.raw_somatic_mutation.vcf.gz,5eea2956-7550-4782-aa6e-353a06bc26a8,Raw Simple Somatic Mutation,Simple Nucleotide Variation,WGS
c814b311-3674-41a1-8523-bc30c3b5d952,"[{'case_id': '4a032bad-e726-48f2-8f39-e3acc109cc91', 'submitter_id': 'TCGA-BH-A0BZ'}]",TCGA_BRCA.c02342eb-6aa8-46c2-b733-77540924b2d6.wxs.Pindel.somatic_annotation.vcf.gz,c814b311-3674-41a1-8523-bc30c3b5d952,Annotated Somatic Mutation,Simple Nucleotide Variation,WXS
3f9b27bb-feea-4260-b7a7-14a61a09278d,"[{'case_id': '5d1d00c6-fcae-479e-ae1e-de76efd41d98', 'submitter_id': 'TCGA-BH-A0BW'}]",TCGA-BRCA.0322f6c5-05ba-447e-b9ad-3a72af44f7d7.star_fusion.rna_fusion.tsv,3f9b27bb-feea-4260-b7a7-14a61a09278d,Transcript Fusion,Structural Variation,RNA-Seq
228c1755-2789-42cd-8d60-4797312d5c07,"[{'case_id': '4a032bad-e726-48f2-8f39-e3acc109cc91', 'submitter_id': 'TCGA-BH-A0BZ'}]",ea91d00f-af87-49b8-b7ee-0fb7f486c904.methylation_array.sesame.level3betas.txt,228c1755-2789-42cd-8d60-4797312d5c07,Methylation Beta Value,DNA Methylation,Methylation Array
0a154820-1aec-4efe-a4dc-1d3a9eb3a7cf,"[{'case_id': '4a032bad-e726-48f2-8f39-e3acc109cc91', 'submitter_id': 'TCGA-BH-A0BZ'}]",TCGA-BH-A0BZ-01A-31D-A890-36.WholeGenome.RP-1657.cr.igv.reheader.seg.txt,0a154820-1aec-4efe-a4dc-1d3a9eb3a7cf,Copy Number Segment,Copy Number Variation,WGS
da082c85-d9cf-4dc3-9068-6bdee7bedf1c,"[{'case_id': 'eadf8482-e60e-4307-adb7-d5c3b9fa6cae', 'submitter_id': 'TCGA-A2-A25B'}]",TCGA-BRCA.c3e3fa63-a73f-4311-99e2-281644742d1b.wgs.tumor_normal.gatk4_mutect2.raw_somatic_mutation.vcf.gz,da082c85-d9cf-4dc3-9068-6bdee7bedf1c,Raw Simple Somatic Mutation,Simple Nucleotide Variation,WGS
f224944b-05f8-4034-9890-9c7e91edfefb,"[{'case_id': '4a032bad-e726-48f2-8f39-e3acc109cc91', 'submitter_id': 'TCGA-BH-A0BZ'}]",da9d677a-cabd-4c0c-95b7-4002d7af5a3b.wgs.gatk4.copy_number_variation.supplementary.tar.gz,f224944b-05f8-4034-9890-9c7e91edfefb,Intermediate Analysis Archive,Copy Number Variation,WGS
f599be9a-0cac-4441-905c-5a6c87e7bc8c,"[{'case_id': '5d1d00c6-fcae-479e-ae1e-de76efd41d98', 'submitter_id': 'TCGA-BH-A0BW'}]",741fb6d6-364f-47a0-a262-f18235c48fc4.rna_seq.augmented_star_gene_counts.tsv,f599be9a-0cac-4441-905c-5a6c87e7bc8c,Gene Expression Quantification,Transcriptome Profiling,RNA-Seq
db984f2e-2ba0-4dcc-b508-1d304d7a0608,"[{'case_id': '5d1d00c6-fcae-479e-ae1e-de76efd41d98', 'submitter_id': 'TCGA-BH-A0BW'}]",4fe9e340-5314-4633-befe-c09aad28d7bf_wxs_gdc_realn.bam,db984f2e-2ba0-4dcc-b508-1d304d7a0608,Aligned Reads,Sequencing Reads,WXS
7687181d-8ab3-49e7-8b3c-17883c79ea27,"[{'case_id': '4a032bad-e726-48f2-8f39-e3acc109cc91', 'submitter_id': 'TCGA-BH-A0BZ'}]",nationwidechildrens.org_clinical.TCGA-BH-A0BZ.xml,7687181d-8ab3-49e7-8b3c-17883c79ea27,Clinical Supplement,Clinical,
233e4dd1-98ad-4ba5-a4bd-3370bfa552d6,"[{'case_id': '5d1d00c6-fcae-479e-ae1e-de76efd41d98', 'submitter_id': 'TCGA-BH-A0BW'}]",e53064d8-408f-4654-ac2c-b7108c45d79d.somatic.SV.bedpe,233e4dd1-98ad-4ba5-a4bd-3370bfa552d6,Structural Rearrangement,Somatic Structural Variation,WGS
836c2cf3-c42c-4dbb-ae11-48e61a6728b6,"[{'case_id': '4a032bad-e726-48f2-8f39-e3acc109cc91', 'submitter_id': 'TCGA-BH-A0BZ'}]",JOUAL_p_TCGA_b96_SNP_N_GenomeWideSNP_6_C03_748014.nocnv_grch38.seg.v2.txt,836c2cf3-c42c-4dbb-ae11-48e61a6728b6,Masked Copy Number Segment,Copy Number Variation,Genotyping Array
211d1e35-9cb4-4cbc-878b-33571d4605aa,"[{'case_id': 'a6a863d9-b39d-4965-b47f-79a1bcf3c976', 'submitter_id': 'TCGA-A1-A0SH'}]",7b11457a-e0d9-425b-a1fa-e2d75054f870.wxs.MuTect2.aliquot.maf.gz,211d1e35-9cb4-4cbc-878b-33571d4605aa,Annotated Somatic Mutation,Simple Nucleotide Variation,WXS
ab56892d-db47-4f65-a535-0f15e24d21b2,"[{'case_id': '4a032bad-e726-48f2-8f39-e3acc109cc91', 'submitter_id': 'TCGA-BH-A0BZ'}]",TCGA-BRCA.6eee21c1-5bc4-4eb7-bf40-151fc831d5b9.ascat2.allelic_specific.seg.txt,ab56892d-db47-4f65-a535-0f15e24d21b2,Allele-specific Copy Number Segment,Copy Number Variation,Genotyping Array
ce972153-dbbe-46b3-babf-f1a3af330a0e,"[{'case_id': '5d1d00c6-fcae-479e-ae1e-de76efd41d98', 'submitter_id': 'TCGA-BH-A0BW'}]",741fb6d6-364f-47a0-a262-f18235c48fc4.rna_seq.transcriptome.gdc_realn.bam,ce972153-dbbe-46b3-babf-f1a3af330a0e,Aligned Reads,Sequencing Reads,RNA-Seq
6c1706f7-4311-4b3b-b3db-d03fc81e0789,"[{'case_id': '4a032bad-e726-48f2-8f39-e3acc109cc91', 'submitter_id': 'TCGA-BH-A0BZ'}]",TCGA_BRCA.c5b7e28a-508a-45e1-ba08-d07daf2fea4f.wxs.VarScan2.somatic_annotation.vcf.gz,6c1706f7-4311-4b3b-b3db-d03fc81e0789,Annotated Somatic Mutation,Simple Nucleotide Variation,WXS
3df1c09a-a4fb-467a-a498-91160b5a2992,"[{'case_id': '5d1d00c6-fcae-479e-ae1e-de76efd41d98', 'submitter_id': 'TCGA-BH-A0BW'}]",URAEI_p_TCGASNP_b85_N_GenomeWideSNP_6_G04_735070.grch38.seg.v2.txt,3df1c09a-a4fb-467a-a498-91160b5a2992,Copy Number Segment,Copy Number Variation,Genotyping Array
12820cd4-1a8d-4cdf-b47a-b31c926ab7e1,"[{'case_id': 'a6a863d9-b39d-4965-b47f-79a1bcf3c976', 'submitter_id': 'TCGA-A1-A0SH'}]",acc69d43-989d-4ee9-a767-9470c099ad78.mirbase21.mirnas.quantification.txt,12820cd4-1a8d-4cdf-b47a-b31c926ab7e1,miRNA Expression Quantification,Transcriptome Profiling,miRNA-Seq
e8ed4c84-75c3-4787-9af4-97b4c40d6589,"[{'case_id': '4a032bad-e726-48f2-8f39-e3acc109cc91', 'submitter_id': 'TCGA-BH-A0BZ'}]",TCGA_BRCA.c6965ea2-4edd-424b-92af-51c17cfb4e36.wxs.MuTect2.somatic_annotation.vcf.gz,e8ed4c84-75c3-4787-9af4-97b4c40d6589,Annotated Somatic Mutation,Simple Nucleotide Variation,WXS
425a3503-df41-4763-892c-e0975f78dfd9,"[{'case_id': '5d1d00c6-fcae-479e-ae1e-de76efd41d98', 'submitter_id': 'TCGA-BH-A0BW'}]",TCGA-BRCA.75a4c81e-50fb-4ea4-b973-9e6e666f0e19.absolute_liftover.gene_level_copy_number.v36.tsv,425a3503-df41-4763-892c-e0975f78dfd9,Gene Level Copy Number,Copy Number Variation,Genotyping Array
f27f86f9-ad24-430f-bfde-50c6c71052eb,"[{'case_id': 'a6a863d9-b39d-4965-b47f-79a1bcf3c976', 'submitter_id': 'TCGA-A1-A0SH'}]",TCGA-BRCA.527becb6-8b53-4bb0-aad2-802b4297668b.arriba.rna_fusion.tsv,f27f86f9-ad24-430f-bfde-50c6c71052eb,Transcript Fusion,Structural Variation,RNA-Seq
cafd0d7e-5ada-4d0a-bf70-8343725f7b0e,"[{'case_id': '4aa68586-6331-4795-b40c-859386640df6', 'submitter_id': 'TCGA-BH-A1FE'}]",8f08cee9-a91f-4305-bf8d-efeee9cd386c.rna_seq.genomic.gdc_realn.bam,cafd0d7e-5ada-4d0a-bf70-8343725f7b0e,Aligned Reads,Sequencing Reads,RNA-Seq
e34c20ff-8377-44c8-b534-9d48b9564f20,"[{'case_id': '5d1d00c6-fcae-479e-ae1e-de76efd41d98', 'submitter_id': 'TCGA-BH-A0BW'}]",TCGA-BRCA.aa63a87d-a050-47ad-9ace-36a76d031e16.arriba.rna_fusion.bedpe,e34c20ff-8377-44c8-b534-9d48b9564f20,Transcript Fusion,Structural Variation,RNA-Seq
64533c46-a43d-4803-97ae-31a8351a25fc,"[{'case_id': '5d1d00c6-fcae-479e-ae1e-de76efd41d98', 'submitter_id': 'TCGA-BH-A0BW'}]",c039beb5-6e40-481c-a2e9-e138c65a401f_noid_Red.idat,64533c46-a43d-4803-97ae-31a8351a25fc,Masked Intensities,DNA Methylation,Methylation Array
8fdbdedc-824e-4fe6-b5f8-856c77ba2967,"[{'case_id': '4aa68586-6331-4795-b40c-859386640df6', 'submitter_id': 'TCGA-BH-A1FE'}]",4c5f6397-fd33-4346-8044-829d85e273b5.wxs.aliquot_ensemble_raw.maf.gz,8fdbdedc-824e-4fe6-b5f8-856c77ba2967,Aggregated Somatic Mutation,Simple Nucleotide Variation,WXS
bf817613-beb9-4912-be58-ca6e594313c5,"[{'case_id': '4aa68586-6331-4795-b40c-859386640df6', 'submitter_id': 'TCGA-BH-A1FE'}]",8f08cee9-a91f-4305-bf8d-efeee9cd386c.rna_seq.star_splice_junctions.tsv.gz,bf817613-beb9-4912-be58-ca6e594313c5,Splice Junction Quantification,Transcriptome Profiling,RNA-Seq
f3533714-4d93-4e83-9f58-3c9dda0effba,"[{'case_id': '5d1d00c6-fcae-479e-ae1e-de76efd41d98', 'submitter_id': 'TCGA-BH-A0BW'}]",84fad10f-82a3-41a0-bbc8-8be2a4962880.mirbase21.isoforms.quantification.txt,f3533714-4d93-4e83-9f58-3c9dda0effba,Isoform Expression Quantification,Transcriptome Profiling,miRNA-Seq
f13957d1-1761-4521-936f-1ad3a40e1ab8,"[{'case_id': 'a6a863d9-b39d-4965-b47f-79a1bcf3c976', 'submitter_id': 'TCGA-A1-A0SH'}]",95bb2613-9194-434c-801b-fd18aa183f6a.rna_seq.star_splice_junctions.tsv.gz,f13957d1-1761-4521-936f-1ad3a40e1ab8,Splice Junction Quantification,Transcriptome Profiling,RNA-Seq
156435db-2142-432a-9db0-c42696843005,"[{'case_id': '4aa68586-6331-4795-b40c-859386640df6', 'submitter_id': 'TCGA-BH-A1FE'}]",MINAE_p_TCGA_200_202_203_SNP_N_GenomeWideSNP_6_D04_955122.nocnv_grch38.seg.v2.txt,156435db-2142-432a-9db0-c42696843005,Masked Copy Number Segment,Copy Number Variation,Genotyping Array
84bed871-2731-4d75-ba06-9a614a2e726e,"[{'case_id': '4aa68586-6331-4795-b40c-859386640df6', 'submitter_id': 'TCGA-BH-A1FE'}]",TCGA-BH-A1FE-06A-21-A24B-20_RPPA_data.tsv,84bed871-2731-4d75-ba06-9a614a2e726e,Protein Expression Quantification,Proteome Profiling,Reverse Phase Protein Array
20d3ad1b-ae7e-42f2-940a-4e41cfe8db90,"[{'case_id': '5d1d00c6-fcae-479e-ae1e-de76efd41d98', 'submitter_id': 'TCGA-BH-A0BW'}]",TCGA-BRCA.75a4c81e-50fb-4ea4-b973-9e6e666f0e19.ascat3.allelic_specific.seg.txt,20d3ad1b-ae7e-42f2-940a-4e41cfe8db90,Allele-specific Copy Number Segment,Copy Number Variation,Genotyping Array
10eebacc-96bd-438c-968c-f3d42fdb303e,"[{'case_id': '4aa68586-6331-4795-b40c-859386640df6', 'submitter_id': 'TCGA-BH-A1FE'}]",8f08cee9-a91f-4305-bf8d-efeee9cd386c.rna_seq.chimeric.gdc_realn.bam,10eebacc-96bd-438c-968c-f3d42fdb303e,Aligned Reads,Sequencing Reads,RNA-Seq
b6f6b687-a496-4ae3-809b-ee9c5f0c4f6c,"[{'case_id': 'a6a863d9-b39d-4965-b47f-79a1bcf3c976', 'submitter_id': 'TCGA-A1-A0SH'}]",TCGA-BRCA.43ba3339-996b-4477-878f-4a62c471ab5f.ascat2.allelic_specific.seg.txt,b6f6b687-a496-4ae3-809b-ee9c5f0c4f6c,Allele-specific Copy Number Segment,Copy Number Variation,Genotyping Array
f17ad0a0-0881-4e81-bcbe-fb99c56266c4,"[{'case_id': '4aa68586-6331-4795-b40c-859386640df6', 'submitter_id': 'TCGA-BH-A1FE'}]",2e4316d2-5fe5-4ee1-9b22-73f4c42b6202.rna_seq.genomic.gdc_realn.bam,f17ad0a0-0881-4e81-bcbe-fb99c56266c4,Aligned Reads,Sequencing Reads,RNA-Seq
49bceefe-9cfc-4600-abda-977b4646471d,"[{'case_id': '5d1d00c6-fcae-479e-ae1e-de76efd41d98', 'submitter_id': 'TCGA-BH-A0BW'}]",ecdac032-e125-4cd8-ba62-6265ecffb3d7_wgs_gdc_realn.bam,49bceefe-9cfc-4600-abda-977b4646471d,Aligned Reads,Sequencing Reads,WGS
525c22ee-8922-4b07-9c5c-eafe0d3c9f94,"[{'case_id': 'a6a863d9-b39d-4965-b47f-79a1bcf3c976', 'submitter_id': 'TCGA-A1-A0SH'}]",SHAWM_p_TCGAb72_SNP_N_GenomeWideSNP_6_G04_698124.birdseed.data.txt,525c22ee-8922-4b07-9c5c-eafe0d3c9f94,Simple Germline Variation,Simple Nucleotide Variation,Genotyping Array
58a56fd4-0ce4-4bb3-83a7-8e38278dc8e1,"[{'case_id': '5d1d00c6-fcae-479e-ae1e-de76efd41d98', 'submitter_id': 'TCGA-BH-A0BW'}]",URAEI_p_TCGASNP_b85_N_GenomeWideSNP_6_G03_735058.nocnv_grch38.seg.v2.txt,58a56fd4-0ce4-4bb3-83a7-8e38278dc8e1,Masked Copy Number Segment,Copy Number Variation,Genotyping Array
ccf38eda-e95b-4392-9f05-cfbdbbf8fbf8,"[{'case_id': '4aa68586-6331-4795-b40c-859386640df6', 'submitter_id': 'TCGA-BH-A1FE'}]",fc453520-f6f1-4f4f-b3a6-0d4c6c4650c1.mirbase21.mirnas.quantification.txt,ccf38eda-e95b-4392-9f05-cfbdbbf8fbf8,miRNA Expression Quantification,Transcriptome Profiling,miRNA-Seq
9a6d1ef1-a41e-466d-b62a-8642c24b7ab2,"[{'case_id': '4aa68586-6331-4795-b40c-859386640df6', 'submitter_id': 'TCGA-BH-A1FE'}]",TCGA-BRCA.0a348bc2-5de6-492a-b943-7b0a8ad57574.star_fusion.rna_fusion.bedpe,9a6d1ef1-a41e-466d-b62a-8642c24b7ab2,Transcript Fusion,Structural Variation,RNA-Seq
bae98588-3daa-48f4-b93f-e3cf84ba6d8a,"[{'case_id': '5d1d00c6-fcae-479e-ae1e-de76efd41d98', 'submitter_id': 'TCGA-BH-A0BW'}]",URAEI_p_TCGASNP_b85_N_GenomeWideSNP_6_G04_735070.CEL,bae98588-3daa-48f4-b93f-e3cf84ba6d8a,Raw Intensities,Copy Number Variation,Genotyping Array
6996f601-db03-45e2-b481-2a6d76fced46,"[{'case_id': '4aa68586-6331-4795-b40c-859386640df6', 'submitter_id': 'TCGA-BH-A1FE'}]",1b37bb13-c282-436f-b89e-709a3f475747.wxs.VarScan2.aliquot.maf.gz,6996f601-db03-45e2-b481-2a6d76fced46,Annotated Somatic Mutation,Simple Nucleotide Variation,WXS
e4e718d6-2acf-4f7b-9cdb-0bb9361d9ad0,"[{'case_id': '4aa68586-6331-4795-b40c-859386640df6', 'submitter_id': 'TCGA-BH-A1FE'}]",65387419-3f0e-402a-9b1a-a93ec60bab35.wxs.MuTect2.aliquot.maf.gz,e4e718d6-2acf-4f7b-9cdb-0bb9361d9ad0,Annotated Somatic Mutation,Simple Nucleotide Variation,WXS
d63fe05a-5ff5-4cf0-a499-fed5ff6a4fd6,"[{'case_id': '4aa68586-6331-4795-b40c-859386640df6', 'submitter_id': 'TCGA-BH-A1FE'}]",TCGA_BRCA.b7cf0306-42fc-4961-bbb7-6efebe9bff50.wxs.MuSE.somatic_annotation.vcf.gz,d63fe05a-5ff5-4cf0-a499-fed5ff6a4fd6,Annotated Somatic Mutation,Simple Nucleotide Variation,WXS
4925fcdf-56b3-4701-b7f5-ed14181cd489,"[{'case_id': '0807435a-e75e-4e04-8e45-ed0cd49a841a', 'submitter_id': 'TCGA-B6-A0IA'}]",TCGA_BRCA.088e57ed-ebc9-4c16-ac41-b04e30c53b03.wgs.SvABA_Somatic.somatic_annotation.vcf.gz,4925fcdf-56b3-4701-b7f5-ed14181cd489,Annotated Somatic Mutation,Simple Nucleotide Variation,WGS
3bd526e6-0cc0-413e-8966-25f245be9bd9,"[{'case_id': '0807435a-e75e-4e04-8e45-ed0cd49a841a', 'submitter_id': 'TCGA-B6-A0IA'}]",TCGA-B6-A0IA-01A-11D-A892-36.WholeGenome.RP-1657.bam,3bd526e6-0cc0-413e-8966-25f245be9bd9,Aligned Reads,Sequencing Reads,WGS
73660cf6-0156-42a5-bae1-903b81c1b152,"[{'case_id': '0807435a-e75e-4e04-8e45-ed0cd49a841a', 'submitter_id': 'TCGA-B6-A0IA'}]",91d22570-2889-46c5-9efe-5c40a4f84e5b.rna_seq.star_splice_junctions.tsv.gz,73660cf6-0156-42a5-bae1-903b81c1b152,Splice Junction Quantification,Transcriptome Profiling,RNA-Seq
6068888e-2aaf-4116-9d7e-83a9a21ac41d,"[{'case_id': '4aa68586-6331-4795-b40c-859386640df6', 'submitter_id': 'TCGA-BH-A1FE'}]",7f2cee37-fb09-4126-9d71-7678c38c7e52.wxs.VarScan2.aliquot.maf.gz,6068888e-2aaf-4116-9d7e-83a9a21ac41d,Annotated Somatic Mutation,Simple Nucleotide Variation,WXS
59ed5f06-8a33-4107-8ea1-a80f62186df2,"[{'case_id': '4aa68586-6331-4795-b40c-859386640df6', 'submitter_id': 'TCGA-BH-A1FE'}]",TCGA-BRCA.1427907e-73c9-42c0-ab7b-64cd9b64d874.absolute_liftover.gene_level_copy_number.v36.tsv,59ed5f06-8a33-4107-8ea1-a80f62186df2,Gene Level Copy Number,Copy Number Variation,Genotyping Array
4c4ab5ab-0bab-4c66-aa66-4237d7a61d9c,"[{'case_id': '5d1d00c6-fcae-479e-ae1e-de76efd41d98', 'submitter_id': 'TCGA-BH-A0BW'}]",TCGA-BRCA.75a4c81e-50fb-4ea4-b973-9e6e666f0e19.ascat3.gene_level_copy_number.v36.tsv,4c4ab5ab-0bab-4c66-aa66-4237d7a61d9c,Gene Level Copy Number,Copy Number Variation,Genotyping Array
9155828b-1336-4a8a-8287-d0cc45003d8c,"[{'case_id': '4aa68586-6331-4795-b40c-859386640df6', 'submitter_id': 'TCGA-BH-A1FE'}]",TCGA-BRCA.9817a432-9c60-42d5-928e-531e3fd480dd.gene_level_copy_number.v36.tsv,9155828b-1336-4a8a-8287-d0cc45003d8c,Gene Level Copy Number,Copy Number Variation,Genotyping Array
ed83022b-2e54-4c07-a5a2-982bea421352,"[{'case_id': '4aa68586-6331-4795-b40c-859386640df6', 'submitter_id': 'TCGA-BH-A1FE'}]",TCGA-BH-A1FE.098BAFB4-94D0-4FC8-B938-D8A410BD8FC1.PDF,ed83022b-2e54-4c07-a5a2-982bea421352,Pathology Report,Clinical,
c812ec8d-5ab4-496f-9da0-6d842678146a,"[{'case_id': '5d1d00c6-fcae-479e-ae1e-de76efd41d98', 'submitter_id': 'TCGA-BH-A0BW'}]",07b5141f-ac79-439b-883b-b0183bbe7ff5_wxs_gdc_realn.bam,c812ec8d-5ab4-496f-9da0-6d842678146a,Aligned Reads,Sequencing Reads,WXS
4f54add3-c33d-4bc9-9e1f-c75f52d15f1e,"[{'case_id': '4aa68586-6331-4795-b40c-859386640df6', 'submitter_id': 'TCGA-BH-A1FE'}]",2e4316d2-5fe5-4ee1-9b22-73f4c42b6202.rna_seq.augmented_star_gene_counts.tsv,4f54add3-c33d-4bc9-9e1f-c75f52d15f1e,Gene Expression Quantification,Transcriptome Profiling,RNA-Seq
00ecd066-130e-4645-aa28-2468f479691f,"[{'case_id': '5d1d00c6-fcae-479e-ae1e-de76efd41d98', 'submitter_id': 'TCGA-BH-A0BW'}]",7f877934-b23c-45fe-a044-ca1ff9b901cc.wgs.gatk4.copy_number_variation.supplementary.tar.gz,00ecd066-130e-4645-aa28-2468f479691f,Intermediate Analysis Archive,Copy Number Variation,WGS
a26b1f82-c880-4dbc-a8c3-8783480d02b2,"[{'case_id': '5d1d00c6-fcae-479e-ae1e-de76efd41d98', 'submitter_id': 'TCGA-BH-A0BW'}]",20f5ce9d-da3c-462e-a82d-3e0d0c8d28ed_noid_Red.idat,a26b1f82-c880-4dbc-a8c3-8783480d02b2,Masked Intensities,DNA Methylation,Methylation Array
32cf938a-31cf-4ffd-b5ee-f4ed0478cb34,"[{'case_id': '0807435a-e75e-4e04-8e45-ed0cd49a841a', 'submitter_id': 'TCGA-B6-A0IA'}]",f7e5ada6-8f53-4765-a874-5ee9d258ad6a_wxs_gdc_realn.bam,32cf938a-31cf-4ffd-b5ee-f4ed0478cb34,Aligned Reads,Sequencing Reads,WXS
94ed5a37-2b3c-4253-9ae8-8d80d7c9fee2,"[{'case_id': '4aa68586-6331-4795-b40c-859386640df6', 'submitter_id': 'TCGA-BH-A1FE'}]",c9c7106d-96eb-4f60-b0bf-b2b6395d7f7b.methylation_array.sesame.level3betas.txt,94ed5a37-2b3c-4253-9ae8-8d80d7c9fee2,Methylation Beta Value,DNA Methylation,Methylation Array
356d8b91-882b-4e7c-9f5c-e4783af71239,"[{'case_id': '4aa68586-6331-4795-b40c-859386640df6', 'submitter_id': 'TCGA-BH-A1FE'}]",427217a0-b24a-4c7f-bc17-c0094b490bdc.mirbase21.isoforms.quantification.txt,356d8b91-882b-4e7c-9f5c-e4783af71239,Isoform Expression Quantification,Transcriptome Profiling,miRNA-Seq
cb49be69-7ca9-4a04-b164-76e8799abf3a,"[{'case_id': '4aa68586-6331-4795-b40c-859386640df6', 'submitter_id': 'TCGA-BH-A1FE'}]",2e1410fb-4799-4a85-97e2-0d05c9255977.rna_seq.chimeric.gdc_realn.bam,cb49be69-7ca9-4a04-b164-76e8799abf3a,Aligned Reads,Sequencing Reads,RNA-Seq
d8119766-a28a-4a38-8308-f9d07d17c627,"[{'case_id': '4aa68586-6331-4795-b40c-859386640df6', 'submitter_id': 'TCGA-BH-A1FE'}]",nationwidechildrens.org_clinical.TCGA-BH-A1FE.xml,d8119766-a28a-4a38-8308-f9d07d17c627,Clinical Supplement,Clinical,
3b9e93c0-4b9c-4c15-8281-028a7f1b8f4a,"[{'case_id': '5d1d00c6-fcae-479e-ae1e-de76efd41d98', 'submitter_id': 'TCGA-BH-A0BW'}]",43603050-6fdf-4e0e-ab6d-d34df2d3146b.svaba.somatic.sv.vcf.gz,3b9e93c0-4b9c-4c15-8281-028a7f1b8f4a,Structural Rearrangement,Somatic Structural Variation,WGS
f6ee70ff-9a0b-4289-ad22-182e109e1e6c,"[{'case_id': '4aa68586-6331-4795-b40c-859386640df6', 'submitter_id': 'TCGA-BH-A1FE'}]",TCGA-BH-A1FE-11B-21-A43P-20_RPPA_data.tsv,f6ee70ff-9a0b-4289-ad22-182e109e1e6c,Protein Expression Quantification,Proteome Profiling,Reverse Phase Protein Array
8fb95c2b-1440-4c15-8d5d-4bb6ac80aa15,"[{'case_id': '0807435a-e75e-4e04-8e45-ed0cd49a841a', 'submitter_id': 'TCGA-B6-A0IA'}]",TCGA_BRCA.7ea6de93-dd46-4970-a546-f463887a35c6.wxs.MuSE.somatic_annotation.vcf.gz,8fb95c2b-1440-4c15-8d5d-4bb6ac80aa15,Annotated Somatic Mutation,Simple Nucleotide Variation,WXS
52c26c21-6f06-41d2-b11c-62a28b00186a,"[{'case_id': '0807435a-e75e-4e04-8e45-ed0cd49a841a', 'submitter_id': 'TCGA-B6-A0IA'}]",TCGA-BRCA.de29530c-dcad-44f1-8b31-52987b0495de.arriba.rna_fusion.tsv,52c26c21-6f06-41d2-b11c-62a28b00186a,Transcript Fusion,Structural Variation,RNA-Seq
ce766505-dca5-4cca-a2b7-967a0fa3a0ea,"[{'case_id': '5d1d00c6-fcae-479e-ae1e-de76efd41d98', 'submitter_id': 'TCGA-BH-A0BW'}]",0fc01575-aee9-474f-a63f-4a9c8085d507.somatic_sv.vcf.gz,ce766505-dca5-4cca-a2b7-967a0fa3a0ea,Structural Rearrangement,Somatic Structural Variation,WGS
a51a11ca-7c83-4379-babf-92e31f38cc23,"[{'case_id': '5d1d00c6-fcae-479e-ae1e-de76efd41d98', 'submitter_id': 'TCGA-BH-A0BW'}]",741fb6d6-364f-47a0-a262-f18235c48fc4.rna_seq.chimeric.gdc_realn.bam,a51a11ca-7c83-4379-babf-92e31f38cc23,Aligned Reads,Sequencing Reads,RNA-Seq
46333669-dce4-4ed5-b75e-f22836f1d014,"[{'case_id': '0807435a-e75e-4e04-8e45-ed0cd49a841a', 'submitter_id': 'TCGA-B6-A0IA'}]",aa7994b6-8924-4e0c-b074-df337441195e.methylation_array.sesame.level3betas.txt,46333669-dce4-4ed5-b75e-f22836f1d014,Methylation Beta Value,DNA Methylation,Methylation Array
43d9931f-fec7-4e12-af34-3d5025cd16e5,"[{'case_id': '4aa68586-6331-4795-b40c-859386640df6', 'submitter_id': 'TCGA-BH-A1FE'}]",8f08cee9-a91f-4305-bf8d-efeee9cd386c.rna_seq.transcriptome.gdc_realn.bam,43d9931f-fec7-4e12-af34-3d5025cd16e5,Aligned Reads,Sequencing Reads,RNA-Seq
dd44ba0b-fe4b-473e-a128-7af14e58c81e,"[{'case_id': '4aa68586-6331-4795-b40c-859386640df6', 'submitter_id': 'TCGA-BH-A1FE'}]",TCGA-BRCA.7f346627-152a-43e0-8476-c8741641aaf6.star_fusion.rna_fusion.tsv,dd44ba0b-fe4b-473e-a128-7af14e58c81e,Transcript Fusion,Structural Variation,RNA-Seq
f791764a-b20e-492b-9de1-55bc9e02343e,"[{'case_id': '4aa68586-6331-4795-b40c-859386640df6', 'submitter_id': 'TCGA-BH-A1FE'}]",TCGA-BRCA.e935a98f-f690-4c27-9052-411e3377c95b.arriba.rna_fusion.bedpe,f791764a-b20e-492b-9de1-55bc9e02343e,Transcript Fusion,Structural Variation,RNA-Seq
9e6c4034-5d6b-49df-9adc-35190136a863,"[{'case_id': '5d688049-f271-40ef-813a-d37240ffe21c', 'submitter_id': 'TCGA-A8-A07F'}]",TCGA-A8-A07F-01A-11R-A038-13_mirna_gdc_realn.bam,9e6c4034-5d6b-49df-9adc-35190136a863,Aligned Reads,Sequencing Reads,miRNA-Seq
ea18cf95-36fd-40a7-b848-d624d4b2d00f,"[{'case_id': '0807435a-e75e-4e04-8e45-ed0cd49a841a', 'submitter_id': 'TCGA-B6-A0IA'}]",44022d72-6b45-4ad5-85c5-927df181405d.mirbase21.isoforms.quantification.txt,ea18cf95-36fd-40a7-b848-d624d4b2d00f,Isoform Expression Quantification,Transcriptome Profiling,miRNA-Seq
f2f4b95b-bc52-4a7d-b3f7-a224bb1ad924,"[{'case_id': '4aa68586-6331-4795-b40c-859386640df6', 'submitter_id': 'TCGA-BH-A1FE'}]",RANDS_p_TCGA_b109_SNP_1N_GenomeWideSNP_6_F05_771958.CEL,f2f4b95b-bc52-4a7d-b3f7-a224bb1ad924,Raw Intensities,Copy Number Variation,Genotyping Array
dc98da7f-2677-44e8-819f-01456026d7ee,"[{'case_id': '4aa68586-6331-4795-b40c-859386640df6', 'submitter_id': 'TCGA-BH-A1FE'}]",6366b160-c124-4a56-b6a7-e159ea8a096d_noid_Red.idat,dc98da7f-2677-44e8-819f-01456026d7ee,Masked Intensities,DNA Methylation,Methylation Array
5c9d7cb8-7aaf-4a91-81b5-70513388e9f8,"[{'case_id': '0807435a-e75e-4e04-8e45-ed0cd49a841a', 'submitter_id': 'TCGA-B6-A0IA'}]",TCGA-BRCA.8b4314b3-0f2a-4451-87ff-ad498c7a1ab9.ascat3.gene_level_copy_number.v36.tsv,5c9d7cb8-7aaf-4a91-81b5-70513388e9f8,Gene Level Copy Number,Copy Number Variation,Genotyping Array
e1ae3917-276e-4314-b956-4f2ef3680ed9,"[{'case_id': '4aa68586-6331-4795-b40c-859386640df6', 'submitter_id': 'TCGA-BH-A1FE'}]",TCGA-BH-A1FE-06A-11R-A214-13_mirna_gdc_realn.bam,e1ae3917-276e-4314-b956-4f2ef3680ed9,Aligned Reads,Sequencing Reads,miRNA-Seq
baa6624b-c4c3-4236-a850-86160aa35d41,"[{'case_id': '0807435a-e75e-4e04-8e45-ed0cd49a841a', 'submitter_id': 'TCGA-B6-A0IA'}]",91d22570-2889-46c5-9efe-5c40a4f84e5b.rna_seq.genomic.gdc_realn.bam,baa6624b-c4c3-4236-a850-86160aa35d41,Aligned Reads,Sequencing Reads,RNA-Seq
4fb232c4-cc86-4d7c-9362-9952afd9fb12,"[{'case_id': '4aa68586-6331-4795-b40c-859386640df6', 'submitter_id': 'TCGA-BH-A1FE'}]",b7ab41cb-7b24-403e-bea7-d994b53ea992.wxs.aliquot_ensemble_masked.maf.gz,4fb232c4-cc86-4d7c-9362-9952afd9fb12,Masked Somatic Mutation,Simple Nucleotide Variation,WXS
f0fc28b7-edc9-4244-9db4-560e465b410e,"[{'case_id': '4aa68586-6331-4795-b40c-859386640df6', 'submitter_id': 'TCGA-BH-A1FE'}]",fc453520-f6f1-4f4f-b3a6-0d4c6c4650c1.mirbase21.isoforms.quantification.txt,f0fc28b7-edc9-4244-9db4-560e465b410e,Isoform Expression Quantification,Transcriptome Profiling,miRNA-Seq
0f7eb9df-4bd8-45b4-a0f6-f6a5b8b8fcde,"[{'case_id': '0807435a-e75e-4e04-8e45-ed0cd49a841a', 'submitter_id': 'TCGA-B6-A0IA'}]",TCGA-BRCA.de29530c-dcad-44f1-8b31-52987b0495de.arriba.rna_fusion.bedpe,0f7eb9df-4bd8-45b4-a0f6-f6a5b8b8fcde,Transcript Fusion,Structural Variation,RNA-Seq
9d6a34e2-4f34-4a0b-b65b-7fa44348146b,"[{'case_id': '0807435a-e75e-4e04-8e45-ed0cd49a841a', 'submitter_id': 'TCGA-B6-A0IA'}]",TCGA-B6-A0IA-01A-01-BSA.6a397611-09c6-4511-bfa0-f423c3d35488.svs,9d6a34e2-4f34-4a0b-b65b-7fa44348146b,Slide Image,Biospecimen,Tissue Slide
9e709c4c-56d6-4508-aec7-82858c9a72f2,"[{'case_id': '5d688049-f271-40ef-813a-d37240ffe21c', 'submitter_id': 'TCGA-A8-A07F'}]",CUSKS_p_TCGAb47_SNP_1N_GenomeWideSNP_6_C02_628316.nocnv_grch38.seg.v2.txt,9e709c4c-56d6-4508-aec7-82858c9a72f2,Masked Copy Number Segment,Copy Number Variation,Genotyping Array
a1da131f-0f10-4810-9ca5-c6ded53ae74a,"[{'case_id': '0807435a-e75e-4e04-8e45-ed0cd49a841a', 'submitter_id': 'TCGA-B6-A0IA'}]",TCGA-BRCA.8b4314b3-0f2a-4451-87ff-ad498c7a1ab9.ascat3.allelic_specific.seg.txt,a1da131f-0f10-4810-9ca5-c6ded53ae74a,Allele-specific Copy Number Segment,Copy Number Variation,Genotyping Array
437827d6-7027-45d6-b664-0a89f1abc1f1,"[{'case_id': '5d688049-f271-40ef-813a-d37240ffe21c', 'submitter_id': 'TCGA-A8-A07F'}]",TCGA-A8-A07F-01A-01-BS1.288ddf7f-30dc-4fed-a4ca-18fa8172e3ee.svs,437827d6-7027-45d6-b664-0a89f1abc1f1,Slide Image,Biospecimen,Tissue Slide
b350f6aa-2e78-40fd-97cf-75a351e8da64,"[{'case_id': '4aa68586-6331-4795-b40c-859386640df6', 'submitter_id': 'TCGA-BH-A1FE'}]",RANDS_p_TCGA_b109_SNP_1N_GenomeWideSNP_6_D01_772032.nocnv_grch38.seg.v2.txt,b350f6aa-2e78-40fd-97cf-75a351e8da64,Masked Copy Number Segment,Copy Number Variation,Genotyping Array
2007f47e-b3aa-42b2-b7e1-9d5f0da934bf,"[{'case_id': '4aa68586-6331-4795-b40c-859386640df6', 'submitter_id': 'TCGA-BH-A1FE'}]",30671b2b-1583-4908-bfab-25a9ccb16997.mirbase21.mirnas.quantification.txt,2007f47e-b3aa-42b2-b7e1-9d5f0da934bf,miRNA Expression Quantification,Transcriptome Profiling,miRNA-Seq
c77d6b43-fae1-41c3-91a1-e97aeea61973,"[{'case_id': '5d688049-f271-40ef-813a-d37240ffe21c', 'submitter_id': 'TCGA-A8-A07F'}]",nationwidechildrens.org_clinical.TCGA-A8-A07F.xml,c77d6b43-fae1-41c3-91a1-e97aeea61973,Clinical Supplement,Clinical,
386f69e0-10c1-4c99-a5a8-1518ffce8c39,"[{'case_id': '5d688049-f271-40ef-813a-d37240ffe21c', 'submitter_id': 'TCGA-A8-A07F'}]",TCGA-BRCA.1609caae-f341-4227-ac2a-a76a6c253e95.gene_level_copy_number.v36.tsv,386f69e0-10c1-4c99-a5a8-1518ffce8c39,Gene Level Copy Number,Copy Number Variation,Genotyping Array
b57dfea7-c5bd-43f6-a1b9-bff191e62d2c,"[{'case_id': '4aa68586-6331-4795-b40c-859386640df6', 'submitter_id': 'TCGA-BH-A1FE'}]",RANDS_p_TCGA_b109_SNP_1N_GenomeWideSNP_6_F05_771958.nocnv_grch38.seg.v2.txt,b57dfea7-c5bd-43f6-a1b9-bff191e62d2c,Masked Copy Number Segment,Copy Number Variation,Genotyping Array
0eb0fa02-f5a9-47ec-af66-5ee564652ef6,"[{'case_id': '4aa68586-6331-4795-b40c-859386640df6', 'submitter_id': 'TCGA-BH-A1FE'}]",nationwidechildrens.org_biospecimen.TCGA-BH-A1FE.xml,0eb0fa02-f5a9-47ec-af66-5ee564652ef6,Biospecimen Supplement,Biospecimen,
49df135d-39e6-481a-97f8-1ffbff428d05,"[{'case_id': '0807435a-e75e-4e04-8e45-ed0cd49a841a', 'submitter_id': 'TCGA-B6-A0IA'}]",TCGA-B6-A0IA-01A-11D-A892-36.WholeGenome.RP-1657.cr.igv.reheader.seg.txt,49df135d-39e6-481a-97f8-1ffbff428d05,Copy Number Segment,Copy Number Variation,WGS
fc7bcc56-459e-4dea-8363-0ad9c7a304df,"[{'case_id': '5d688049-f271-40ef-813a-d37240ffe21c', 'submitter_id': 'TCGA-A8-A07F'}]",5c1e4f36-5b8c-4157-91e9-c14cbca1d956.somatic_sv.vcf.gz,fc7bcc56-459e-4dea-8363-0ad9c7a304df,Structural Rearrangement,Somatic Structural Variation,WGS
dfc4daf5-2c77-4791-aeae-1799bc4e5a27,"[{'case_id': '4aa68586-6331-4795-b40c-859386640df6', 'submitter_id': 'TCGA-BH-A1FE'}]",TCGA-BRCA.1427907e-73c9-42c0-ab7b-64cd9b64d874.ascat3.gene_level_copy_number.v36.tsv,dfc4daf5-2c77-4791-aeae-1799bc4e5a27,Gene Level Copy Number,Copy Number Variation,Genotyping Array
74dcf0b2-e6e5-446b-b3ef-057d33ba3baf,"[{'case_id': '4aa68586-6331-4795-b40c-859386640df6', 'submitter_id': 'TCGA-BH-A1FE'}]",TCGA-BRCA.0a348bc2-5de6-492a-b943-7b0a8ad57574.star_fusion.rna_fusion.tsv,74dcf0b2-e6e5-446b-b3ef-057d33ba3baf,Transcript Fusion,Structural Variation,RNA-Seq
9778353a-0531-4446-94be-43d3fa95a64c,"[{'case_id': '5d688049-f271-40ef-813a-d37240ffe21c', 'submitter_id': 'TCGA-A8-A07F'}]",TCGA-BRCA.fd009b24-a3c5-40a5-92f8-fef76d6e21ad.star_fusion.rna_fusion.tsv,9778353a-0531-4446-94be-43d3fa95a64c,Transcript Fusion,Structural Variation,RNA-Seq
120da36c-d630-4237-949f-8bd8f48d9763,"[{'case_id': '0807435a-e75e-4e04-8e45-ed0cd49a841a', 'submitter_id': 'TCGA-B6-A0IA'}]",80cdf97b-cdc0-4251-b220-2ce036ed9a5b.wxs.MuTect2.aliquot.maf.gz,120da36c-d630-4237-949f-8bd8f48d9763,Annotated Somatic Mutation,Simple Nucleotide Variation,WXS
821ae8a5-c842-4b30-ac85-67b76341a782,"[{'case_id': '0807435a-e75e-4e04-8e45-ed0cd49a841a', 'submitter_id': 'TCGA-B6-A0IA'}]",91d22570-2889-46c5-9efe-5c40a4f84e5b.rna_seq.transcriptome.gdc_realn.bam,821ae8a5-c842-4b30-ac85-67b76341a782,Aligned Reads,Sequencing Reads,RNA-Seq
02d8fb93-0a9d-4140-a753-dd265003360a,"[{'case_id': '4aa68586-6331-4795-b40c-859386640df6', 'submitter_id': 'TCGA-BH-A1FE'}]",2e4316d2-5fe5-4ee1-9b22-73f4c42b6202.rna_seq.chimeric.gdc_realn.bam,02d8fb93-0a9d-4140-a753-dd265003360a,Aligned Reads,Sequencing Reads,RNA-Seq
fc0e74d2-ab94-48b1-8e31-808bde7a3fe6,"[{'case_id': '5d688049-f271-40ef-813a-d37240ffe21c', 'submitter_id': 'TCGA-A8-A07F'}]",3f3b6a7b-94f0-40a3-9f16-32bab2854678.rna_seq.augmented_star_gene_counts.tsv,fc0e74d2-ab94-48b1-8e31-808bde7a3fe6,Gene Expression Quantification,Transcriptome Profiling,RNA-Seq
d62b70ec-4c1b-42d3-86f3-b09f54c9306e,"[{'case_id': '0807435a-e75e-4e04-8e45-ed0cd49a841a', 'submitter_id': 'TCGA-B6-A0IA'}]",fc67c3ff-02c7-4fd9-867b-61015d6eaed1.wxs.muse.raw_somatic_mutation.vcf.gz,d62b70ec-4c1b-42d3-86f3-b09f54c9306e,Raw Simple Somatic Mutation,Simple Nucleotide Variation,WXS
9011afe8-1ea9-4d8a-afee-e56d83bf6c0c,"[{'case_id': '5d688049-f271-40ef-813a-d37240ffe21c', 'submitter_id': 'TCGA-A8-A07F'}]",CUSKS_p_TCGAb47_SNP_1N_GenomeWideSNP_6_D10_628322.CEL,9011afe8-1ea9-4d8a-afee-e56d83bf6c0c,Raw Intensities,Copy Number Variation,Genotyping Array
e47f018e-c309-44bb-a06d-7fac954c0707,"[{'case_id': '4aa68586-6331-4795-b40c-859386640df6', 'submitter_id': 'TCGA-BH-A1FE'}]",TCGA-BRCA.1427907e-73c9-42c0-ab7b-64cd9b64d874.gene_level_copy_number.v36.tsv,e47f018e-c309-44bb-a06d-7fac954c0707,Gene Level Copy Number,Copy Number Variation,Genotyping Array
d5d57447-83cf-4ce5-8666-6c642349e344,"[{'case_id': '4aa68586-6331-4795-b40c-859386640df6', 'submitter_id': 'TCGA-BH-A1FE'}]",6366b160-c124-4a56-b6a7-e159ea8a096d.methylation_array.sesame.level3betas.txt,d5d57447-83cf-4ce5-8666-6c642349e344,Methylation Beta Value,DNA Methylation,Methylation Array
04bbf8e1-2661-4800-bf26-aef6ffe9b87b,"[{'case_id': '5d688049-f271-40ef-813a-d37240ffe21c', 'submitter_id': 'TCGA-A8-A07F'}]",88fba14d-36a9-4d0d-b324-27cfcc60d19b_noid_Red.idat,04bbf8e1-2661-4800-bf26-aef6ffe9b87b,Masked Intensities,DNA Methylation,Methylation Array
894d55c0-f02c-4dac-877a-328be4c4561a,"[{'case_id': '4aa68586-6331-4795-b40c-859386640df6', 'submitter_id': 'TCGA-BH-A1FE'}]",TCGA-BH-A1FE.3F499CDC-18A3-44A7-B796-71716F2A2BD2.PDF,894d55c0-f02c-4dac-877a-328be4c4561a,Pathology Report,Clinical,
25a50788-41d8-43ed-a870-710ae17f4a78,"[{'case_id': '53886143-c1c6-40e9-88e6-e4e5e0271fc8', 'submitter_id': 'TCGA-A2-A3XX'}]",TCGA-BRCA.1a12cd14-3f98-41bd-b89f-c0fb2848f8d5.ascat3.gene_level_copy_number.v36.tsv,25a50788-41d8-43ed-a870-710ae17f4a78,Gene Level Copy Number,Copy Number Variation,Genotyping Array
694d8ae7-4760-4976-84e9-b8c2343645f7,"[{'case_id': '4aa68586-6331-4795-b40c-859386640df6', 'submitter_id': 'TCGA-BH-A1FE'}]",TCGA_BRCA.35d86a37-b64a-4896-8268-e54d1a7e117b.wxs.VarScan2.somatic_annotation.vcf.gz,694d8ae7-4760-4976-84e9-b8c2343645f7,Annotated Somatic Mutation,Simple Nucleotide Variation,WXS
5fcc2ee2-282a-4948-8e0e-8b397f3af250,"[{'case_id': '5d688049-f271-40ef-813a-d37240ffe21c', 'submitter_id': 'TCGA-A8-A07F'}]",3f3b6a7b-94f0-40a3-9f16-32bab2854678.rna_seq.star_splice_junctions.tsv.gz,5fcc2ee2-282a-4948-8e0e-8b397f3af250,Splice Junction Quantification,Transcriptome Profiling,RNA-Seq
35161ae5-9cbb-4566-9411-e88a084e47dd,"[{'case_id': '53886143-c1c6-40e9-88e6-e4e5e0271fc8', 'submitter_id': 'TCGA-A2-A3XX'}]",d313dc0e-3840-487d-be90-817a1ef43f82.methylation_array.sesame.level3betas.txt,35161ae5-9cbb-4566-9411-e88a084e47dd,Methylation Beta Value,DNA Methylation,Methylation Array
dbc42f00-4528-4e81-ba99-167fa3717639,"[{'case_id': '4aa68586-6331-4795-b40c-859386640df6', 'submitter_id': 'TCGA-BH-A1FE'}]",RANDS_p_TCGA_b109_SNP_1N_GenomeWideSNP_6_F05_771958.grch38.seg.v2.txt,dbc42f00-4528-4e81-ba99-167fa3717639,Copy Number Segment,Copy Number Variation,Genotyping Array
5586b041-01a4-4bb8-8058-14701742dbba,"[{'case_id': '53886143-c1c6-40e9-88e6-e4e5e0271fc8', 'submitter_id': 'TCGA-A2-A3XX'}]",980191c2-bcbd-447f-ab66-1d15a4381834.wxs.Pindel.aliquot.maf.gz,5586b041-01a4-4bb8-8058-14701742dbba,Annotated Somatic Mutation,Simple Nucleotide Variation,WXS
2a9b56fd-b9ed-4577-81ed-a93509783942,"[{'case_id': '53886143-c1c6-40e9-88e6-e4e5e0271fc8', 'submitter_id': 'TCGA-A2-A3XX'}]",TCGA-BRCA.01067e97-1dae-45e2-bf7f-25d3614f0489.star_fusion.rna_fusion.bedpe,2a9b56fd-b9ed-4577-81ed-a93509783942,Transcript Fusion,Structural Variation,RNA-Seq
07a38aab-c361-4d39-85ac-b0d95c04ad24,"[{'case_id': '4aa68586-6331-4795-b40c-859386640df6', 'submitter_id': 'TCGA-BH-A1FE'}]",TCGA-BRCA.7f346627-152a-43e0-8476-c8741641aaf6.star_fusion.rna_fusion.bedpe,07a38aab-c361-4d39-85ac-b0d95c04ad24,Transcript Fusion,Structural Variation,RNA-Seq
d0a82d63-7385-416e-983d-7cfb28bcff32,"[{'case_id': '53886143-c1c6-40e9-88e6-e4e5e0271fc8', 'submitter_id': 'TCGA-A2-A3XX'}]",TCGA-BRCA.1a12cd14-3f98-41bd-b89f-c0fb2848f8d5.absolute_liftover.gene_level_copy_number.v36.tsv,d0a82d63-7385-416e-983d-7cfb28bcff32,Gene Level Copy Number,Copy Number Variation,Genotyping Array
1cd11480-8e25-4d12-b643-175be0cdf019,"[{'case_id': '5d688049-f271-40ef-813a-d37240ffe21c', 'submitter_id': 'TCGA-A8-A07F'}]",TCGA-BRCA.1609caae-f341-4227-ac2a-a76a6c253e95.ascat2.allelic_specific.seg.txt,1cd11480-8e25-4d12-b643-175be0cdf019,Allele-specific Copy Number Segment,Copy Number Variation,Genotyping Array
bb703e59-e2ae-400b-9602-24f6b675a73b,"[{'case_id': '53886143-c1c6-40e9-88e6-e4e5e0271fc8', 'submitter_id': 'TCGA-A2-A3XX'}]",TCGA-BRCA.0ab9f026-fb3b-4cb0-be0d-683198457623.wgs.varscan2.raw_somatic_mutation.vcf.gz,bb703e59-e2ae-400b-9602-24f6b675a73b,Raw Simple Somatic Mutation,Simple Nucleotide Variation,WGS
4e9146e7-7841-4101-9779-b8e31bee4f65,"[{'case_id': '8240c4ae-f878-4882-aa07-7857c7ac52cf', 'submitter_id': 'TCGA-AN-A0FZ'}]",COZEN_p_TCGAb56_SNP_2N_GenomeWideSNP_6_H03_667186.nocnv_grch38.seg.v2.txt,4e9146e7-7841-4101-9779-b8e31bee4f65,Masked Copy Number Segment,Copy Number Variation,Genotyping Array
1fdde183-2e03-4ac5-bcbf-30df5c227459,"[{'case_id': '53886143-c1c6-40e9-88e6-e4e5e0271fc8', 'submitter_id': 'TCGA-A2-A3XX'}]",c7b45a55-b082-4d4f-a60e-ab7bf38f356b.wxs.varscan2.raw_somatic_mutation.vcf.gz,1fdde183-2e03-4ac5-bcbf-30df5c227459,Raw Simple Somatic Mutation,Simple Nucleotide Variation,WXS
b20313c7-642a-4e9e-91da-56b64ed02e6a,"[{'case_id': '8240c4ae-f878-4882-aa07-7857c7ac52cf', 'submitter_id': 'TCGA-AN-A0FZ'}]",TCGA-AN-A0FZ-01A-11D-A891-36.WholeGenome.RP-1657.cr.igv.reheader.seg.txt,b20313c7-642a-4e9e-91da-56b64ed02e6a,Copy Number Segment,Copy Number Variation,WGS
162e801f-58ce-4587-8f3f-44e8ec0a2ed9,"[{'case_id': '8240c4ae-f878-4882-aa07-7857c7ac52cf', 'submitter_id': 'TCGA-AN-A0FZ'}]",TCGA-AN-A0FZ-01A-01-BS1.be535fd3-262b-4b53-9411-c4021e2e0419.svs,162e801f-58ce-4587-8f3f-44e8ec0a2ed9,Slide Image,Biospecimen,Tissue Slide
a14012f1-e13e-49fe-a063-82d76711a288,"[{'case_id': '53886143-c1c6-40e9-88e6-e4e5e0271fc8', 'submitter_id': 'TCGA-A2-A3XX'}]",2a435c16-550c-4745-9cbb-0a5d3514cdb0.somatic.SV.bedpe,a14012f1-e13e-49fe-a063-82d76711a288,Structural Rearrangement,Structural Variation,WGS
c5039e7e-14d8-4e59-ba20-0d3fa38b86df,"[{'case_id': '57a1604c-60b7-4b30-a75e-f70939532c5c', 'submitter_id': 'TCGA-BH-A0B2'}, {'case_id': '2779fa01-ac93-4e80-a997-3385f72172c3', 'submitter_id': 'TCGA-A8-A08S'}, {'case_id': '80f3f48a-cc21-415c-b181-c77e7ba1c563', 'submitter_id': 'TCGA-A8-A09C'}, {'case_id': 'e663954c-05a8-479a-a623-400c1eb5efc6', 'submitter_id': 'TCGA-BH-A1F5'}, {'case_id': '14b95463-2108-4921-afc2-e29eef52b18f', 'submitter_id': 'TCGA-A2-A0YT'}, {'case_id': 'fa4e082a-d213-412e-8d91-842a6f4bef12', 'submitter_id': 'TCGA-BH-A0B6'}, {'case_id': '02f5ae33-a563-4ecb-9e33-dfa500a44931', 'submitter_id': 'TCGA-A8-A093'}, {'case_id': '3dbe99d1-e3b8-4ee2-b6a8-2e2e12c6fbe9', 'submitter_id': 'TCGA-A8-A084'}, {'case_id': 'dfefb76a-ec6b-4cd2-9d45-2e1e4befc7ea', 'submitter_id': 'TCGA-A8-A09E'}, {'case_id': 'cb9f5e50-f49d-4899-8895-9367afcc1015', 'submitter_id': 'TCGA-A7-A0DC'}, {'case_id': '0a017f15-1c6b-45e7-8d55-e0a71df1b2e8', 'submitter_id': 'TCGA-A8-A08F'}, {'case_id': '5c9d8163-a68e-43ce-9cba-effb7405761e', 'submitter_id': 'TCGA-LL-A6FP'}, {'case_id': '2c04a2f5-321e-4dea-8e00-268325da65cb', 'submitter_id': 'TCGA-A8-A06T'}, {'case_id': 'd093173f-08ab-4138-bf3c-399c45a6e163', 'submitter_id': 'TCGA-AR-A2LR'}, {'case_id': '6bc4c56d-aac5-49a2-9913-9538d06d898f', 'submitter_id': 'TCGA-A8-A06U'}, {'case_id': 'd0b78f3f-a198-437a-ab8c-204345d3b75d', 'submitter_id': 'TCGA-AQ-A0Y5'}, {'case_id': '09765b0a-94f6-47d2-af56-93368084ac3a', 'submitter_id': 'TCGA-A7-A0CD'}, {'case_id': '16fc3677-0393-4ed1-ad3f-c8355f056369', 'submitter_id': 'TCGA-5L-AAT1'}, {'case_id': '33fe5833-d7a0-43d7-a03d-56985ea448a6', 'submitter_id': 'TCGA-GI-A2C8'}, {'case_id': '1557183c-aedd-4df6-b98a-3654667f7b69', 'submitter_id': 'TCGA-A8-A09I'}, {'case_id': 'e17c565c-9857-4df3-a352-903b53093c85', 'submitter_id': 'TCGA-AO-A0JI'}, {'case_id': '03da7a65-fa2f-42cb-a709-5fe8736f21d3', 'submitter_id': 'TCGA-D8-A146'}, {'case_id': 'e6f527a2-38eb-457e-bb39-3c5b9c0bcbec', 'submitter_id': 'TCGA-EW-A2FW'}, {'case_id': '853456d8-2367-404e-abc9-020fe8bbd209', 'submitter_id': 'TCGA-A8-A07E'}, {'case_id': 'f39edd06-1016-4e8e-a42e-12f7e699ddc5', 'submitter_id': 'TCGA-A8-A091'}, {'case_id': '6f959c92-b79f-4f84-9ee5-d07d3212d52d', 'submitter_id': 'TCGA-A8-A09K'}, {'case_id': 'c1442467-d618-435f-8792-b1a18f696f1a', 'submitter_id': 'TCGA-AO-A0J5'}, {'case_id': 'b3354b72-2637-4edc-9a95-e55801d3ac13', 'submitter_id': 'TCGA-C8-A1HO'}, {'case_id': '444374f8-9282-439c-af00-0f828edcbff3', 'submitter_id': 'TCGA-C8-A1HI'}, {'case_id': '70fc011c-0f22-4026-9d72-87351126203a', 'submitter_id': 'TCGA-AR-A2LL'}, {'case_id': '3afa1e93-1df8-4e4c-aaa4-557463f4bb77', 'submitter_id': 'TCGA-A7-A0DA'}, {'case_id': 'b379bfb8-284e-4300-8325-85cfd6809cb8', 'submitter_id': 'TCGA-BH-A0BD'}, {'case_id': '1502c7d7-1535-4e56-9f34-30623acd50d5', 'submitter_id': 'TCGA-B6-A1KC'}, {'case_id': '566792ae-f853-4a47-856d-f02cdcfcb18a', 'submitter_id': 'TCGA-A8-A07I'}, {'case_id': '389e5b18-8f89-41a9-9fa5-efd4172836e2', 'submitter_id': 'TCGA-PL-A8LV'}, {'case_id': '5fd37868-4762-4109-9dcf-6fdbab5b645d', 'submitter_id': 'TCGA-GM-A2DO'}, {'case_id': 'dbcad60f-86c7-41e3-b0ae-baa39c9f83dd', 'submitter_id': 'TCGA-C8-A274'}, {'case_id': '7875018b-91dc-4ab1-83b0-ee3883e2816e', 'submitter_id': 'TCGA-BH-A0C0'}, {'case_id': '67c5f371-3fa9-47c5-8b15-c2dd9acc8519', 'submitter_id': 'TCGA-AC-A2QH'}, {'case_id': '791c5768-f0f5-4ab6-86eb-998e5c4b49e3', 'submitter_id': 'TCGA-E2-A1L7'}, {'case_id': 'e3c336f5-c32f-4c5d-81fb-e2408ae145b2', 'submitter_id': 'TCGA-AR-A0U0'}, {'case_id': '8cf8b620-7ab6-4b6e-84bc-ff5a83f381fa', 'submitter_id': 'TCGA-A8-A07G'}, {'case_id': '84b7ccf2-8ab3-4b21-96de-800d231bc072', 'submitter_id': 'TCGA-BH-A28O'}, {'case_id': '75113445-d2d6-44a0-866c-c9175e6d214b', 'submitter_id': 'TCGA-A2-A0D4'}, {'case_id': 'd5f2b85a-94a9-4168-bbe8-149ec71342b0', 'submitter_id': 'TCGA-AC-A62V'}, {'case_id': '332148f5-f070-4c20-8eb1-4d8c0673aa52', 'submitter_id': 'TCGA-D8-A1XU'}, {'case_id': '0491063c-14a7-4104-8002-1459126332f3', 'submitter_id': 'TCGA-B6-A0IK'}, {'case_id': '636b0a90-c8c2-4ad6-a77d-6cd428a826d1', 'submitter_id': 'TCGA-E9-A247'}, {'case_id': '39de7761-e762-4811-b95c-8216b79ae06b', 'submitter_id': 'TCGA-AN-A0XW'}, {'case_id': 'b7a4df9a-4e25-4550-9c10-338ca1921c2f', 'submitter_id': 'TCGA-E9-A1R4'}, {'case_id': 'd2219a3f-4c55-4dee-9b08-c6f330dd1acf', 'submitter_id': 'TCGA-AO-A1KQ'}, {'case_id': 'b9c6c069-2a2b-4cc7-a398-dc45c132d979', 'submitter_id': 'TCGA-AC-A8OP'}, {'case_id': '1c40b84e-a0e3-429f-a48c-21566cf881c0', 'submitter_id': 'TCGA-D8-A143'}, {'case_id': '9ddc3e7b-8b54-4a83-8335-8053940f56c1', 'submitter_id': 'TCGA-BH-A18L'}, {'case_id': '42378dbc-a123-4cf9-8502-165e89fda271', 'submitter_id': 'TCGA-EW-A6SD'}, {'case_id': 'b4e4fea2-b802-4a86-923e-3fcbd3c708fe', 'submitter_id': 'TCGA-BH-A0B1'}, {'case_id': 'a947a945-4721-45cc-bc45-13b8ea41c10e', 'submitter_id': 'TCGA-A7-A4SB'}, {'case_id': '28e9048a-e540-42de-a1f4-4ef894fccc4c', 'submitter_id': 'TCGA-AR-A24Q'}, {'case_id': '87b85935-a058-44ad-8fb6-8511130eaffe', 'submitter_id': 'TCGA-D8-A1XV'}, {'case_id': '3558dec7-eae3-4a41-a217-266c6a4535fb', 'submitter_id': 'TCGA-E2-A1LI'}, {'case_id': '70f34c5c-3671-44c8-9469-99f9786efec1', 'submitter_id': 'TCGA-D8-A1XR'}, {'case_id': 'ad01259b-d858-40bc-a6ba-0bb06e996afb', 'submitter_id': 'TCGA-A2-A0SV'}, {'case_id': '8631969d-4ac6-4fe1-9db3-d47db604494a', 'submitter_id': 'TCGA-E9-A1R2'}, {'case_id': '281f70c5-876f-44b3-84fb-f2302f85e74c', 'submitter_id': 'TCGA-A8-A06Q'}, {'case_id': '5cbf0aea-ebb4-4005-bdd5-14ef2dc6826c', 'submitter_id': 'TCGA-A2-A0YM'}, {'case_id': '9435447e-d65f-408b-863b-6576b1d652dd', 'submitter_id': 'TCGA-AO-A03N'}, {'case_id': '8360cec6-daf6-41c9-9a4f-7fc03c958dcc', 'submitter_id': 'TCGA-OL-A5RY'}, {'case_id': '3f56d67f-5a9c-4353-9408-e7f60eb6477b', 'submitter_id': 'TCGA-LL-A442'}, {'case_id': '0b23b5fe-6c7e-4297-bc55-f93fcb830ac4', 'submitter_id': 'TCGA-D8-A27R'}, {'case_id': '56033839-35d5-4d72-8b8c-400cb345263d', 'submitter_id': 'TCGA-E9-A22G'}, {'case_id': '0d146997-cfdc-4587-888c-e876fc455c80', 'submitter_id': 'TCGA-A2-A4RW'}, {'case_id': '7317e605-93ba-49a9-8743-20613b02767a', 'submitter_id': 'TCGA-E2-A1LE'}, {'case_id': '6e7d5ec6-a469-467c-b748-237353c23416', 'submitter_id': 'TCGA-3C-AAAU'}, {'case_id': '34126cd5-cc38-4198-8582-c14fb5db7acb', 'submitter_id': 'TCGA-OL-A6VQ'}, {'case_id': '7588a286-6935-424a-bc5f-92e24c83eb37', 'submitter_id': 'TCGA-B6-A0WV'}, {'case_id': '0bf6e772-1aa1-4f54-9a50-c1414e2f22f3', 'submitter_id': 'TCGA-AR-A2LM'}, {'case_id': 'f7ab565c-83b5-4988-b9be-8a46f65dca8c', 'submitter_id': 'TCGA-D8-A1JJ'}, {'case_id': '670f5022-5066-48f1-8472-5670129a1e0f', 'submitter_id': 'TCGA-A2-A0EP'}, {'case_id': 'bc0bc70f-c6cf-4dbc-9dc3-8b7bc5f381a4', 'submitter_id': 'TCGA-E2-A1IG'}, {'case_id': 'd2694b09-7844-4496-865c-5d3d8cd03330', 'submitter_id': 'TCGA-D8-A1XB'}, {'case_id': '6af6d256-a753-46d2-b611-e4094ff265aa', 'submitter_id': 'TCGA-LL-A9Q3'}, {'case_id': '3c8b5af9-c34d-43c2-b8c9-39ea11e44fa6', 'submitter_id': 'TCGA-BH-A1FD'}, {'case_id': '01f50abf-fc15-446e-9d07-edeecc545a32', 'submitter_id': 'TCGA-E2-A155'}, {'case_id': 'a20fa2c4-a502-47e3-bfaa-2ec4cce3a859', 'submitter_id': 'TCGA-A8-A07S'}, {'case_id': 'f1692f4b-ce1b-4fc5-ac55-1022ecae0d1e', 'submitter_id': 'TCGA-C8-A134'}, {'case_id': 'e666081b-caaf-4e8b-9446-807be71201a5', 'submitter_id': 'TCGA-BH-A0HA'}, {'case_id': '8e54232d-d8bb-4612-8b0e-4feb076a60f9', 'submitter_id': 'TCGA-A2-A0CO'}, {'case_id': '9e894662-b718-40f8-8899-b5e036cfbd76', 'submitter_id': 'TCGA-AN-A0AK'}, {'case_id': '4e6edfe6-adcb-4c12-8ff4-38a79f5887e8', 'submitter_id': 'TCGA-B6-A0X5'}, {'case_id': '2b22db1d-54a1-4b9e-a86e-a174cf51d95c', 'submitter_id': 'TCGA-BH-A0BS'}, {'case_id': 'e3fcbf94-d3ef-4a37-aa45-5297f96af9eb', 'submitter_id': 'TCGA-AR-A2LE'}, {'case_id': '972447aa-4332-47e7-bddd-2eb699dbb664', 'submitter_id': 'TCGA-AR-A0TS'}, {'case_id': '9e3de467-fb0d-4021-89f8-b34968a7c7bc', 'submitter_id': 'TCGA-AR-A24T'}, {'case_id': '06ef6e83-5583-45b9-a0bd-edea68943083', 'submitter_id': 'TCGA-E2-A572'}, {'case_id': '76099beb-0abe-4b56-8b4e-e4485e0402e6', 'submitter_id': 'TCGA-PE-A5DC'}, {'case_id': '5f90d955-bbb0-4b44-a5ac-ba6fda9ca0fb', 'submitter_id': 'TCGA-A8-A06P'}, {'case_id': '32861b48-83f5-43a3-bb54-45215ad2c5d6', 'submitter_id': 'TCGA-BH-A28Q'}, {'case_id': '4d0fec97-e024-4608-a0cc-426a3decc7b1', 'submitter_id': 'TCGA-AR-A252'}, {'case_id': '27ba717a-5cd8-440a-9345-4ae086f6efca', 'submitter_id': 'TCGA-BH-A0DI'}, {'case_id': '33b7bf50-53f4-4839-aa83-9665f85671d8', 'submitter_id': 'TCGA-E2-A15R'}, {'case_id': 'af577366-0258-49e7-b6af-e70056c081a4', 'submitter_id': 'TCGA-E9-A1NA'}, {'case_id': '752f4773-5a12-4485-a1f6-896e148ddf4d', 'submitter_id': 'TCGA-D8-A1JP'}, {'case_id': '3fc3755d-a3f8-4e2c-813f-ff124f2a75c1', 'submitter_id': 'TCGA-A2-A259'}, {'case_id': '0adf59c6-581a-475d-a2f4-40aa40060b5b', 'submitter_id': 'TCGA-A8-A09T'}, {'case_id': '71fc8941-4cfb-47ea-a533-873d38f8c95c', 'submitter_id': 'TCGA-E2-A1IO'}, {'case_id': '0dc337fa-da8b-42c4-b9a7-fb76d81c161f', 'submitter_id': 'TCGA-A1-A0SN'}, {'case_id': '0dd8dbc1-c48b-4e7c-b401-57101f724967', 'submitter_id': 'TCGA-S3-AA11'}, {'case_id': 'da9c10ea-c13f-4d88-8b94-a0cbc106d036', 'submitter_id': 'TCGA-BH-A0W5'}, {'case_id': '19015644-9c17-4ae7-a656-0fe8623c04ae', 'submitter_id': 'TCGA-AQ-A7U7'}, {'case_id': 'c6086936-7544-4da0-8c0c-114166848483', 'submitter_id': 'TCGA-AN-A0FD'}, {'case_id': '2b19a6b4-7a17-4452-b4aa-6fc18adc0c3c', 'submitter_id': 'TCGA-D8-A1XL'}, {'case_id': '1dafdd64-527d-4d46-bbdf-7a97774f881b', 'submitter_id': 'TCGA-B6-A1KI'}, {'case_id': '1402082d-25c9-4148-8a1e-f58450b706bb', 'submitter_id': 'TCGA-B6-A0IP'}, {'case_id': '0045349c-69d9-4306-a403-c9c1fa836644', 'submitter_id': 'TCGA-A1-A0SB'}, {'case_id': '39cda4c9-e1c8-44c2-bab7-f5849c12f879', 'submitter_id': 'TCGA-AC-A2FG'}, {'case_id': '4cf0f639-7940-48b6-8ea1-2a3494097cdb', 'submitter_id': 'TCGA-A2-A0CR'}, {'case_id': 'aa30ac3d-4216-45dd-a314-1ae192fafcb2', 'submitter_id': 'TCGA-AR-A24M'}, {'case_id': '1111fb30-46ce-4722-98da-ec9ba2323d90', 'submitter_id': 'TCGA-AO-A03O'}, {'case_id': '22b35927-1c3f-4f98-ba42-deafc56b677a', 'submitter_id': 'TCGA-BH-A0EI'}, {'case_id': '5a4b7098-1f6a-49e9-b364-29d6d34f5bd5', 'submitter_id': 'TCGA-B6-A0IM'}, {'case_id': 'd8d7a6c2-6427-4f47-968c-6c3affba4617', 'submitter_id': 'TCGA-A8-A08B'}, {'case_id': '427d0648-3f77-4ffc-b52c-89855426d647', 'submitter_id': 'TCGA-3C-AALJ'}, {'case_id': 'b094e8b2-8ece-4b36-8025-18073a8b873c', 'submitter_id': 'TCGA-AO-A124'}, {'case_id': 'c2aeee6c-ba10-4cf9-b560-c739580f7bf3', 'submitter_id': 'TCGA-BH-A0BM'}, {'case_id': '3ca67cd0-81da-4f68-a9fa-f1a8c013c28d', 'submitter_id': 'TCGA-AC-A2FF'}, {'case_id': '7e9c8d3c-790c-46ad-8f31-b557b7c26f69', 'submitter_id': 'TCGA-E9-A6HE'}, {'case_id': '0cf0d67c-2f7f-42a6-94f3-407d0ec46c88', 'submitter_id': 'TCGA-AC-A4ZE'}, {'case_id': '66af34ea-f471-4092-aff6-9ac9a5b75b11', 'submitter_id': 'TCGA-BH-A0B0'}, {'case_id': '0a229f95-0ea1-4d63-953e-74f5ec2f3028', 'submitter_id': 'TCGA-AO-A0JD'}, {'case_id': '7f2a63e6-64d5-4be1-9814-e8416fc9e688', 'submitter_id': 'TCGA-D8-A1JG'}, {'case_id': '2ab1b35b-9e56-475c-ac9b-15ed0a422683', 'submitter_id': 'TCGA-OL-A66K'}, {'case_id': 'd6f7afc0-1558-43ad-acb1-2b5311ed2264', 'submitter_id': 'TCGA-GM-A2DF'}, {'case_id': '4aacbc42-5ac5-4339-b9fa-c6e812084837', 'submitter_id': 'TCGA-E9-A22A'}, {'case_id': 'eadf8482-e60e-4307-adb7-d5c3b9fa6cae', 'submitter_id': 'TCGA-A2-A25B'}, {'case_id': '8da3d6cf-381b-4d1b-93fa-41fd9d2b2e66', 'submitter_id': 'TCGA-AR-A0TW'}, {'case_id': '016caf42-4e19-4444-ab5d-6cf1e76c4afa', 'submitter_id': 'TCGA-AO-A128'}, {'case_id': '151f3677-6854-4265-9126-d92c646c67ae', 'submitter_id': 'TCGA-B6-A0RM'}, {'case_id': '37242f5a-25ae-4b1f-9ce6-09ce1dc92539', 'submitter_id': 'TCGA-E2-A15L'}, {'case_id': '4a032bad-e726-48f2-8f39-e3acc109cc91', 'submitter_id': 'TCGA-BH-A0BZ'}, {'case_id': '4aa68586-6331-4795-b40c-859386640df6', 'submitter_id': 'TCGA-BH-A1FE'}, {'case_id': '8240c4ae-f878-4882-aa07-7857c7ac52cf', 'submitter_id': 'TCGA-AN-A0FZ'}, {'case_id': '34d5a193-85e5-4399-8a9b-e92858eafdfe', 'submitter_id': 'TCGA-A8-A0A2'}, {'case_id': '57af5c72-0d60-4a6b-b1b4-ec6dab90f80f', 'submitter_id': 'TCGA-A7-A6VV'}, {'case_id': '29df128d-ace2-40cf-88ee-3f6f2170f159', 'submitter_id': 'TCGA-A8-A095'}, {'case_id': '5d1d00c6-fcae-479e-ae1e-de76efd41d98', 'submitter_id': 'TCGA-BH-A0BW'}, {'case_id': '5d688049-f271-40ef-813a-d37240ffe21c', 'submitter_id': 'TCGA-A8-A07F'}, {'case_id': 'e68ebfd4-3688-4caa-9e38-7764f9258c30', 'submitter_id': 'TCGA-E2-A15T'}, {'case_id': 'a6a863d9-b39d-4965-b47f-79a1bcf3c976', 'submitter_id': 'TCGA-A1-A0SH'}, {'case_id': '0807435a-e75e-4e04-8e45-ed0cd49a841a', 'submitter_id': 'TCGA-B6-A0IA'}, {'case_id': '53886143-c1c6-40e9-88e6-e4e5e0271fc8', 'submitter_id': 'TCGA-A2-A3XX'}, {'case_id': '858652b8-c4c2-41d8-be32-fdc88e1a7bb0', 'submitter_id': 'TCGA-BH-A1EN'}, {'case_id': 'baf1207d-7d1a-4cad-ba58-62c26be2415e', 'submitter_id': 'TCGA-AN-A0FL'}, {'case_id': '298a1710-deb4-4064-a0f2-da32d43aa217', 'submitter_id': 'TCGA-C8-A12Y'}, {'case_id': '3144f1fb-4342-4079-bfe8-940da4bfd88e', 'submitter_id': 'TCGA-E2-A14V'}, {'case_id': 'd5cab7f5-e4f1-40ee-a0c8-4c8004c1c9a0', 'submitter_id': 'TCGA-AN-A0FF'}, {'case_id': 'c02699b5-580a-4d55-971e-f4692b2cce57', 'submitter_id': 'TCGA-A2-A3XW'}, {'case_id': 'd7195183-9fe4-4b17-bcfd-9367d2e539ce', 'submitter_id': 'TCGA-B6-A0WT'}, {'case_id': 'f45210d3-9e66-4f5e-bef1-5ee5547cc893', 'submitter_id': 'TCGA-EW-A1PC'}, {'case_id': 'c72cb184-462d-4009-9cdb-848782ff8a76', 'submitter_id': 'TCGA-A2-A3XT'}, {'case_id': '3b7b9c1e-a84c-47ed-983c-9e4b00cbf01a', 'submitter_id': 'TCGA-A7-A26F'}, {'case_id': 'b6c286c6-2755-419b-87d3-59c7feda9653', 'submitter_id': 'TCGA-C8-A138'}, {'case_id': '7e1673f8-5758-4963-8804-d5e39f06205b', 'submitter_id': 'TCGA-C8-A12V'}, {'case_id': '96f23d8a-be0f-4925-ba00-805dc293414c', 'submitter_id': 'TCGA-A2-A0ET'}, {'case_id': 'bf88ddf5-a6d4-498c-bf7f-db9bfabff72d', 'submitter_id': 'TCGA-A2-A0EO'}, {'case_id': 'c7d7a770-23c0-4310-ab48-1f6152dc2849', 'submitter_id': 'TCGA-D8-A1Y2'}, {'case_id': 'ecab16bc-28d5-4c3a-8735-3c785bd047c4', 'submitter_id': 'TCGA-BH-A1FB'}, {'case_id': 'a412b374-4d25-491f-b76f-ddaa989acf59', 'submitter_id': 'TCGA-E9-A5UP'}, {'case_id': '632984bd-dc81-42b6-b024-476cfd0bb2ae', 'submitter_id': 'TCGA-D8-A1Y3'}, {'case_id': 'a8b1f6e7-2bcf-460d-b1c6-1792a9801119', 'submitter_id': 'TCGA-E9-A1NF'}, {'case_id': '86a18ae0-dfb1-49c3-b5c4-67ec331d6e40', 'submitter_id': 'TCGA-C8-A1HN'}, {'case_id': '6f6e7356-3521-4674-8eec-ad01340d4b8e', 'submitter_id': 'TCGA-D8-A27G'}, {'case_id': '2e538802-2a31-4774-89a8-c6e4381a887d', 'submitter_id': 'TCGA-A2-A1G0'}, {'case_id': 'db55d9d9-dd56-4ca9-b1f1-0d929697b280', 'submitter_id': 'TCGA-BH-A5J0'}, {'case_id': '8a0ef221-8070-43fc-9d98-def90abe4871', 'submitter_id': 'TCGA-E2-A1B1'}, {'case_id': '602083f0-18d9-48b6-a529-31e165c54b37', 'submitter_id': 'TCGA-BH-A0HL'}, {'case_id': 'e8f3cc64-5e15-4f4d-b73e-5c9b250a664c', 'submitter_id': 'TCGA-AR-A255'}, {'case_id': 'c5f00132-1c6b-4337-af6f-596c652665cc', 'submitter_id': 'TCGA-AR-A0U3'}, {'case_id': '67c8dc41-edcb-4563-96b3-3f93f9edcbe9', 'submitter_id': 'TCGA-GM-A5PV'}, {'case_id': 'c4699748-f01d-4b30-9c74-1ca77fb84ac1', 'submitter_id': 'TCGA-D8-A1XD'}, {'case_id': 'a482fc4c-ff1d-46a0-a968-7df06422cc4b', 'submitter_id': 'TCGA-B6-A0WX'}, {'case_id': 'a381275f-8858-4793-a8a2-0ca9db7274c8', 'submitter_id': 'TCGA-EW-A1J2'}, {'case_id': '4b54e06e-a280-4981-a4e1-9aea154341b4', 'submitter_id': 'TCGA-UL-AAZ6'}, {'case_id': '5c8983f2-9788-4dfa-971c-3ec457b6166e', 'submitter_id': 'TCGA-A2-A0CL'}, {'case_id': 'e37ae674-a107-4eb3-94d8-b86b0035a9f7', 'submitter_id': 'TCGA-AC-A3HN'}, {'case_id': '4f04bd10-9902-4a23-b15d-4f4409d79499', 'submitter_id': 'TCGA-E2-A108'}, {'case_id': '4bf50455-9ab7-4521-a791-089f66d3b877', 'submitter_id': 'TCGA-B6-A0RT'}, {'case_id': 'a9bb8159-32f0-454c-a946-b3286a52b9d5', 'submitter_id': 'TCGA-A1-A0SP'}, {'case_id': 'ee554215-bea2-4268-aaf9-784e68cdb969', 'submitter_id': 'TCGA-BH-A1F8'}, {'case_id': '7acf33e7-c386-45fd-8c9a-469600378687', 'submitter_id': 'TCGA-A8-A08I'}, {'case_id': '68177e92-4784-45d9-af14-4ce0c00eae74', 'submitter_id': 'TCGA-A8-A08J'}, {'case_id': 'f947d67f-4aa2-4eb9-977e-21a5ae563613', 'submitter_id': 'TCGA-A8-A08P'}, {'case_id': '8159ff7b-89f4-411a-9b9c-491f1cb3eb34', 'submitter_id': 'TCGA-AC-A2BM'}, {'case_id': 'dd0f8e5a-383d-4f03-bb71-0e115d4e442c', 'submitter_id': 'TCGA-C8-A12M'}, {'case_id': '02bf5203-f9cd-4c5a-97b4-e5584dc22325', 'submitter_id': 'TCGA-AO-A0J8'}, {'case_id': '65077db7-dd59-4362-9d28-d5a9154e9be0', 'submitter_id': 'TCGA-C8-A278'}, {'case_id': 'ab34a9a2-d72d-4106-94fb-118844b1b60b', 'submitter_id': 'TCGA-A2-A0CQ'}, {'case_id': 'b6b932ce-6856-4d94-9e6c-16dfbe51906f', 'submitter_id': 'TCGA-E9-A1QZ'}, {'case_id': '9f80649b-a249-4fb5-97ad-059a30e13fea', 'submitter_id': 'TCGA-BH-A0W7'}, {'case_id': 'bfa3dbc0-361c-400e-8c10-0aca7049fce9', 'submitter_id': 'TCGA-D8-A27W'}, {'case_id': 'e7bae6e7-f779-449d-92b9-66996041e00d', 'submitter_id': 'TCGA-AC-A23E'}, {'case_id': 'f43d622f-eed5-4933-adc6-ae9ad1e33028', 'submitter_id': 'TCGA-E2-A1IN'}, {'case_id': '2481a671-760b-428c-968d-42e25fd42ac5', 'submitter_id': 'TCGA-AC-A3W7'}, {'case_id': '3f834fa7-6d7b-4b85-98c0-5c55d55b6c95', 'submitter_id': 'TCGA-B6-A0IE'}, {'case_id': '2192c1db-4718-4254-ba42-3ae7f30ad5a8', 'submitter_id': 'TCGA-A2-A0EQ'}, {'case_id': '91b09291-5944-4691-a0d8-7d1ccc649b9b', 'submitter_id': 'TCGA-BH-A6R8'}, {'case_id': '7eea2b6e-771f-44c0-9350-38f45c8dbe87', 'submitter_id': 'TCGA-A7-A6VX'}, {'case_id': '54883111-d475-4515-ba3f-fece8a71e79e', 'submitter_id': 'TCGA-A2-A1FW'}, {'case_id': '96457ebf-ae88-41f4-97e5-cdc3163418aa', 'submitter_id': 'TCGA-BH-A0H0'}, {'case_id': '4da999a0-ef41-4a0b-b1d1-446b39cc855a', 'submitter_id': 'TCGA-EW-A1PH'}, {'case_id': 'a076f135-be82-40fa-8516-285ed355c965', 'submitter_id': 'TCGA-AR-A2LN'}, {'case_id': '7d681cc6-689d-41c8-9e84-e13733089ec9', 'submitter_id': 'TCGA-AR-A1AS'}, {'case_id': 'a68a3361-48b4-4bd0-999d-b4cc3d43eb4a', 'submitter_id': 'TCGA-BH-A0HN'}, {'case_id': '599c3701-df7a-4a75-a347-fa9b510dd242', 'submitter_id': 'TCGA-AR-A24K'}, {'case_id': '95c53ecf-d8f1-4bcb-9b1a-c9a0542939f0', 'submitter_id': 'TCGA-LD-A9QF'}, {'case_id': '30ec8b1f-28c4-4f46-8a1b-a8d51e558c7d', 'submitter_id': 'TCGA-BH-A18T'}, {'case_id': '0f64edec-0f1f-4025-8a53-75f9534f7828', 'submitter_id': 'TCGA-BH-A0H9'}, {'case_id': 'c2b104ee-f914-4e79-9e1b-56bf88157472', 'submitter_id': 'TCGA-E2-A14S'}, {'case_id': 'b3bb8fd6-ee54-4813-b042-2bbe70115382', 'submitter_id': 'TCGA-BH-A0BQ'}, {'case_id': '7f97971b-2818-4e4b-9c9e-7c0246f9484c', 'submitter_id': 'TCGA-D8-A27K'}, {'case_id': 'e6b79d7a-ed6b-459a-b040-d142616e7ab4', 'submitter_id': 'TCGA-BH-A0BF'}, {'case_id': '9ad603dc-3fd0-44f5-ae4e-64eeb1ae8d6d', 'submitter_id': 'TCGA-AR-A0U2'}, {'case_id': '5258294f-ef5b-4091-9183-6bcc545d54b2', 'submitter_id': 'TCGA-BH-A209'}, {'case_id': 'bb8d42d3-ad65-4d88-ae1d-f9aadfc7962d', 'submitter_id': 'TCGA-AO-A1KS'}, {'case_id': '5ed024e8-d05e-4c65-9441-eda9930ccc82', 'submitter_id': 'TCGA-A7-A26G'}, {'case_id': '2476dda9-da2a-4242-9642-b92b8b9b1c79', 'submitter_id': 'TCGA-B6-A0IH'}, {'case_id': 'dd3bfb26-b534-4917-9c4d-9fe7b6477762', 'submitter_id': 'TCGA-E9-A1RI'}, {'case_id': '3828b534-908e-4953-a3fb-07d01cf49c7d', 'submitter_id': 'TCGA-A8-A09B'}, {'case_id': '14267783-5624-4fe5-ba81-9d67f1017474', 'submitter_id': 'TCGA-BH-A0DP'}, {'case_id': '90ff48c3-b14b-4a8b-94a1-98c0bab0d27b', 'submitter_id': 'TCGA-W8-A86G'}, {'case_id': 'b09643c2-ded5-4346-b3c5-90a48f88a02e', 'submitter_id': 'TCGA-E2-A1IJ'}, {'case_id': '9d876f05-5080-4c4e-9bf5-45f631d381e5', 'submitter_id': 'TCGA-A8-A081'}, {'case_id': '738e1acc-1f0c-4a96-9c8a-222727ef5af8', 'submitter_id': 'TCGA-AR-A2LJ'}, {'case_id': '5b2a4f11-ca46-4974-9420-59b4820920bf', 'submitter_id': 'TCGA-AC-A62X'}, {'case_id': 'afb9418e-91eb-4db1-aacf-12bd946c9ba0', 'submitter_id': 'TCGA-A8-A083'}, {'case_id': 'a5b44d66-c162-46b5-9df2-86305f0385c5', 'submitter_id': 'TCGA-A1-A0SK'}, {'case_id': '029ce650-5e5a-4100-8596-cd94300e7ef5', 'submitter_id': 'TCGA-E2-A574'}, {'case_id': '0ed9ad26-7fdc-4d75-93f9-d029eee94993', 'submitter_id': 'TCGA-A1-A0SG'}, {'case_id': 'ee14e049-b891-4dda-a730-8ce99bd93baf', 'submitter_id': 'TCGA-D8-A1XC'}, {'case_id': '9da462b0-93c2-4305-89f6-7199a30399a7', 'submitter_id': 'TCGA-BH-A0B5'}, {'case_id': 'c49e3b18-fd88-48f4-8b01-300692ceb367', 'submitter_id': 'TCGA-C8-A131'}, {'case_id': '359f12f9-5c41-48a4-85bc-fd7e307bf7d8', 'submitter_id': 'TCGA-EW-A1P8'}, {'case_id': 'c31900a4-5dcd-4022-97ac-638e86e889e4', 'submitter_id': 'TCGA-3C-AALK'}, {'case_id': 'a4903de8-6cf5-4541-8ec7-065beace8b44', 'submitter_id': 'TCGA-AO-A0J9'}, {'case_id': 'bb026999-0aab-4232-96d7-2c93b6c9691d', 'submitter_id': 'TCGA-A2-A3KD'}, {'case_id': '52c35691-efca-42f5-a03e-02c9f872275c', 'submitter_id': 'TCGA-C8-A1HK'}, {'case_id': 'c710f4ab-fbd9-42ed-95d4-4e6d51207f38', 'submitter_id': 'TCGA-BH-A0B4'}, {'case_id': '79126e88-9cf8-45ff-bf91-a98da3b304d7', 'submitter_id': 'TCGA-AC-A2FK'}, {'case_id': 'a6502f17-6bee-4d5a-8520-06364593d39c', 'submitter_id': 'TCGA-EW-A424'}, {'case_id': '3a0775a0-61ae-43f2-b5f6-629a44355c2f', 'submitter_id': 'TCGA-GM-A2DK'}, {'case_id': '27dfb9d4-3a2c-44bc-9acf-8f638d3f3004', 'submitter_id': 'TCGA-BH-A0GZ'}, {'case_id': 'a824b3bd-34d5-4cc1-a92f-f9d6ac0f1814', 'submitter_id': 'TCGA-C8-A12Q'}, {'case_id': '095c7985-3842-494f-b591-706ad1cd2133', 'submitter_id': 'TCGA-AO-A03M'}, {'case_id': 'b5b99291-507e-4b68-a039-9a0f571f55df', 'submitter_id': 'TCGA-AO-A12H'}, {'case_id': 'f475d460-75cd-4fe9-aa54-c90be12b4ef8', 'submitter_id': 'TCGA-B6-A0WY'}, {'case_id': '8e11c5ec-c15a-48d4-85ac-b7b08a9ed827', 'submitter_id': 'TCGA-AC-A6IV'}, {'case_id': 'ad7fcc89-82a3-48aa-8461-581c1a857677', 'submitter_id': 'TCGA-A2-A0CV'}, {'case_id': '1f99e4d4-4e8b-4cc1-a129-227a2a82780e', 'submitter_id': 'TCGA-AR-A1AL'}, {'case_id': 'ad18820b-a804-49c0-ba8a-86c09fa6bce2', 'submitter_id': 'TCGA-BH-A1F6'}, {'case_id': '3a711140-1b89-4611-9992-3861e3d0e01a', 'submitter_id': 'TCGA-A8-A06N'}, {'case_id': '92b5de82-0221-4df1-8094-80f40c0bb4fa', 'submitter_id': 'TCGA-BH-A0BL'}, {'case_id': 'd67cd793-2931-429a-9084-2f3c4c8be7ad', 'submitter_id': 'TCGA-A2-A0EY'}, {'case_id': '128d198e-9b22-427c-90db-3714455f3a17', 'submitter_id': 'TCGA-A2-A0T2'}, {'case_id': '9c55032f-4db7-4026-ae83-8d060dd8e3fe', 'submitter_id': 'TCGA-D8-A27I'}, {'case_id': '9676e46b-8f29-43cd-ab65-eb6a535cced4', 'submitter_id': 'TCGA-EW-A6S9'}, {'case_id': '42e47f3a-dff7-41e4-8f84-146d97e8ab72', 'submitter_id': 'TCGA-D8-A1X6'}, {'case_id': 'ca20249f-b7ea-4fd9-9ecb-34f74755ae35', 'submitter_id': 'TCGA-XX-A89A'}, {'case_id': 'e8614b7d-132e-4b4e-b1ae-df8bb4f2d4d4', 'submitter_id': 'TCGA-EW-A1IX'}, {'case_id': 'cf0e7e4e-b857-4db5-9ae2-551a899f77be', 'submitter_id': 'TCGA-AN-A0XP'}, {'case_id': 'd81594d9-dd6a-45c3-8bad-61960611d78d', 'submitter_id': 'TCGA-A7-A4SF'}, {'case_id': 'e74aea7c-ca14-49df-b5cf-dacb839ac27a', 'submitter_id': 'TCGA-E9-A1NC'}, {'case_id': '6f89509c-f802-482e-b4da-94553aa76fe9', 'submitter_id': 'TCGA-AR-A24H'}, {'case_id': '5d8ed961-a012-4b6b-bffb-9468d3953646', 'submitter_id': 'TCGA-EW-A1J5'}, {'case_id': 'dcd5860c-7e3a-44f3-a732-fe92fe3fe300', 'submitter_id': 'TCGA-AN-A046'}, {'case_id': 'ed2617c3-5d3b-4688-9283-0f8a10e0b10d', 'submitter_id': 'TCGA-E9-A5UO'}, {'case_id': 'aa60fa8d-c374-40e0-af2d-b007701e67e3', 'submitter_id': 'TCGA-LL-A740'}, {'case_id': '955d4263-61f7-42e8-8a6e-772a0d6c209d', 'submitter_id': 'TCGA-E9-A1N6'}, {'case_id': '2e32f31f-9817-4935-b259-96c59936ee33', 'submitter_id': 'TCGA-E2-A1L6'}, {'case_id': '747083ff-0703-431b-aad4-f2adff739516', 'submitter_id': 'TCGA-BH-A18G'}, {'case_id': 'fa176764-a76f-44c7-b97a-cd6d21e052be', 'submitter_id': 'TCGA-E2-A1LB'}, {'case_id': '5c59028f-b8fa-4811-8314-be3eaed5f364', 'submitter_id': 'TCGA-EW-A6SB'}, {'case_id': '23c21dea-3713-408f-ba56-f7c586e9f206', 'submitter_id': 'TCGA-E9-A1R5'}, {'case_id': '0f7ab21b-1fd0-45e0-9a47-17c4691eb84f', 'submitter_id': 'TCGA-E2-A15S'}, {'case_id': '0b172e29-6166-4863-803d-a0a010887c11', 'submitter_id': 'TCGA-B6-A0RO'}, {'case_id': '72e486b8-a866-4916-b2e4-8b4bb5dcd92d', 'submitter_id': 'TCGA-A8-A07R'}, {'case_id': '182c4bdf-2c58-4303-b034-459da86b9d90', 'submitter_id': 'TCGA-E9-A54Y'}, {'case_id': '64089c20-939f-48b4-ae8b-904ad0597145', 'submitter_id': 'TCGA-E2-A15I'}, {'case_id': 'b804f7ae-da8f-4414-be11-f880f1859160', 'submitter_id': 'TCGA-B6-A0IC'}, {'case_id': 'c0b7b798-3383-4a45-a455-9eca5810739e', 'submitter_id': 'TCGA-EW-A3E8'}, {'case_id': 'dc696e3c-f448-468f-a576-f4429be0338a', 'submitter_id': 'TCGA-A2-A0SY'}, {'case_id': '51ccbf1b-7cae-44ba-991a-11eda8b8c404', 'submitter_id': 'TCGA-BH-A1ES'}, {'case_id': 'b5fba77b-1f50-4e71-95b2-566afba4bdd7', 'submitter_id': 'TCGA-A2-A04Q'}, {'case_id': '6f0fd68f-ed6a-4c9e-be02-c97ba4950f76', 'submitter_id': 'TCGA-GM-A3XG'}, {'case_id': '074e8b06-3929-4896-9263-3b80ad6a355b', 'submitter_id': 'TCGA-AR-A24S'}, {'case_id': '23f438bd-1dbb-4d46-972f-1e8e74ddbd37', 'submitter_id': 'TCGA-Z7-A8R5'}, {'case_id': '59bf0ce4-715a-4017-bccb-c59916e78324', 'submitter_id': 'TCGA-A8-A07U'}, {'case_id': '316625b8-a217-4829-90d1-dfd9cb7e4bc3', 'submitter_id': 'TCGA-A8-A07J'}, {'case_id': '87f03d04-e651-4a6e-aea6-1c946aa46202', 'submitter_id': 'TCGA-BH-A0BV'}, {'case_id': '7b605fb6-d077-401e-b870-b87ddf505f82', 'submitter_id': 'TCGA-A8-A0A9'}, {'case_id': '65cde5d5-1efc-4e30-b1bd-a93598794f2c', 'submitter_id': 'TCGA-C8-A12X'}, {'case_id': '6fa2a667-9c36-4526-8a58-1975e863a806', 'submitter_id': 'TCGA-AC-A2BK'}, {'case_id': '6ffd1b8c-6f0b-456a-9160-e0c8021e5897', 'submitter_id': 'TCGA-OL-A97C'}, {'case_id': '7032ec9c-e96b-4642-a7b6-d0aee7a3add2', 'submitter_id': 'TCGA-A2-A0EV'}, {'case_id': '70931617-b3df-4a12-8e3f-2b2307602f48', 'submitter_id': 'TCGA-A8-A06X'}, {'case_id': '70ab4f23-23c4-409f-a5cc-18a010c3a24e', 'submitter_id': 'TCGA-C8-A26X'}, {'case_id': '71229981-97c2-4ae1-a130-fe5de336b37d', 'submitter_id': 'TCGA-C8-A12T'}, {'case_id': '71626753-cc34-4731-abc0-ae188b0964e7', 'submitter_id': 'TCGA-AO-A12C'}, {'case_id': '718db047-9f32-48c4-98c9-515218441bca', 'submitter_id': 'TCGA-E2-A1IF'}, {'case_id': '719082cc-1ebe-4a51-a659-85a59db1d77d', 'submitter_id': 'TCGA-A8-A08G'}, {'case_id': '71f97b63-c970-44ee-98c2-e02e663d5a40', 'submitter_id': 'TCGA-AR-A0U4'}, {'case_id': '7241b3d4-31ee-4fd2-a4a5-35a9d5f37d6a', 'submitter_id': 'TCGA-E2-A1B5'}, {'case_id': '726c6892-0dce-4869-a7a7-cc44c26fe843', 'submitter_id': 'TCGA-C8-A9FZ'}, {'case_id': '72cd1b17-d349-4551-83f7-3062ce9db865', 'submitter_id': 'TCGA-A2-A0YI'}, {'case_id': '733a2a0f-b37a-4b81-b49e-3c0f30d1eb37', 'submitter_id': 'TCGA-A2-A04X'}, {'case_id': '739cb132-51e9-41be-8064-311a13da0d74', 'submitter_id': 'TCGA-D8-A1XA'}, {'case_id': '73ccc949-01b7-48d3-a7c4-c4bcd261672a', 'submitter_id': 'TCGA-E2-A15A'}, {'case_id': '7451af3c-acc0-4d79-8429-6b8be96911d8', 'submitter_id': 'TCGA-A7-A3RF'}, {'case_id': '7455d832-ad66-40df-85d7-3a7051c4498d', 'submitter_id': 'TCGA-A2-A0ER'}, {'case_id': '7486a2b3-b09f-4e9c-9864-8b51b58d9fb3', 'submitter_id': 'TCGA-AC-A6IX'}, {'case_id': '74f31744-0aed-4633-beec-4e203315f0b7', 'submitter_id': 'TCGA-BH-A0DT'}, {'case_id': '752ad011-79e0-494f-9868-98bf6feb28f8', 'submitter_id': 'TCGA-E2-A14N'}, {'case_id': '9964f447-92ad-4d1e-af20-11cf84fab7b0', 'submitter_id': 'TCGA-B6-A408'}, {'case_id': '996bd3f0-d767-4eff-9c82-99fcb5a3006a', 'submitter_id': 'TCGA-E2-A1B0'}, {'case_id': '99927651-34be-4795-893a-128d8a1fdb30', 'submitter_id': 'TCGA-AO-A12A'}, {'case_id': '99e32c59-aa73-43fa-88c9-399ddadb2c72', 'submitter_id': 'TCGA-A2-A0D2'}, {'case_id': '9ac44381-5d43-4f63-aa3f-7703bfc923c9', 'submitter_id': 'TCGA-E2-A10C'}, {'case_id': '9b13927c-7357-44fd-8385-92ae6a656b7d', 'submitter_id': 'TCGA-B6-A0RG'}, {'case_id': '9ba11ea8-97d3-464a-90a4-ec1151be9088', 'submitter_id': 'TCGA-PL-A8LY'}, {'case_id': '9c1ceb7d-6fed-4c2f-a89a-bf3c5b15ca58', 'submitter_id': 'TCGA-BH-A18I'}, {'case_id': '9c895825-d6f6-4d14-a662-23212200f6e5', 'submitter_id': 'TCGA-AR-A5QM'}, {'case_id': '9ce7ce09-4409-4fa3-9f78-b2b24716f860', 'submitter_id': 'TCGA-A2-A04Y'}, {'case_id': '9ced0c70-c46c-4f98-8f48-840defe4b8b1', 'submitter_id': 'TCGA-D8-A1JA'}, {'case_id': '9d166970-07c8-4ca3-9cfa-ed0049df9ecc', 'submitter_id': 'TCGA-BH-A1EW'}, {'case_id': '9d8702e1-1a36-4bca-85ab-5f11d58d7953', 'submitter_id': 'TCGA-A2-A0EX'}, {'case_id': '9d95a65b-e41d-4f93-92d4-99dce29ff40d', 'submitter_id': 'TCGA-A7-A0CE'}, {'case_id': '9ddc014d-9a8b-407b-845f-452a73f08e5e', 'submitter_id': 'TCGA-A2-A4S2'}, {'case_id': '9de678e5-67ed-4453-a98b-7ac351d5d0f1', 'submitter_id': 'TCGA-A7-A0CH'}, {'case_id': '9f3cc92b-fa22-478e-a2e4-6b4c8afb93d6', 'submitter_id': 'TCGA-E9-A24A'}, {'case_id': '66072c06-f251-4f0b-b6ae-12b407c52cc6', 'submitter_id': 'TCGA-AN-A04C'}, {'case_id': '6623fc5e-00be-4476-967a-cbd55f676ea6', 'submitter_id': 'TCGA-4H-AAAK'}, {'case_id': '6644fd4e-d2fe-4785-a73c-0f36fcc740e2', 'submitter_id': 'TCGA-A1-A0SO'}, {'case_id': '665dd3d3-779c-4abd-b5d7-13342340451d', 'submitter_id': 'TCGA-BH-A18N'}, {'case_id': '66fa504c-4ae4-49ac-9355-1e063776dc0d', 'submitter_id': 'TCGA-GM-A2DI'}, {'case_id': '67526f5a-3a30-45b2-aeab-2b21a855063e', 'submitter_id': 'TCGA-AR-A24W'}, {'case_id': '67c73260-a242-4bba-87c5-d2302556dff7', 'submitter_id': 'TCGA-AC-A3TM'}, {'case_id': '67eef990-5ff4-45d1-843d-d22d7848f130', 'submitter_id': 'TCGA-A7-A0CG'}, {'case_id': '680f23a9-fcce-493e-b908-27c1ad202e4c', 'submitter_id': 'TCGA-D8-A27E'}, {'case_id': '69054195-9e93-49e5-b820-69b0091cc2d4', 'submitter_id': 'TCGA-A8-A06O'}, {'case_id': '6951fe6a-d7d1-4f41-85af-76655b5d1f62', 'submitter_id': 'TCGA-C8-A8HQ'}, {'case_id': '6956473b-92e5-4069-a26b-b48e280e76f2', 'submitter_id': 'TCGA-B6-A0RU'}, {'case_id': '69a68fbc-e43d-4652-85ee-693211bded47', 'submitter_id': 'TCGA-E9-A1N4'}, {'case_id': '69fc24fc-cfe2-487a-935f-1a954b30b709', 'submitter_id': 'TCGA-LL-A441'}, {'case_id': '6a186809-3422-41d0-83d2-867145830936', 'submitter_id': 'TCGA-D8-A1XO'}, {'case_id': '6a2972e3-cca9-47e5-aac0-b770f2399eeb', 'submitter_id': 'TCGA-BH-A1F2'}, {'case_id': '6adca853-1b09-47ff-814c-47b732a76d96', 'submitter_id': 'TCGA-C8-A12W'}, {'case_id': '6b4e0262-f589-4532-b578-9f2d76c19d90', 'submitter_id': 'TCGA-A7-A3IY'}, {'case_id': '6b923e30-2ddc-407f-91b1-c202f1373fbb', 'submitter_id': 'TCGA-C8-A12K'}, {'case_id': '6b960b58-28e1-41c6-bd6e-7e669c6aa4ef', 'submitter_id': 'TCGA-BH-A18V'}, {'case_id': '6c0066e3-96df-4870-bcd3-98cda64082e9', 'submitter_id': 'TCGA-BH-A0E6'}, {'case_id': '6cb6f179-defd-4661-af0a-c353b74c0c49', 'submitter_id': 'TCGA-A7-A26J'}, {'case_id': '6cd9baf5-bbe0-4c1e-a87f-c53b3af22890', 'submitter_id': 'TCGA-A7-A13G'}, {'case_id': '6cdc0d53-f813-4101-81e5-9bee68270536', 'submitter_id': 'TCGA-BH-A0H3'}, {'case_id': '6d24e675-2fa4-4102-861f-7516650b3049', 'submitter_id': 'TCGA-LL-A5YP'}, {'case_id': '0fe1419e-a005-407c-8ae7-15c4c1579539', 'submitter_id': 'TCGA-E2-A1II'}, {'case_id': '1026e0bf-5640-4fa5-b65f-4f11e8e76b18', 'submitter_id': 'TCGA-D8-A1XS'}, {'case_id': '10c829ec-fd66-49c4-8afe-ad3ae567372c', 'submitter_id': 'TCGA-BH-A42T'}, {'case_id': '10c9be1e-2cc0-45e4-8d2c-c013ea63ef05', 'submitter_id': 'TCGA-AN-A0FS'}, {'case_id': '1133b8a9-6b11-4511-b70a-f200e3b8b5db', 'submitter_id': 'TCGA-GM-A2D9'}, {'case_id': '115bc72c-116f-40c1-be9b-e3dd7650efae', 'submitter_id': 'TCGA-D8-A1JE'}, {'case_id': '1174f6e4-ffbe-4e59-a000-8d861c968369', 'submitter_id': 'TCGA-AO-A03L'}, {'case_id': '124b693c-77dc-4fa8-b703-54e8b5054a92', 'submitter_id': 'TCGA-HN-A2NL'}, {'case_id': '125b0a9a-6cbe-4207-9178-e7ff03487e87', 'submitter_id': 'TCGA-AR-A24O'}, {'case_id': '1285eb55-415c-494a-aa58-936f0427cdd0', 'submitter_id': 'TCGA-V7-A7HQ'}, {'case_id': '65cac997-4d39-4501-85ec-4fcb328a8eb5', 'submitter_id': 'TCGA-GM-A3XL'}, {'case_id': '001cef41-ff86-4d3f-a140-a647ac4b10a1', 'submitter_id': 'TCGA-E2-A1IU'}, {'case_id': '00807dae-9f4a-4fd1-aac2-82eb11bf2afb', 'submitter_id': 'TCGA-A2-A04W'}, {'case_id': '00a2d166-78c9-4687-a195-3d6315c27574', 'submitter_id': 'TCGA-AN-A0AM'}, {'case_id': '00b11ca8-8540-4a3d-b602-ec754b00230b', 'submitter_id': 'TCGA-LL-A440'}, {'case_id': '011b9b2d-ebe5-42bf-9662-d922faccc7a1', 'submitter_id': 'TCGA-A7-A26E'}, {'case_id': '01263518-5f7c-49dc-8d7e-84b0c03a6a63', 'submitter_id': 'TCGA-A8-A07W'}, {'case_id': '0130d616-885e-4a6c-9d03-2f17dd692a05', 'submitter_id': 'TCGA-D8-A1XY'}, {'case_id': '01674b2c-5cf2-478f-84a1-f69c39f47bd4', 'submitter_id': 'TCGA-EW-A1P7'}, {'case_id': '01b9f68b-4de4-4374-b4f2-8a0685e18153', 'submitter_id': 'TCGA-AC-A5EI'}, {'case_id': '01eef340-598c-4205-a990-cec190ac2ca5', 'submitter_id': 'TCGA-B6-A0IQ'}, {'case_id': '02bbb632-0f7f-439d-b8f0-c86a06237424', 'submitter_id': 'TCGA-AC-A2FB'}, {'case_id': '02bed00f-bef7-4fb7-b243-540354990e45', 'submitter_id': 'TCGA-A2-A0T1'}, {'case_id': '02e6f999-24f2-4ad2-9b92-df3ee2b082e5', 'submitter_id': 'TCGA-D8-A1JC'}, {'case_id': '03565036-b6d3-432f-8d9a-7099818e0788', 'submitter_id': 'TCGA-AO-A0JC'}, {'case_id': '035cb359-eac3-484a-9e88-3ddc739440a3', 'submitter_id': 'TCGA-BH-A0DX'}, {'case_id': '03ab1e9f-4918-404d-b178-3a4fd929c5e8', 'submitter_id': 'TCGA-C8-A137'}, {'case_id': '03c143e0-d8a1-4d60-a4a3-df0501fc6b6e', 'submitter_id': 'TCGA-E9-A1N3'}, {'case_id': '045c13ef-3db7-4adf-b0a3-23338f0479f3', 'submitter_id': 'TCGA-B6-A0I6'}, {'case_id': '048549cf-d0a5-4743-a0a1-2004f7cc2b08', 'submitter_id': 'TCGA-AC-A3BB'}, {'case_id': '04af44fc-c487-4005-b3cb-cb64815824a2', 'submitter_id': 'TCGA-B6-A0IO'}, {'case_id': 'a2453bcb-90f2-4505-949d-a89cf4bfc9b8', 'submitter_id': 'TCGA-C8-A1HF'}, {'case_id': 'a272171b-44f5-47a5-89be-7520413c01ad', 'submitter_id': 'TCGA-A8-A07Z'}, {'case_id': 'a2934508-3daf-49e2-b14f-ed9b7693f96f', 'submitter_id': 'TCGA-A2-A0ES'}, {'case_id': 'a82d0a57-4383-473d-b334-d13b278404b1', 'submitter_id': 'TCGA-OL-A5RW'}, {'case_id': 'a851ca14-7bbf-455b-a054-ec03979a4247', 'submitter_id': 'TCGA-BH-A0DQ'}, {'case_id': 'a855c228-a263-44df-87a0-cbc32187e3f5', 'submitter_id': 'TCGA-C8-A1HJ'}, {'case_id': 'a8a199c9-d781-4e6c-af8c-c85d60c7cd40', 'submitter_id': 'TCGA-C8-A1HL'}, {'case_id': 'a8a33ba9-0976-4e19-b0e9-fa5ba4d4eaa8', 'submitter_id': 'TCGA-BH-A5IZ'}, {'case_id': 'a8e7d8a4-bbf0-496b-b387-8e014cfdcea6', 'submitter_id': 'TCGA-A2-A3XU'}, {'case_id': '3dbc8d60-3a97-47b2-91d0-c18fb46b4365', 'submitter_id': 'TCGA-E9-A54X'}, {'case_id': '3e25056d-d137-49f5-abaa-f68509426600', 'submitter_id': 'TCGA-AN-A0XT'}, {'case_id': '3e637872-f5e5-49d3-bb0d-9c16b8713382', 'submitter_id': 'TCGA-LL-A73Z'}, {'case_id': '3e775c99-ceda-4246-8d6f-0f58ca5097c8', 'submitter_id': 'TCGA-D8-A1JM'}, {'case_id': '3e9f93c0-aa79-4b4c-bd6c-b3325912362a', 'submitter_id': 'TCGA-AN-A0AL'}, {'case_id': '3ea9412b-429e-4dcf-90cd-c53be06885a1', 'submitter_id': 'TCGA-AO-A0JB'}, {'case_id': '6e126b73-d3e8-4641-a128-306f3b313e40', 'submitter_id': 'TCGA-AC-A2B8'}, {'case_id': '6e6408d6-6c48-4dfc-9f1c-28b7386e87b4', 'submitter_id': 'TCGA-B6-A0I8'}, {'case_id': '6e6b7742-a562-490b-bb72-04a5653852e4', 'submitter_id': 'TCGA-GM-A2DB'}, {'case_id': 'a1872011-b928-4189-ac02-e87506c20bca', 'submitter_id': 'TCGA-A2-A0YC'}, {'case_id': 'a1da9db1-db11-4f4d-a249-c738db81b87e', 'submitter_id': 'TCGA-AN-A0XU'}, {'case_id': 'a2434f47-2168-47d0-9bbb-981071597843', 'submitter_id': 'TCGA-JL-A3YW'}, {'case_id': '05135396-df5c-49db-b34e-f4add5b65a2b', 'submitter_id': 'TCGA-BH-A204'}, {'case_id': '05506f4c-e701-4a9d-ae06-97f066aade43', 'submitter_id': 'TCGA-AN-A0AT'}, {'case_id': '058dcb78-bed1-40c3-a6c2-a0cc40065531', 'submitter_id': 'TCGA-A2-A0T3'}, {'case_id': '05af737d-89aa-49b6-97b2-28b8ac8bd2cf', 'submitter_id': 'TCGA-AC-A62Y'}, {'case_id': '0685edd2-ce1c-4e0e-8dda-393139af4223', 'submitter_id': 'TCGA-AO-A03U'}, {'case_id': '0741b5db-4405-42ba-b63a-c6ee4f341480', 'submitter_id': 'TCGA-BH-A1EY'}, {'case_id': '0772cdbe-8b0d-452b-8df1-bd70d1306363', 'submitter_id': 'TCGA-BH-A0W4'}, {'case_id': '077506ea-8f11-405d-bb8e-3c9924fe54d0', 'submitter_id': 'TCGA-AR-A5QN'}, {'case_id': '08306ede-e74b-4be9-b768-7fd98647b6ac', 'submitter_id': 'TCGA-A2-A0T6'}, {'case_id': '084c6aec-94f7-4090-8f3f-59fa9e89721a', 'submitter_id': 'TCGA-A2-A0D1'}, {'case_id': '08740d7f-5a5e-4dfa-bd48-7fbf228a7a28', 'submitter_id': 'TCGA-B6-A0WZ'}, {'case_id': '08da7c4c-3067-4bcf-9d7a-78566df72e69', 'submitter_id': 'TCGA-B6-A0RE'}, {'case_id': '08de63a2-7b76-43c3-80dc-df748b1d81bc', 'submitter_id': 'TCGA-A1-A0SQ'}, {'case_id': '0930e97a-72ea-4bd5-b2f0-50c76af695f3', 'submitter_id': 'TCGA-GM-A3XN'}, {'case_id': '09a5e9fd-d816-4f8c-baa9-0e40ba607b16', 'submitter_id': 'TCGA-LL-A7SZ'}, {'case_id': '09c2bc35-c21f-4aa4-ac30-0d8db02ad811', 'submitter_id': 'TCGA-A8-A09Q'}, {'case_id': '09d6e904-7184-4788-8a19-04f8c46cb13f', 'submitter_id': 'TCGA-BH-AB28'}, {'case_id': '0a2a3529-f645-4967-9a58-89ee20b8bb62', 'submitter_id': 'TCGA-E2-A15E'}, {'case_id': '2a84997d-ccee-4f46-bea2-752534f26416', 'submitter_id': 'TCGA-E2-A1LL'}, {'case_id': '2b36853f-34d3-47c5-ba6a-e5a93233d2b1', 'submitter_id': 'TCGA-AC-A7VC'}, {'case_id': '2bcacfd1-6a45-4b96-9b80-2ad569b1ab45', 'submitter_id': 'TCGA-S3-AA12'}, {'case_id': '2c6adb12-380d-4710-a7e6-93d5a0e53289', 'submitter_id': 'TCGA-A2-A0YD'}, {'case_id': '2c86c3ea-d926-4d39-a5ae-39ece4774287', 'submitter_id': 'TCGA-B6-A0IJ'}, {'case_id': '2c90d5e3-ac8c-4c86-a06f-42ccc064eb49', 'submitter_id': 'TCGA-D8-A1XZ'}, {'case_id': '2cb8c866-9296-4c70-a3ea-f9a9b707895c', 'submitter_id': 'TCGA-A8-A0A4'}, {'case_id': '2cbeadff-a8a3-4787-9d4e-f6b74c3ab5d9', 'submitter_id': 'TCGA-AO-A12E'}, {'case_id': '2cf68894-168b-458b-af4f-53cad72989a8', 'submitter_id': 'TCGA-A7-A13F'}, {'case_id': '2d0d7ff4-7866-4ae1-9cf1-a3c7f4cbe48d', 'submitter_id': 'TCGA-E2-A1IE'}, {'case_id': '2d29a4ac-98e7-4663-9dd6-5681bc32ac2e', 'submitter_id': 'TCGA-A2-A3KC'}, {'case_id': 'de531604-bd1a-49df-96c2-6de3ae703f1d', 'submitter_id': 'TCGA-D8-A1XG'}, {'case_id': 'de646f6a-6d50-4be2-b3cd-f17554b234df', 'submitter_id': 'TCGA-AR-A24L'}, {'case_id': 'de75d0b9-0f47-4732-8df5-05c350cfcd32', 'submitter_id': 'TCGA-AN-A0FY'}, {'case_id': 'deba32e4-0e68-4711-941b-3b63bd965afb', 'submitter_id': 'TCGA-A2-A3XY'}, {'case_id': '1fef9454-b3e8-4d9d-a9aa-aa1f1a32b80c', 'submitter_id': 'TCGA-E2-A15J'}, {'case_id': '1ff85ada-3cdd-4afb-b311-2c7befb52702', 'submitter_id': 'TCGA-EW-A1P3'}, {'case_id': '2021ed1f-dc75-4701-b8b8-1386466e4802', 'submitter_id': 'TCGA-BH-A0H7'}, {'case_id': '20e8106b-1290-4735-abe4-7621e08e3dc8', 'submitter_id': 'TCGA-BH-A0E0'}, {'case_id': '214a4507-d974-4b3e-8525-7408fccc6a0f', 'submitter_id': 'TCGA-BH-A0B7'}, {'case_id': '2199b7a1-bd47-4bb5-b36a-a3e291e3e259', 'submitter_id': 'TCGA-B6-A0RN'}, {'case_id': '21ef1730-e5a7-47ce-b419-d000bb59ae15', 'submitter_id': 'TCGA-BH-A1F0'}, {'case_id': '22eaba28-be67-4730-9846-860bc1fca29a', 'submitter_id': 'TCGA-A8-A0AB'}, {'case_id': '233b02f3-c4f0-4a67-9db5-e68d5cdaccb6', 'submitter_id': 'TCGA-BH-A18U'}, {'case_id': '2399caeb-ead2-4003-af38-809db4ac2e2b', 'submitter_id': 'TCGA-A8-A06Z'}, {'case_id': '23b7aaea-1119-4b10-aa1a-0ae255d2f2a6', 'submitter_id': 'TCGA-E2-A14U'}, {'case_id': '23c31c2e-336c-4878-a476-cf8d811b4875', 'submitter_id': 'TCGA-S3-AA10'}, {'case_id': '23dabeef-8e3c-44bc-9a12-a9522d17be5c', 'submitter_id': 'TCGA-A8-A076'}, {'case_id': '23e7a78a-1d56-4ad1-9bb4-72ec0178aff2', 'submitter_id': 'TCGA-AR-A1AJ'}, {'case_id': '24046547-d038-4616-b190-52ac93f4965f', 'submitter_id': 'TCGA-E9-A1RE'}, {'case_id': 'a2db9dd1-44d5-48b5-817c-a21a85fadb21', 'submitter_id': 'TCGA-A1-A0SJ'}, {'case_id': 'a2efe7e1-aca3-440f-825f-ed621edca69f', 'submitter_id': 'TCGA-A7-A4SA'}, {'case_id': 'a32cb96a-78bf-456e-a6ab-2d47b2c67ad4', 'submitter_id': 'TCGA-BH-A0BT'}, {'case_id': 'a45833e1-7cc9-4273-b408-620f74679a12', 'submitter_id': 'TCGA-OL-A66O'}, {'case_id': 'a45d296e-efc0-479e-b2f6-bad834668cdf', 'submitter_id': 'TCGA-AC-A3YI'}, {'case_id': 'a4c59287-1ad5-46a5-8040-e591e6ce064f', 'submitter_id': 'TCGA-E9-A244'}, {'case_id': '1cc30842-4a5b-4f07-b36f-5b84ceaa5662', 'submitter_id': 'TCGA-BH-A8FZ'}, {'case_id': '1d27253f-b036-44e7-a04d-8da5bbf57419', 'submitter_id': 'TCGA-E2-A1LK'}, {'case_id': '1d38d356-d126-4476-94d0-26616b9375b1', 'submitter_id': 'TCGA-OL-A5RV'}, {'case_id': '1d75e89d-4b01-443c-be54-749c7a667bf4', 'submitter_id': 'TCGA-LL-A5YL'}, {'case_id': '1e68e760-a4cf-4100-bf9c-e50fa8d126f6', 'submitter_id': 'TCGA-B6-A0X0'}, {'case_id': '1f601832-eee3-48fb-acf5-80c4a454f26e', 'submitter_id': 'TCGA-BH-A0EA'}, {'case_id': '1f8f87cb-8a0b-474c-97fb-c71b4fd88d97', 'submitter_id': 'TCGA-AO-A1KT'}, {'case_id': '4f608829-ffc4-4527-886e-6bc764ab29f5', 'submitter_id': 'TCGA-BH-A0BG'}, {'case_id': '4fba3deb-db94-44b5-a0f2-a575d270779e', 'submitter_id': 'TCGA-E2-A14R'}, {'case_id': '50619f8c-10aa-464a-a227-90a7aa6ffd43', 'submitter_id': 'TCGA-BH-A18K'}, {'case_id': '515b1400-e896-4f2a-81bd-70895441a0bd', 'submitter_id': 'TCGA-A8-A06Y'}, {'case_id': '518f231c-f5f9-4a39-a97b-7fd5666d3e50', 'submitter_id': 'TCGA-BH-A0AZ'}, {'case_id': '521e2140-ae5b-456f-8699-97398d009687', 'submitter_id': 'TCGA-EW-A1P4'}, {'case_id': '523e24a2-51b9-4658-be2f-42e5fccebb17', 'submitter_id': 'TCGA-A7-A5ZW'}, {'case_id': '530ad151-703d-4638-851f-0b5111ff318b', 'submitter_id': 'TCGA-D8-A1JD'}, {'case_id': '5362cbc4-cd28-4afd-a8ac-1a4c2c33cad2', 'submitter_id': 'TCGA-B6-A409'}, {'case_id': '539bbbed-43fb-4fef-9c67-6406f58b186a', 'submitter_id': 'TCGA-E9-A248'}, {'case_id': '12d31787-e54d-4729-ace8-9141043c92b8', 'submitter_id': 'TCGA-A2-A0ST'}, {'case_id': '1347c23d-8d6e-4c15-9461-640249838c96', 'submitter_id': 'TCGA-LL-A6FR'}, {'case_id': '13b860c3-8048-4dc9-9eb0-7480bc660837', 'submitter_id': 'TCGA-AN-A0FX'}, {'case_id': '13ca97a1-75bb-4a49-b8c3-181e5b2c9e86', 'submitter_id': 'TCGA-AR-A0TT'}, {'case_id': '14d1d84e-99e1-41ad-8892-3b4da3d4f948', 'submitter_id': 'TCGA-BH-A1FL'}, {'case_id': '1549dc64-3dab-43fc-96e9-b07d520957e1', 'submitter_id': 'TCGA-D8-A27F'}, {'case_id': '157ec9e0-ca6e-4da1-9233-f976cf0db433', 'submitter_id': 'TCGA-B6-A0IB'}, {'case_id': '15ff4b02-bb69-4d24-8a07-b82f428e428d', 'submitter_id': 'TCGA-A7-A3IZ'}, {'case_id': '161917b8-88ad-407b-ade6-d6b98478b359', 'submitter_id': 'TCGA-E9-A22H'}, {'case_id': '16368c32-2118-4fcf-8693-6c89995e49d8', 'submitter_id': 'TCGA-A1-A0SI'}, {'case_id': '16a8d916-ad46-4690-b1a5-3b2b323f4336', 'submitter_id': 'TCGA-B6-A0IN'}, {'case_id': '174850b4-5ec2-462b-a890-89bd1716b3c2', 'submitter_id': 'TCGA-A2-A3Y0'}, {'case_id': '1783cac1-253a-40af-a9ac-48dfb20e1ab8', 'submitter_id': 'TCGA-BH-A1FH'}, {'case_id': '178b2c48-c07d-422e-ae17-8bcfd996ad51', 'submitter_id': 'TCGA-B6-A0X1'}, {'case_id': '17baef7c-d97d-4b98-ab53-503ef856523d', 'submitter_id': 'TCGA-A7-A0D9'}, {'case_id': '17c1d42c-cb84-4655-a4cd-b54bae17ecaf', 'submitter_id': 'TCGA-E2-A15K'}, {'case_id': '17ca61a2-607a-45ff-88fa-ef72e80bf891', 'submitter_id': 'TCGA-BH-A0HF'}, {'case_id': '17d9e646-6ab3-40b3-a0bc-2c834d3c3213', 'submitter_id': 'TCGA-AR-A0U1'}, {'case_id': '17f275c1-a0d4-487d-8f02-ea279584b4cd', 'submitter_id': 'TCGA-D8-A13Y'}, {'case_id': '189e1f27-7738-413a-a4d4-97d41d592a13', 'submitter_id': 'TCGA-A2-A3XV'}, {'case_id': '18d35983-ea6a-4b70-a209-9bef37595956', 'submitter_id': 'TCGA-A2-A0SX'}, {'case_id': '18eb4dfc-556f-4bf3-a411-4780209ed1e0', 'submitter_id': 'TCGA-BH-A0B3'}, {'case_id': '195b6731-6ae6-416e-a345-0eb8874a0ca2', 'submitter_id': 'TCGA-AN-A0XO'}, {'case_id': '197428f7-bd77-4c5f-8119-87157b5c35b9', 'submitter_id': 'TCGA-A2-A04N'}, {'case_id': '197741de-a098-4f04-bb37-8ea8b3bb39bc', 'submitter_id': 'TCGA-B6-A0WS'}, {'case_id': '1a18974d-967c-4727-b42e-12ae7be66589', 'submitter_id': 'TCGA-B6-A0I5'}, {'case_id': '1a679332-30a3-4495-a2e5-39d299e14333', 'submitter_id': 'TCGA-S3-A6ZG'}, {'case_id': '9f6be944-83de-42ab-8738-f0022f475e61', 'submitter_id': 'TCGA-GI-A2C9'}, {'case_id': '9f93ea0a-1687-44e0-9e8a-eeb4097d471c', 'submitter_id': 'TCGA-A2-A0CZ'}, {'case_id': '9fefbe7c-f66a-4940-843e-285cb7b392c1', 'submitter_id': 'TCGA-AR-A24Z'}, {'case_id': 'a0576d44-9add-429b-9eeb-f7b234b7385f', 'submitter_id': 'TCGA-E2-A14Y'}, {'case_id': 'a06ff6ae-b0dd-4516-a75c-0db71694b46b', 'submitter_id': 'TCGA-LD-A7W5'}, {'case_id': 'a0963e93-b63e-4de2-86c1-81302e271d3e', 'submitter_id': 'TCGA-AR-A250'}, {'case_id': 'a1093598-d3a8-4ffe-83fc-bc7d1faff7e5', 'submitter_id': 'TCGA-BH-A1EU'}, {'case_id': 'a12fd22a-7f84-4b6e-b6d8-012e38eb73d7', 'submitter_id': 'TCGA-AR-A1AW'}, {'case_id': 'a1674d7b-787a-45c4-bf16-1b7d0efce207', 'submitter_id': 'TCGA-E2-A15P'}, {'case_id': '64975923-d032-4182-8565-59fc37127d8d', 'submitter_id': 'TCGA-D8-A1XT'}, {'case_id': '64d4dfae-8d91-464b-adc3-80ba7caf54ae', 'submitter_id': 'TCGA-E9-A22E'}, {'case_id': '64f67506-f2df-4f0a-b7be-29b4949e986a', 'submitter_id': 'TCGA-A2-A04V'}, {'case_id': '659b0170-e914-45ff-aa55-fcb8d3dc7b8a', 'submitter_id': 'TCGA-E9-A1NG'}, {'case_id': '53d0af48-d7ea-42c9-8695-c614b89b415b', 'submitter_id': 'TCGA-EW-A1P5'}, {'case_id': '53ff5893-7d5e-4bcb-be9c-665fa34b7824', 'submitter_id': 'TCGA-EW-A1OY'}, {'case_id': '546248b0-22a0-4b70-a437-76fb0a238a0d', 'submitter_id': 'TCGA-AN-A0FJ'}, {'case_id': '55262fcb-1b01-4480-b322-36570430c917', 'submitter_id': 'TCGA-3C-AALI'}, {'case_id': '5562455d-bbb8-46eb-a510-e8c6e1e26789', 'submitter_id': 'TCGA-B6-A0RL'}, {'case_id': '557cb0a3-6f1b-4faf-8296-0a15c24158f9', 'submitter_id': 'TCGA-BH-A18P'}, {'case_id': '5580b21a-2cdb-4777-ad79-6e06654144f5', 'submitter_id': 'TCGA-E2-A15H'}, {'case_id': '56203436-8634-4fd0-96b5-ba6be9d87857', 'submitter_id': 'TCGA-D8-A1JK'}, {'case_id': '56230e4a-29ca-4f37-a0f9-730dbdfb6fa2', 'submitter_id': 'TCGA-AC-A7VB'}, {'case_id': '8cf54607-01ce-42b0-9bd9-8627edd9f3b7', 'submitter_id': 'TCGA-C8-A130'}, {'case_id': '8d5fe6e8-d2cc-481f-a6a1-9cb6e7982cde', 'submitter_id': 'TCGA-A2-A0EW'}, {'case_id': '8d9b50d1-139b-4447-ae9c-e54764d9e2a7', 'submitter_id': 'TCGA-AC-A6NO'}, {'case_id': '8db69f1d-72e2-40ba-ad8a-cf228499840d', 'submitter_id': 'TCGA-C8-A8HP'}, {'case_id': 'd1fd8ed2-be13-4272-b31e-df86911db3b1', 'submitter_id': 'TCGA-AR-A24P'}, {'case_id': 'd2f2560c-ec80-4fea-9474-c47a2e85ea95', 'submitter_id': 'TCGA-AO-A0J2'}, {'case_id': 'd34471a1-b367-4f8a-b35a-c5901c4f5503', 'submitter_id': 'TCGA-EW-A2FS'}, {'case_id': 'd3a75976-67d3-40fa-9f6f-cf2a3d7b773c', 'submitter_id': 'TCGA-BH-A0B8'}, {'case_id': 'd3b9d925-ae04-4721-8bfc-50b41225bc74', 'submitter_id': 'TCGA-BH-A0E7'}, {'case_id': 'd3d4d709-ab34-4617-aa8c-51a3d0a3efe6', 'submitter_id': 'TCGA-BH-A0DO'}, {'case_id': 'd3d545b3-457f-4389-821f-704cb24aff7f', 'submitter_id': 'TCGA-AR-A256'}, {'case_id': 'd48e9f25-f083-4f88-a92d-c12d9f765ba6', 'submitter_id': 'TCGA-A7-A426'}, {'case_id': 'd4a1ecdc-399c-4f82-aa7a-68a0c82ded3f', 'submitter_id': 'TCGA-E9-A243'}, {'case_id': 'd4e7426c-9739-4585-9114-e564b13c7c02', 'submitter_id': 'TCGA-BH-A1FG'}, {'case_id': 'd5be2ab3-f748-480d-954b-385cf01b4c81', 'submitter_id': 'TCGA-D8-A27N'}, {'case_id': 'd5d8e76e-2f2a-49bc-ba0a-d51283611b16', 'submitter_id': 'TCGA-AO-A0JL'}, {'case_id': 'd5e655fe-3fbc-47b0-ba23-1d1dd01d591c', 'submitter_id': 'TCGA-AC-A8OS'}, {'case_id': 'd5e9a403-88ce-40fc-bb85-80cf3f8ff6bc', 'submitter_id': 'TCGA-D8-A1J9'}, {'case_id': 'd69e59a8-b10b-46f5-b859-b6c178d90506', 'submitter_id': 'TCGA-A7-A0CJ'}, {'case_id': 'd6f911b5-e895-43f8-8f86-0ac2f1bc6fae', 'submitter_id': 'TCGA-BH-A0BJ'}, {'case_id': 'd7308344-5bab-4073-bb4f-4d8cd8d7bd17', 'submitter_id': 'TCGA-E2-A159'}, {'case_id': 'd7808cbc-4b8c-467b-b2c3-f48d05b9ecab', 'submitter_id': 'TCGA-A8-A08Z'}, {'case_id': 'd7cac141-9269-4733-83ce-e1bc0b503254', 'submitter_id': 'TCGA-A8-A096'}, {'case_id': 'd7ce6b79-f7c0-481e-9dbd-6273f01c9786', 'submitter_id': 'TCGA-E2-A14Z'}, {'case_id': 'd8492ebd-3d94-4a4b-8de7-386526691cc2', 'submitter_id': 'TCGA-E2-A1BC'}, {'case_id': 'd8ecba6a-9fff-4993-a799-9a8d2aea524e', 'submitter_id': 'TCGA-E2-A1LH'}, {'case_id': 'd8f8064f-02ef-4fed-942b-714cbe5e8455', 'submitter_id': 'TCGA-LL-A7T0'}, {'case_id': 'd9627184-b972-4e00-8c11-b0b946ac357a', 'submitter_id': 'TCGA-AC-A5XS'}, {'case_id': 'd9a1c06f-7b50-46b0-878e-89e8c31863ae', 'submitter_id': 'TCGA-B6-A400'}, {'case_id': 'd9dc3b59-613d-469e-8b4f-6c5a557eb26a', 'submitter_id': 'TCGA-EW-A3U0'}, {'case_id': 'd9fd2724-7db0-4af3-ac14-217bdfa5203f', 'submitter_id': 'TCGA-AC-A2QJ'}, {'case_id': 'da1c58a7-c6bd-47d9-95c2-8d2ac70e20e4', 'submitter_id': 'TCGA-AR-A0TY'}, {'case_id': 'da286247-e8bb-4941-a2af-2453fe61cd02', 'submitter_id': 'TCGA-EW-A1PG'}, {'case_id': 'da70cf7e-0e61-4c72-b4c5-c408569d11b8', 'submitter_id': 'TCGA-A7-A3J0'}, {'case_id': 'da840a22-8d30-4682-bbd0-8fa87bd40528', 'submitter_id': 'TCGA-E2-A15C'}, {'case_id': 'daf62b56-6dd2-4ab7-adaa-f296bb86a0a5', 'submitter_id': 'TCGA-AR-A1AV'}, {'case_id': 'db3e1ce8-4a05-4bfc-b5ae-13cf789369e1', 'submitter_id': 'TCGA-OL-A6VR'}, {'case_id': 'db4bc6aa-2e7d-4bcb-8519-a455f624d33b', 'submitter_id': 'TCGA-BH-A18Q'}, {'case_id': 'db62d9c7-8343-4771-84fc-146d2e307bb8', 'submitter_id': 'TCGA-AR-A24R'}, {'case_id': 'db8d38ab-cc61-49ee-863d-40060112f2af', 'submitter_id': 'TCGA-A8-A08H'}, {'case_id': 'dba9beec-5e51-48c0-9229-0ee286a02a1a', 'submitter_id': 'TCGA-BH-A0DD'}, {'case_id': 'dbb2da92-99dd-400c-bc05-e87d7273656c', 'submitter_id': 'TCGA-E2-A1B4'}, {'case_id': 'dbf6f981-15cc-40ad-91ac-a66360405fbd', 'submitter_id': 'TCGA-A7-A4SE'}, {'case_id': 'dc11b1c7-1f00-4813-b4b5-ecf776b2eb37', 'submitter_id': 'TCGA-C8-A26Z'}, {'case_id': 'dc15a8ae-991e-421c-bc70-70e94f79dd17', 'submitter_id': 'TCGA-E2-A10E'}, {'case_id': 'dc657ca8-98e8-4ec4-a513-1b848be0e85d', 'submitter_id': 'TCGA-BH-A0HU'}, {'case_id': 'dcb68327-1537-4ca6-81de-3910d0663cb8', 'submitter_id': 'TCGA-C8-A8HR'}, {'case_id': 'dcd5e079-813a-4c1a-b320-0931468d2bbc', 'submitter_id': 'TCGA-D8-A1JF'}, {'case_id': 'dcfd0b1d-5707-44a6-b225-5e8f7cea5ca1', 'submitter_id': 'TCGA-A8-A097'}, {'case_id': 'dd43ffd9-da18-4ad3-abe7-6f443c76a717', 'submitter_id': 'TCGA-GM-A2DC'}, {'case_id': 'dd67408e-46ba-4573-9415-d4814e9f84de', 'submitter_id': 'TCGA-E9-A226'}, {'case_id': 'dd6b64a8-d546-4fd1-bbbd-ac9703791cae', 'submitter_id': 'TCGA-AO-A03T'}, {'case_id': '0b0f9938-ce1e-4814-8821-0132d137eb9e', 'submitter_id': 'TCGA-LD-A7W6'}, {'case_id': '0bc5744c-5fa3-45bb-87d0-70a02068b392', 'submitter_id': 'TCGA-BH-A0DG'}, {'case_id': '0c1023c0-d2ce-4940-8047-7642f1dc3965', 'submitter_id': 'TCGA-BH-A0HB'}, {'case_id': '0c23c380-363c-474d-b64c-b47f612a8225', 'submitter_id': 'TCGA-C8-A1HG'}, {'case_id': '0d03055c-186b-418a-b614-e2035757bc3b', 'submitter_id': 'TCGA-D8-A1JS'}, {'case_id': '0dca98b0-f43e-45b6-9a02-00092c78678c', 'submitter_id': 'TCGA-D8-A27H'}, {'case_id': '0e1d0d46-7a7b-4538-95dd-b9fc20a15aec', 'submitter_id': 'TCGA-E2-A1BD'}, {'case_id': '0ec70e40-07df-461d-8ff9-351240a0d454', 'submitter_id': 'TCGA-A7-A5ZV'}, {'case_id': '6d4860b2-21c6-4b7b-9093-2f32700d0612', 'submitter_id': 'TCGA-OL-A5D8'}, {'case_id': '6dd0dd7b-62ff-4fd1-a99a-b265f1a91dca', 'submitter_id': 'TCGA-BH-A1FN'}, {'case_id': '6ddaee34-46eb-490c-bd13-f0ab963c4322', 'submitter_id': 'TCGA-GM-A3NW'}, {'case_id': '26573441-eedb-4364-966c-e7f803deef19', 'submitter_id': 'TCGA-BH-A0BO'}, {'case_id': '2680da86-c977-4611-b75f-df015283c023', 'submitter_id': 'TCGA-E9-A1R7'}, {'case_id': '271404de-24e8-43f6-806b-fb510c1124c4', 'submitter_id': 'TCGA-B6-A1KN'}, {'case_id': '271e8024-a008-4bf0-9f6e-177f60096b1b', 'submitter_id': 'TCGA-E2-A15G'}, {'case_id': '27b05b15-a44b-45ed-a6e3-e7d1ca488ea9', 'submitter_id': 'TCGA-A8-A09X'}, {'case_id': '27c1c094-690b-4973-8900-a797ad88f98c', 'submitter_id': 'TCGA-D8-A27T'}, {'case_id': '28911b97-42bf-4189-9961-522fc0aeebc6', 'submitter_id': 'TCGA-D8-A1JN'}, {'case_id': '295cf595-4a29-46a3-a0c5-e5f08f947031', 'submitter_id': 'TCGA-A2-A1G6'}, {'case_id': '298d33da-15af-48cb-b30f-eaf54e7baa43', 'submitter_id': 'TCGA-A2-A0YH'}, {'case_id': '29fdc464-f216-4828-b456-829f71436e27', 'submitter_id': 'TCGA-BH-A0HW'}, {'case_id': 'dd96a9c7-899c-47cd-a0f9-b149ed07a5d6', 'submitter_id': 'TCGA-D8-A1JB'}, {'case_id': 'ddcbdac6-9e43-4146-a611-d033125eba14', 'submitter_id': 'TCGA-BH-A208'}, {'case_id': 'dddd8e2f-e540-418a-b02e-698d18a12c14', 'submitter_id': 'TCGA-A7-A26H'}, {'case_id': 'a53dd490-e0ba-419a-90c6-b905e241a8e5', 'submitter_id': 'TCGA-A2-A4S0'}, {'case_id': 'a6cb373a-1604-4e25-bd81-da6c3e4f06ee', 'submitter_id': 'TCGA-AO-A03V'}, {'case_id': 'a6e11b30-3ae8-4dd1-b04c-a730c6a79746', 'submitter_id': 'TCGA-AR-A1AH'}, {'case_id': 'a6e5f869-1182-4f81-b4bb-cf55261c8f3f', 'submitter_id': 'TCGA-D8-A3Z6'}, {'case_id': 'ba39bfbc-5cac-4f6c-b55c-4eee3466ee93', 'submitter_id': 'TCGA-BH-A0DL'}, {'case_id': 'ba80db4e-d899-4da4-ae49-5263d98e1530', 'submitter_id': 'TCGA-A7-A5ZX'}, {'case_id': 'ba89cb4f-cd63-47b1-9550-76fdaff89f2e', 'submitter_id': 'TCGA-A2-A25E'}, {'case_id': 'bac4b268-c781-4408-96d8-43a48fec7418', 'submitter_id': 'TCGA-BH-A2L8'}, {'case_id': 'baf2afc8-f16c-488f-947c-efc9083c6bef', 'submitter_id': 'TCGA-D8-A1JI'}, {'case_id': 'baf5e81f-2322-41ec-9053-b9559a7993bc', 'submitter_id': 'TCGA-AN-A0FT'}, {'case_id': 'bb1de798-0c02-437e-b539-33cb556d3993', 'submitter_id': 'TCGA-EW-A1J3'}, {'case_id': 'bd5374c9-7f36-457f-b66b-7cc7ff64224e', 'submitter_id': 'TCGA-GM-A3NY'}, {'case_id': 'bdd08ec8-8892-4273-8f21-6fde0f23c52d', 'submitter_id': 'TCGA-EW-A423'}, {'case_id': 'be9bf36a-12e1-4386-addf-1686dc8b49de', 'submitter_id': 'TCGA-E2-A153'}, {'case_id': 'becedbfd-b2aa-4dde-b7f4-29e6f59ec32c', 'submitter_id': 'TCGA-E2-A1IK'}, {'case_id': '4d51159f-ab2f-40e3-a363-847c3654431e', 'submitter_id': 'TCGA-C8-A26Y'}, {'case_id': '4da7abaf-ac7a-41c0-8033-5780a398545c', 'submitter_id': 'TCGA-E2-A10A'}, {'case_id': '753d5d49-3b40-4737-9d4c-b1ec29cc2692', 'submitter_id': 'TCGA-GM-A2DM'}, {'case_id': '757df7b0-4774-4493-98bf-999ded9ac86e', 'submitter_id': 'TCGA-A2-A0CY'}, {'case_id': '75b3fe55-1a63-426e-867e-2ef52f54778d', 'submitter_id': 'TCGA-B6-A402'}, {'case_id': '75b5529b-565a-4eba-918a-910b2f441d32', 'submitter_id': 'TCGA-A2-A1G1'}, {'case_id': '75f6e476-233a-409c-a3ef-0240be569813', 'submitter_id': 'TCGA-JL-A3YX'}, {'case_id': '76ace6aa-0505-442c-978a-f889cf2d44bb', 'submitter_id': 'TCGA-BH-A0E9'}, {'case_id': '76bd9bb9-9a8b-4a90-bb7c-eafe76472ee4', 'submitter_id': 'TCGA-OL-A66H'}, {'case_id': '77e25ae8-82ec-4dea-8e62-1176f27e47ba', 'submitter_id': 'TCGA-D8-A3Z5'}, {'case_id': '784de7ac-8424-42eb-83d4-a1bebaa42b97', 'submitter_id': 'TCGA-A1-A0SM'}, {'case_id': '78582fbc-dcc7-48ae-9f95-5271c9bc5b72', 'submitter_id': 'TCGA-AQ-A04L'}, {'case_id': '7861a5f2-8910-4bcb-9c34-f79c5acd6e21', 'submitter_id': 'TCGA-A8-A075'}, {'case_id': '786e8dbe-442e-4551-87b3-b4c333b04dd4', 'submitter_id': 'TCGA-BH-A0WA'}, {'case_id': '78e1da41-127c-4e9c-aaaa-77a0d94c31d0', 'submitter_id': 'TCGA-A8-A08C'}, {'case_id': '790ff5db-b7f3-4946-aaed-305f66b1dd6a', 'submitter_id': 'TCGA-BH-A0AV'}, {'case_id': '796b593f-5886-4a27-bf94-7ea8df325e1a', 'submitter_id': 'TCGA-A2-A0YJ'}, {'case_id': '7aedb46a-48ec-4e0e-8baa-c9ea4c4a7cf1', 'submitter_id': 'TCGA-A2-A25C'}, {'case_id': '7b892055-c59d-4550-8688-ad039790af3d', 'submitter_id': 'TCGA-BH-A1EX'}, {'case_id': '7bcf6d42-eb8f-4aa2-825b-38671d4f9e3a', 'submitter_id': 'TCGA-BH-A0C3'}, {'case_id': '7c2a8440-0206-4039-8474-8d62f6c7de0c', 'submitter_id': 'TCGA-AN-A0AS'}, {'case_id': '7d9d3522-ec3b-4efe-8c8e-c0e675276ef5', 'submitter_id': 'TCGA-BH-A0GY'}, {'case_id': '7dcf550c-90ce-4f63-aecd-0e46897e2a3e', 'submitter_id': 'TCGA-AC-A23H'}, {'case_id': '7e8713bd-0b17-4f09-9696-bc29707d862b', 'submitter_id': 'TCGA-OL-A5RZ'}, {'case_id': '7eb18190-5a41-4637-9783-f81bbde499e4', 'submitter_id': 'TCGA-BH-A1FM'}, {'case_id': '7f0bbba1-9bc3-45db-bdda-eb3319bb15d2', 'submitter_id': 'TCGA-BH-A0DE'}, {'case_id': '42f6f503-4cf6-4a8e-b5fe-b44bccf6b38b', 'submitter_id': 'TCGA-D8-A141'}, {'case_id': '43029932-feb0-4658-97fa-645c1e775009', 'submitter_id': 'TCGA-AR-A1AN'}, {'case_id': '433427a1-bacf-4381-91ba-5fec8a0953f9', 'submitter_id': 'TCGA-BH-A18S'}, {'case_id': '43b3bf47-7313-4dfb-952a-ec0b9d48e16c', 'submitter_id': 'TCGA-OL-A5S0'}, {'case_id': '43c0bec6-6fac-47b1-83cb-200a15a932be', 'submitter_id': 'TCGA-OL-A5RX'}, {'case_id': '43cc074d-b85a-4b0b-8feb-833094ffc565', 'submitter_id': 'TCGA-BH-A6R9'}, {'case_id': '43d5632e-7272-4aad-9496-7f5a99671223', 'submitter_id': 'TCGA-A2-A0T7'}, {'case_id': '441919eb-8c9f-478c-bda3-8de4f8295e8a', 'submitter_id': 'TCGA-C8-A12L'}, {'case_id': '44954053-0b93-4577-a436-42777e442300', 'submitter_id': 'TCGA-B6-A0I9'}, {'case_id': '44bec761-b603-49c0-8634-f6bfe0319bb1', 'submitter_id': 'TCGA-AO-A0JM'}, {'case_id': '45013972-2dfd-4f82-a076-e3e4af1b43b8', 'submitter_id': 'TCGA-UU-A93S'}, {'case_id': '4510295e-8aa7-4ef1-b2b7-91cc902f8200', 'submitter_id': 'TCGA-BH-A1EO'}, {'case_id': '451e1a67-47e6-4738-99d7-fb7771ef61a3', 'submitter_id': 'TCGA-B6-A0RP'}, {'case_id': '56bbd282-b88d-4730-9242-ab97d08dc83a', 'submitter_id': 'TCGA-GM-A2DN'}, {'case_id': '5700c1b3-922a-4401-8ab8-89028908d696', 'submitter_id': 'TCGA-GM-A2DH'}, {'case_id': '57cf380d-ab52-467f-b9ae-740b2f84c820', 'submitter_id': 'TCGA-BH-A42V'}, {'case_id': '58090433-d8d1-4499-a235-810c3e9d5b74', 'submitter_id': 'TCGA-AQ-A54N'}, {'case_id': '58959e88-54e2-4558-9664-2effda7403dc', 'submitter_id': 'TCGA-AO-A0JG'}, {'case_id': '58c56d4b-3f85-4aad-a779-5f9e1791677d', 'submitter_id': 'TCGA-AO-A12G'}, {'case_id': '59be60a3-e0f6-4d63-b98c-574ef92428c4', 'submitter_id': 'TCGA-E2-A15M'}, {'case_id': '59d60247-e549-4326-a672-50b05c13a291', 'submitter_id': 'TCGA-BH-A8G0'}, {'case_id': '5a17dcd9-5ced-4a69-8069-23c7fd0649d1', 'submitter_id': 'TCGA-D8-A13Z'}, {'case_id': '5a53ec47-e63f-44a2-8078-87659544fb04', 'submitter_id': 'TCGA-A2-A4RY'}, {'case_id': '5a57dc25-d252-4b22-b192-4de630d7002f', 'submitter_id': 'TCGA-BH-A0B9'}, {'case_id': '5a5f0f48-2b13-4e78-b130-901b85d9a7f3', 'submitter_id': 'TCGA-C8-A273'}, {'case_id': '5aca16ca-4516-4e27-8249-6914029a7ebf', 'submitter_id': 'TCGA-A2-A0CK'}, {'case_id': '5b9a5cd2-5ec8-48a0-b9f2-da9bede0b089', 'submitter_id': 'TCGA-B6-A0X7'}, {'case_id': '5cd79093-1571-4f71-8136-0d84ccabdcac', 'submitter_id': 'TCGA-WT-AB44'}, {'case_id': '5cdae21d-eee5-478f-932a-0f51fcf5f031', 'submitter_id': 'TCGA-E9-A1RC'}, {'case_id': '5dc1bee9-c44d-4fdc-9ae5-83426c4d6880', 'submitter_id': 'TCGA-AR-A0TQ'}, {'case_id': '5dd423e8-feaa-4568-a750-500948c41d6c', 'submitter_id': 'TCGA-B6-A0I1'}, {'case_id': '5e2cbc56-97f9-4b94-ade2-a3f739bcc7be', 'submitter_id': 'TCGA-EW-A1IW'}, {'case_id': '5e4187c9-98f8-4bdb-a8da-6a914e96f47a', 'submitter_id': 'TCGA-A8-A082'}, {'case_id': '5e670fec-8992-44bf-8657-f7f9a272306b', 'submitter_id': 'TCGA-A2-A0EN'}, {'case_id': '5ea18514-51ad-4844-abea-15e82f0b10c9', 'submitter_id': 'TCGA-E2-A1L9'}, {'case_id': '5f4d16aa-9cc4-4edb-b714-394e2661439a', 'submitter_id': 'TCGA-BH-A8FY'}, {'case_id': '5f5964a8-8e07-4620-98f0-93d162dbc31e', 'submitter_id': 'TCGA-A8-A08O'}, {'case_id': '6f18f96e-c0c9-4cc4-9fb2-cba8949d5402', 'submitter_id': 'TCGA-E2-A9RU'}, {'case_id': '6f4c8d30-47fb-47df-9eb7-4e5881e3711e', 'submitter_id': 'TCGA-AC-A3QP'}, {'case_id': '6f6afd31-b5dd-48ab-b18f-6390ba18a5f0', 'submitter_id': 'TCGA-D8-A1XF'}, {'case_id': '8c51bbcb-7c8d-47ad-9193-70ca157c6900', 'submitter_id': 'TCGA-AR-A251'}, {'case_id': '8c7e74e0-71ef-49b8-9217-94b8ef740ef9', 'submitter_id': 'TCGA-A7-A13E'}, {'case_id': '8cccf160-93e9-48a5-9b8b-54aa50153142', 'submitter_id': 'TCGA-A8-A07P'}, {'case_id': '8cd1ba0b-ead9-4661-a796-6c9dbf1c42cd', 'submitter_id': 'TCGA-AC-A8OR'}, {'case_id': '452672e8-b6d9-45b5-bb02-e88e03e2dd66', 'submitter_id': 'TCGA-A8-A09W'}, {'case_id': '45c3975c-d333-4237-93f7-e12dc2451c38', 'submitter_id': 'TCGA-E2-A56Z'}, {'case_id': '4649dee3-b668-44cd-ab97-3834de3ef8f8', 'submitter_id': 'TCGA-AN-A0XL'}, {'case_id': '478eb8aa-50b8-4ce5-98e4-d518ede4b174', 'submitter_id': 'TCGA-BH-A0DZ'}, {'case_id': '4842bac3-abaa-4900-871f-f2c3ba6457f5', 'submitter_id': 'TCGA-E9-A1R6'}, {'case_id': '48ff0420-0f19-4e9d-a75d-6c54949a461a', 'submitter_id': 'TCGA-B6-A401'}, {'case_id': '491b6364-1223-474f-816f-e248c8c841e2', 'submitter_id': 'TCGA-BH-A0DH'}, {'case_id': '491d5ebb-e9ab-4b17-acb8-630ff9fef0f2', 'submitter_id': 'TCGA-AR-A24X'}, {'case_id': '4922cddc-575c-4b8a-8245-ce5f6876760c', 'submitter_id': 'TCGA-E9-A1R3'}, {'case_id': '4958c36f-1dc7-4f14-9dec-36e14107dbe3', 'submitter_id': 'TCGA-D8-A145'}, {'case_id': '495f9eda-b9be-4eef-bae1-766a4bfbd68e', 'submitter_id': 'TCGA-AO-A12F'}, {'case_id': 'cc510968-fe52-4109-a79f-74f216b48c78', 'submitter_id': 'TCGA-D8-A1XJ'}, {'case_id': 'ccb22ecc-6e18-44b8-ad48-6ab51314b16e', 'submitter_id': 'TCGA-D8-A142'}, {'case_id': 'ccd4a24b-d8cc-4686-9dee-c98b0c5a8d21', 'submitter_id': 'TCGA-A2-A04P'}, {'case_id': 'cd0c96a4-6414-4efb-879b-7408b62ed5b6', 'submitter_id': 'TCGA-A2-A1FV'}, {'case_id': 'cd3faa15-743c-476f-ab0d-f205b14126b6', 'submitter_id': 'TCGA-B6-A0RV'}, {'case_id': 'cd781589-3820-45a2-906b-8d60cd02f3ef', 'submitter_id': 'TCGA-D8-A1JT'}, {'case_id': 'cd7fb75e-1c2e-4201-86d3-b3ba21f476bf', 'submitter_id': 'TCGA-OK-A5Q2'}, {'case_id': 'cdab777e-62de-4d51-92af-b6eb089c111f', 'submitter_id': 'TCGA-D8-A1X7'}, {'case_id': 'cdd8c046-fd97-482a-a11f-2217b321c4d1', 'submitter_id': 'TCGA-E2-A570'}, {'case_id': 'ce887e90-0660-4f44-a3a4-b3b894cb7eda', 'submitter_id': 'TCGA-C8-A275'}, {'case_id': 'ce9e0309-9756-42d2-ae94-d91264a79498', 'submitter_id': 'TCGA-E2-A1LA'}, {'case_id': 'cea9d8f9-e18c-4947-a461-5f712e3c1e6d', 'submitter_id': 'TCGA-E9-A229'}, {'case_id': 'ced2c048-b047-43ff-b0e7-cd7ad480850c', 'submitter_id': 'TCGA-D8-A1Y0'}, {'case_id': 'cf0a3f38-5850-44e1-8574-808bd37d84a3', 'submitter_id': 'TCGA-E9-A22D'}, {'case_id': 'cf9db1af-17f0-490e-8139-142bd704763a', 'submitter_id': 'TCGA-A8-A07O'}, {'case_id': 'cffe832c-8a81-4cdb-8b25-df7f35afafdc', 'submitter_id': 'TCGA-S3-AA0Z'}, {'case_id': 'd071c16b-7cee-45ed-8ec9-612418143815', 'submitter_id': 'TCGA-A2-A0CS'}, {'case_id': 'dfe6db17-cf45-488e-bd3c-b8433d7343ca', 'submitter_id': 'TCGA-AR-A0TU'}, {'case_id': 'e0375a8b-a135-4103-a59d-39063fcf4a6f', 'submitter_id': 'TCGA-BH-A0HI'}, {'case_id': 'e0929c47-cff3-4518-a188-8764af01073a', 'submitter_id': 'TCGA-E2-A14T'}, {'case_id': 'e0b1bcd2-1139-44b9-98b3-67bcf92bcc39', 'submitter_id': 'TCGA-E2-A1B6'}, {'case_id': 'e1119732-3e97-4259-bc69-dc4269d9496d', 'submitter_id': 'TCGA-BH-A0C7'}, {'case_id': 'e112b452-8850-4353-bfed-0dbdc243290b', 'submitter_id': 'TCGA-AN-A0FW'}, {'case_id': 'e1786e78-ac46-46fd-8ce0-8f7456e46082', 'submitter_id': 'TCGA-LL-A8F5'}, {'case_id': '8e159b50-8136-42d4-b9c7-d579a74e4931', 'submitter_id': 'TCGA-E2-A10F'}, {'case_id': '8f34cb4c-5798-47a0-89a1-f0ee26a8ae93', 'submitter_id': 'TCGA-A2-A0YK'}, {'case_id': '8f912a40-3251-4e1f-ae65-1f93d71f9881', 'submitter_id': 'TCGA-EW-A1OZ'}, {'case_id': '8f9ad301-6699-4078-a80d-886e40894af7', 'submitter_id': 'TCGA-A7-A3J1'}, {'case_id': '9087585f-e792-4f33-baaa-56ffe0f745be', 'submitter_id': 'TCGA-PL-A8LZ'}, {'case_id': '910655da-2c12-4572-96b7-ded616e69b4b', 'submitter_id': 'TCGA-MS-A51U'}, {'case_id': '91a2f2af-e4b1-4a0b-ab20-6a36ce63c533', 'submitter_id': 'TCGA-E2-A1LS'}, {'case_id': '91da548b-5c64-49c3-a44a-1ef115f53311', 'submitter_id': 'TCGA-LL-A50Y'}, {'case_id': '92529232-8504-4541-b7e2-4df8f497c413', 'submitter_id': 'TCGA-D8-A1XM'}, {'case_id': '92654f8d-5137-4ffd-aaa3-5ae38eb88226', 'submitter_id': 'TCGA-A7-A2KD'}, {'case_id': '929acc67-b8bf-4f65-9110-380e44ab66b7', 'submitter_id': 'TCGA-S3-AA14'}, {'case_id': '92b842c5-f71b-4ef7-ba86-358d28e0966f', 'submitter_id': 'TCGA-LL-A6FQ'}, {'case_id': '93ed6066-b567-4e1c-ab81-23370f9d3452', 'submitter_id': 'TCGA-BH-A0AY'}, {'case_id': '9416ff9b-6f29-4554-b04d-b537a3ae3969', 'submitter_id': 'TCGA-B6-A0RS'}, {'case_id': '9434687a-197c-4959-b6b8-9c05f1dd7f53', 'submitter_id': 'TCGA-B6-A3ZX'}, {'case_id': '9495f029-9882-4c9b-a557-b3aec9e91698', 'submitter_id': 'TCGA-AR-A1AP'}, {'case_id': '94b03e1d-50ec-4680-bffd-7086d1536ff2', 'submitter_id': 'TCGA-AR-A1AK'}, {'case_id': '94b95984-b2fb-4e42-8887-45e7086c3179', 'submitter_id': 'TCGA-E9-A1RB'}, {'case_id': '9536bec0-dae0-4d63-a1b3-956741835243', 'submitter_id': 'TCGA-AO-A0J7'}, {'case_id': '95873e61-afdb-496c-9f77-3f9beb008cda', 'submitter_id': 'TCGA-E9-A3X8'}, {'case_id': '959ff069-8a49-4c9b-85c2-5291cac0acff', 'submitter_id': 'TCGA-C8-A3M7'}, {'case_id': '95c53f69-0f05-4348-822a-571f3d757001', 'submitter_id': 'TCGA-A2-A0T0'}, {'case_id': '95cef916-5545-455b-920c-773a54fc7676', 'submitter_id': 'TCGA-AC-A3QQ'}, {'case_id': '95e949d3-b1f3-46c6-9451-8fe92c99e4cf', 'submitter_id': 'TCGA-AN-A0XS'}, {'case_id': '96312510-c126-485d-8109-ed81844a1dc3', 'submitter_id': 'TCGA-AN-A0G0'}, {'case_id': '9646160a-f1f9-437b-8c7d-efb0b57bfb97', 'submitter_id': 'TCGA-AN-A0AJ'}, {'case_id': '96b9c7db-1be1-4b60-b47c-26b654c3d64c', 'submitter_id': 'TCGA-BH-A0DV'}, {'case_id': '96e1fc6d-693f-4f4f-b5f7-8d6e1c6c43f8', 'submitter_id': 'TCGA-OL-A66J'}, {'case_id': '96f02be7-f2df-483c-8968-a5bd2d887206', 'submitter_id': 'TCGA-D8-A73U'}, {'case_id': '97677fd7-8523-48c5-a8ce-614fd4010551', 'submitter_id': 'TCGA-AC-A5XU'}, {'case_id': '97862b8e-9f76-4b19-a865-156a9c00fb1e', 'submitter_id': 'TCGA-EW-A6SC'}, {'case_id': '97943d87-fed7-4f14-a0a7-c5bfee64c392', 'submitter_id': 'TCGA-D8-A1XK'}, {'case_id': '332423a7-8866-4ee3-b08f-3c8d7c16af80', 'submitter_id': 'TCGA-A2-A0CU'}, {'case_id': '33919e92-4ea9-47e5-a6f4-36e51845d50f', 'submitter_id': 'TCGA-A8-A09N'}, {'case_id': '33cea538-4c3f-470a-972d-257c43241ab4', 'submitter_id': 'TCGA-C8-A135'}, {'case_id': '34a74805-300c-4773-ab59-2085fcc2e6cc', 'submitter_id': 'TCGA-D8-A1X9'}, {'case_id': '34ab0cb8-bf19-4cbb-b4eb-3c45ee5aa60b', 'submitter_id': 'TCGA-B6-A0IG'}, {'case_id': '35bd694d-1dd2-466f-ab27-03320614b40e', 'submitter_id': 'TCGA-OL-A66I'}, {'case_id': '35ca5e2a-861a-4dd2-a4ce-d294cf080da3', 'submitter_id': 'TCGA-AQ-A54O'}, {'case_id': '360d1d6d-cf3e-4c78-b36f-ef5e3160aa6b', 'submitter_id': 'TCGA-BH-A0AU'}, {'case_id': '36220587-1c1c-4f92-b177-3b2155e7e273', 'submitter_id': 'TCGA-AR-A1AU'}, {'case_id': '36449392-de76-4ee9-bc09-627a07e18727', 'submitter_id': 'TCGA-A8-A09D'}, {'case_id': '36d77496-99f8-4911-ba7c-89fae32662aa', 'submitter_id': 'TCGA-A2-A0T5'}, {'case_id': '36fe6152-f61e-4948-9ccc-23ac01a9d77d', 'submitter_id': 'TCGA-AO-A0JE'}, {'case_id': '376ffe63-efd7-42af-90e1-261255b28bb7', 'submitter_id': 'TCGA-AR-A2LH'}, {'case_id': '378778d2-b331-4867-a93b-c64028c8b4c7', 'submitter_id': 'TCGA-A2-A0CT'}, {'case_id': '3886b4fb-ba22-4a50-b11a-a6893951f170', 'submitter_id': 'TCGA-D8-A1XQ'}, {'case_id': '38a4e9bd-93e9-432d-a756-3b1055b823bd', 'submitter_id': 'TCGA-LD-A74U'}, {'case_id': '38a631a1-6875-4216-a335-ee93c90a86d6', 'submitter_id': 'TCGA-D8-A1Y1'}, {'case_id': '38a8b734-9acc-42f9-b5b7-e51b0dfc6504', 'submitter_id': 'TCGA-A8-A092'}, {'case_id': '38dc3e09-0b0e-4a29-b318-cc0352013dae', 'submitter_id': 'TCGA-LD-A66U'}, {'case_id': '3927f736-3b5c-48c8-9d9e-83669ec44770', 'submitter_id': 'TCGA-A8-A09G'}, {'case_id': '398fb71b-ca83-44e7-bf0d-b1ca464b0283', 'submitter_id': 'TCGA-OL-A6VO'}, {'case_id': '39cde586-df95-435f-b9a6-73b0c0ee5e92', 'submitter_id': 'TCGA-AO-A0J3'}, {'case_id': '3aaabc62-f5a4-4025-9b29-5adf82c86c84', 'submitter_id': 'TCGA-AO-A1KP'}, {'case_id': '5fc7ff35-d3f7-4687-8759-3542bd58e988', 'submitter_id': 'TCGA-EW-A1OX'}, {'case_id': '5fd9552a-c742-4388-940d-295d1107ae00', 'submitter_id': 'TCGA-AR-A1AY'}, {'case_id': '5fe3c51f-65e2-4da6-8924-a6fae17c022d', 'submitter_id': 'TCGA-E9-A1RD'}, {'case_id': '5ff12cbe-a3e0-4ce6-8452-12b984a1baaf', 'submitter_id': 'TCGA-EW-A1IY'}, {'case_id': '6014a582-d22e-46e1-9000-c8e2fbad7acf', 'submitter_id': 'TCGA-AR-A254'}, {'case_id': '6020d1b4-ee20-4cc9-82a3-340b5e3122f1', 'submitter_id': 'TCGA-D8-A27L'}, {'case_id': '606fbc6a-b41b-441d-9401-51e54912bf5e', 'submitter_id': 'TCGA-BH-A0E1'}, {'case_id': '60df7543-6da5-4c75-943b-5800c1e08234', 'submitter_id': 'TCGA-E2-A14X'}, {'case_id': '61204cdf-3b1c-44a1-bda6-0fef1ac4a333', 'submitter_id': 'TCGA-HN-A2OB'}, {'case_id': '623befd6-0ca4-4a6c-9cf5-d9385c3b718f', 'submitter_id': 'TCGA-AR-A1AO'}, {'case_id': '626b4ff0-2188-4a14-aac8-6703c624917f', 'submitter_id': 'TCGA-A8-A09M'}, {'case_id': '62d70067-ff77-4f95-8b69-f537abaf74ce', 'submitter_id': 'TCGA-D8-A1J8'}, {'case_id': '6397d7bc-9cb1-4a84-81ad-76954e0a8cee', 'submitter_id': 'TCGA-GM-A4E0'}, {'case_id': '6412854a-f874-469e-9d1f-8bd3ae5bd41d', 'submitter_id': 'TCGA-A8-A08R'}, {'case_id': '6429c443-8ac3-407f-bb9c-66420b904bbf', 'submitter_id': 'TCGA-E2-A573'}, {'case_id': '6439621e-da61-4723-91cc-c5d87d0a4abc', 'submitter_id': 'TCGA-AR-A0TV'}, {'case_id': '3ecb0147-276d-486c-9af0-ce437c24ba83', 'submitter_id': 'TCGA-BH-A0BR'}, {'case_id': '3efa245d-177d-4ef9-94f7-f554c54e345e', 'submitter_id': 'TCGA-A8-A0A1'}, {'case_id': '408cb583-6dc3-4698-8bd2-e284042bd5ef', 'submitter_id': 'TCGA-E9-A1RH'}, {'case_id': '417dea5f-f68e-4dab-940e-43ae8c67e5e6', 'submitter_id': 'TCGA-BH-A1EV'}, {'case_id': '418c11e8-2670-48d5-bbf5-95b46bff1201', 'submitter_id': 'TCGA-A2-A4S3'}, {'case_id': '4229e432-6ac5-49d2-b58a-e8713ddb79bd', 'submitter_id': 'TCGA-AR-A2LQ'}, {'case_id': '42621dfa-abfd-4c7d-8bc5-a02a09d1c2b4', 'submitter_id': 'TCGA-C8-A12Z'}, {'case_id': 'b8b6cebc-26dc-43ae-a94a-20da6018f7ae', 'submitter_id': 'TCGA-C8-A133'}, {'case_id': 'b956df1b-bc77-4bdb-a5bd-5dda7b4c8da7', 'submitter_id': 'TCGA-E9-A22B'}, {'case_id': 'b95eef8a-205f-4cf8-9d3c-ae51d406e1e0', 'submitter_id': 'TCGA-E9-A228'}, {'case_id': 'b97bf89a-7a85-4eef-ae7e-f787aead1f0a', 'submitter_id': 'TCGA-BH-A1FC'}, {'case_id': '97b5f490-1cd9-4833-b903-5f4c6e45670d', 'submitter_id': 'TCGA-C8-A12U'}, {'case_id': '9848307d-1bd5-40c1-b655-a33297aaf74f', 'submitter_id': 'TCGA-AR-A1AI'}, {'case_id': '9857be0c-aeca-4a43-90b1-0535bd08e086', 'submitter_id': 'TCGA-B6-A2IU'}, {'case_id': '98e0b4de-52fc-4945-9bf5-11e29368f939', 'submitter_id': 'TCGA-AR-A1AQ'}, {'case_id': '98e709e7-e195-4b37-9537-f6081affb609', 'submitter_id': 'TCGA-A7-A6VW'}, {'case_id': '991e1427-3c01-423d-abfd-4584302ca72c', 'submitter_id': 'TCGA-A2-A0SW'}, {'case_id': '993103b1-e5a1-4c33-8629-be53ebc41d64', 'submitter_id': 'TCGA-A8-A094'}, {'case_id': '9938ce5c-e74e-446e-a932-f096f85cc3b1', 'submitter_id': 'TCGA-AQ-A04J'}, {'case_id': '994ca1f5-ad10-44ec-aa21-71fc2940653b', 'submitter_id': 'TCGA-E9-A1N9'}, {'case_id': '995fdab7-7284-4d33-befa-ec22aa7c6479', 'submitter_id': 'TCGA-A8-A0A7'}, {'case_id': 'b7f74ae1-6f58-447c-be50-a7666eb19d9a', 'submitter_id': 'TCGA-AO-A1KR'}, {'case_id': 'b8a44fdf-9cb9-4123-9ab0-4bc198921fee', 'submitter_id': 'TCGA-OL-A5RU'}, {'case_id': 'b8a615f9-d19b-4b09-8ec8-0674e5c648cd', 'submitter_id': 'TCGA-C8-A12N'}, {'case_id': 'b8aefc48-4a6e-4254-a57f-5f688399b582', 'submitter_id': 'TCGA-LL-A5YO'}, {'case_id': '7fe4670d-4626-459d-869b-ab15f478c6a7', 'submitter_id': 'TCGA-A8-A08A'}, {'case_id': '80419545-4e5d-4baf-8948-f84589b5ef3e', 'submitter_id': 'TCGA-D8-A4Z1'}, {'case_id': '805bfe39-3695-43c2-93e4-d66d0559b89f', 'submitter_id': 'TCGA-A2-A1FZ'}, {'case_id': '807b62ed-d3f7-4211-83be-754386ff2c96', 'submitter_id': 'TCGA-E9-A3HO'}, {'case_id': '8183f0fb-2303-4d7b-bccd-55e5031fc7df', 'submitter_id': 'TCGA-AC-A6IW'}, {'case_id': '81b70c58-4a12-448c-a594-2ade44f6a0ae', 'submitter_id': 'TCGA-AC-A3TN'}, {'case_id': '81e32f39-3aa0-468b-87ed-dd2eb6165ddf', 'submitter_id': 'TCGA-EW-A1P0'}, {'case_id': '81e7a3d3-be70-4834-8018-4d2cc077a4e6', 'submitter_id': 'TCGA-A8-A09Z'}, {'case_id': 'f801aeed-dc43-49d7-a319-84c8851979d9', 'submitter_id': 'TCGA-E2-A10B'}, {'case_id': 'f81ac8a2-4ce6-439e-b027-1c0bfc88ceaa', 'submitter_id': 'TCGA-OL-A66P'}, {'case_id': 'f83b866b-0b2e-4bba-9367-be6dccf56232', 'submitter_id': 'TCGA-E2-A2P6'}, {'case_id': 'f89588e9-ca73-4465-a7fb-7246edb45e3a', 'submitter_id': 'TCGA-XX-A899'}, {'case_id': 'f954de05-1b44-4087-8933-6cc72d81028d', 'submitter_id': 'TCGA-E9-A1N5'}, {'case_id': 'f9eb88f7-9293-46bf-ace4-a746e4ff80dc', 'submitter_id': 'TCGA-A8-A086'}, {'case_id': 'fac173a8-1613-4bd4-87ba-83a2cfe8a37d', 'submitter_id': 'TCGA-AC-A3EH'}, {'case_id': 'fb356957-f620-4d99-b675-1355a1d9f932', 'submitter_id': 'TCGA-E2-A14O'}, {'case_id': 'fb3607eb-858e-4ecd-8477-95140658c6d2', 'submitter_id': 'TCGA-E9-A249'}, {'case_id': 'fb57c598-b45b-478a-9d34-ca1f050d5b7c', 'submitter_id': 'TCGA-BH-A0DS'}, {'case_id': 'fbee40f1-d6d8-4156-8d42-36e09bb9f095', 'submitter_id': 'TCGA-S3-A6ZF'}, {'case_id': 'fc18d029-9be2-4fa0-9aef-6d647dc55f0b', 'submitter_id': 'TCGA-D8-A147'}, {'case_id': 'fcef8cb5-fb2c-4bfb-82cd-6b9f3145182c', 'submitter_id': 'TCGA-BH-A0HP'}, {'case_id': 'fd0b1b8b-1a76-480a-b61c-d176e4e02c6b', 'submitter_id': 'TCGA-B6-A40C'}, {'case_id': 'fe15c48b-116d-461e-9b40-68514730fd18', 'submitter_id': 'TCGA-A2-A0CP'}, {'case_id': 'fe2cd610-aa52-4789-ac62-7683281bb22f', 'submitter_id': 'TCGA-PL-A8LX'}, {'case_id': 'fe7f74b8-20f4-4471-91dc-4cca8c68e5c0', 'submitter_id': 'TCGA-A2-A3XZ'}, {'case_id': 'fec0da58-1047-44d2-b6d1-c18cceed43dc', 'submitter_id': 'TCGA-E9-A295'}, {'case_id': 'ff0f875f-113a-4c0f-8c0a-4259cd496e6d', 'submitter_id': 'TCGA-C8-A26W'}, {'case_id': 'bef7b135-a727-45e8-850a-cc4cd56c49aa', 'submitter_id': 'TCGA-AO-A0JJ'}, {'case_id': 'bf3b1481-ae31-4406-b084-b6cc1d7163e3', 'submitter_id': 'TCGA-BH-A1FR'}, {'case_id': 'bfd49783-1767-469b-9d79-7822301c5efc', 'submitter_id': 'TCGA-BH-A18F'}, {'case_id': 'bfd55808-dddd-44c3-97d7-41600497b992', 'submitter_id': 'TCGA-B6-A0RI'}, {'case_id': 'c0427237-b476-4af4-b664-7bd479922ea5', 'submitter_id': 'TCGA-A2-A0EU'}, {'case_id': 'e783e518-c1e5-4eac-8eaf-e2d65ccd9692', 'submitter_id': 'TCGA-S3-AA15'}, {'case_id': '8218119a-f68b-4ea7-9ee4-5e2edc2ae342', 'submitter_id': 'TCGA-E9-A245'}, {'case_id': '82ec33dd-e783-4c74-9a87-797a699e11df', 'submitter_id': 'TCGA-AQ-A1H3'}, {'case_id': '8332806e-f547-4aae-89af-6d5bec831fd2', 'submitter_id': 'TCGA-BH-A0HO'}, {'case_id': '83f26720-007c-42c9-a7de-7484bf8afa89', 'submitter_id': 'TCGA-C8-A12O'}, {'case_id': '83f943c7-3975-4b4f-985d-9c057741793b', 'submitter_id': 'TCGA-AQ-A04H'}, {'case_id': '843c8f16-5e59-40d4-9ecc-8a75375156f6', 'submitter_id': 'TCGA-A2-A4S1'}, {'case_id': '844ad251-3ee4-42f6-ad00-59a7a1670eea', 'submitter_id': 'TCGA-BH-A0HY'}, {'case_id': '848773a3-2f4a-4186-ab3f-de667129accf', 'submitter_id': 'TCGA-EW-A1PF'}, {'case_id': '84a88e8d-1e65-4b88-aae6-bf4c7a7e4c33', 'submitter_id': 'TCGA-A2-A0YE'}, {'case_id': '8539e15f-ba40-4219-aaeb-08d0ab101311', 'submitter_id': 'TCGA-B6-A40B'}, {'case_id': '8577ffcb-242e-40e2-98d4-2831d952be34', 'submitter_id': 'TCGA-AO-A125'}, {'case_id': '2dc1cec9-925a-417f-9e21-3c2143e711b4', 'submitter_id': 'TCGA-BH-A42U'}, {'case_id': '2e1e3bf0-1708-4b65-936c-48b89eb8966a', 'submitter_id': 'TCGA-AN-A049'}, {'case_id': '2e243f0e-9d7d-4cb0-9678-70607f90430a', 'submitter_id': 'TCGA-A7-A13H'}, {'case_id': '316e021c-5175-4ab3-bdb6-2bf9683f657a', 'submitter_id': 'TCGA-AN-A041'}, {'case_id': '31c31cce-1b4d-4f12-922f-84f389403170', 'submitter_id': 'TCGA-A8-A079'}, {'case_id': '324bcba2-f6a4-45a6-807c-215bdffcca21', 'submitter_id': 'TCGA-A2-A0D0'}, {'case_id': '327a2395-85c8-42e1-9638-8e037a1723ed', 'submitter_id': 'TCGA-BH-A0BC'}, {'case_id': '328dfcb0-b5ae-43f2-bc87-dad0ab3df9e7', 'submitter_id': 'TCGA-B6-A0I2'}, {'case_id': '32bc7cc4-d185-4594-bbee-4b96410be512', 'submitter_id': 'TCGA-A8-A08T'}, {'case_id': '32efa6e8-6b19-480a-9d04-ace02e93318a', 'submitter_id': 'TCGA-A2-A0CW'}, {'case_id': '49717f75-0f2d-4e1c-9a12-f1cd7877b80a', 'submitter_id': 'TCGA-AN-A04D'}, {'case_id': '49a2fd48-744d-4d88-b9b4-8c778d4f48fd', 'submitter_id': 'TCGA-S3-AA17'}, {'case_id': '49dc3e68-6206-4f16-969f-a758cc7be8ed', 'submitter_id': 'TCGA-BH-A0BA'}, {'case_id': '4a16429b-884f-4c95-8683-feeedf0d6a55', 'submitter_id': 'TCGA-A2-A0D3'}, {'case_id': '4a831893-f4ca-4357-a756-b5e954e35dd7', 'submitter_id': 'TCGA-E9-A2JS'}, {'case_id': '4ac693e9-10f3-46b3-9d46-df3af7b0d259', 'submitter_id': 'TCGA-E2-A150'}, {'case_id': '4b0d295c-e185-4b52-9752-178e5bc1d47d', 'submitter_id': 'TCGA-A8-A0A6'}, {'case_id': '4b4e4ea8-6eb9-49ad-b880-c5065fe6517f', 'submitter_id': 'TCGA-E9-A1RA'}, {'case_id': '4b620966-b4c7-4615-bf58-ca9d3226b9bd', 'submitter_id': 'TCGA-A1-A0SF'}, {'case_id': '4c313e5b-4dc3-408e-8e92-22427f74743e', 'submitter_id': 'TCGA-AC-A3W5'}, {'case_id': '4cfef7f9-f1ee-401c-a2a3-c225d4adc3b6', 'submitter_id': 'TCGA-EW-A1PA'}, {'case_id': '8986a141-eae7-4157-b695-02cc6fc3b071', 'submitter_id': 'TCGA-BH-A1ET'}, {'case_id': '89a8da07-4487-47c6-8d3c-442a87e4f632', 'submitter_id': 'TCGA-E9-A227'}, {'case_id': '89c128b9-1c6b-4c04-a4af-7066772e783c', 'submitter_id': 'TCGA-PE-A5DE'}, {'case_id': '89e867de-d30e-4bfc-a453-0a76309dabd5', 'submitter_id': 'TCGA-C8-A132'}, {'case_id': '8ace3b8c-f23e-48a9-a137-9e046bd9549b', 'submitter_id': 'TCGA-BH-A0E2'}, {'case_id': '8b525ec6-d24b-49d4-bfcb-b354de4dae7c', 'submitter_id': 'TCGA-C8-A1HM'}, {'case_id': '8bd68696-5eeb-46d7-9dc6-c39c849029a4', 'submitter_id': 'TCGA-A8-A08L'}, {'case_id': '8c09f413-e938-4f2e-a414-84f0e7fcfe41', 'submitter_id': 'TCGA-A7-A4SD'}, {'case_id': '2e82e576-3095-4aee-9853-65f676647c34', 'submitter_id': 'TCGA-AO-A03R'}, {'case_id': '2e8e70f2-c781-44c2-8f12-1f8c2f536aa3', 'submitter_id': 'TCGA-AN-A0FV'}, {'case_id': '2f4cbedf-ed7e-45a2-bf34-f1d1e696bdde', 'submitter_id': 'TCGA-AN-A0FK'}, {'case_id': '2fd36838-5a83-433e-ac80-b1f77448e5aa', 'submitter_id': 'TCGA-5T-A9QA'}, {'case_id': '2fdfd287-d13c-4910-9788-73987d45908a', 'submitter_id': 'TCGA-A2-A0EM'}, {'case_id': '2fe854b4-bac9-4801-9a1c-ee99388e8082', 'submitter_id': 'TCGA-AO-A12D'}, {'case_id': '30047d32-0833-4aca-98d1-3b9ab7122863', 'submitter_id': 'TCGA-AR-A24N'}, {'case_id': '303a1d77-a37a-4966-a4a4-9981d99ba1b4', 'submitter_id': 'TCGA-E2-A14Q'}, {'case_id': '31427699-e27a-4035-8925-6d8d6900d097', 'submitter_id': 'TCGA-E2-A3DX'}, {'case_id': '1b4cfad1-e353-4411-97b6-2b7b9309e95e', 'submitter_id': 'TCGA-AC-A3W6'}, {'case_id': '1b703058-e596-45bc-80fe-8b98d545c2e2', 'submitter_id': 'TCGA-AR-A2LK'}, {'case_id': '1be375fe-5ae5-4e75-a729-69f86a661d9a', 'submitter_id': 'TCGA-D8-A73X'}, {'case_id': '1c3610f7-e0aa-48d7-9a27-0dbaf6e244f9', 'submitter_id': 'TCGA-A2-A04U'}, {'case_id': '4e42fdc5-2a8b-49e9-87ef-6db7a6692d08', 'submitter_id': 'TCGA-B6-A0X4'}, {'case_id': '4e509f73-99c7-48eb-a3a4-d34e3bface33', 'submitter_id': 'TCGA-OL-A5DA'}, {'case_id': '4f321d41-3255-46a4-ae0d-1cf39699e624', 'submitter_id': 'TCGA-LQ-A4E4'}, {'case_id': 'a8f5c479-8685-4e2d-bb60-63f1cc651083', 'submitter_id': 'TCGA-A7-A425'}, {'case_id': '241fffc8-4250-4cfa-b2e7-e68c33ae07dc', 'submitter_id': 'TCGA-AR-A24U'}, {'case_id': '24334ac1-28a3-4b61-b590-3f51e375b247', 'submitter_id': 'TCGA-BH-A0HK'}, {'case_id': '24e39609-9645-43e5-960b-db5446eaea65', 'submitter_id': 'TCGA-E2-A154'}, {'case_id': 'cab38ea8-4555-413c-b81e-4621aac4ef85', 'submitter_id': 'TCGA-BH-A0H5'}, {'case_id': 'cb0a2055-2168-4454-8755-47dd613db36f', 'submitter_id': 'TCGA-A8-A09R'}, {'case_id': 'cc074b7f-d3b2-4880-902e-bf10e667b665', 'submitter_id': 'TCGA-BH-A18J'}, {'case_id': 'cc0902fd-a2fc-4327-929e-d4219e32e1d7', 'submitter_id': 'TCGA-AO-A126'}, {'case_id': 'cc348a26-ee11-47a4-8b51-de922967e175', 'submitter_id': 'TCGA-A8-A09V'}, {'case_id': '8624354c-af25-423c-9c71-48a5dd821097', 'submitter_id': 'TCGA-D8-A1X8'}, {'case_id': '86b7b206-8e69-432d-acc9-bccce710955e', 'submitter_id': 'TCGA-AO-A0JA'}, {'case_id': '86c6f993-327f-4525-9983-29c55625593a', 'submitter_id': 'TCGA-5L-AAT0'}, {'case_id': '86cf879e-3b40-44dd-aaa7-6f49f54a15d9', 'submitter_id': 'TCGA-AC-A3YJ'}, {'case_id': '87281a89-91d2-44f7-9f80-668567ad5c72', 'submitter_id': 'TCGA-EW-A1J6'}, {'case_id': '8744733a-7b46-43aa-bdef-64876816adbb', 'submitter_id': 'TCGA-E9-A1RG'}, {'case_id': '8785012f-f73e-4d68-87cf-1d804af32782', 'submitter_id': 'TCGA-A7-A13D'}, {'case_id': '878f975b-94fd-4d69-b7e7-1ed3ac2ee438', 'submitter_id': 'TCGA-BH-A18H'}, {'case_id': 'e4fc0909-f284-4471-866d-d8967b6adcbc', 'submitter_id': 'TCGA-E2-A14P'}, {'case_id': 'e5aae05a-478e-4a55-a27c-12b2b4be302a', 'submitter_id': 'TCGA-AN-A04A'}, {'case_id': 'e7a00d67-2c26-4d1f-bd17-35f659e88bc1', 'submitter_id': 'TCGA-BH-A202'}, {'case_id': 'e7db08a7-b439-4230-8dc4-1b54af4736c4', 'submitter_id': 'TCGA-WT-AB41'}, {'case_id': 'e828455d-4680-41b2-8a1c-1582e3790d62', 'submitter_id': 'TCGA-BH-A0RX'}, {'case_id': 'e89a9deb-6321-4e61-b412-b4993d4277dd', 'submitter_id': 'TCGA-A8-A07L'}, {'case_id': '2585edbd-3488-4100-a4ab-a161252a31ee', 'submitter_id': 'TCGA-D8-A140'}, {'case_id': '3af31fcf-ad0c-4fd9-a8e3-10f9176b5e9d', 'submitter_id': 'TCGA-AR-A5QQ'}, {'case_id': '3b01d064-8c00-4972-9f07-407eac8e7534', 'submitter_id': 'TCGA-BH-A0HX'}, {'case_id': '3b1f7e48-216d-47de-ba79-db350f52bff0', 'submitter_id': 'TCGA-C8-A27A'}, {'case_id': '3b963d72-ba5c-467b-83c9-fbdb462510a3', 'submitter_id': 'TCGA-A2-A25D'}, {'case_id': '3bf81a9f-abb4-4495-a514-fd3865e13a03', 'submitter_id': 'TCGA-BH-A201'}, {'case_id': '3c08aabd-d5b5-4bbe-857c-38a7527b2163', 'submitter_id': 'TCGA-A8-A085'}, {'case_id': '3c275152-d04b-440c-9621-2fc05ea977b6', 'submitter_id': 'TCGA-AR-A5QP'}, {'case_id': '3c612e12-6de8-44fa-a095-805c45474821', 'submitter_id': 'TCGA-BH-A0W3'}, {'case_id': '3cb06c7a-f2a8-448b-91a8-dd201bbf2ddd', 'submitter_id': 'TCGA-AR-A24V'}, {'case_id': '3d676bba-154b-4d22-ab59-d4d4da051b94', 'submitter_id': 'TCGA-E9-A1NE'}, {'case_id': 'dfaabd03-2d40-4422-b210-caf112ff4229', 'submitter_id': 'TCGA-AC-A8OQ'}, {'case_id': 'dfd0b7ba-c7d3-498e-b455-346301865452', 'submitter_id': 'TCGA-AC-A23C'}, {'case_id': 'abdc76db-f85e-4337-a57e-6d098789da03', 'submitter_id': 'TCGA-C8-A12P'}, {'case_id': 'ac075bc0-1b59-4557-beea-541694faee03', 'submitter_id': 'TCGA-E9-A1N8'}, {'case_id': 'ac18b3a3-8d52-4e35-8625-673171a7fd92', 'submitter_id': 'TCGA-AN-A0XV'}, {'case_id': 'ac68d219-5670-4ddd-8df6-8aa7ad59e5c7', 'submitter_id': 'TCGA-EW-A1OV'}, {'case_id': 'ac6d3ba9-f84f-4657-aa85-4d66fb7c09da', 'submitter_id': 'TCGA-A2-A1FX'}, {'case_id': 'ad0fa961-c085-4f38-b3db-5fc0cbf6b64f', 'submitter_id': 'TCGA-AR-A2LO'}, {'case_id': 'ad6d26ab-6568-40db-bfb0-394d40e801cf', 'submitter_id': 'TCGA-D8-A27V'}, {'case_id': 'ae65baeb-6b78-492a-8c63-bb7e93e83dc2', 'submitter_id': 'TCGA-D8-A27M'}, {'case_id': 'ae8c77fe-e6c8-44d5-8265-4a38c637bbef', 'submitter_id': 'TCGA-A2-A0YF'}, {'case_id': 'aeb6a3a6-b57a-4c53-90e6-e833777dd2a1', 'submitter_id': 'TCGA-BH-A0H6'}, {'case_id': 'af0acaa9-a61c-4e57-bc0d-453ad5bf193a', 'submitter_id': 'TCGA-OL-A66L'}, {'case_id': 'af2a8e2f-2ae1-48bc-bba5-0e2c077c4e48', 'submitter_id': 'TCGA-D8-A1JU'}, {'case_id': 'af5453a9-cf1f-40de-aec4-0e0710908fb7', 'submitter_id': 'TCGA-A8-A0AD'}, {'case_id': 'af97e043-88cb-4f99-8f8b-9bcbcccdf842', 'submitter_id': 'TCGA-EW-A2FR'}, {'case_id': 'b0700958-5f90-4546-b35f-635cd506889b', 'submitter_id': 'TCGA-PE-A5DD'}, {'case_id': 'b0bcb829-cee0-4247-bb75-093a5bea89ee', 'submitter_id': 'TCGA-E2-A105'}, {'case_id': 'b0f8d698-a30e-4d8d-b0a2-a5a01fac8406', 'submitter_id': 'TCGA-A2-A0T4'}, {'case_id': 'b1d44c81-747d-471f-9093-aeb262a17975', 'submitter_id': 'TCGA-Z7-A8R6'}, {'case_id': 'b205bba0-1870-4458-9088-8817e20389fe', 'submitter_id': 'TCGA-A8-A09A'}, {'case_id': 'b205c89f-af62-4186-acad-ed23d243fa98', 'submitter_id': 'TCGA-A2-A0YL'}, {'case_id': 'b26d41cd-393b-4cd4-8925-a9488f7de576', 'submitter_id': 'TCGA-C8-A1HE'}, {'case_id': 'b2aac45b-2073-4c7a-adb9-769a4fdcc111', 'submitter_id': 'TCGA-E9-A1NH'}, {'case_id': 'b2ecbc0f-2c30-4200-8d5e-7b95424bcadb', 'submitter_id': 'TCGA-A7-A26I'}, {'case_id': 'b304302a-f2b9-4cd7-ab14-c21edf7778ea', 'submitter_id': 'TCGA-E9-A5FK'}, {'case_id': 'b3264748-947a-43aa-b227-b294fbcc8447', 'submitter_id': 'TCGA-BH-A203'}, {'case_id': 'b343bfe0-7c23-4c6a-8c84-9ee39db2ecda', 'submitter_id': 'TCGA-GM-A2DD'}, {'case_id': 'b35fbe19-0e6d-427e-b9be-ee3527b5fca6', 'submitter_id': 'TCGA-E9-A2JT'}, {'case_id': 'b43e41af-1d82-4b5f-b8f1-add0510e6b86', 'submitter_id': 'TCGA-A8-A07B'}, {'case_id': 'b58ad350-5140-4fa8-bc2c-24bca8395f3a', 'submitter_id': 'TCGA-A2-A04T'}, {'case_id': 'b63391a0-73f8-4544-9e94-f6529245ca2a', 'submitter_id': 'TCGA-E2-A1IL'}, {'case_id': 'b6633c36-7ce4-4b69-9bf6-30b64d46c66f', 'submitter_id': 'TCGA-A8-A07C'}, {'case_id': 'b6b1dc9a-91f4-4b0a-afd5-62c9a90c0d5e', 'submitter_id': 'TCGA-AC-A2FM'}, {'case_id': 'f30eb65f-fb44-4062-ac39-a38d072f655f', 'submitter_id': 'TCGA-B6-A1KF'}, {'case_id': 'f31c21b6-0f7f-435b-9e24-97c909755c36', 'submitter_id': 'TCGA-BH-A0HQ'}, {'case_id': 'f357fe19-5359-4662-8ce9-aa996132283b', 'submitter_id': 'TCGA-AO-A0JF'}, {'case_id': 'f3a058b9-fb7f-4098-8f0e-83c2acfa1ed5', 'submitter_id': 'TCGA-A2-A04R'}, {'case_id': 'f3b86c02-09a5-4e97-aa7a-86f13f7cda4b', 'submitter_id': 'TCGA-EW-A1PE'}, {'case_id': '887b9e5b-99db-44ac-9c30-c0dc6877b41c', 'submitter_id': 'TCGA-D8-A1XW'}, {'case_id': '88cd6ccc-70f7-436e-a99c-039b9d31e335', 'submitter_id': 'TCGA-AN-A03X'}, {'case_id': '88db1340-e4bf-451a-87c0-6e9168296f5e', 'submitter_id': 'TCGA-EW-A1PB'}, {'case_id': '89128dba-403f-4a96-bb3b-23ed0d5e2147', 'submitter_id': 'TCGA-E2-A1AZ'}, {'case_id': '89414e79-7f89-42d9-8228-101b5bf2f31f', 'submitter_id': 'TCGA-C8-A26V'}, {'case_id': 'a9b7d7fe-be31-4f71-afee-c1bfdf511888', 'submitter_id': 'TCGA-AO-A0J4'}, {'case_id': 'aa4244a8-0454-4247-a1c3-357fd51746fa', 'submitter_id': 'TCGA-D8-A1JL'}, {'case_id': 'aaea5f9c-b35b-47f8-93cb-bdc7b81844ff', 'submitter_id': 'TCGA-A2-A25A'}, {'case_id': 'ab89bb2e-da84-4116-a8cd-49aad7bbfd4d', 'submitter_id': 'TCGA-AR-A0TP'}, {'case_id': 'aba5f46a-e67a-4cd2-9c52-c0686968ff04', 'submitter_id': 'TCGA-EW-A6SA'}, {'case_id': 'f45aa0b2-f3de-4db5-9730-e5c6c4e2ed3a', 'submitter_id': 'TCGA-EW-A2FV'}, {'case_id': 'f4b69043-4a67-48e3-a4d1-72a21ae2d175', 'submitter_id': 'TCGA-A8-A090'}, {'case_id': 'f51af6db-2655-47fb-9ffc-83a503a728ea', 'submitter_id': 'TCGA-AN-A0XR'}, {'case_id': 'f5539207-6534-4edc-a5a5-7666b5d16ba4', 'submitter_id': 'TCGA-A8-A08X'}, {'case_id': 'f55dd73d-8c36-440b-84e5-9aae53107775', 'submitter_id': 'TCGA-EW-A1OW'}, {'case_id': 'f5d4c2d3-cc69-4b38-8551-0917e3622a68', 'submitter_id': 'TCGA-AC-A2FO'}, {'case_id': 'f63722c1-a0bb-4bf9-8a10-1d76a8e1a0ba', 'submitter_id': 'TCGA-BH-A18M'}, {'case_id': 'f6581eee-61b9-43d4-ab0d-ce5ce3ba1c74', 'submitter_id': 'TCGA-BH-A1FJ'}, {'case_id': 'f6e1ec78-5ad9-4879-9b7e-262d17b166ad', 'submitter_id': 'TCGA-BH-A18R'}, {'case_id': 'f6ed684f-ee7a-496c-80d5-6eacd494d16a', 'submitter_id': 'TCGA-AO-A12B'}, {'case_id': 'f6eebd4b-b63a-4a9c-92d3-0d954a8a6655', 'submitter_id': 'TCGA-AC-A2FE'}, {'case_id': 'f7064d01-29d8-49a2-ad60-1e0c5f148f3e', 'submitter_id': 'TCGA-GM-A5PX'}, {'case_id': 'f72c1d69-da35-459f-8542-59bfd6c09c23', 'submitter_id': 'TCGA-AR-A1AX'}, {'case_id': 'e9002f4e-ba0b-4738-9368-dd9614a5da8a', 'submitter_id': 'TCGA-OL-A66N'}, {'case_id': 'e98b69bc-766a-485f-b5e8-9166b8d457b3', 'submitter_id': 'TCGA-A8-A099'}, {'case_id': 'e9a12df9-024e-4cbc-b6bf-e4e87485fa90', 'submitter_id': 'TCGA-LL-A5YM'}, {'case_id': 'e9f4f373-37a5-48ad-a1a0-b0d47820111a', 'submitter_id': 'TCGA-AO-A0J6'}, {'case_id': 'ea645243-df49-4466-a255-9f3d4321e357', 'submitter_id': 'TCGA-LL-A73Y'}, {'case_id': 'ea8dbc7a-54c6-469c-865e-f49d00b0223d', 'submitter_id': 'TCGA-D8-A73W'}, {'case_id': 'eadb0562-2165-4adb-ad58-018e73f82780', 'submitter_id': 'TCGA-E2-A14W'}, {'case_id': 'eafa45a4-2fd1-4fa3-860c-9d52ed382b7d', 'submitter_id': 'TCGA-E2-A15O'}, {'case_id': 'eb2dbb4f-66b6-4525-8323-431970f7a64e', 'submitter_id': 'TCGA-A2-A0CM'}, {'case_id': 'eb93df3d-9e25-4e4c-9a5d-350f296e5acf', 'submitter_id': 'TCGA-D8-A1X5'}, {'case_id': 'ebc460c2-df88-4dc0-a2c0-aca8072b75ad', 'submitter_id': 'TCGA-AN-A0AR'}, {'case_id': 'ebd1512a-4865-4193-97b3-f599d555759a', 'submitter_id': 'TCGA-AR-A1AM'}, {'case_id': 'ec0155ab-1b14-498d-8fa9-9f63e3ccb990', 'submitter_id': 'TCGA-E2-A1IH'}, {'case_id': 'ec0ab947-9341-4fff-bda4-fdfb9434d508', 'submitter_id': 'TCGA-A7-A4SC'}, {'case_id': 'ec461eaf-f5cb-4225-a9a0-59d8e6c17ea6', 'submitter_id': 'TCGA-S3-A6ZH'}, {'case_id': 'ec6930e5-2d83-435a-9a57-a2c5c22caf02', 'submitter_id': 'TCGA-BH-A0EB'}, {'case_id': 'ec77a23d-84f5-47e4-bf2a-fa1c03baf3db', 'submitter_id': 'TCGA-E2-A15F'}, {'case_id': 'ed6cef77-1bd9-4e3b-b576-550a91e4253a', 'submitter_id': 'TCGA-EW-A1J1'}, {'case_id': 'eda6d2d5-4199-4f76-a45b-1d0401b4e54c', 'submitter_id': 'TCGA-AR-A1AR'}, {'case_id': 'ee5744c0-a8dc-43f2-abdd-0b5529a3e9fb', 'submitter_id': 'TCGA-EW-A1P6'}, {'case_id': 'eebad74f-5961-4e91-b0eb-157a2f6f952b', 'submitter_id': 'TCGA-E2-A1L8'}, {'case_id': 'ef1b3332-cd7f-41bb-a2d3-2538e7becc5c', 'submitter_id': 'TCGA-LL-A5YN'}, {'case_id': 'ef4cbd38-bc79-4d60-a715-647edd2ebe9e', 'submitter_id': 'TCGA-E2-A1LG'}, {'case_id': 'eff2360e-399a-4167-ab2b-798e27bef739', 'submitter_id': 'TCGA-E2-A107'}, {'case_id': 'f02931f8-d72a-481d-b532-8b141dab115f', 'submitter_id': 'TCGA-B6-A0WW'}, {'case_id': 'f04dca9e-409b-4300-b11d-12243e5d361d', 'submitter_id': 'TCGA-E2-A576'}, {'case_id': 'f05d314c-5ec5-4e2a-b785-9a702716f111', 'submitter_id': 'TCGA-E2-A156'}, {'case_id': 'f062cbd0-2426-40ac-a4be-e74ac61fa2a7', 'submitter_id': 'TCGA-A7-A56D'}, {'case_id': 'f06f09f3-8133-4a92-ac86-fbe64295e0d8', 'submitter_id': 'TCGA-E9-A1ND'}, {'case_id': 'f0787165-6f58-4d67-b510-928eea2c4882', 'submitter_id': 'TCGA-E2-A109'}, {'case_id': 'f0d8a1fe-e313-44f1-99cc-b965cbeeff0e', 'submitter_id': 'TCGA-C8-A27B'}, {'case_id': 'f0de67ff-8967-4fce-9c12-0e07193285cd', 'submitter_id': 'TCGA-E2-A2P5'}, {'case_id': 'f130f376-5801-40f9-975d-a7e2f7b5670d', 'submitter_id': 'TCGA-A7-A0DB'}, {'case_id': 'f251cb6c-d18e-4691-9c82-24ed1ac0abf9', 'submitter_id': 'TCGA-BH-A0BP'}, {'case_id': 'f2622cdb-ac92-42b3-a1ca-67e133c3dd4a', 'submitter_id': 'TCGA-AC-A3OD'}, {'case_id': 'f2bbfa9d-9a9d-4f46-9fde-378e4c44e2ad', 'submitter_id': 'TCGA-BH-A0DK'}, {'case_id': 'f2da1d3f-f226-4c99-a97e-9b26f67d7a5d', 'submitter_id': 'TCGA-E9-A1R0'}, {'case_id': 'f2e28af9-c40e-41c4-9e82-205cca38f26a', 'submitter_id': 'TCGA-EW-A1P1'}, {'case_id': 'a6edb6ca-ae9f-4da7-8ebe-92d83d2987fb', 'submitter_id': 'TCGA-E2-A158'}, {'case_id': 'a721dac6-0126-476c-b2d4-2dbf7406454b', 'submitter_id': 'TCGA-AC-A23G'}, {'case_id': 'a76774fe-7298-4d68-a2b2-c1bad93f0c31', 'submitter_id': 'TCGA-GM-A2DL'}, {'case_id': 'a78b04b4-2380-4803-963e-e4e633cd69ab', 'submitter_id': 'TCGA-A2-A3XS'}, {'case_id': 'a8015490-9740-45c9-8bd2-eb6d1beefc2e', 'submitter_id': 'TCGA-E2-A152'}, {'case_id': '4dfc233b-ed03-4825-8089-e04cdee99996', 'submitter_id': 'TCGA-EW-A1PD'}, {'case_id': '4e3699da-4367-4a43-9d66-a117d3ad460d', 'submitter_id': 'TCGA-AN-A0XN'}, {'case_id': '2d4c778c-7f77-4f0a-8261-2086accf15fd', 'submitter_id': 'TCGA-AO-A03P'}, {'case_id': 'a991644b-3ee6-4cda-acf0-e37de48a49fc', 'submitter_id': 'TCGA-AN-A03Y'}, {'case_id': 'd10a4887-373b-4726-a61d-126f950e4a06', 'submitter_id': 'TCGA-BH-A0C1'}, {'case_id': 'd111c4ab-b39a-4a7c-8d8e-cb342bc10627', 'submitter_id': 'TCGA-A2-A4RX'}, {'case_id': 'd13fb44b-291b-4ea4-920c-142daa8d1989', 'submitter_id': 'TCGA-AC-A5EH'}, {'case_id': 'd1703dbd-5c93-4cf2-a4d1-0d90640882bd', 'submitter_id': 'TCGA-AR-A0TR'}, {'case_id': '4d120899-9a80-4736-b097-285e9e261bcb', 'submitter_id': 'TCGA-AQ-A1H2'}, {'case_id': '4d1bf9e6-5837-4aed-b568-92f014ed5a4b', 'submitter_id': 'TCGA-D8-A1JH'}, {'case_id': '4d26dada-5eb7-4d4e-8eb8-f5465c5c3428', 'submitter_id': 'TCGA-AR-A1AT'}, {'case_id': 'e36e985d-2c44-4e14-854a-7dbca4bb0304', 'submitter_id': 'TCGA-E9-A3Q9'}, {'case_id': 'e3935ce4-64d3-4a66-ba11-d308b844b410', 'submitter_id': 'TCGA-E9-A5FL'}, {'case_id': 'e3b555aa-7f0a-49c6-9b13-182c61a144c1', 'submitter_id': 'TCGA-A2-A1G4'}, {'case_id': '87e09544-eddb-473b-8617-212407ce644e', 'submitter_id': 'TCGA-E2-A106'}, {'case_id': 'f3ba71f9-25f3-4784-bf2d-3aa522a0cba8', 'submitter_id': 'TCGA-A8-A06R'}, {'case_id': 'f3cb557d-23e4-4fd1-81ca-db1a3f56d56e', 'submitter_id': 'TCGA-E9-A3QA'}, {'case_id': 'c07b122e-ac50-4db2-add2-5617a5d0e976', 'submitter_id': 'TCGA-GM-A2DA'}, {'case_id': 'c0892598-1f7b-4f23-9cd8-731f797753d5', 'submitter_id': 'TCGA-A2-A0YG'}, {'case_id': 'c0f88fc5-56b0-4255-bbd1-9a21ced8b37b', 'submitter_id': 'TCGA-EW-A1IZ'}, {'case_id': 'c1e704d6-a33b-4891-90bd-992b0040c075', 'submitter_id': 'TCGA-C8-A3M8'}, {'case_id': 'c25898b4-eb33-42f4-bf3f-bf532a929e7d', 'submitter_id': 'TCGA-AO-A1KO'}, {'case_id': 'c2a742fe-3e8b-4210-85a6-7191a1123609', 'submitter_id': 'TCGA-AN-A0FN'}, {'case_id': 'c3148e68-1739-4334-abda-1dcbc2166846', 'submitter_id': 'TCGA-B6-A0RH'}, {'case_id': 'c348a9b3-c901-4384-a222-144387bac0c5', 'submitter_id': 'TCGA-BH-A1FU'}, {'case_id': 'c364e81c-eb1e-4870-ab37-9c661f5f2e3d', 'submitter_id': 'TCGA-AR-A0TX'}, {'case_id': 'c397e6c2-ba3a-4f5e-a258-c140611192fe', 'submitter_id': 'TCGA-A1-A0SE'}, {'case_id': 'c3a981c7-f148-4252-bd50-af8a49ec0df8', 'submitter_id': 'TCGA-OL-A5D6'}, {'case_id': 'c462e422-eb8d-4daf-9897-2a9c6cbd783a', 'submitter_id': 'TCGA-A1-A0SD'}, {'case_id': 'c54d5507-bba5-4a1e-8885-3c3b1eed13c1', 'submitter_id': 'TCGA-D8-A27P'}, {'case_id': 'c57835be-77ab-4cf5-9b23-62c11a7b2eaf', 'submitter_id': 'TCGA-AC-A2QI'}, {'case_id': 'c5891c7a-fd24-4891-8f51-373967e4a6dd', 'submitter_id': 'TCGA-BH-A0AW'}, {'case_id': 'c632675e-e8af-43cd-8744-5be3754c1c14', 'submitter_id': 'TCGA-A2-A0SU'}, {'case_id': 'c65b835a-2d38-4250-a173-0780d2c2cf58', 'submitter_id': 'TCGA-E9-A1NI'}, {'case_id': 'c694615c-b1c6-499c-8058-995633ebf948', 'submitter_id': 'TCGA-E9-A1RF'}, {'case_id': 'c70ee5e1-4703-4996-bb5c-f4cca0fb53ba', 'submitter_id': 'TCGA-AO-A129'}, {'case_id': 'c744fc13-3aca-4245-9e24-abd368cc8bef', 'submitter_id': 'TCGA-A2-A0CX'}, {'case_id': 'c7c34fd9-3021-45b7-b6ff-30b4196585a8', 'submitter_id': 'TCGA-AR-A0TZ'}, {'case_id': 'c836951b-3ffb-4e20-8504-0eccb7d50dd4', 'submitter_id': 'TCGA-A2-A25F'}, {'case_id': 'c85f080a-1075-41df-959f-1b514a11b3c4', 'submitter_id': 'TCGA-E2-A15D'}, {'case_id': 'c8f39325-5382-447c-9291-a6915fc978b8', 'submitter_id': 'TCGA-OL-A5D7'}, {'case_id': 'ca76c6fc-ff30-4833-884d-3a94fe53ff17', 'submitter_id': 'TCGA-BH-A0EE'}, {'case_id': 'caa9b533-24b4-4ecd-9159-c165de049f6a', 'submitter_id': 'TCGA-B6-A0RQ'}, {'case_id': 'e8ea576b-eb16-44f7-b241-daefc1375388', 'submitter_id': 'TCGA-A7-A6VY'}]",nationwidechildrens.org_biospecimen_sample_brca.txt,c5039e7e-14d8-4e59-ba20-0d3fa38b86df,Biospecimen Supplement,Biospecimen,
d8067140-568f-4664-9141-dd481f2b2198,"[{'case_id': 'd7195183-9fe4-4b17-bcfd-9367d2e539ce', 'submitter_id': 'TCGA-B6-A0WT'}]",SHUCK_p_TCGAb74and75_SNP_N_GenomeWideSNP_6_D07_730908.nocnv_grch38.seg.v2.txt,d8067140-568f-4664-9141-dd481f2b2198,Masked Copy Number Segment,Copy Number Variation,Genotyping Array
33eb37a1-548a-4881-8165-cab827948e91,"[{'case_id': 'd7195183-9fe4-4b17-bcfd-9367d2e539ce', 'submitter_id': 'TCGA-B6-A0WT'}]",b0533b8c-3cdd-4e59-a511-642a9b27bd7d.wxs.varscan2.raw_somatic_mutation.vcf.gz,33eb37a1-548a-4881-8165-cab827948e91,Raw Simple Somatic Mutation,Simple Nucleotide Variation,WXS
620cea13-5734-4a1d-a992-abbb81164bdf,"[{'case_id': '57a1604c-60b7-4b30-a75e-f70939532c5c', 'submitter_id': 'TCGA-BH-A0B2'}]",6efbf774-e5f0-45e2-aa14-554c0604bb02.methylation_array.sesame.level3betas.txt,620cea13-5734-4a1d-a992-abbb81164bdf,Methylation Beta Value,DNA Methylation,Methylation Array
988a4e1e-55bf-4b5c-9a1c-b70c2213139a,"[{'case_id': 'baf1207d-7d1a-4cad-ba58-62c26be2415e', 'submitter_id': 'TCGA-AN-A0FL'}]",TCGA-AN-A0FL-01A-11D-A891-36.WholeGenome.RP-1657.bam,988a4e1e-55bf-4b5c-9a1c-b70c2213139a,Aligned Reads,Sequencing Reads,WGS
0b97054b-a274-4ec8-b847-f0d2f35d12c8,"[{'case_id': 'd7195183-9fe4-4b17-bcfd-9367d2e539ce', 'submitter_id': 'TCGA-B6-A0WT'}]",db01aba1-3a00-4bf9-9f24-8fba144144f3.rna_seq.genomic.gdc_realn.bam,0b97054b-a274-4ec8-b847-f0d2f35d12c8,Aligned Reads,Sequencing Reads,RNA-Seq
69f4926a-7b55-4731-b760-cfff04336b76,"[{'case_id': 'baf1207d-7d1a-4cad-ba58-62c26be2415e', 'submitter_id': 'TCGA-AN-A0FL'}]",62afbd74-0a4e-4dd1-8e27-c4d8f3c778e6_noid_Grn.idat,69f4926a-7b55-4731-b760-cfff04336b76,Masked Intensities,DNA Methylation,Methylation Array
8a0b8fb9-b75f-4847-8f80-d886b302d7b5,"[{'case_id': 'd7195183-9fe4-4b17-bcfd-9367d2e539ce', 'submitter_id': 'TCGA-B6-A0WT'}]",TCGA_BRCA.d0a19d67-38bd-4081-8dc9-1300a95ce28e.wxs.VarScan2.somatic_annotation.vcf.gz,8a0b8fb9-b75f-4847-8f80-d886b302d7b5,Annotated Somatic Mutation,Simple Nucleotide Variation,WXS
a015100f-ce16-4e9f-ad5e-af211f7e6a54,"[{'case_id': 'baf1207d-7d1a-4cad-ba58-62c26be2415e', 'submitter_id': 'TCGA-AN-A0FL'}]",COZEN_p_TCGAb56_SNP_2N_GenomeWideSNP_6_G06_667062.birdseed.data.txt,a015100f-ce16-4e9f-ad5e-af211f7e6a54,Simple Germline Variation,Simple Nucleotide Variation,Genotyping Array
2e0455ab-eb73-4708-abb4-54df00cba84e,"[{'case_id': 'baf1207d-7d1a-4cad-ba58-62c26be2415e', 'submitter_id': 'TCGA-AN-A0FL'}]",TCGA-AN-A0FL-10A-01D-A891-36.WholeGenome.RP-1657.bam,2e0455ab-eb73-4708-abb4-54df00cba84e,Aligned Reads,Sequencing Reads,WGS
d97d851e-325c-4898-b182-66b90127a093,"[{'case_id': 'baf1207d-7d1a-4cad-ba58-62c26be2415e', 'submitter_id': 'TCGA-AN-A0FL'}]",61f59c21-3678-4d55-8787-e302dd4e3637.wxs.VarScan2.aliquot.maf.gz,d97d851e-325c-4898-b182-66b90127a093,Annotated Somatic Mutation,Simple Nucleotide Variation,WXS
8139c027-b504-4e4e-b967-8225497a33a1,"[{'case_id': 'baf1207d-7d1a-4cad-ba58-62c26be2415e', 'submitter_id': 'TCGA-AN-A0FL'}]",TCGA-AN-A0FL-01A-21-A13A-20_RPPA_data.tsv,8139c027-b504-4e4e-b967-8225497a33a1,Protein Expression Quantification,Proteome Profiling,Reverse Phase Protein Array
7ff8696e-3809-4b96-9259-be654631d952,"[{'case_id': 'd7195183-9fe4-4b17-bcfd-9367d2e539ce', 'submitter_id': 'TCGA-B6-A0WT'}]",db01aba1-3a00-4bf9-9f24-8fba144144f3.rna_seq.augmented_star_gene_counts.tsv,7ff8696e-3809-4b96-9259-be654631d952,Gene Expression Quantification,Transcriptome Profiling,RNA-Seq
1f551a77-cdf9-46ad-b9f0-e95a9080a043,"[{'case_id': 'baf1207d-7d1a-4cad-ba58-62c26be2415e', 'submitter_id': 'TCGA-AN-A0FL'}]",36766500-f492-4d20-9d31-80ca427d2aba.somatic.SV.bedpe,1f551a77-cdf9-46ad-b9f0-e95a9080a043,Structural Rearrangement,Somatic Structural Variation,WGS
376628ce-2f61-4d57-bc89-01103510bfe9,"[{'case_id': 'd7195183-9fe4-4b17-bcfd-9367d2e539ce', 'submitter_id': 'TCGA-B6-A0WT'}]",SHUCK_p_TCGAb74and75_SNP_N_GenomeWideSNP_6_D07_730908.grch38.seg.v2.txt,376628ce-2f61-4d57-bc89-01103510bfe9,Copy Number Segment,Copy Number Variation,Genotyping Array
a2552386-5fa3-4cca-bb08-bf2bae7a22e0,"[{'case_id': '298a1710-deb4-4064-a0f2-da32d43aa217', 'submitter_id': 'TCGA-C8-A12Y'}]",TCGA-C8-A12Y.28E368DA-56B9-4BB1-99C3-7FF2CEC964CF.PDF,a2552386-5fa3-4cca-bb08-bf2bae7a22e0,Pathology Report,Clinical,
3abe79a8-9deb-4536-9f97-400db354ac6e,"[{'case_id': 'd7195183-9fe4-4b17-bcfd-9367d2e539ce', 'submitter_id': 'TCGA-B6-A0WT'}]",db01aba1-3a00-4bf9-9f24-8fba144144f3.rna_seq.transcriptome.gdc_realn.bam,3abe79a8-9deb-4536-9f97-400db354ac6e,Aligned Reads,Sequencing Reads,RNA-Seq
84b4715e-327a-4ca4-89ca-e853c7e6ffa0,"[{'case_id': '298a1710-deb4-4064-a0f2-da32d43aa217', 'submitter_id': 'TCGA-C8-A12Y'}]",1e0a5ef1-6e6e-4455-a2ab-b45545b89c17.wxs.aliquot_ensemble_raw.maf.gz,84b4715e-327a-4ca4-89ca-e853c7e6ffa0,Aggregated Somatic Mutation,Simple Nucleotide Variation,WXS
03b745ed-6c4e-453e-a162-3e29eda95c45,"[{'case_id': 'd7195183-9fe4-4b17-bcfd-9367d2e539ce', 'submitter_id': 'TCGA-B6-A0WT'}]",TCGA-B6-A0WT-01A-11D-A893-36.WholeGenome.RP-1657.cr.igv.reheader.seg.txt,03b745ed-6c4e-453e-a162-3e29eda95c45,Copy Number Segment,Copy Number Variation,WGS
d7c28b99-5fea-4ef6-9519-9123b9c7bff2,"[{'case_id': 'd7195183-9fe4-4b17-bcfd-9367d2e539ce', 'submitter_id': 'TCGA-B6-A0WT'}]",TCGA-B6-A0WT.BACD800B-F320-472C-ACFF-175E9F525E9F.PDF,d7c28b99-5fea-4ef6-9519-9123b9c7bff2,Pathology Report,Clinical,
e58beb73-dbf5-474e-ad6d-19dbddcee25d,"[{'case_id': '298a1710-deb4-4064-a0f2-da32d43aa217', 'submitter_id': 'TCGA-C8-A12Y'}]",9fdfe86f-477c-410d-8258-c253254ffe13_wxs_gdc_realn.bam,e58beb73-dbf5-474e-ad6d-19dbddcee25d,Aligned Reads,Sequencing Reads,WXS
f5c54700-cb25-4cb3-aea5-59a1625b694f,"[{'case_id': '298a1710-deb4-4064-a0f2-da32d43aa217', 'submitter_id': 'TCGA-C8-A12Y'}]",TCGA-C8-A12Y-01A-01-TSA.12966473-7301-460a-b03b-02453e5804ac.svs,f5c54700-cb25-4cb3-aea5-59a1625b694f,Slide Image,Biospecimen,Tissue Slide
603d2228-7ec3-413c-adf8-2fa208af51f5,"[{'case_id': '298a1710-deb4-4064-a0f2-da32d43aa217', 'submitter_id': 'TCGA-C8-A12Y'}]",TCGA-BRCA.635288ea-41cf-4d68-9295-19044e6c8fda.ascat2.allelic_specific.seg.txt,603d2228-7ec3-413c-adf8-2fa208af51f5,Allele-specific Copy Number Segment,Copy Number Variation,Genotyping Array
11f6716f-198e-4ddd-8f35-2177f1b6569e,"[{'case_id': '298a1710-deb4-4064-a0f2-da32d43aa217', 'submitter_id': 'TCGA-C8-A12Y'}]",8c9c4366-7cf1-46d1-93aa-fd8dd512908e.mirbase21.mirnas.quantification.txt,11f6716f-198e-4ddd-8f35-2177f1b6569e,miRNA Expression Quantification,Transcriptome Profiling,miRNA-Seq
57c72b60-665f-402e-8058-4a2b9a09bbe3,"[{'case_id': 'd7195183-9fe4-4b17-bcfd-9367d2e539ce', 'submitter_id': 'TCGA-B6-A0WT'}]",50ca8dbe-ec46-4d1f-875c-ea7773c11372.wxs.aliquot_ensemble_masked.maf.gz,57c72b60-665f-402e-8058-4a2b9a09bbe3,Masked Somatic Mutation,Simple Nucleotide Variation,WXS
b575b927-77ea-42d7-a7e1-a5267c8ad7b1,"[{'case_id': '298a1710-deb4-4064-a0f2-da32d43aa217', 'submitter_id': 'TCGA-C8-A12Y'}]",a0b6fcfa-6f3b-4d30-878f-343d7a481057_wgs_gdc_realn.bam,b575b927-77ea-42d7-a7e1-a5267c8ad7b1,Aligned Reads,Sequencing Reads,WGS
a443613f-465b-43f0-abc0-027d5a67b2b1,"[{'case_id': 'd7195183-9fe4-4b17-bcfd-9367d2e539ce', 'submitter_id': 'TCGA-B6-A0WT'}]",fe6d927f-5f78-4abd-a5a9-f3f38e8f1a4a_noid_Red.idat,a443613f-465b-43f0-abc0-027d5a67b2b1,Masked Intensities,DNA Methylation,Methylation Array
6225de2b-2b4d-4cfc-8164-63883bf4eede,"[{'case_id': '298a1710-deb4-4064-a0f2-da32d43aa217', 'submitter_id': 'TCGA-C8-A12Y'}]",a660d6b5-ba62-48b0-875f-58bc939b3b7b.wgs.BRASS.raw_structural_variation.vcf.gz,6225de2b-2b4d-4cfc-8164-63883bf4eede,Structural Rearrangement,Somatic Structural Variation,WGS
258b8246-eac9-4aba-a003-0d721bf79800,"[{'case_id': '298a1710-deb4-4064-a0f2-da32d43aa217', 'submitter_id': 'TCGA-C8-A12Y'}]",TCGA_BRCA.23860ad1-e760-452c-b08d-e9f1a02352f5.wgs.SvABA_Somatic.somatic_annotation.vcf.gz,258b8246-eac9-4aba-a003-0d721bf79800,Annotated Somatic Mutation,Simple Nucleotide Variation,WGS
d00264d9-0e08-40c0-8751-cac60a2d7fd7,"[{'case_id': 'd7195183-9fe4-4b17-bcfd-9367d2e539ce', 'submitter_id': 'TCGA-B6-A0WT'}]",5fb780fb-12bc-4195-8f0c-2c6e3cc36b49_wxs_gdc_realn.bam,d00264d9-0e08-40c0-8751-cac60a2d7fd7,Aligned Reads,Sequencing Reads,WXS
b613e888-8a1d-4429-9225-ca797cd8b95f,"[{'case_id': '298a1710-deb4-4064-a0f2-da32d43aa217', 'submitter_id': 'TCGA-C8-A12Y'}]",3fc5414d-9d6e-43ef-8816-41fc2acb65fc_atacseq_gdc_realn.bam,b613e888-8a1d-4429-9225-ca797cd8b95f,Aligned Reads,Sequencing Reads,ATAC-Seq
3be162b2-3231-48d1-8148-2055f5f97e98,"[{'case_id': '298a1710-deb4-4064-a0f2-da32d43aa217', 'submitter_id': 'TCGA-C8-A12Y'}]",TCGA-BRCA.635288ea-41cf-4d68-9295-19044e6c8fda.ascat3.gene_level_copy_number.v36.tsv,3be162b2-3231-48d1-8148-2055f5f97e98,Gene Level Copy Number,Copy Number Variation,Genotyping Array
ee15520c-3984-41cf-8af0-5b81143798f4,"[{'case_id': 'd7195183-9fe4-4b17-bcfd-9367d2e539ce', 'submitter_id': 'TCGA-B6-A0WT'}]",50ca8dbe-ec46-4d1f-875c-ea7773c11372.wxs.aliquot_ensemble_raw.maf.gz,ee15520c-3984-41cf-8af0-5b81143798f4,Aggregated Somatic Mutation,Simple Nucleotide Variation,WXS
e5e8e25f-c8f9-42b9-a56a-7105cdc059e8,"[{'case_id': '298a1710-deb4-4064-a0f2-da32d43aa217', 'submitter_id': 'TCGA-C8-A12Y'}]",HITCH_p_TCGASNP_b93_N_GenomeWideSNP_6_H02_741436.nocnv_grch38.seg.v2.txt,e5e8e25f-c8f9-42b9-a56a-7105cdc059e8,Masked Copy Number Segment,Copy Number Variation,Genotyping Array
3cbe325c-1295-4789-a5d4-69deca5e7ba7,"[{'case_id': 'f45210d3-9e66-4f5e-bef1-5ee5547cc893', 'submitter_id': 'TCGA-EW-A1PC'}]",TCGA-BRCA.2711e0de-f032-491a-8a49-e412777b8c3e.wgs.tumor_normal.gatk4_mutect2.raw_somatic_mutation.vcf.gz,3cbe325c-1295-4789-a5d4-69deca5e7ba7,Raw Simple Somatic Mutation,Simple Nucleotide Variation,WGS
e3707538-0142-4aa9-b9a7-433341ff2386,"[{'case_id': '298a1710-deb4-4064-a0f2-da32d43aa217', 'submitter_id': 'TCGA-C8-A12Y'}]",TCGA-BRCA.635288ea-41cf-4d68-9295-19044e6c8fda.gene_level_copy_number.v36.tsv,e3707538-0142-4aa9-b9a7-433341ff2386,Gene Level Copy Number,Copy Number Variation,Genotyping Array
d9e07980-9eff-41b5-92d3-f4c2cf81525f,"[{'case_id': 'f45210d3-9e66-4f5e-bef1-5ee5547cc893', 'submitter_id': 'TCGA-EW-A1PC'}]",1bb1c3ce-d263-4888-b560-84ac2294c035.wxs.mutect2.raw_somatic_mutation.vcf.gz,d9e07980-9eff-41b5-92d3-f4c2cf81525f,Raw Simple Somatic Mutation,Simple Nucleotide Variation,WXS
9cd3e3b9-67dd-4823-a175-4cd42877e9df,"[{'case_id': '298a1710-deb4-4064-a0f2-da32d43aa217', 'submitter_id': 'TCGA-C8-A12Y'}]",f8efdeb0-a8f8-4e2d-a52e-43d033e4ce6f.rna_seq.star_splice_junctions.tsv.gz,9cd3e3b9-67dd-4823-a175-4cd42877e9df,Splice Junction Quantification,Transcriptome Profiling,RNA-Seq
685d0657-860d-4ed6-b434-b24976b09333,"[{'case_id': '298a1710-deb4-4064-a0f2-da32d43aa217', 'submitter_id': 'TCGA-C8-A12Y'}]",TCGA-C8-A12Y-01A-01-BSA.6b6ff967-048f-4197-a4e6-00b89dbc297a.svs,685d0657-860d-4ed6-b434-b24976b09333,Slide Image,Biospecimen,Tissue Slide
0e29de27-98fc-4cde-8f47-d26eb4aa5a32,"[{'case_id': '298a1710-deb4-4064-a0f2-da32d43aa217', 'submitter_id': 'TCGA-C8-A12Y'}]",HITCH_p_TCGASNP_b93_N_GenomeWideSNP_6_A02_741404.CEL,0e29de27-98fc-4cde-8f47-d26eb4aa5a32,Raw Intensities,Copy Number Variation,Genotyping Array
6d60fd6b-eeb2-4bf8-9754-4e98cd990b50,"[{'case_id': '298a1710-deb4-4064-a0f2-da32d43aa217', 'submitter_id': 'TCGA-C8-A12Y'}]",TCGA_BRCA.c0796a56-cbdb-4f7c-baad-7c659ed6424d.wgs.VarScan2.somatic_annotation.vcf.gz,6d60fd6b-eeb2-4bf8-9754-4e98cd990b50,Annotated Somatic Mutation,Simple Nucleotide Variation,WGS
946631c8-2285-4aab-8df2-9e3cda48019c,"[{'case_id': '298a1710-deb4-4064-a0f2-da32d43aa217', 'submitter_id': 'TCGA-C8-A12Y'}]",TCGA-BRCA.635288ea-41cf-4d68-9295-19044e6c8fda.absolute_liftover.gene_level_copy_number.v36.tsv,946631c8-2285-4aab-8df2-9e3cda48019c,Gene Level Copy Number,Copy Number Variation,Genotyping Array
afde8edb-49e3-48fe-bd1e-783f5d105fa5,"[{'case_id': 'f45210d3-9e66-4f5e-bef1-5ee5547cc893', 'submitter_id': 'TCGA-EW-A1PC'}]",1bb1c3ce-d263-4888-b560-84ac2294c035.wxs.varscan2.raw_somatic_mutation.vcf.gz,afde8edb-49e3-48fe-bd1e-783f5d105fa5,Raw Simple Somatic Mutation,Simple Nucleotide Variation,WXS
2ab7e021-335e-4827-b544-ec183fc40dcc,"[{'case_id': 'f45210d3-9e66-4f5e-bef1-5ee5547cc893', 'submitter_id': 'TCGA-EW-A1PC'}]",TCGA-BRCA.21b60917-e609-4abf-ae06-cb5da81971a2.ascat3.allelic_specific.seg.txt,2ab7e021-335e-4827-b544-ec183fc40dcc,Allele-specific Copy Number Segment,Copy Number Variation,Genotyping Array
fcb814cb-d709-4d8b-af1c-975ed0e51a09,"[{'case_id': '2779fa01-ac93-4e80-a997-3385f72172c3', 'submitter_id': 'TCGA-A8-A08S'}]",TCGA-A8-A08S-10A-01D-A88Z-36.WholeGenome.RP-1657.bam,fcb814cb-d709-4d8b-af1c-975ed0e51a09,Aligned Reads,Sequencing Reads,WGS
f6626b2b-af08-44a2-b746-c97e11f8e8b1,"[{'case_id': 'f45210d3-9e66-4f5e-bef1-5ee5547cc893', 'submitter_id': 'TCGA-EW-A1PC'}]",70f5e371-efea-4464-9c5e-92862265e6b7.wxs.MuSE.aliquot.maf.gz,f6626b2b-af08-44a2-b746-c97e11f8e8b1,Annotated Somatic Mutation,Simple Nucleotide Variation,WXS
2ec7742f-e377-4b4a-86cc-822d4b83884a,"[{'case_id': 'f45210d3-9e66-4f5e-bef1-5ee5547cc893', 'submitter_id': 'TCGA-EW-A1PC'}]",TCGA-BRCA.5c68efe7-1ee5-4a30-ae7a-270795a15380.star_fusion.rna_fusion.bedpe,2ec7742f-e377-4b4a-86cc-822d4b83884a,Transcript Fusion,Structural Variation,RNA-Seq
46b147e9-c554-4102-9040-efc6c1684a8e,"[{'case_id': 'f45210d3-9e66-4f5e-bef1-5ee5547cc893', 'submitter_id': 'TCGA-EW-A1PC'}]",dc4a0d5f-5382-46fb-bcdc-0f201c4669f3.wgs.gatk4.copy_number_variation.supplementary.tar.gz,46b147e9-c554-4102-9040-efc6c1684a8e,Intermediate Analysis Archive,Copy Number Variation,WGS
b9a317e0-d5ad-44d9-a29a-37386e993a80,"[{'case_id': 'f45210d3-9e66-4f5e-bef1-5ee5547cc893', 'submitter_id': 'TCGA-EW-A1PC'}]",e400c4dd-c2d9-46af-9c3d-2b8ffbe7a0f6.somatic_sv.vcf.gz,b9a317e0-d5ad-44d9-a29a-37386e993a80,Structural Rearrangement,Somatic Structural Variation,WGS
68788ff0-4e88-45ac-8c53-3cbb0003b7a2,"[{'case_id': '298a1710-deb4-4064-a0f2-da32d43aa217', 'submitter_id': 'TCGA-C8-A12Y'}]",4a966eae-cc25-40fc-812d-746a06ae1bbf.methylation_array.sesame.level3betas.txt,68788ff0-4e88-45ac-8c53-3cbb0003b7a2,Methylation Beta Value,DNA Methylation,Methylation Array
73edea85-f978-4c99-b9c3-fda3ffc6a065,"[{'case_id': '298a1710-deb4-4064-a0f2-da32d43aa217', 'submitter_id': 'TCGA-C8-A12Y'}]",f8efdeb0-a8f8-4e2d-a52e-43d033e4ce6f.rna_seq.augmented_star_gene_counts.tsv,73edea85-f978-4c99-b9c3-fda3ffc6a065,Gene Expression Quantification,Transcriptome Profiling,RNA-Seq
77e08b0c-abee-4d68-9061-42c639137700,"[{'case_id': '298a1710-deb4-4064-a0f2-da32d43aa217', 'submitter_id': 'TCGA-C8-A12Y'}]",HITCH_p_TCGASNP_b93_N_GenomeWideSNP_6_A02_741404.nocnv_grch38.seg.v2.txt,77e08b0c-abee-4d68-9061-42c639137700,Masked Copy Number Segment,Copy Number Variation,Genotyping Array
fa02adba-597b-47fe-930f-0f2ed8eaacf3,"[{'case_id': 'f45210d3-9e66-4f5e-bef1-5ee5547cc893', 'submitter_id': 'TCGA-EW-A1PC'}]",TCGA-EW-A1PC-01B-11D-A898-36.WholeGenome.RP-1657.bam,fa02adba-597b-47fe-930f-0f2ed8eaacf3,Aligned Reads,Sequencing Reads,WGS
f235bf3c-238a-41f5-b652-69cf8a91e1cc,"[{'case_id': '298a1710-deb4-4064-a0f2-da32d43aa217', 'submitter_id': 'TCGA-C8-A12Y'}]",TCGA-BRCA.adb80ac7-3bf5-4877-ba9a-627d0bd4ab67.star_fusion.rna_fusion.bedpe,f235bf3c-238a-41f5-b652-69cf8a91e1cc,Transcript Fusion,Structural Variation,RNA-Seq
07eb1823-a8c0-4b38-9a71-25516b012527,"[{'case_id': 'f45210d3-9e66-4f5e-bef1-5ee5547cc893', 'submitter_id': 'TCGA-EW-A1PC'}]",nationwidechildrens.org_clinical.TCGA-EW-A1PC.xml,07eb1823-a8c0-4b38-9a71-25516b012527,Clinical Supplement,Clinical,
b5781856-a0f0-4c47-be07-1cb4d747930a,"[{'case_id': '2779fa01-ac93-4e80-a997-3385f72172c3', 'submitter_id': 'TCGA-A8-A08S'}]",140f2b27-7a5e-4376-ab07-9b57c14def12.wxs.varscan2.raw_somatic_mutation.vcf.gz,b5781856-a0f0-4c47-be07-1cb4d747930a,Raw Simple Somatic Mutation,Simple Nucleotide Variation,WXS
f1df00ec-75ff-47a8-87bf-7cf24c02c707,"[{'case_id': '2779fa01-ac93-4e80-a997-3385f72172c3', 'submitter_id': 'TCGA-A8-A08S'}]",1bc39bd9-9cf4-44e9-a59d-1d0c64d4c1ac.svaba.somatic.sv.vcf.gz,f1df00ec-75ff-47a8-87bf-7cf24c02c707,Structural Rearrangement,Somatic Structural Variation,WGS
9c623501-0c85-4138-b33b-f8d2fb190ab5,"[{'case_id': '298a1710-deb4-4064-a0f2-da32d43aa217', 'submitter_id': 'TCGA-C8-A12Y'}]",d859ac2a-6b54-4281-8b9e-79f4316cba8a.wxs.VarScan2.aliquot.maf.gz,9c623501-0c85-4138-b33b-f8d2fb190ab5,Annotated Somatic Mutation,Simple Nucleotide Variation,WXS
c49f6f6c-1cb6-4823-b1f7-a829c48a2a87,"[{'case_id': 'f45210d3-9e66-4f5e-bef1-5ee5547cc893', 'submitter_id': 'TCGA-EW-A1PC'}]",TCGA-BRCA.4867d8a4-41ee-4cb2-a1fb-945cccc1bd76.arriba.rna_fusion.bedpe,c49f6f6c-1cb6-4823-b1f7-a829c48a2a87,Transcript Fusion,Structural Variation,RNA-Seq
a67151fa-fb73-4839-8e0c-0f1a6d421453,"[{'case_id': 'f45210d3-9e66-4f5e-bef1-5ee5547cc893', 'submitter_id': 'TCGA-EW-A1PC'}]",e7b74c51-1862-4d38-8eab-bb48182910dc.wxs.VarScan2.aliquot.maf.gz,a67151fa-fb73-4839-8e0c-0f1a6d421453,Annotated Somatic Mutation,Simple Nucleotide Variation,WXS
967a45cf-3084-4b0f-b843-b2ea1a5a8e6a,"[{'case_id': '298a1710-deb4-4064-a0f2-da32d43aa217', 'submitter_id': 'TCGA-C8-A12Y'}]",961c9a17-6671-4f96-80ea-f0c000a78ddd.svaba.somatic.sv.vcf.gz,967a45cf-3084-4b0f-b843-b2ea1a5a8e6a,Structural Rearrangement,Somatic Structural Variation,WGS
f9996343-dc91-4344-9eb7-a8ff7d5fb86f,"[{'case_id': '2779fa01-ac93-4e80-a997-3385f72172c3', 'submitter_id': 'TCGA-A8-A08S'}]",b3289c85-612b-499f-a025-e3f9844fb91f.wxs.MuSE.aliquot.maf.gz,f9996343-dc91-4344-9eb7-a8ff7d5fb86f,Annotated Somatic Mutation,Simple Nucleotide Variation,WXS
3b1ba0ce-e8e1-4114-a83d-22f4f4fd4cb0,"[{'case_id': '2779fa01-ac93-4e80-a997-3385f72172c3', 'submitter_id': 'TCGA-A8-A08S'}]",BONZE_p_TCGAb56_SNP_1N_GenomeWideSNP_6_E06_666884.nocnv_grch38.seg.v2.txt,3b1ba0ce-e8e1-4114-a83d-22f4f4fd4cb0,Masked Copy Number Segment,Copy Number Variation,Genotyping Array
8b7d6491-851d-49cf-9172-7ea4da7db0d3,"[{'case_id': '298a1710-deb4-4064-a0f2-da32d43aa217', 'submitter_id': 'TCGA-C8-A12Y'}]",HITCH_p_TCGASNP_b93_N_GenomeWideSNP_6_H02_741436.birdseed.data.txt,8b7d6491-851d-49cf-9172-7ea4da7db0d3,Simple Germline Variation,Simple Nucleotide Variation,Genotyping Array
15cd294e-7770-4d28-9c84-47add3408b52,"[{'case_id': '2779fa01-ac93-4e80-a997-3385f72172c3', 'submitter_id': 'TCGA-A8-A08S'}]",TCGA-BRCA.b1964b85-e5ad-4db4-b109-c7ce9dde9f26.wgs.tumor_normal.gatk4_mutect2.raw_somatic_mutation.vcf.gz,15cd294e-7770-4d28-9c84-47add3408b52,Raw Simple Somatic Mutation,Simple Nucleotide Variation,WGS
b40b883c-3023-4554-a4ca-a6f6ed879695,"[{'case_id': '2779fa01-ac93-4e80-a997-3385f72172c3', 'submitter_id': 'TCGA-A8-A08S'}]",177ed406-d61a-4895-b8b0-26798bbcd97c.wxs.aliquot_ensemble_masked.maf.gz,b40b883c-3023-4554-a4ca-a6f6ed879695,Masked Somatic Mutation,Simple Nucleotide Variation,WXS
65310530-c9a9-45b3-b990-bbc3df2f202f,"[{'case_id': '298a1710-deb4-4064-a0f2-da32d43aa217', 'submitter_id': 'TCGA-C8-A12Y'}]",f8efdeb0-a8f8-4e2d-a52e-43d033e4ce6f.rna_seq.genomic.gdc_realn.bam,65310530-c9a9-45b3-b990-bbc3df2f202f,Aligned Reads,Sequencing Reads,RNA-Seq
a9b2b00b-bd65-47c0-adcd-2c44b7fe9dbd,"[{'case_id': '2779fa01-ac93-4e80-a997-3385f72172c3', 'submitter_id': 'TCGA-A8-A08S'}]",TCGA_BRCA.288109ec-56cc-4cf9-b3c6-348e33ed5089.wgs.GATK4_MuTect2_Pair.somatic_annotation.vcf.gz,a9b2b00b-bd65-47c0-adcd-2c44b7fe9dbd,Annotated Somatic Mutation,Simple Nucleotide Variation,WGS
894c68b2-d722-45b3-8368-e6fd139f376b,"[{'case_id': '298a1710-deb4-4064-a0f2-da32d43aa217', 'submitter_id': 'TCGA-C8-A12Y'}]",0aeb4952-f90d-492e-b105-8a34c1e9352a_wgs_gdc_realn.bam,894c68b2-d722-45b3-8368-e6fd139f376b,Aligned Reads,Sequencing Reads,WGS
9920b6b7-aa72-467c-8e42-1d0314aafd57,"[{'case_id': '2779fa01-ac93-4e80-a997-3385f72172c3', 'submitter_id': 'TCGA-A8-A08S'}]",TCGA_BRCA.e067de4b-b36f-4b56-bc40-a477945cdbf2.wgs.SvABA_Somatic.somatic_annotation.vcf.gz,9920b6b7-aa72-467c-8e42-1d0314aafd57,Annotated Somatic Mutation,Simple Nucleotide Variation,WGS
07fe49ef-401f-4105-858d-48df09238024,"[{'case_id': 'f45210d3-9e66-4f5e-bef1-5ee5547cc893', 'submitter_id': 'TCGA-EW-A1PC'}]",d702ead2-f1df-43e1-b1a4-c506902b14df.rna_seq.star_splice_junctions.tsv.gz,07fe49ef-401f-4105-858d-48df09238024,Splice Junction Quantification,Transcriptome Profiling,RNA-Seq
ff20cacb-75fa-493d-abf2-591fd1af6750,"[{'case_id': 'f45210d3-9e66-4f5e-bef1-5ee5547cc893', 'submitter_id': 'TCGA-EW-A1PC'}]",8363a413-fc96-4dbb-b460-00577fbfefae.methylation_array.sesame.level3betas.txt,ff20cacb-75fa-493d-abf2-591fd1af6750,Methylation Beta Value,DNA Methylation,Methylation Array
3514ec4f-d6a4-4308-8430-c7406e6aa5a7,"[{'case_id': 'f45210d3-9e66-4f5e-bef1-5ee5547cc893', 'submitter_id': 'TCGA-EW-A1PC'}]",1c0e384f-7254-4afe-93c0-b3fc6c6a7894_wgs_gdc_realn.cr.igv.reheader.seg.txt,3514ec4f-d6a4-4308-8430-c7406e6aa5a7,Copy Number Segment,Copy Number Variation,WGS
c9c9b2eb-d004-4814-b70b-8a0a7c3f011b,"[{'case_id': '2779fa01-ac93-4e80-a997-3385f72172c3', 'submitter_id': 'TCGA-A8-A08S'}]",ad44b37b-0bd2-4289-b03f-d52858da2d0f.rna_seq.star_splice_junctions.tsv.gz,c9c9b2eb-d004-4814-b70b-8a0a7c3f011b,Splice Junction Quantification,Transcriptome Profiling,RNA-Seq
aebff56d-1c9d-42b6-8f8d-1c36d29d00f6,"[{'case_id': 'f45210d3-9e66-4f5e-bef1-5ee5547cc893', 'submitter_id': 'TCGA-EW-A1PC'}]",TCGA_BRCA.cd9b9d49-9bf3-49ae-bdc4-7bb4e2558c9e.wxs.VarScan2.somatic_annotation.vcf.gz,aebff56d-1c9d-42b6-8f8d-1c36d29d00f6,Annotated Somatic Mutation,Simple Nucleotide Variation,WXS
1b3fe55e-6ad6-4f94-a176-2e210b540f18,"[{'case_id': '2779fa01-ac93-4e80-a997-3385f72172c3', 'submitter_id': 'TCGA-A8-A08S'}]",TCGA-BRCA.3ab709a7-87e2-44e5-bce1-ca2a0fc0286e.ascat2.allelic_specific.seg.txt,1b3fe55e-6ad6-4f94-a176-2e210b540f18,Allele-specific Copy Number Segment,Copy Number Variation,Genotyping Array
4b007d70-193a-4837-b8d8-13594deb4fe3,"[{'case_id': 'f45210d3-9e66-4f5e-bef1-5ee5547cc893', 'submitter_id': 'TCGA-EW-A1PC'}]",TCGA-BRCA.21b60917-e609-4abf-ae06-cb5da81971a2.ascat2.allelic_specific.seg.txt,4b007d70-193a-4837-b8d8-13594deb4fe3,Allele-specific Copy Number Segment,Copy Number Variation,Genotyping Array
c6876f0b-c231-42be-a62f-3aaa727b16a4,"[{'case_id': '2779fa01-ac93-4e80-a997-3385f72172c3', 'submitter_id': 'TCGA-A8-A08S'}]",140f2b27-7a5e-4376-ab07-9b57c14def12.wxs.muse.raw_somatic_mutation.vcf.gz,c6876f0b-c231-42be-a62f-3aaa727b16a4,Raw Simple Somatic Mutation,Simple Nucleotide Variation,WXS
bebedf40-ec66-4d65-98cb-f5465172134f,"[{'case_id': '96f23d8a-be0f-4925-ba00-805dc293414c', 'submitter_id': 'TCGA-A2-A0ET'}]",TCGA-A2-A0ET-01A-03-BSC.a5ea8948-821d-471d-ba1c-3c36807ff5df.svs,bebedf40-ec66-4d65-98cb-f5465172134f,Slide Image,Biospecimen,Tissue Slide
f4b7ba8c-6395-4fdc-98a6-c21258feb916,"[{'case_id': 'f45210d3-9e66-4f5e-bef1-5ee5547cc893', 'submitter_id': 'TCGA-EW-A1PC'}]",1bb1c3ce-d263-4888-b560-84ac2294c035.wxs.muse.raw_somatic_mutation.vcf.gz,f4b7ba8c-6395-4fdc-98a6-c21258feb916,Raw Simple Somatic Mutation,Simple Nucleotide Variation,WXS
fe0d1be1-0796-4541-97de-dcad7818abff,"[{'case_id': '298a1710-deb4-4064-a0f2-da32d43aa217', 'submitter_id': 'TCGA-C8-A12Y'}]",TCGA-C8-A12Y-01A-21-A13D-20_RPPA_data.tsv,fe0d1be1-0796-4541-97de-dcad7818abff,Protein Expression Quantification,Proteome Profiling,Reverse Phase Protein Array
4b2aded3-2d4c-4194-aaed-570ce6dfd871,"[{'case_id': 'f45210d3-9e66-4f5e-bef1-5ee5547cc893', 'submitter_id': 'TCGA-EW-A1PC'}]",efe5b739-caf3-4a81-b936-aade0cd8eca5.wgs.gatk4.copy_number_variation.supplementary.tar.gz,4b2aded3-2d4c-4194-aaed-570ce6dfd871,Intermediate Analysis Archive,Copy Number Variation,WGS
76e08bd4-6e1c-4d78-8b21-9e6523a7d070,"[{'case_id': 'f45210d3-9e66-4f5e-bef1-5ee5547cc893', 'submitter_id': 'TCGA-EW-A1PC'}]",TCGA_BRCA.242eca31-783a-4155-bbf3-bc65bbb2d5b9.wxs.MuSE.somatic_annotation.vcf.gz,76e08bd4-6e1c-4d78-8b21-9e6523a7d070,Annotated Somatic Mutation,Simple Nucleotide Variation,WXS
44f79db8-6dec-4806-a42f-20ce50db83df,"[{'case_id': '2779fa01-ac93-4e80-a997-3385f72172c3', 'submitter_id': 'TCGA-A8-A08S'}]",a607894f-9283-4ddc-bac7-d21d2bb7b4da_noid_Red.idat,44f79db8-6dec-4806-a42f-20ce50db83df,Masked Intensities,DNA Methylation,Methylation Array
292c3041-d2d5-4b23-9222-bb7603340009,"[{'case_id': 'f45210d3-9e66-4f5e-bef1-5ee5547cc893', 'submitter_id': 'TCGA-EW-A1PC'}]",TCGA-EW-A1PC.4A0524B4-2A0B-4442-91B6-0E2FEA90CBC6.PDF,292c3041-d2d5-4b23-9222-bb7603340009,Pathology Report,Clinical,
11b1ba21-2676-4792-a1ba-0c00fb18040c,"[{'case_id': '96f23d8a-be0f-4925-ba00-805dc293414c', 'submitter_id': 'TCGA-A2-A0ET'}]",TCGA-BRCA.fec7f250-896a-40c3-a6ed-82607bf7af4d.absolute_liftover.gene_level_copy_number.v36.tsv,11b1ba21-2676-4792-a1ba-0c00fb18040c,Gene Level Copy Number,Copy Number Variation,Genotyping Array
6a3ed02c-cbd6-49a1-ab82-065dc847ce97,"[{'case_id': '2779fa01-ac93-4e80-a997-3385f72172c3', 'submitter_id': 'TCGA-A8-A08S'}]",a380b15f-e510-4904-82e8-71cc1b48a72b.mirbase21.mirnas.quantification.txt,6a3ed02c-cbd6-49a1-ab82-065dc847ce97,miRNA Expression Quantification,Transcriptome Profiling,miRNA-Seq
44c78e10-a803-4b75-9483-b861e354ebda,"[{'case_id': '96f23d8a-be0f-4925-ba00-805dc293414c', 'submitter_id': 'TCGA-A2-A0ET'}]",BONZE_p_TCGAb56_SNP_1N_GenomeWideSNP_6_D12_667020.nocnv_grch38.seg.v2.txt,44c78e10-a803-4b75-9483-b861e354ebda,Masked Copy Number Segment,Copy Number Variation,Genotyping Array
7189b531-b898-4701-ab8d-9c8107c0e906,"[{'case_id': '2779fa01-ac93-4e80-a997-3385f72172c3', 'submitter_id': 'TCGA-A8-A08S'}]",TCGA_BRCA.55df8b96-9e29-425c-bde3-e72fdb0de2f7.wgs.SvABA_Somatic.somatic_annotation.vcf.gz,7189b531-b898-4701-ab8d-9c8107c0e906,Annotated Somatic Mutation,Simple Nucleotide Variation,WGS
e10eb919-4ee4-4b78-95b6-78caf3816da2,"[{'case_id': '2779fa01-ac93-4e80-a997-3385f72172c3', 'submitter_id': 'TCGA-A8-A08S'}]",BONZE_p_TCGAb56_SNP_1N_GenomeWideSNP_6_E06_666884.birdseed.data.txt,e10eb919-4ee4-4b78-95b6-78caf3816da2,Simple Germline Variation,Simple Nucleotide Variation,Genotyping Array
1bd6ad1a-c3a8-44d6-a77e-da843831c1ab,"[{'case_id': '3144f1fb-4342-4079-bfe8-940da4bfd88e', 'submitter_id': 'TCGA-E2-A14V'}]",TCGA-BRCA.c620ac92-ee42-4f68-b15a-3d5de0c6a25d.wgs.varscan2.raw_somatic_mutation.vcf.gz,1bd6ad1a-c3a8-44d6-a77e-da843831c1ab,Raw Simple Somatic Mutation,Simple Nucleotide Variation,WGS
158c3fe1-9ebc-4e08-a20c-90d9cd39c2c4,"[{'case_id': '96f23d8a-be0f-4925-ba00-805dc293414c', 'submitter_id': 'TCGA-A2-A0ET'}]",dee99dbf-8a10-43ac-9907-cdcd765b4d42_wgs_gdc_realn.cr.igv.reheader.seg.txt,158c3fe1-9ebc-4e08-a20c-90d9cd39c2c4,Copy Number Segment,Copy Number Variation,WGS
e118450b-a121-44eb-8753-e301dfca2026,"[{'case_id': '3144f1fb-4342-4079-bfe8-940da4bfd88e', 'submitter_id': 'TCGA-E2-A14V'}]",TCGA-BRCA.e9d48831-bfd2-4727-9f1c-0ebcd3242c81.star_fusion.rna_fusion.bedpe,e118450b-a121-44eb-8753-e301dfca2026,Transcript Fusion,Structural Variation,RNA-Seq
67be8398-862b-4474-a542-b9c42548fb87,"[{'case_id': '96f23d8a-be0f-4925-ba00-805dc293414c', 'submitter_id': 'TCGA-A2-A0ET'}]",dee99dbf-8a10-43ac-9907-cdcd765b4d42_wgs_gdc_realn.bam,67be8398-862b-4474-a542-b9c42548fb87,Aligned Reads,Sequencing Reads,WGS
86f3d13a-81f0-423e-86af-09afb9d99391,"[{'case_id': '2779fa01-ac93-4e80-a997-3385f72172c3', 'submitter_id': 'TCGA-A8-A08S'}]",40b802d3-faaa-48b3-9633-efe88af52663.wgs.ASCAT.gene_level.copy_number_variation.tsv,86f3d13a-81f0-423e-86af-09afb9d99391,Gene Level Copy Number,Copy Number Variation,WGS
1a85a322-be85-4f49-9b0f-009597e29e67,"[{'case_id': '3144f1fb-4342-4079-bfe8-940da4bfd88e', 'submitter_id': 'TCGA-E2-A14V'}]",TCGA-E2-A14V-01A-01-TSA.97141a78-1272-4533-ab86-d787c86baf4b.svs,1a85a322-be85-4f49-9b0f-009597e29e67,Slide Image,Biospecimen,Tissue Slide
05e09327-1df8-43aa-a190-4e4693231137,"[{'case_id': '2779fa01-ac93-4e80-a997-3385f72172c3', 'submitter_id': 'TCGA-A8-A08S'}]",40b802d3-faaa-48b3-9633-efe88af52663.wgs.BRASS.rerun_structural_variation.bedpe.gz,05e09327-1df8-43aa-a190-4e4693231137,Structural Rearrangement,Somatic Structural Variation,WGS
f2445d9f-99a0-42f1-8297-6ce25ec1c952,"[{'case_id': '3144f1fb-4342-4079-bfe8-940da4bfd88e', 'submitter_id': 'TCGA-E2-A14V'}]",c751d611-341e-4721-8694-afc00331d760.somatic.SV.bedpe,f2445d9f-99a0-42f1-8297-6ce25ec1c952,Structural Rearrangement,Somatic Structural Variation,WGS
4208d9b2-dad1-4542-add6-00f7b7a6deb8,"[{'case_id': '2779fa01-ac93-4e80-a997-3385f72172c3', 'submitter_id': 'TCGA-A8-A08S'}]",a380b15f-e510-4904-82e8-71cc1b48a72b.mirbase21.isoforms.quantification.txt,4208d9b2-dad1-4542-add6-00f7b7a6deb8,Isoform Expression Quantification,Transcriptome Profiling,miRNA-Seq
29ee11cf-f6e2-431c-aff2-8e34ba821868,"[{'case_id': '3144f1fb-4342-4079-bfe8-940da4bfd88e', 'submitter_id': 'TCGA-E2-A14V'}]",HITCH_p_TCGASNP_b93_N_GenomeWideSNP_6_G04_741546.grch38.seg.v2.txt,29ee11cf-f6e2-431c-aff2-8e34ba821868,Copy Number Segment,Copy Number Variation,Genotyping Array
1de1ee37-199b-47e2-b77b-b8d032ad374b,"[{'case_id': '2779fa01-ac93-4e80-a997-3385f72172c3', 'submitter_id': 'TCGA-A8-A08S'}]",TCGA-BRCA.b86a641f-6d4b-43ee-bf83-45e4890c3f95.wgs.varscan2.raw_somatic_mutation.vcf.gz,1de1ee37-199b-47e2-b77b-b8d032ad374b,Raw Simple Somatic Mutation,Simple Nucleotide Variation,WGS
bc90ba42-2e52-45ed-ae07-0cbb2d2038d1,"[{'case_id': '3144f1fb-4342-4079-bfe8-940da4bfd88e', 'submitter_id': 'TCGA-E2-A14V'}]",TCGA-BRCA.83803fb6-49a3-46a2-a927-657c4733337a.ascat2.allelic_specific.seg.txt,bc90ba42-2e52-45ed-ae07-0cbb2d2038d1,Allele-specific Copy Number Segment,Copy Number Variation,Genotyping Array
24a78373-e52e-44b1-bbdf-f8dfa14edbba,"[{'case_id': '3144f1fb-4342-4079-bfe8-940da4bfd88e', 'submitter_id': 'TCGA-E2-A14V'}]",ec4c3a7d-73f1-475d-aa80-3fbe71dae60d.wxs.aliquot_ensemble_raw.maf.gz,24a78373-e52e-44b1-bbdf-f8dfa14edbba,Aggregated Somatic Mutation,Simple Nucleotide Variation,WXS
2b85305f-253d-46f9-bd65-3065920a154c,"[{'case_id': '96f23d8a-be0f-4925-ba00-805dc293414c', 'submitter_id': 'TCGA-A2-A0ET'}]",TCGA-BRCA.5655b432-189f-4a52-abfa-8f193e91540c.arriba.rna_fusion.tsv,2b85305f-253d-46f9-bd65-3065920a154c,Transcript Fusion,Structural Variation,RNA-Seq
c388e749-bf29-4659-8249-a1354fb67c83,"[{'case_id': '2779fa01-ac93-4e80-a997-3385f72172c3', 'submitter_id': 'TCGA-A8-A08S'}]",9c981525-80af-4f79-b94a-be00131ab872_wxs_gdc_realn.bam,c388e749-bf29-4659-8249-a1354fb67c83,Aligned Reads,Sequencing Reads,WXS
97fc9683-a552-468a-8e6f-53e106426737,"[{'case_id': '2779fa01-ac93-4e80-a997-3385f72172c3', 'submitter_id': 'TCGA-A8-A08S'}]",08bdf285-3fdf-4318-97aa-a4a3a7467c45.somatic_sv.vcf.gz,97fc9683-a552-468a-8e6f-53e106426737,Structural Rearrangement,Somatic Structural Variation,WGS
ff75015c-95de-4583-bfea-967aea2868a5,"[{'case_id': '2779fa01-ac93-4e80-a997-3385f72172c3', 'submitter_id': 'TCGA-A8-A08S'}]",BONZE_p_TCGAb56_SNP_1N_GenomeWideSNP_6_F09_666968.nocnv_grch38.seg.v2.txt,ff75015c-95de-4583-bfea-967aea2868a5,Masked Copy Number Segment,Copy Number Variation,Genotyping Array
1a32d5ff-3b2b-411a-9343-f010c91de084,"[{'case_id': '3144f1fb-4342-4079-bfe8-940da4bfd88e', 'submitter_id': 'TCGA-E2-A14V'}]",TCGA_BRCA.405d92fd-afb9-46b1-9b9b-b8a1a8719c13.wxs.Pindel.somatic_annotation.vcf.gz,1a32d5ff-3b2b-411a-9343-f010c91de084,Annotated Somatic Mutation,Simple Nucleotide Variation,WXS
2b96760c-1baa-4443-9705-0f2caddac9bc,"[{'case_id': '96f23d8a-be0f-4925-ba00-805dc293414c', 'submitter_id': 'TCGA-A2-A0ET'}]",03501b4a-f611-4f3c-aebd-891c004a33cb.wxs.muse.raw_somatic_mutation.vcf.gz,2b96760c-1baa-4443-9705-0f2caddac9bc,Raw Simple Somatic Mutation,Simple Nucleotide Variation,WXS
9a8f1705-6ee1-42a1-95b3-4a07062f75cb,"[{'case_id': '3144f1fb-4342-4079-bfe8-940da4bfd88e', 'submitter_id': 'TCGA-E2-A14V'}]",3fd9c506-ed43-45db-bff4-6e968ac19564.rna_seq.genomic.gdc_realn.bam,9a8f1705-6ee1-42a1-95b3-4a07062f75cb,Aligned Reads,Sequencing Reads,RNA-Seq
4a944751-b349-4d31-8cdf-ad74746ffca5,"[{'case_id': '2779fa01-ac93-4e80-a997-3385f72172c3', 'submitter_id': 'TCGA-A8-A08S'}]",TCGA-BRCA.3ab709a7-87e2-44e5-bce1-ca2a0fc0286e.ascat3.gene_level_copy_number.v36.tsv,4a944751-b349-4d31-8cdf-ad74746ffca5,Gene Level Copy Number,Copy Number Variation,Genotyping Array
d1bab007-84fd-45a7-ae39-1483a9dbfa21,"[{'case_id': '96f23d8a-be0f-4925-ba00-805dc293414c', 'submitter_id': 'TCGA-A2-A0ET'}]",fa4a7b03-ed0a-437c-8c22-290e5b0dd223.somatic.SV.bedpe,d1bab007-84fd-45a7-ae39-1483a9dbfa21,Structural Rearrangement,Structural Variation,WGS
e2974aad-b7a3-4f17-8e04-755c82bd05d3,"[{'case_id': '3144f1fb-4342-4079-bfe8-940da4bfd88e', 'submitter_id': 'TCGA-E2-A14V'}]",3fd9c506-ed43-45db-bff4-6e968ac19564.rna_seq.transcriptome.gdc_realn.bam,e2974aad-b7a3-4f17-8e04-755c82bd05d3,Aligned Reads,Sequencing Reads,RNA-Seq
e6b5c4b3-5c43-4268-829d-df23f5978302,"[{'case_id': '2779fa01-ac93-4e80-a997-3385f72172c3', 'submitter_id': 'TCGA-A8-A08S'}]",a607894f-9283-4ddc-bac7-d21d2bb7b4da.methylation_array.sesame.level3betas.txt,e6b5c4b3-5c43-4268-829d-df23f5978302,Methylation Beta Value,DNA Methylation,Methylation Array
9d041037-a56d-453e-bc88-3e5219da6919,"[{'case_id': '96f23d8a-be0f-4925-ba00-805dc293414c', 'submitter_id': 'TCGA-A2-A0ET'}]",f71cb25b-0b08-4ad2-80dc-31cde24b195a_noid_Red.idat,9d041037-a56d-453e-bc88-3e5219da6919,Masked Intensities,DNA Methylation,Methylation Array
9b3b74db-86c9-493d-9161-cce1f57f1e0e,"[{'case_id': 'c72cb184-462d-4009-9cdb-848782ff8a76', 'submitter_id': 'TCGA-A2-A3XT'}]",TCGA-BRCA.5770507c-4ccd-41e4-9fde-76e07abbc7d8.star_fusion.rna_fusion.tsv,9b3b74db-86c9-493d-9161-cce1f57f1e0e,Transcript Fusion,Structural Variation,RNA-Seq
717bf53c-815f-4199-a877-32af677d90ac,"[{'case_id': '3144f1fb-4342-4079-bfe8-940da4bfd88e', 'submitter_id': 'TCGA-E2-A14V'}]",644e6591-90da-49fe-acc7-159e456f8c9b_noid_Grn.idat,717bf53c-815f-4199-a877-32af677d90ac,Masked Intensities,DNA Methylation,Methylation Array
1276e841-6767-4179-aa3b-f74943209213,"[{'case_id': 'c72cb184-462d-4009-9cdb-848782ff8a76', 'submitter_id': 'TCGA-A2-A3XT'}]",RAMIE_p_6TCGA_250_232_4_236_N_GenomeWideSNP_6_G06_1245274.grch38.seg.v2.txt,1276e841-6767-4179-aa3b-f74943209213,Copy Number Segment,Copy Number Variation,Genotyping Array
b6e4b448-c3a6-4ba0-b543-0484f56ee312,"[{'case_id': '96f23d8a-be0f-4925-ba00-805dc293414c', 'submitter_id': 'TCGA-A2-A0ET'}]",83834ecf-bc98-416a-98c0-824229e6cfe0.rna_seq.chimeric.gdc_realn.bam,b6e4b448-c3a6-4ba0-b543-0484f56ee312,Aligned Reads,Sequencing Reads,RNA-Seq
715a5c87-4d0d-417a-8b60-557e13ebdbe7,"[{'case_id': '2779fa01-ac93-4e80-a997-3385f72172c3', 'submitter_id': 'TCGA-A8-A08S'}]",TCGA-BRCA.a8fc6e93-3d2a-45dc-89af-e07d7fc2205d.star_fusion.rna_fusion.bedpe,715a5c87-4d0d-417a-8b60-557e13ebdbe7,Transcript Fusion,Structural Variation,RNA-Seq
e31fda47-831b-4504-9791-e3d5cd88fc25,"[{'case_id': '3144f1fb-4342-4079-bfe8-940da4bfd88e', 'submitter_id': 'TCGA-E2-A14V'}]",c6558eca-240d-4a7d-8053-8601a7db4d52.wxs.Pindel.aliquot.maf.gz,e31fda47-831b-4504-9791-e3d5cd88fc25,Annotated Somatic Mutation,Simple Nucleotide Variation,WXS
a621a9ce-0065-4f8b-b3a2-9aec835baae8,"[{'case_id': '2779fa01-ac93-4e80-a997-3385f72172c3', 'submitter_id': 'TCGA-A8-A08S'}]",ad44b37b-0bd2-4289-b03f-d52858da2d0f.rna_seq.transcriptome.gdc_realn.bam,a621a9ce-0065-4f8b-b3a2-9aec835baae8,Aligned Reads,Sequencing Reads,RNA-Seq
dcaa794a-b6f3-4f7c-aca8-4de31285a691,"[{'case_id': '96f23d8a-be0f-4925-ba00-805dc293414c', 'submitter_id': 'TCGA-A2-A0ET'}]",a9e1679a-e60d-4438-a7a3-3e3ec8b15c85.wgs.BRASS.rerun_structural_variation.bedpe,dcaa794a-b6f3-4f7c-aca8-4de31285a691,Structural Rearrangement,Somatic Structural Variation,WGS
724f975c-fe5f-48eb-877d-668f3c561e6e,"[{'case_id': '2779fa01-ac93-4e80-a997-3385f72172c3', 'submitter_id': 'TCGA-A8-A08S'}]",TCGA_BRCA.bd7468c2-bbce-4010-9fca-73f59e65fc16.wxs.MuTect2.somatic_annotation.vcf.gz,724f975c-fe5f-48eb-877d-668f3c561e6e,Annotated Somatic Mutation,Simple Nucleotide Variation,WXS
f2f965fb-c7ae-4aa4-9457-e262b42760a4,"[{'case_id': '96f23d8a-be0f-4925-ba00-805dc293414c', 'submitter_id': 'TCGA-A2-A0ET'}]",bd38e859-1f4f-4b02-8647-4fd6f625144b.wgs.ASCAT.copy_number_variation.seg.txt,f2f965fb-c7ae-4aa4-9457-e262b42760a4,Allele-specific Copy Number Segment,Copy Number Variation,WGS
8bbdacf5-f79f-4b3d-bc0e-ff63c727fe48,"[{'case_id': '3144f1fb-4342-4079-bfe8-940da4bfd88e', 'submitter_id': 'TCGA-E2-A14V'}]",nationwidechildrens.org_clinical.TCGA-E2-A14V.xml,8bbdacf5-f79f-4b3d-bc0e-ff63c727fe48,Clinical Supplement,Clinical,
a44410c4-8d3b-4c28-8983-7d0a4df02247,"[{'case_id': '96f23d8a-be0f-4925-ba00-805dc293414c', 'submitter_id': 'TCGA-A2-A0ET'}]",37d54dff-c731-4d3f-9102-20754db0732d.wxs.aliquot_ensemble_masked.maf.gz,a44410c4-8d3b-4c28-8983-7d0a4df02247,Masked Somatic Mutation,Simple Nucleotide Variation,WXS
b0235494-e7ec-47c2-9fbd-e1cda4c3aeba,"[{'case_id': '3144f1fb-4342-4079-bfe8-940da4bfd88e', 'submitter_id': 'TCGA-E2-A14V'}]",ec4c3a7d-73f1-475d-aa80-3fbe71dae60d.wxs.aliquot_ensemble_masked.maf.gz,b0235494-e7ec-47c2-9fbd-e1cda4c3aeba,Masked Somatic Mutation,Simple Nucleotide Variation,WXS
bb6d0568-683c-4604-90c8-dedfedff9c76,"[{'case_id': '3144f1fb-4342-4079-bfe8-940da4bfd88e', 'submitter_id': 'TCGA-E2-A14V'}]",TCGA-BRCA.e9d48831-bfd2-4727-9f1c-0ebcd3242c81.star_fusion.rna_fusion.tsv,bb6d0568-683c-4604-90c8-dedfedff9c76,Transcript Fusion,Structural Variation,RNA-Seq
82287690-370e-4faf-8970-339dcca9e43b,"[{'case_id': 'c72cb184-462d-4009-9cdb-848782ff8a76', 'submitter_id': 'TCGA-A2-A3XT'}]",7ca71290-b390-41d1-a5fa-cf98c9175b82.wxs.pindel.raw_somatic_mutation.vcf.gz,82287690-370e-4faf-8970-339dcca9e43b,Raw Simple Somatic Mutation,Simple Nucleotide Variation,WXS
d66ff616-b338-4217-a8ea-31c96a880a6c,"[{'case_id': '3144f1fb-4342-4079-bfe8-940da4bfd88e', 'submitter_id': 'TCGA-E2-A14V'}]",c751d611-341e-4721-8694-afc00331d760.somatic_sv.vcf.gz,d66ff616-b338-4217-a8ea-31c96a880a6c,Structural Rearrangement,Somatic Structural Variation,WGS
69eef1d4-5605-4498-828f-ab90ef858942,"[{'case_id': 'bf88ddf5-a6d4-498c-bf7f-db9bfabff72d', 'submitter_id': 'TCGA-A2-A0EO'}]",bf401a78-2af1-4248-a6d7-35a732eca2e0.wxs.mutect2.raw_somatic_mutation.vcf.gz,69eef1d4-5605-4498-828f-ab90ef858942,Raw Simple Somatic Mutation,Simple Nucleotide Variation,WXS
3ea52ebb-c191-41a1-bf89-71a29944ea38,"[{'case_id': '3144f1fb-4342-4079-bfe8-940da4bfd88e', 'submitter_id': 'TCGA-E2-A14V'}]",nationwidechildrens.org_biospecimen.TCGA-E2-A14V.xml,3ea52ebb-c191-41a1-bf89-71a29944ea38,Biospecimen Supplement,Biospecimen,
c5720653-5537-44e6-89b9-151977f4820c,"[{'case_id': '80f3f48a-cc21-415c-b181-c77e7ba1c563', 'submitter_id': 'TCGA-A8-A09C'}]",1087516a-01d7-4a1d-ae90-f7722654e4f7.wxs.Pindel.aliquot.maf.gz,c5720653-5537-44e6-89b9-151977f4820c,Annotated Somatic Mutation,Simple Nucleotide Variation,WXS
74999a89-867c-483f-859e-500c3c8f0159,"[{'case_id': '80f3f48a-cc21-415c-b181-c77e7ba1c563', 'submitter_id': 'TCGA-A8-A09C'}]",TCGA-BRCA.c303c0a5-0504-41b5-8ba6-3b299b17f52d.star_fusion.rna_fusion.bedpe,74999a89-867c-483f-859e-500c3c8f0159,Transcript Fusion,Structural Variation,RNA-Seq
26fb0979-c10b-4e78-9c26-7db65de00d15,"[{'case_id': 'c72cb184-462d-4009-9cdb-848782ff8a76', 'submitter_id': 'TCGA-A2-A3XT'}]",TCGA-BRCA.bbbed4e0-9f0b-4312-999a-dcd592b8e383.ascat3.allelic_specific.seg.txt,26fb0979-c10b-4e78-9c26-7db65de00d15,Allele-specific Copy Number Segment,Copy Number Variation,Genotyping Array
76cda271-e7aa-4138-b79d-652a569e2b11,"[{'case_id': '80f3f48a-cc21-415c-b181-c77e7ba1c563', 'submitter_id': 'TCGA-A8-A09C'}]",nationwidechildrens.org_ssf.TCGA-A8-A09C.xml,76cda271-e7aa-4138-b79d-652a569e2b11,Biospecimen Supplement,Biospecimen,
9a46eab0-30fc-4516-9350-03097fb12b01,"[{'case_id': '3144f1fb-4342-4079-bfe8-940da4bfd88e', 'submitter_id': 'TCGA-E2-A14V'}]",TCGA_BRCA.d262d2d5-117a-437a-8d3e-89a8c9267cd4.wgs.GATK4_MuTect2_Pair.somatic_annotation.vcf.gz,9a46eab0-30fc-4516-9350-03097fb12b01,Annotated Somatic Mutation,Simple Nucleotide Variation,WGS
74902ea7-24f4-46ee-b7f3-16d5938e5a61,"[{'case_id': '3144f1fb-4342-4079-bfe8-940da4bfd88e', 'submitter_id': 'TCGA-E2-A14V'}]",f55dd4ea-5aed-4433-9886-4f07bd2e7283.wxs.varscan2.raw_somatic_mutation.vcf.gz,74902ea7-24f4-46ee-b7f3-16d5938e5a61,Raw Simple Somatic Mutation,Simple Nucleotide Variation,WXS
2272a72a-201e-4e84-b4fb-5e20939e0fa9,"[{'case_id': '80f3f48a-cc21-415c-b181-c77e7ba1c563', 'submitter_id': 'TCGA-A8-A09C'}]",d6a86f8b-ee8e-4e53-9590-b69a4ad551e5.mirbase21.mirnas.quantification.txt,2272a72a-201e-4e84-b4fb-5e20939e0fa9,miRNA Expression Quantification,Transcriptome Profiling,miRNA-Seq
eff821f0-1384-4ace-a58a-9a6177fbff57,"[{'case_id': 'bf88ddf5-a6d4-498c-bf7f-db9bfabff72d', 'submitter_id': 'TCGA-A2-A0EO'}]",6e24acde-7dd0-46b9-b3c5-b0b617912910.rna_seq.transcriptome.gdc_realn.bam,eff821f0-1384-4ace-a58a-9a6177fbff57,Aligned Reads,Sequencing Reads,RNA-Seq
7f9a86b0-86dc-4889-8eed-f74861ce39d6,"[{'case_id': 'd5cab7f5-e4f1-40ee-a0c8-4c8004c1c9a0', 'submitter_id': 'TCGA-AN-A0FF'}]",BONZE_p_TCGAb56_SNP_1N_GenomeWideSNP_6_E01_666966.nocnv_grch38.seg.v2.txt,7f9a86b0-86dc-4889-8eed-f74861ce39d6,Masked Copy Number Segment,Copy Number Variation,Genotyping Array
22eae175-16e4-469e-a82f-010d11680ddd,"[{'case_id': 'bf88ddf5-a6d4-498c-bf7f-db9bfabff72d', 'submitter_id': 'TCGA-A2-A0EO'}]",TCGA-A2-A0EO-10A-01D-A891-36.WholeGenome.RP-1657.bam,22eae175-16e4-469e-a82f-010d11680ddd,Aligned Reads,Sequencing Reads,WGS
0fcae7a8-3290-46a7-8395-04b8a577b733,"[{'case_id': 'd5cab7f5-e4f1-40ee-a0c8-4c8004c1c9a0', 'submitter_id': 'TCGA-AN-A0FF'}]",nationwidechildrens.org_biospecimen.TCGA-AN-A0FF.xml,0fcae7a8-3290-46a7-8395-04b8a577b733,Biospecimen Supplement,Biospecimen,
d9e04ff0-a7c0-4125-8d42-8ec044c875a2,"[{'case_id': 'bf88ddf5-a6d4-498c-bf7f-db9bfabff72d', 'submitter_id': 'TCGA-A2-A0EO'}]",19c44dda-aaea-455a-9812-4a1ab8b63037.somatic.SV.bedpe,d9e04ff0-a7c0-4125-8d42-8ec044c875a2,Structural Rearrangement,Structural Variation,WGS
7709738b-ba8e-4b20-9175-5db9b5c28556,"[{'case_id': 'd5cab7f5-e4f1-40ee-a0c8-4c8004c1c9a0', 'submitter_id': 'TCGA-AN-A0FF'}]",TCGA-AN-A0FF-01Z-00-DX1.A23982C3-E0EB-4DB2-84EE-26E0005E3F66.svs,7709738b-ba8e-4b20-9175-5db9b5c28556,Slide Image,Biospecimen,Diagnostic Slide
9a624b5e-593d-415b-8e8e-040d3e8780ed,"[{'case_id': 'd5cab7f5-e4f1-40ee-a0c8-4c8004c1c9a0', 'submitter_id': 'TCGA-AN-A0FF'}]",TCGA_BRCA.0f05d904-02fe-408d-a57e-a0e3a6ae6526.wgs.GATK4_MuTect2_Pair.somatic_annotation.vcf.gz,9a624b5e-593d-415b-8e8e-040d3e8780ed,Annotated Somatic Mutation,Simple Nucleotide Variation,WGS
24ccac85-8b1a-495a-86a3-d46b0bdc0ac1,"[{'case_id': 'bf88ddf5-a6d4-498c-bf7f-db9bfabff72d', 'submitter_id': 'TCGA-A2-A0EO'}]",TCGA-BRCA.804ead25-deda-4ae9-91d0-88deaeedd41f.wgs.tumor_normal.gatk4_mutect2.raw_somatic_mutation.vcf.gz,24ccac85-8b1a-495a-86a3-d46b0bdc0ac1,Raw Simple Somatic Mutation,Simple Nucleotide Variation,WGS
1b93c259-10e2-4227-830b-4ab668f61418,"[{'case_id': 'c72cb184-462d-4009-9cdb-848782ff8a76', 'submitter_id': 'TCGA-A2-A3XT'}]",TCGA-BRCA.bbbed4e0-9f0b-4312-999a-dcd592b8e383.ascat2.allelic_specific.seg.txt,1b93c259-10e2-4227-830b-4ab668f61418,Allele-specific Copy Number Segment,Copy Number Variation,Genotyping Array
754e9de1-b8b1-4cb5-9883-f4c4d75bf2ce,"[{'case_id': 'bf88ddf5-a6d4-498c-bf7f-db9bfabff72d', 'submitter_id': 'TCGA-A2-A0EO'}]",6e24acde-7dd0-46b9-b3c5-b0b617912910.rna_seq.genomic.gdc_realn.bam,754e9de1-b8b1-4cb5-9883-f4c4d75bf2ce,Aligned Reads,Sequencing Reads,RNA-Seq
07cdeb90-ac24-4c48-a24e-9f56e1112b47,"[{'case_id': '80f3f48a-cc21-415c-b181-c77e7ba1c563', 'submitter_id': 'TCGA-A8-A09C'}]",TCGA_BRCA.2184e3e9-c4ff-4e44-bcd0-34f8786097c1.wxs.MuSE.somatic_annotation.vcf.gz,07cdeb90-ac24-4c48-a24e-9f56e1112b47,Annotated Somatic Mutation,Simple Nucleotide Variation,WXS
bba1e9f5-1b87-450f-8622-858ae996240a,"[{'case_id': 'c72cb184-462d-4009-9cdb-848782ff8a76', 'submitter_id': 'TCGA-A2-A3XT'}]",bdba14fb-88aa-43b0-8c25-53948b9935b7.rna_seq.transcriptome.gdc_realn.bam,bba1e9f5-1b87-450f-8622-858ae996240a,Aligned Reads,Sequencing Reads,RNA-Seq
2c1807cf-4c36-4760-8c9a-a513a72e963e,"[{'case_id': '80f3f48a-cc21-415c-b181-c77e7ba1c563', 'submitter_id': 'TCGA-A8-A09C'}]",HAULS_p_TCGAb47_SNP_2N_GenomeWideSNP_6_E06_628564.birdseed.data.txt,2c1807cf-4c36-4760-8c9a-a513a72e963e,Simple Germline Variation,Simple Nucleotide Variation,Genotyping Array
6aed4da8-c439-45b6-9873-d1e2ab43fc7a,"[{'case_id': 'c72cb184-462d-4009-9cdb-848782ff8a76', 'submitter_id': 'TCGA-A2-A3XT'}]",TCGA-A2-A3XT-10A-01D-A89C-36.WholeGenome.RP-1657.bam,6aed4da8-c439-45b6-9873-d1e2ab43fc7a,Aligned Reads,Sequencing Reads,WGS
03a6c911-488b-49e5-bbd6-1e176fdf0b34,"[{'case_id': 'bf88ddf5-a6d4-498c-bf7f-db9bfabff72d', 'submitter_id': 'TCGA-A2-A0EO'}]",3fbe5893-e905-4738-a2ca-53cc328369fd.wgs.gatk4.copy_number_variation.supplementary.tar.gz,03a6c911-488b-49e5-bbd6-1e176fdf0b34,Intermediate Analysis Archive,Copy Number Variation,WGS
8d8c331b-d2b3-48b2-9050-53bac358be56,"[{'case_id': '80f3f48a-cc21-415c-b181-c77e7ba1c563', 'submitter_id': 'TCGA-A8-A09C'}]",TCGA-A8-A09C.1E002C47-CEC6-491C-9E67-B289687D5B66.PDF,8d8c331b-d2b3-48b2-9050-53bac358be56,Pathology Report,Clinical,
8331edac-3d49-41fe-9c93-bcae52097ca9,"[{'case_id': 'd5cab7f5-e4f1-40ee-a0c8-4c8004c1c9a0', 'submitter_id': 'TCGA-AN-A0FF'}]",BONZE_p_TCGAb56_SNP_1N_GenomeWideSNP_6_H09_666874.CEL,8331edac-3d49-41fe-9c93-bcae52097ca9,Raw Intensities,Copy Number Variation,Genotyping Array
a0f4a06a-74ca-4399-a400-08500c41b237,"[{'case_id': 'bf88ddf5-a6d4-498c-bf7f-db9bfabff72d', 'submitter_id': 'TCGA-A2-A0EO'}]",9ab1f844-3e22-4211-ac1f-36327a7cae63.wxs.aliquot_ensemble_raw.maf.gz,a0f4a06a-74ca-4399-a400-08500c41b237,Aggregated Somatic Mutation,Simple Nucleotide Variation,WXS
d54709ef-d86e-42f6-992b-91dab6afe168,"[{'case_id': 'c72cb184-462d-4009-9cdb-848782ff8a76', 'submitter_id': 'TCGA-A2-A3XT'}]",47db5812-3372-46bd-a59f-5fac0d3d1a97_wxs_gdc_realn.bam,d54709ef-d86e-42f6-992b-91dab6afe168,Aligned Reads,Sequencing Reads,WXS
d944587e-8aed-43ed-9095-8f152393af32,"[{'case_id': '80f3f48a-cc21-415c-b181-c77e7ba1c563', 'submitter_id': 'TCGA-A8-A09C'}]",TCGA-BRCA.0aed9a82-c511-472a-b157-3a71cda4a21d.arriba.rna_fusion.tsv,d944587e-8aed-43ed-9095-8f152393af32,Transcript Fusion,Structural Variation,RNA-Seq
9a480424-d135-47e5-a37f-2f8fbc3de414,"[{'case_id': 'd5cab7f5-e4f1-40ee-a0c8-4c8004c1c9a0', 'submitter_id': 'TCGA-AN-A0FF'}]",TCGA-BRCA.485f760b-c4d0-41b8-94f2-97a97df27ece.star_fusion.rna_fusion.tsv,9a480424-d135-47e5-a37f-2f8fbc3de414,Transcript Fusion,Structural Variation,RNA-Seq
b5c30bfa-cce0-4479-b920-50daf42efce9,"[{'case_id': 'c72cb184-462d-4009-9cdb-848782ff8a76', 'submitter_id': 'TCGA-A2-A3XT'}]",TCGA-BRCA.e478a188-44bd-42a5-b8e8-7bd5a676b6c4.arriba.rna_fusion.bedpe,b5c30bfa-cce0-4479-b920-50daf42efce9,Transcript Fusion,Structural Variation,RNA-Seq
d68dbd6f-72b3-49f8-82af-9a810c89a98f,"[{'case_id': 'd5cab7f5-e4f1-40ee-a0c8-4c8004c1c9a0', 'submitter_id': 'TCGA-AN-A0FF'}]",TCGA-BRCA.9add77c5-e24a-4c2f-9e79-fa09dc8697cd.ascat2.allelic_specific.seg.txt,d68dbd6f-72b3-49f8-82af-9a810c89a98f,Allele-specific Copy Number Segment,Copy Number Variation,Genotyping Array
c894f12d-655a-4211-a4ac-2b0fa6becfe5,"[{'case_id': 'd5cab7f5-e4f1-40ee-a0c8-4c8004c1c9a0', 'submitter_id': 'TCGA-AN-A0FF'}]",28f38d16-264d-476d-8387-beb26b5944cf_noid_Grn.idat,c894f12d-655a-4211-a4ac-2b0fa6becfe5,Masked Intensities,DNA Methylation,Methylation Array
dba356ac-c2e2-49b5-bc18-ebe29459f0fb,"[{'case_id': 'd5cab7f5-e4f1-40ee-a0c8-4c8004c1c9a0', 'submitter_id': 'TCGA-AN-A0FF'}]",a4a6c24e-3b83-4808-a9fd-3963d37a66dd.wxs.aliquot_ensemble_masked.maf.gz,dba356ac-c2e2-49b5-bc18-ebe29459f0fb,Masked Somatic Mutation,Simple Nucleotide Variation,WXS
106e2a27-fb65-46ce-8d90-0e270c59a774,"[{'case_id': 'bf88ddf5-a6d4-498c-bf7f-db9bfabff72d', 'submitter_id': 'TCGA-A2-A0EO'}]",nationwidechildrens.org_ssf.TCGA-A2-A0EO.xml,106e2a27-fb65-46ce-8d90-0e270c59a774,Biospecimen Supplement,Biospecimen,
32d23886-f998-434a-8741-08218e943e42,"[{'case_id': '80f3f48a-cc21-415c-b181-c77e7ba1c563', 'submitter_id': 'TCGA-A8-A09C'}]",a1f5d957-7b3e-47e1-a13d-77bf0d19001f.somatic.SV.bedpe,32d23886-f998-434a-8741-08218e943e42,Structural Rearrangement,Somatic Structural Variation,WGS
53e4924f-3a5d-4b1a-8e9c-fa464f6065b1,"[{'case_id': 'bf88ddf5-a6d4-498c-bf7f-db9bfabff72d', 'submitter_id': 'TCGA-A2-A0EO'}]",BONZE_p_TCGAb56_SNP_1N_GenomeWideSNP_6_H02_666912.nocnv_grch38.seg.v2.txt,53e4924f-3a5d-4b1a-8e9c-fa464f6065b1,Masked Copy Number Segment,Copy Number Variation,Genotyping Array
15a656bc-0f5f-4f06-80ad-0584bf873805,"[{'case_id': '80f3f48a-cc21-415c-b181-c77e7ba1c563', 'submitter_id': 'TCGA-A8-A09C'}]",d6a86f8b-ee8e-4e53-9590-b69a4ad551e5.mirbase21.isoforms.quantification.txt,15a656bc-0f5f-4f06-80ad-0584bf873805,Isoform Expression Quantification,Transcriptome Profiling,miRNA-Seq
caf6b98e-cd94-4e67-b5ea-2be9e411dde4,"[{'case_id': 'd5cab7f5-e4f1-40ee-a0c8-4c8004c1c9a0', 'submitter_id': 'TCGA-AN-A0FF'}]",4ea12b02-ad17-430f-99dc-2ff58c374af7.wxs.MuTect2.aliquot.maf.gz,caf6b98e-cd94-4e67-b5ea-2be9e411dde4,Annotated Somatic Mutation,Simple Nucleotide Variation,WXS
fc9537b4-a219-4479-a53a-61de16a74173,"[{'case_id': 'bf88ddf5-a6d4-498c-bf7f-db9bfabff72d', 'submitter_id': 'TCGA-A2-A0EO'}]",bf401a78-2af1-4248-a6d7-35a732eca2e0.wxs.muse.raw_somatic_mutation.vcf.gz,fc9537b4-a219-4479-a53a-61de16a74173,Raw Simple Somatic Mutation,Simple Nucleotide Variation,WXS
835d6979-bd6e-4687-856b-1f15c8117126,"[{'case_id': '80f3f48a-cc21-415c-b181-c77e7ba1c563', 'submitter_id': 'TCGA-A8-A09C'}]",3f7c215a-2461-47d1-9d31-747bef9d4022.somatic.SV.bedpe,835d6979-bd6e-4687-856b-1f15c8117126,Structural Rearrangement,Structural Variation,WGS
6f3e3fff-55a7-4382-9b7d-9ad3191de11b,"[{'case_id': '3b7b9c1e-a84c-47ed-983c-9e4b00cbf01a', 'submitter_id': 'TCGA-A7-A26F'}]",b999c1af-aebf-4bf0-91d1-9e92971941a3.somatic.SV.bedpe,6f3e3fff-55a7-4382-9b7d-9ad3191de11b,Structural Rearrangement,Structural Variation,WGS
580714ad-87ac-4d01-a2ec-ab0f055f3d45,"[{'case_id': '3b7b9c1e-a84c-47ed-983c-9e4b00cbf01a', 'submitter_id': 'TCGA-A7-A26F'}]",79053798-bfb6-4a45-b5cf-7c0b63ea0c47_noid_Red.idat,580714ad-87ac-4d01-a2ec-ab0f055f3d45,Masked Intensities,DNA Methylation,Methylation Array
c586a394-2042-40da-9d59-1691af76ea96,"[{'case_id': 'd5cab7f5-e4f1-40ee-a0c8-4c8004c1c9a0', 'submitter_id': 'TCGA-AN-A0FF'}]",TCGA-BRCA.9add77c5-e24a-4c2f-9e79-fa09dc8697cd.absolute_liftover.gene_level_copy_number.v36.tsv,c586a394-2042-40da-9d59-1691af76ea96,Gene Level Copy Number,Copy Number Variation,Genotyping Array
83a572ba-4566-4102-890a-aacbdb2a4b14,"[{'case_id': 'bf88ddf5-a6d4-498c-bf7f-db9bfabff72d', 'submitter_id': 'TCGA-A2-A0EO'}]",5bec1076-5df1-4310-9a8c-659d28292d76_noid_Red.idat,83a572ba-4566-4102-890a-aacbdb2a4b14,Masked Intensities,DNA Methylation,Methylation Array
bf14ebf4-96e4-4295-83b7-55d319107f2c,"[{'case_id': 'bf88ddf5-a6d4-498c-bf7f-db9bfabff72d', 'submitter_id': 'TCGA-A2-A0EO'}]",BONZE_p_TCGAb56_SNP_1N_GenomeWideSNP_6_G08_666950.birdseed.data.txt,bf14ebf4-96e4-4295-83b7-55d319107f2c,Simple Germline Variation,Simple Nucleotide Variation,Genotyping Array
6ba2ebb1-6b2d-4b9e-91b3-3841396afa56,"[{'case_id': 'bf88ddf5-a6d4-498c-bf7f-db9bfabff72d', 'submitter_id': 'TCGA-A2-A0EO'}]",17fa6883-85dc-406a-912e-1b83a680cbbe.wxs.pindel.raw_somatic_mutation.vcf.gz,6ba2ebb1-6b2d-4b9e-91b3-3841396afa56,Raw Simple Somatic Mutation,Simple Nucleotide Variation,WXS
12d1d692-da81-4ac1-9055-77611920b6bc,"[{'case_id': '3b7b9c1e-a84c-47ed-983c-9e4b00cbf01a', 'submitter_id': 'TCGA-A7-A26F'}]",EXINE_p_TCGA_b142_SNP_N_GenomeWideSNP_6_A12_802324.nocnv_grch38.seg.v2.txt,12d1d692-da81-4ac1-9055-77611920b6bc,Masked Copy Number Segment,Copy Number Variation,Genotyping Array
c6935b0c-80d4-40f4-bd86-45068c27b1f1,"[{'case_id': 'd5cab7f5-e4f1-40ee-a0c8-4c8004c1c9a0', 'submitter_id': 'TCGA-AN-A0FF'}]",TCGA-AN-A0FF-01A-11D-A891-36.WholeGenome.RP-1657.cr.igv.reheader.seg.txt,c6935b0c-80d4-40f4-bd86-45068c27b1f1,Copy Number Segment,Copy Number Variation,WGS
75559fe5-5792-4fbf-b0f2-ba44f117bfa5,"[{'case_id': '80f3f48a-cc21-415c-b181-c77e7ba1c563', 'submitter_id': 'TCGA-A8-A09C'}]",TCGA-A8-A09C-01A-11D-A88Z-36.WholeGenome.RP-1657.cr.igv.reheader.seg.txt,75559fe5-5792-4fbf-b0f2-ba44f117bfa5,Copy Number Segment,Copy Number Variation,WGS
04c6ebc3-bd1e-404b-b0d1-84a8e8818705,"[{'case_id': '80f3f48a-cc21-415c-b181-c77e7ba1c563', 'submitter_id': 'TCGA-A8-A09C'}]",2b639330-8593-4847-a400-c6d851484c7d_noid_Red.idat,04c6ebc3-bd1e-404b-b0d1-84a8e8818705,Masked Intensities,DNA Methylation,Methylation Array
184b2599-de3a-4960-9d00-a8eab5e0bab4,"[{'case_id': '80f3f48a-cc21-415c-b181-c77e7ba1c563', 'submitter_id': 'TCGA-A8-A09C'}]",6a7d0de8-111a-4c17-8695-4375bc0a7786.wxs.muse.raw_somatic_mutation.vcf.gz,184b2599-de3a-4960-9d00-a8eab5e0bab4,Raw Simple Somatic Mutation,Simple Nucleotide Variation,WXS
e44ffba7-43f7-4f3c-abba-0a3b94a10042,"[{'case_id': 'd5cab7f5-e4f1-40ee-a0c8-4c8004c1c9a0', 'submitter_id': 'TCGA-AN-A0FF'}]",TCGA-BRCA.844ee189-99db-4645-b335-f6cd2083359a.wgs.varscan2.raw_somatic_mutation.vcf.gz,e44ffba7-43f7-4f3c-abba-0a3b94a10042,Raw Simple Somatic Mutation,Simple Nucleotide Variation,WGS
e38e98b6-8f5f-4198-9aaa-6cb200c88feb,"[{'case_id': '3b7b9c1e-a84c-47ed-983c-9e4b00cbf01a', 'submitter_id': 'TCGA-A7-A26F'}]",7923054e-1127-4d95-b439-10098d49cb58_wxs_gdc_realn.bam,e38e98b6-8f5f-4198-9aaa-6cb200c88feb,Aligned Reads,Sequencing Reads,WXS
d8597ee9-bb08-43f2-9552-05f2378476cd,"[{'case_id': 'd5cab7f5-e4f1-40ee-a0c8-4c8004c1c9a0', 'submitter_id': 'TCGA-AN-A0FF'}]",28f38d16-264d-476d-8387-beb26b5944cf.methylation_array.sesame.level3betas.txt,d8597ee9-bb08-43f2-9552-05f2378476cd,Methylation Beta Value,DNA Methylation,Methylation Array
4ec623f2-79eb-441a-9d85-f9443acafc17,"[{'case_id': 'd5cab7f5-e4f1-40ee-a0c8-4c8004c1c9a0', 'submitter_id': 'TCGA-AN-A0FF'}]",TCGA-BRCA.9add77c5-e24a-4c2f-9e79-fa09dc8697cd.gene_level_copy_number.v36.tsv,4ec623f2-79eb-441a-9d85-f9443acafc17,Gene Level Copy Number,Copy Number Variation,Genotyping Array
a9c692d3-80da-4f72-94ca-1af959cc4f0b,"[{'case_id': '3b7b9c1e-a84c-47ed-983c-9e4b00cbf01a', 'submitter_id': 'TCGA-A7-A26F'}]",TCGA-BRCA.5676cfeb-171d-493a-bd7f-902315494da7.ascat3.gene_level_copy_number.v36.tsv,a9c692d3-80da-4f72-94ca-1af959cc4f0b,Gene Level Copy Number,Copy Number Variation,Genotyping Array
54c72d5c-b575-4c60-901d-62e00943331f,"[{'case_id': '3b7b9c1e-a84c-47ed-983c-9e4b00cbf01a', 'submitter_id': 'TCGA-A7-A26F'}]",TCGA-A7-A26F-01A-11-A17I-20_RPPA_data.tsv,54c72d5c-b575-4c60-901d-62e00943331f,Protein Expression Quantification,Proteome Profiling,Reverse Phase Protein Array
4583c925-aa65-46f2-b23e-b47231878f6a,"[{'case_id': '80f3f48a-cc21-415c-b181-c77e7ba1c563', 'submitter_id': 'TCGA-A8-A09C'}]",04026251-0cf6-4889-83b4-8a46881470b5.rna_seq.chimeric.gdc_realn.bam,4583c925-aa65-46f2-b23e-b47231878f6a,Aligned Reads,Sequencing Reads,RNA-Seq
86bacf0a-955a-4ad1-ab29-669fa1810db9,"[{'case_id': 'd5cab7f5-e4f1-40ee-a0c8-4c8004c1c9a0', 'submitter_id': 'TCGA-AN-A0FF'}]",TCGA-BRCA.8cddefde-29c8-4097-8f3b-70ddc6775aa4.arriba.rna_fusion.bedpe,86bacf0a-955a-4ad1-ab29-669fa1810db9,Transcript Fusion,Structural Variation,RNA-Seq
9e884986-5155-4b28-9d2e-111cb13190da,"[{'case_id': 'bf88ddf5-a6d4-498c-bf7f-db9bfabff72d', 'submitter_id': 'TCGA-A2-A0EO'}]",BONZE_p_TCGAb56_SNP_1N_GenomeWideSNP_6_H02_666912.grch38.seg.v2.txt,9e884986-5155-4b28-9d2e-111cb13190da,Copy Number Segment,Copy Number Variation,Genotyping Array
f4f0b5c3-ac4f-4406-90ad-58487e7162f4,"[{'case_id': '80f3f48a-cc21-415c-b181-c77e7ba1c563', 'submitter_id': 'TCGA-A8-A09C'}]",04026251-0cf6-4889-83b4-8a46881470b5.rna_seq.star_splice_junctions.tsv.gz,f4f0b5c3-ac4f-4406-90ad-58487e7162f4,Splice Junction Quantification,Transcriptome Profiling,RNA-Seq
9aa0f2ee-f526-4dd3-96ab-78d9d61590b4,"[{'case_id': 'd5cab7f5-e4f1-40ee-a0c8-4c8004c1c9a0', 'submitter_id': 'TCGA-AN-A0FF'}]",b47b2efb-02e1-4729-95ad-de05fb551bc7.rna_seq.genomic.gdc_realn.bam,9aa0f2ee-f526-4dd3-96ab-78d9d61590b4,Aligned Reads,Sequencing Reads,RNA-Seq
5227957d-a649-4dd5-944d-03718c06e94d,"[{'case_id': 'e663954c-05a8-479a-a623-400c1eb5efc6', 'submitter_id': 'TCGA-BH-A1F5'}]",f2ac6707-13ce-433b-bad3-96b1835a5e5e.wxs.VarScan2.aliquot.maf.gz,5227957d-a649-4dd5-944d-03718c06e94d,Annotated Somatic Mutation,Simple Nucleotide Variation,WXS
1fe1c03a-b562-4bdd-bfe5-d13afa309a5f,"[{'case_id': 'd5cab7f5-e4f1-40ee-a0c8-4c8004c1c9a0', 'submitter_id': 'TCGA-AN-A0FF'}]",a3c61a86-c225-416a-b510-e8fc3569b301.svaba.somatic.sv.vcf.gz,1fe1c03a-b562-4bdd-bfe5-d13afa309a5f,Structural Rearrangement,Somatic Structural Variation,WGS
35a18d88-9570-4f91-9fbe-e37e78178bb9,"[{'case_id': 'bf88ddf5-a6d4-498c-bf7f-db9bfabff72d', 'submitter_id': 'TCGA-A2-A0EO'}]",TCGA-A2-A0EO-01A-21-A13B-20_RPPA_data.tsv,35a18d88-9570-4f91-9fbe-e37e78178bb9,Protein Expression Quantification,Proteome Profiling,Reverse Phase Protein Array
eb61e7cf-de8a-431f-98ef-95fbe1055891,"[{'case_id': 'bf88ddf5-a6d4-498c-bf7f-db9bfabff72d', 'submitter_id': 'TCGA-A2-A0EO'}]",nationwidechildrens.org_clinical.TCGA-A2-A0EO.xml,eb61e7cf-de8a-431f-98ef-95fbe1055891,Clinical Supplement,Clinical,
c00ad8a9-ed1d-4289-aa62-3e64cb574205,"[{'case_id': 'd5cab7f5-e4f1-40ee-a0c8-4c8004c1c9a0', 'submitter_id': 'TCGA-AN-A0FF'}]",b47b2efb-02e1-4729-95ad-de05fb551bc7.rna_seq.augmented_star_gene_counts.tsv,c00ad8a9-ed1d-4289-aa62-3e64cb574205,Gene Expression Quantification,Transcriptome Profiling,RNA-Seq
d657ed9a-fd92-493c-ae10-120c8b0c58d7,"[{'case_id': 'e663954c-05a8-479a-a623-400c1eb5efc6', 'submitter_id': 'TCGA-BH-A1F5'}]",57730033-1db5-4e48-81ff-b6ee4f3c0ab4.rna_seq.augmented_star_gene_counts.tsv,d657ed9a-fd92-493c-ae10-120c8b0c58d7,Gene Expression Quantification,Transcriptome Profiling,RNA-Seq
8245b3d4-86de-495e-9dd2-ccbde10f0074,"[{'case_id': 'c7d7a770-23c0-4310-ab48-1f6152dc2849', 'submitter_id': 'TCGA-D8-A1Y2'}]",TCGA-D8-A1Y2.4ACD42D6-9520-4DC6-BB40-9187A4D49981.PDF,8245b3d4-86de-495e-9dd2-ccbde10f0074,Pathology Report,Clinical,
72c3b3a4-6126-44b4-8375-499a7a1481ed,"[{'case_id': 'c7d7a770-23c0-4310-ab48-1f6152dc2849', 'submitter_id': 'TCGA-D8-A1Y2'}]",dafe76fc-4199-4109-b2bc-008e9aa577ae_noid_Grn.idat,72c3b3a4-6126-44b4-8375-499a7a1481ed,Masked Intensities,DNA Methylation,Methylation Array
afa0cfad-987c-447c-b02d-e5db4db34766,"[{'case_id': '3b7b9c1e-a84c-47ed-983c-9e4b00cbf01a', 'submitter_id': 'TCGA-A7-A26F'}]",aba8e3e5-2302-4fce-be2c-ae6e5f6fd73e_noid_Red.idat,afa0cfad-987c-447c-b02d-e5db4db34766,Masked Intensities,DNA Methylation,Methylation Array
7ee45307-85b7-437d-bf34-3c4c51e693b2,"[{'case_id': 'e663954c-05a8-479a-a623-400c1eb5efc6', 'submitter_id': 'TCGA-BH-A1F5'}]",d577d55f-4f4c-4671-8a6c-5fbc1b55f274.mirbase21.mirnas.quantification.txt,7ee45307-85b7-437d-bf34-3c4c51e693b2,miRNA Expression Quantification,Transcriptome Profiling,miRNA-Seq
5b783fd3-4e31-43c6-9ca0-f4c1514724bc,"[{'case_id': 'c7d7a770-23c0-4310-ab48-1f6152dc2849', 'submitter_id': 'TCGA-D8-A1Y2'}]",TCGA-BRCA.cbe5aea9-00bc-40c4-9e9d-bbf285a2b8df.gene_level_copy_number.v36.tsv,5b783fd3-4e31-43c6-9ca0-f4c1514724bc,Gene Level Copy Number,Copy Number Variation,Genotyping Array
fd71d0d2-4ec3-4c05-9776-172d87b852ee,"[{'case_id': '3b7b9c1e-a84c-47ed-983c-9e4b00cbf01a', 'submitter_id': 'TCGA-A7-A26F'}]",acc7d8e6-f78c-4b00-a5a0-e430b2c52c29.wxs.muse.raw_somatic_mutation.vcf.gz,fd71d0d2-4ec3-4c05-9776-172d87b852ee,Raw Simple Somatic Mutation,Simple Nucleotide Variation,WXS
204125cf-31c1-4d0f-80fc-2ca7b7a1373e,"[{'case_id': 'e663954c-05a8-479a-a623-400c1eb5efc6', 'submitter_id': 'TCGA-BH-A1F5'}]",TCGA_BRCA.0e5a6784-5eda-4b1c-93a9-8c82430ef910.wxs.MuSE.somatic_annotation.vcf.gz,204125cf-31c1-4d0f-80fc-2ca7b7a1373e,Annotated Somatic Mutation,Simple Nucleotide Variation,WXS
e0a3ee6d-fac5-499b-8abc-7028b9643a45,"[{'case_id': 'e663954c-05a8-479a-a623-400c1eb5efc6', 'submitter_id': 'TCGA-BH-A1F5'}]",TCGA-BH-A1F5-01A-12R-A13P-13_mirna_gdc_realn.bam,e0a3ee6d-fac5-499b-8abc-7028b9643a45,Aligned Reads,Sequencing Reads,miRNA-Seq
fa39ba72-8a82-4512-91b9-37cfddaec20d,"[{'case_id': '3b7b9c1e-a84c-47ed-983c-9e4b00cbf01a', 'submitter_id': 'TCGA-A7-A26F'}]",cdd788f5-6764-4643-aa74-2b5894c23105.wxs.varscan2.raw_somatic_mutation.vcf.gz,fa39ba72-8a82-4512-91b9-37cfddaec20d,Raw Simple Somatic Mutation,Simple Nucleotide Variation,WXS
5fa3658c-1958-4cb7-81ac-081db86e9676,"[{'case_id': 'c02699b5-580a-4d55-971e-f4692b2cce57', 'submitter_id': 'TCGA-A2-A3XW'}]",2cfc41ee-6c94-43a1-b234-14d2e96f6db3.methylation_array.sesame.level3betas.txt,5fa3658c-1958-4cb7-81ac-081db86e9676,Methylation Beta Value,DNA Methylation,Methylation Array
1b5dbbe2-e665-4946-98b0-af224a9636eb,"[{'case_id': '3b7b9c1e-a84c-47ed-983c-9e4b00cbf01a', 'submitter_id': 'TCGA-A7-A26F'}]",96baa683-3cc0-4924-bcb1-856d2197c353.wxs.aliquot_ensemble_masked.maf.gz,1b5dbbe2-e665-4946-98b0-af224a9636eb,Masked Somatic Mutation,Simple Nucleotide Variation,WXS
b4156870-1813-46ae-85f5-61e1d66a8587,"[{'case_id': 'e663954c-05a8-479a-a623-400c1eb5efc6', 'submitter_id': 'TCGA-BH-A1F5'}]",TCGA-BH-A1F5-01A-21-A17I-20_RPPA_data.tsv,b4156870-1813-46ae-85f5-61e1d66a8587,Protein Expression Quantification,Proteome Profiling,Reverse Phase Protein Array
024b14b2-a3de-41d4-955f-d309662b5a35,"[{'case_id': '3b7b9c1e-a84c-47ed-983c-9e4b00cbf01a', 'submitter_id': 'TCGA-A7-A26F'}]",TCGA-A7-A26F-01A-21R-A168-13_mirna_gdc_realn.bam,024b14b2-a3de-41d4-955f-d309662b5a35,Aligned Reads,Sequencing Reads,miRNA-Seq
af5c7ee8-6981-4daf-b5a2-589c0a2bad9a,"[{'case_id': 'e663954c-05a8-479a-a623-400c1eb5efc6', 'submitter_id': 'TCGA-BH-A1F5'}]",e5e37029-fb06-4e34-b3b2-277854b8f59a.methylation_array.sesame.level3betas.txt,af5c7ee8-6981-4daf-b5a2-589c0a2bad9a,Methylation Beta Value,DNA Methylation,Methylation Array
24308b3e-7c82-4f10-885e-11c307e11191,"[{'case_id': '3b7b9c1e-a84c-47ed-983c-9e4b00cbf01a', 'submitter_id': 'TCGA-A7-A26F'}]",b999c1af-aebf-4bf0-91d1-9e92971941a3.svaba.somatic.sv.vcf.gz,24308b3e-7c82-4f10-885e-11c307e11191,Structural Rearrangement,Somatic Structural Variation,WGS
c5f12a27-f109-4dc4-91fd-46ebf0df114f,"[{'case_id': 'e663954c-05a8-479a-a623-400c1eb5efc6', 'submitter_id': 'TCGA-BH-A1F5'}]",nationwidechildrens.org_ssf.TCGA-BH-A1F5.xml,c5f12a27-f109-4dc4-91fd-46ebf0df114f,Biospecimen Supplement,Biospecimen,
1085ee4d-8f68-4f2f-9d00-78b5ba3ba445,"[{'case_id': 'c7d7a770-23c0-4310-ab48-1f6152dc2849', 'submitter_id': 'TCGA-D8-A1Y2'}]",nationwidechildrens.org_biospecimen.TCGA-D8-A1Y2.xml,1085ee4d-8f68-4f2f-9d00-78b5ba3ba445,Biospecimen Supplement,Biospecimen,
2fd114b8-9767-4fd3-92e6-adc330e7489f,"[{'case_id': 'c02699b5-580a-4d55-971e-f4692b2cce57', 'submitter_id': 'TCGA-A2-A3XW'}]",23d6a850-8ce3-4571-bbf4-977821274113.wxs.VarScan2.aliquot.maf.gz,2fd114b8-9767-4fd3-92e6-adc330e7489f,Annotated Somatic Mutation,Simple Nucleotide Variation,WXS
5405cc0e-a81e-460d-a0d7-5dde2c4a2602,"[{'case_id': '3b7b9c1e-a84c-47ed-983c-9e4b00cbf01a', 'submitter_id': 'TCGA-A7-A26F'}]",TCGA-BRCA.b9e2f206-c0c7-40d7-8e17-3f74d4de8d82.arriba.rna_fusion.tsv,5405cc0e-a81e-460d-a0d7-5dde2c4a2602,Transcript Fusion,Structural Variation,RNA-Seq
f28fdc37-9044-4894-adbb-43c14c73b579,"[{'case_id': 'c7d7a770-23c0-4310-ab48-1f6152dc2849', 'submitter_id': 'TCGA-D8-A1Y2'}]",nationwidechildrens.org_clinical.TCGA-D8-A1Y2.xml,f28fdc37-9044-4894-adbb-43c14c73b579,Clinical Supplement,Clinical,
4236515f-5cfb-4457-8ad8-1f3b66c8b6f1,"[{'case_id': 'c02699b5-580a-4d55-971e-f4692b2cce57', 'submitter_id': 'TCGA-A2-A3XW'}]",TCGA_BRCA.72df85de-24b9-4841-aa8c-162471477dfe.wxs.MuTect2.somatic_annotation.vcf.gz,4236515f-5cfb-4457-8ad8-1f3b66c8b6f1,Annotated Somatic Mutation,Simple Nucleotide Variation,WXS
0ba47fb9-b141-455f-bf42-b508b37cd211,"[{'case_id': 'c02699b5-580a-4d55-971e-f4692b2cce57', 'submitter_id': 'TCGA-A2-A3XW'}]",TCGA-A2-A3XW.A4621FE7-E898-40BA-B45E-3DC9EF607F37.PDF,0ba47fb9-b141-455f-bf42-b508b37cd211,Pathology Report,Clinical,
49e34eb2-46f8-4d13-8d92-e6e555f4e080,"[{'case_id': '3b7b9c1e-a84c-47ed-983c-9e4b00cbf01a', 'submitter_id': 'TCGA-A7-A26F'}]",a723de1e-a9e0-487d-8d86-7aa4a062a1c2_wgs_gdc_realn.cr.igv.reheader.seg.txt,49e34eb2-46f8-4d13-8d92-e6e555f4e080,Copy Number Segment,Copy Number Variation,WGS
b0a86a2e-0cec-4249-9c42-9a845df50515,"[{'case_id': 'e663954c-05a8-479a-a623-400c1eb5efc6', 'submitter_id': 'TCGA-BH-A1F5'}]",TCGA-BH-A1F5.F70DE761-F081-4F4C-AD22-9A166CF78CA8.PDF,b0a86a2e-0cec-4249-9c42-9a845df50515,Pathology Report,Clinical,
26b41c7b-ec77-42c2-ac8b-e7f4902a6008,"[{'case_id': '3b7b9c1e-a84c-47ed-983c-9e4b00cbf01a', 'submitter_id': 'TCGA-A7-A26F'}]",TCGA_BRCA.9d3db9ff-1eff-461b-add0-9262cf586489.wgs.GATK4_MuTect2_Pair.somatic_annotation.vcf.gz,26b41c7b-ec77-42c2-ac8b-e7f4902a6008,Annotated Somatic Mutation,Simple Nucleotide Variation,WGS
6c3ff92d-25d6-484f-934a-efef4bdf8523,"[{'case_id': 'c02699b5-580a-4d55-971e-f4692b2cce57', 'submitter_id': 'TCGA-A2-A3XW'}]",TCGA-A2-A3XW-01A-21-A24A-20_RPPA_data.tsv,6c3ff92d-25d6-484f-934a-efef4bdf8523,Protein Expression Quantification,Proteome Profiling,Reverse Phase Protein Array
6eff3ca4-35ba-48cc-86f3-797e29456d50,"[{'case_id': 'c7d7a770-23c0-4310-ab48-1f6152dc2849', 'submitter_id': 'TCGA-D8-A1Y2'}]",3c607dcf-8edb-4dd0-9f1f-31f926aaaf72.wxs.mutect2.raw_somatic_mutation.vcf.gz,6eff3ca4-35ba-48cc-86f3-797e29456d50,Raw Simple Somatic Mutation,Simple Nucleotide Variation,WXS
119f3a49-1771-41e4-bc98-19b99a22af78,"[{'case_id': 'c7d7a770-23c0-4310-ab48-1f6152dc2849', 'submitter_id': 'TCGA-D8-A1Y2'}]",TCGA_BRCA.1c15e1c1-a974-4fa1-96a5-67b5b354d6b6.wxs.MuTect2.somatic_annotation.vcf.gz,119f3a49-1771-41e4-bc98-19b99a22af78,Annotated Somatic Mutation,Simple Nucleotide Variation,WXS
8d0ba560-3ec6-4ac4-bd26-30644271caee,"[{'case_id': 'e663954c-05a8-479a-a623-400c1eb5efc6', 'submitter_id': 'TCGA-BH-A1F5'}]",e5e37029-fb06-4e34-b3b2-277854b8f59a_noid_Grn.idat,8d0ba560-3ec6-4ac4-bd26-30644271caee,Masked Intensities,DNA Methylation,Methylation Array
6eaaa307-4b02-430a-a2c5-e5ec0760c527,"[{'case_id': '3b7b9c1e-a84c-47ed-983c-9e4b00cbf01a', 'submitter_id': 'TCGA-A7-A26F'}]",c9496c77-cfbf-42db-a862-af0b878b9852.rna_seq.transcriptome.gdc_realn.bam,6eaaa307-4b02-430a-a2c5-e5ec0760c527,Aligned Reads,Sequencing Reads,RNA-Seq
f98e31c7-09c9-42e5-800d-1cde7146cfec,"[{'case_id': '3b7b9c1e-a84c-47ed-983c-9e4b00cbf01a', 'submitter_id': 'TCGA-A7-A26F'}]",TCGA-A7-A26F-01B-04R-A22P-13_mirna_gdc_realn.bam,f98e31c7-09c9-42e5-800d-1cde7146cfec,Aligned Reads,Sequencing Reads,miRNA-Seq
9cd66a7c-6dd7-4567-921d-e0128f1c3d2c,"[{'case_id': 'e663954c-05a8-479a-a623-400c1eb5efc6', 'submitter_id': 'TCGA-BH-A1F5'}]",42398157-ba00-42ef-9121-80779c1de6f6.wxs.mutect2.raw_somatic_mutation.vcf.gz,9cd66a7c-6dd7-4567-921d-e0128f1c3d2c,Raw Simple Somatic Mutation,Simple Nucleotide Variation,WXS
4ea875cb-3f62-4975-b16c-fddd35133d4b,"[{'case_id': 'c7d7a770-23c0-4310-ab48-1f6152dc2849', 'submitter_id': 'TCGA-D8-A1Y2'}]",dafe76fc-4199-4109-b2bc-008e9aa577ae_noid_Red.idat,4ea875cb-3f62-4975-b16c-fddd35133d4b,Masked Intensities,DNA Methylation,Methylation Array
4800709e-f6e9-44a9-921f-6448f5922837,"[{'case_id': 'e663954c-05a8-479a-a623-400c1eb5efc6', 'submitter_id': 'TCGA-BH-A1F5'}]",42398157-ba00-42ef-9121-80779c1de6f6.wxs.muse.raw_somatic_mutation.vcf.gz,4800709e-f6e9-44a9-921f-6448f5922837,Raw Simple Somatic Mutation,Simple Nucleotide Variation,WXS
5059396b-33ac-4b3f-aecf-8adba627ceb9,"[{'case_id': 'c7d7a770-23c0-4310-ab48-1f6152dc2849', 'submitter_id': 'TCGA-D8-A1Y2'}]",TCGA_BRCA.7989e310-8033-4e22-a1bf-b68e43ee9686.wxs.VarScan2.somatic_annotation.vcf.gz,5059396b-33ac-4b3f-aecf-8adba627ceb9,Annotated Somatic Mutation,Simple Nucleotide Variation,WXS
8c49b71c-619f-45de-8395-fe407e61ff15,"[{'case_id': 'c7d7a770-23c0-4310-ab48-1f6152dc2849', 'submitter_id': 'TCGA-D8-A1Y2'}]",bab8fefb-5798-4d2b-a343-5a7a86199b19.svaba.somatic.sv.vcf.gz,8c49b71c-619f-45de-8395-fe407e61ff15,Structural Rearrangement,Somatic Structural Variation,WGS
45795e8f-15d6-4b18-ade8-ea3e34986d27,"[{'case_id': 'e663954c-05a8-479a-a623-400c1eb5efc6', 'submitter_id': 'TCGA-BH-A1F5'}]",RANDS_p_TCGA_b109_SNP_1N_GenomeWideSNP_6_A06_771966.nocnv_grch38.seg.v2.txt,45795e8f-15d6-4b18-ade8-ea3e34986d27,Masked Copy Number Segment,Copy Number Variation,Genotyping Array
948776d3-c791-4bac-8779-39ad6aaf7d27,"[{'case_id': '3b7b9c1e-a84c-47ed-983c-9e4b00cbf01a', 'submitter_id': 'TCGA-A7-A26F'}]",TCGA-BRCA.42f386c9-cebe-43a0-ac55-a53f67a7e1c5.wgs.tumor_normal.gatk4_mutect2.raw_somatic_mutation.vcf.gz,948776d3-c791-4bac-8779-39ad6aaf7d27,Raw Simple Somatic Mutation,Simple Nucleotide Variation,WGS
fcd7afda-c429-41a9-a77d-a90b1696d4da,"[{'case_id': '3b7b9c1e-a84c-47ed-983c-9e4b00cbf01a', 'submitter_id': 'TCGA-A7-A26F'}]",TCGA-A7-A26F-01B-03-BS3.AEE47977-2375-4C17-9373-2B78EE933AAE.svs,fcd7afda-c429-41a9-a77d-a90b1696d4da,Slide Image,Biospecimen,Tissue Slide
262593ac-54e3-486a-b459-ab2adf6a9290,"[{'case_id': 'e663954c-05a8-479a-a623-400c1eb5efc6', 'submitter_id': 'TCGA-BH-A1F5'}]",ff4773f0-db24-4be2-a6ef-0ecbd9ec4cd9.wxs.pindel.raw_somatic_mutation.vcf.gz,262593ac-54e3-486a-b459-ab2adf6a9290,Raw Simple Somatic Mutation,Simple Nucleotide Variation,WXS
d8730493-4012-4890-940b-f7d918a6f4ef,"[{'case_id': 'e663954c-05a8-479a-a623-400c1eb5efc6', 'submitter_id': 'TCGA-BH-A1F5'}]",TCGA-BRCA.391a9996-e330-4f2a-9de2-3fa4523134ce.arriba.rna_fusion.tsv,d8730493-4012-4890-940b-f7d918a6f4ef,Transcript Fusion,Structural Variation,RNA-Seq
45b84706-b0e2-4812-a52c-b45a8c5a41fd,"[{'case_id': 'c7d7a770-23c0-4310-ab48-1f6152dc2849', 'submitter_id': 'TCGA-D8-A1Y2'}]",0525d15e-234e-43a6-997f-51a05ce792fc.wxs.VarScan2.aliquot.maf.gz,45b84706-b0e2-4812-a52c-b45a8c5a41fd,Annotated Somatic Mutation,Simple Nucleotide Variation,WXS
a3ee3684-14de-4d38-b9b5-25fd1e12b933,"[{'case_id': 'c7d7a770-23c0-4310-ab48-1f6152dc2849', 'submitter_id': 'TCGA-D8-A1Y2'}]",5126229a-c6e7-4fbc-87ee-557d3c300b18.wxs.aliquot_ensemble_raw.maf.gz,a3ee3684-14de-4d38-b9b5-25fd1e12b933,Aggregated Somatic Mutation,Simple Nucleotide Variation,WXS
a21d1543-0a25-4ff8-ad0b-f1e84604c9e0,"[{'case_id': 'c7d7a770-23c0-4310-ab48-1f6152dc2849', 'submitter_id': 'TCGA-D8-A1Y2'}]",f7efa9c4-e7e2-406a-98e5-596f787c810e.rna_seq.genomic.gdc_realn.bam,a21d1543-0a25-4ff8-ad0b-f1e84604c9e0,Aligned Reads,Sequencing Reads,RNA-Seq
43c5df75-7b13-423b-880e-6137852c2370,"[{'case_id': '3b7b9c1e-a84c-47ed-983c-9e4b00cbf01a', 'submitter_id': 'TCGA-A7-A26F'}]",TCGA-BRCA.9771623a-0a4d-4c26-8850-26fe1972d603.wgs.varscan2.raw_somatic_mutation.vcf.gz,43c5df75-7b13-423b-880e-6137852c2370,Raw Simple Somatic Mutation,Simple Nucleotide Variation,WGS
9107b30f-490e-4bcd-a0e3-b7fef8545f21,"[{'case_id': '3b7b9c1e-a84c-47ed-983c-9e4b00cbf01a', 'submitter_id': 'TCGA-A7-A26F'}]",bcd24e9b-dd91-41ac-bc13-f0cb4b6956d5.wxs.Pindel.aliquot.maf.gz,9107b30f-490e-4bcd-a0e3-b7fef8545f21,Annotated Somatic Mutation,Simple Nucleotide Variation,WXS
6ecdb99c-bd42-4c07-bd10-e47fbad70e25,"[{'case_id': 'e663954c-05a8-479a-a623-400c1eb5efc6', 'submitter_id': 'TCGA-BH-A1F5'}]",TCGA-BRCA.391a9996-e330-4f2a-9de2-3fa4523134ce.arriba.rna_fusion.bedpe,6ecdb99c-bd42-4c07-bd10-e47fbad70e25,Transcript Fusion,Structural Variation,RNA-Seq
f4621785-3c28-4220-a9e6-c049d0634919,"[{'case_id': 'e663954c-05a8-479a-a623-400c1eb5efc6', 'submitter_id': 'TCGA-BH-A1F5'}]",c82d9e32-261e-46ad-918d-0f9df69524df.wxs.MuTect2.aliquot.maf.gz,f4621785-3c28-4220-a9e6-c049d0634919,Annotated Somatic Mutation,Simple Nucleotide Variation,WXS
947d7596-a4c8-49d9-a2f3-23d95f9f5eee,"[{'case_id': '3b7b9c1e-a84c-47ed-983c-9e4b00cbf01a', 'submitter_id': 'TCGA-A7-A26F'}]",TCGA-BRCA.5676cfeb-171d-493a-bd7f-902315494da7.absolute_liftover.gene_level_copy_number.v36.tsv,947d7596-a4c8-49d9-a2f3-23d95f9f5eee,Gene Level Copy Number,Copy Number Variation,Genotyping Array
57807687-abde-4c5f-889c-a9585123c036,"[{'case_id': 'c7d7a770-23c0-4310-ab48-1f6152dc2849', 'submitter_id': 'TCGA-D8-A1Y2'}]",a76d615b-d860-4a6a-a04a-45ee26e30499.wxs.MuSE.aliquot.maf.gz,57807687-abde-4c5f-889c-a9585123c036,Annotated Somatic Mutation,Simple Nucleotide Variation,WXS
34f380d2-395a-4e5f-a68a-342d01163d3f,"[{'case_id': 'e663954c-05a8-479a-a623-400c1eb5efc6', 'submitter_id': 'TCGA-BH-A1F5'}]",TCGA-BRCA.7fedf65f-1c06-4ad9-b979-a88a75c9288c.absolute_liftover.gene_level_copy_number.v36.tsv,34f380d2-395a-4e5f-a68a-342d01163d3f,Gene Level Copy Number,Copy Number Variation,Genotyping Array
c1ce6a1d-66af-4136-9baa-c0c6af794994,"[{'case_id': 'c7d7a770-23c0-4310-ab48-1f6152dc2849', 'submitter_id': 'TCGA-D8-A1Y2'}]",USAGE_p_TCGA_132_133_136_SNP_N_GenomeWideSNP_6_B03_787522.nocnv_grch38.seg.v2.txt,c1ce6a1d-66af-4136-9baa-c0c6af794994,Masked Copy Number Segment,Copy Number Variation,Genotyping Array
e32de187-ae89-473d-9bef-5b33649bb15b,"[{'case_id': 'e663954c-05a8-479a-a623-400c1eb5efc6', 'submitter_id': 'TCGA-BH-A1F5'}]",RANDS_p_TCGA_b109_SNP_1N_GenomeWideSNP_6_C12_771918.grch38.seg.v2.txt,e32de187-ae89-473d-9bef-5b33649bb15b,Copy Number Segment,Copy Number Variation,Genotyping Array
75fb93bb-5d97-4a60-98e3-d404a1fbd102,"[{'case_id': '3b7b9c1e-a84c-47ed-983c-9e4b00cbf01a', 'submitter_id': 'TCGA-A7-A26F'}]",TCGA-A7-A26F-01A-21D-A89A-36.WholeGenome.RP-1657.bam,75fb93bb-5d97-4a60-98e3-d404a1fbd102,Aligned Reads,Sequencing Reads,WGS
214ff736-1e9b-4503-be98-b78b6a4e19a3,"[{'case_id': 'c7d7a770-23c0-4310-ab48-1f6152dc2849', 'submitter_id': 'TCGA-D8-A1Y2'}]",TCGA-D8-A1Y2-10A-01D-A899-36.WholeGenome.RP-1657.bam,214ff736-1e9b-4503-be98-b78b6a4e19a3,Aligned Reads,Sequencing Reads,WGS
d5586fdb-d796-4176-84e3-11a72124b41f,"[{'case_id': 'c7d7a770-23c0-4310-ab48-1f6152dc2849', 'submitter_id': 'TCGA-D8-A1Y2'}]",f7efa9c4-e7e2-406a-98e5-596f787c810e.rna_seq.augmented_star_gene_counts.tsv,d5586fdb-d796-4176-84e3-11a72124b41f,Gene Expression Quantification,Transcriptome Profiling,RNA-Seq
6b30b7dd-82d6-4ef3-8356-3e6f92ce4da8,"[{'case_id': '3b7b9c1e-a84c-47ed-983c-9e4b00cbf01a', 'submitter_id': 'TCGA-A7-A26F'}]",cdd788f5-6764-4643-aa74-2b5894c23105.wxs.mutect2.raw_somatic_mutation.vcf.gz,6b30b7dd-82d6-4ef3-8356-3e6f92ce4da8,Raw Simple Somatic Mutation,Simple Nucleotide Variation,WXS
2fcb34c9-549b-454f-bbde-417caa8a3c5e,"[{'case_id': '14b95463-2108-4921-afc2-e29eef52b18f', 'submitter_id': 'TCGA-A2-A0YT'}]",d132e0ce-0df9-4f64-8ae0-217ae90c64a8.wxs.MuSE.aliquot.maf.gz,2fcb34c9-549b-454f-bbde-417caa8a3c5e,Annotated Somatic Mutation,Simple Nucleotide Variation,WXS
eaf9abed-214b-4933-a4e4-1286b36d5f73,"[{'case_id': 'c7d7a770-23c0-4310-ab48-1f6152dc2849', 'submitter_id': 'TCGA-D8-A1Y2'}]",TCGA-D8-A1Y2-01Z-00-DX1.77451A0F-00FD-44A9-A0D0-CB7A39CE74CC.svs,eaf9abed-214b-4933-a4e4-1286b36d5f73,Slide Image,Biospecimen,Diagnostic Slide
f149654d-ad7a-482f-93f7-458a28363eb9,"[{'case_id': '14b95463-2108-4921-afc2-e29eef52b18f', 'submitter_id': 'TCGA-A2-A0YT'}]",55f24182-1258-476c-aaa9-b9e5f552f4dc.wgs.ASCAT.copy_number_variation.seg.txt,f149654d-ad7a-482f-93f7-458a28363eb9,Allele-specific Copy Number Segment,Copy Number Variation,WGS
f94cc7d0-da66-446c-9b59-fd2aa8e0a22d,"[{'case_id': 'c7d7a770-23c0-4310-ab48-1f6152dc2849', 'submitter_id': 'TCGA-D8-A1Y2'}]",TCGA-BRCA.cbe5aea9-00bc-40c4-9e9d-bbf285a2b8df.ascat3.gene_level_copy_number.v36.tsv,f94cc7d0-da66-446c-9b59-fd2aa8e0a22d,Gene Level Copy Number,Copy Number Variation,Genotyping Array
4f944e31-0c8d-40e2-aa02-8fc937778165,"[{'case_id': '3b7b9c1e-a84c-47ed-983c-9e4b00cbf01a', 'submitter_id': 'TCGA-A7-A26F'}]",dafe5336-27f2-46f9-9782-95e828dbb45c.wxs.pindel.raw_somatic_mutation.vcf.gz,4f944e31-0c8d-40e2-aa02-8fc937778165,Raw Simple Somatic Mutation,Simple Nucleotide Variation,WXS
2ad10fdc-8240-4a4c-825a-f48655f8e9ee,"[{'case_id': 'ecab16bc-28d5-4c3a-8735-3c785bd047c4', 'submitter_id': 'TCGA-BH-A1FB'}]",d65249d9-4d0c-4a47-aee2-6d7c59b6ef8b.methylation_array.sesame.level3betas.txt,2ad10fdc-8240-4a4c-825a-f48655f8e9ee,Methylation Beta Value,DNA Methylation,Methylation Array
f2bbce69-7791-40d4-ad35-3b6009bd249c,"[{'case_id': 'ecab16bc-28d5-4c3a-8735-3c785bd047c4', 'submitter_id': 'TCGA-BH-A1FB'}]",39a75bde-24a0-4d26-8377-df045423f786.rna_seq.transcriptome.gdc_realn.bam,f2bbce69-7791-40d4-ad35-3b6009bd249c,Aligned Reads,Sequencing Reads,RNA-Seq
7afea8e0-dc66-4436-8cf9-5d40158b00ba,"[{'case_id': '3b7b9c1e-a84c-47ed-983c-9e4b00cbf01a', 'submitter_id': 'TCGA-A7-A26F'}]",acc7d8e6-f78c-4b00-a5a0-e430b2c52c29.wxs.varscan2.raw_somatic_mutation.vcf.gz,7afea8e0-dc66-4436-8cf9-5d40158b00ba,Raw Simple Somatic Mutation,Simple Nucleotide Variation,WXS
0f551bc9-623b-43fd-aed3-6a1b472c5422,"[{'case_id': 'ecab16bc-28d5-4c3a-8735-3c785bd047c4', 'submitter_id': 'TCGA-BH-A1FB'}]",RANDS_p_TCGA_b109_SNP_1N_GenomeWideSNP_6_B11_771970.CEL,0f551bc9-623b-43fd-aed3-6a1b472c5422,Raw Intensities,Copy Number Variation,Genotyping Array
d74ab374-ba51-469e-8337-ce7b546e6a74,"[{'case_id': '14b95463-2108-4921-afc2-e29eef52b18f', 'submitter_id': 'TCGA-A2-A0YT'}]",TCGA_BRCA.13ef3689-3c22-4892-8c2f-179fd938f0f7.wgs.VarScan2.somatic_annotation.vcf.gz,d74ab374-ba51-469e-8337-ce7b546e6a74,Annotated Somatic Mutation,Simple Nucleotide Variation,WGS
5fd42aab-4c3d-4379-aade-c6ffdda38902,"[{'case_id': '3b7b9c1e-a84c-47ed-983c-9e4b00cbf01a', 'submitter_id': 'TCGA-A7-A26F'}]",TCGA-A7-A26F-01A-21D-A89A-36.WholeGenome.RP-1657.cr.igv.reheader.seg.txt,5fd42aab-4c3d-4379-aade-c6ffdda38902,Copy Number Segment,Copy Number Variation,WGS
70578842-394a-4fc6-8f2a-5a2e891cafb3,"[{'case_id': 'ecab16bc-28d5-4c3a-8735-3c785bd047c4', 'submitter_id': 'TCGA-BH-A1FB'}]",TCGA-BRCA.2132cb0b-4b95-48df-a28d-9592a507451d.arriba.rna_fusion.tsv,70578842-394a-4fc6-8f2a-5a2e891cafb3,Transcript Fusion,Structural Variation,RNA-Seq
5abe00ce-aa46-45a2-ac4b-72e67abe9451,"[{'case_id': '14b95463-2108-4921-afc2-e29eef52b18f', 'submitter_id': 'TCGA-A2-A0YT'}]",nationwidechildrens.org_ssf.TCGA-A2-A0YT.xml,5abe00ce-aa46-45a2-ac4b-72e67abe9451,Biospecimen Supplement,Biospecimen,
462ae821-0295-402e-bdb2-91b697608c00,"[{'case_id': '14b95463-2108-4921-afc2-e29eef52b18f', 'submitter_id': 'TCGA-A2-A0YT'}]",71d1df8c-d3ac-43a9-8e30-6fad575667d4.wxs.aliquot_ensemble_raw.maf.gz,462ae821-0295-402e-bdb2-91b697608c00,Aggregated Somatic Mutation,Simple Nucleotide Variation,WXS
995c14ab-cc9c-4b02-946c-62fac6756971,"[{'case_id': '3b7b9c1e-a84c-47ed-983c-9e4b00cbf01a', 'submitter_id': 'TCGA-A7-A26F'}]",85e66706-6f0c-4adb-9b80-908b6f97f251.somatic_sv.vcf.gz,995c14ab-cc9c-4b02-946c-62fac6756971,Structural Rearrangement,Somatic Structural Variation,WGS
23a6eb2b-8e4d-4c21-894f-9a479c42d7d4,"[{'case_id': '14b95463-2108-4921-afc2-e29eef52b18f', 'submitter_id': 'TCGA-A2-A0YT'}]",f72da140-1607-4609-a6bf-ebe538667a8c.rna_seq.star_splice_junctions.tsv.gz,23a6eb2b-8e4d-4c21-894f-9a479c42d7d4,Splice Junction Quantification,Transcriptome Profiling,RNA-Seq
9c7d2ed6-fd8f-479b-a9a0-5f7003c4ca98,"[{'case_id': '3b7b9c1e-a84c-47ed-983c-9e4b00cbf01a', 'submitter_id': 'TCGA-A7-A26F'}]",acc7d8e6-f78c-4b00-a5a0-e430b2c52c29.wxs.mutect2.raw_somatic_mutation.vcf.gz,9c7d2ed6-fd8f-479b-a9a0-5f7003c4ca98,Raw Simple Somatic Mutation,Simple Nucleotide Variation,WXS
e81ed0fa-0130-419c-8cbc-d7d36f9b451f,"[{'case_id': 'ecab16bc-28d5-4c3a-8735-3c785bd047c4', 'submitter_id': 'TCGA-BH-A1FB'}]",TCGA-BH-A1FB-01A-11R-A13P-13_mirna_gdc_realn.bam,e81ed0fa-0130-419c-8cbc-d7d36f9b451f,Aligned Reads,Sequencing Reads,miRNA-Seq
cdf9dfb2-0e55-428a-9638-ab913cf8228c,"[{'case_id': 'ecab16bc-28d5-4c3a-8735-3c785bd047c4', 'submitter_id': 'TCGA-BH-A1FB'}]",a1d39cbf-1713-45c7-a4e8-665c8d148f21.methylation_array.sesame.level3betas.txt,cdf9dfb2-0e55-428a-9638-ab913cf8228c,Methylation Beta Value,DNA Methylation,Methylation Array
ae770479-2d09-4a27-867f-6bf115acae4f,"[{'case_id': '3b7b9c1e-a84c-47ed-983c-9e4b00cbf01a', 'submitter_id': 'TCGA-A7-A26F'}]",nationwidechildrens.org_omf.TCGA-A7-A26F.xml,ae770479-2d09-4a27-867f-6bf115acae4f,Clinical Supplement,Clinical,
86ea715b-01f9-4ff2-9d5f-b5e6b90d3f96,"[{'case_id': 'ecab16bc-28d5-4c3a-8735-3c785bd047c4', 'submitter_id': 'TCGA-BH-A1FB'}]",TCGA-BRCA.ed5f14b2-ffc0-4eb6-bbb0-576c2c102128.gene_level_copy_number.v36.tsv,86ea715b-01f9-4ff2-9d5f-b5e6b90d3f96,Gene Level Copy Number,Copy Number Variation,Genotyping Array
261b282f-7770-476b-aee5-1169a49f518a,"[{'case_id': '14b95463-2108-4921-afc2-e29eef52b18f', 'submitter_id': 'TCGA-A2-A0YT'}]",TCGA-BRCA.01882668-4ac9-45ce-869e-b40c34a057c5.arriba.rna_fusion.bedpe,261b282f-7770-476b-aee5-1169a49f518a,Transcript Fusion,Structural Variation,RNA-Seq
03908212-af0c-40b6-adc6-3467d6432e78,"[{'case_id': '3b7b9c1e-a84c-47ed-983c-9e4b00cbf01a', 'submitter_id': 'TCGA-A7-A26F'}]",EXINE_p_TCGA_b142_SNP_N_GenomeWideSNP_6_B02_802422.birdseed.data.txt,03908212-af0c-40b6-adc6-3467d6432e78,Simple Germline Variation,Simple Nucleotide Variation,Genotyping Array
aa1c66b8-b392-4101-81bc-f296d88716a7,"[{'case_id': 'ecab16bc-28d5-4c3a-8735-3c785bd047c4', 'submitter_id': 'TCGA-BH-A1FB'}]",d51a49e3-be6a-4bf3-b06c-e5553a1b9756.mirbase21.isoforms.quantification.txt,aa1c66b8-b392-4101-81bc-f296d88716a7,Isoform Expression Quantification,Transcriptome Profiling,miRNA-Seq
3b7235f4-f7c4-4830-b9f2-f058c8e0eb6b,"[{'case_id': '3b7b9c1e-a84c-47ed-983c-9e4b00cbf01a', 'submitter_id': 'TCGA-A7-A26F'}]",TCGA_BRCA.43c3a34a-7e99-4737-9cdd-3de063c5410c.wgs.VarScan2.somatic_annotation.vcf.gz,3b7235f4-f7c4-4830-b9f2-f058c8e0eb6b,Annotated Somatic Mutation,Simple Nucleotide Variation,WGS
108c7044-ba66-47a9-b251-a6d448afd5dd,"[{'case_id': 'ecab16bc-28d5-4c3a-8735-3c785bd047c4', 'submitter_id': 'TCGA-BH-A1FB'}]",nationwidechildrens.org_biospecimen.TCGA-BH-A1FB.xml,108c7044-ba66-47a9-b251-a6d448afd5dd,Biospecimen Supplement,Biospecimen,
c2903ed8-e409-44f3-b622-21b95d38eef2,"[{'case_id': '3b7b9c1e-a84c-47ed-983c-9e4b00cbf01a', 'submitter_id': 'TCGA-A7-A26F'}]",c86ad4a0-3098-4bf2-965b-1718f9f47fdc.wxs.Pindel.aliquot.maf.gz,c2903ed8-e409-44f3-b622-21b95d38eef2,Annotated Somatic Mutation,Simple Nucleotide Variation,WXS
cdcbc7b5-5df0-41ac-92cb-e0cc3ec75bde,"[{'case_id': 'ecab16bc-28d5-4c3a-8735-3c785bd047c4', 'submitter_id': 'TCGA-BH-A1FB'}]",nationwidechildrens.org_clinical.TCGA-BH-A1FB.xml,cdcbc7b5-5df0-41ac-92cb-e0cc3ec75bde,Clinical Supplement,Clinical,
364cb1bc-f88d-4e8d-9422-f391a540f856,"[{'case_id': '3b7b9c1e-a84c-47ed-983c-9e4b00cbf01a', 'submitter_id': 'TCGA-A7-A26F'}]",TCGA-BRCA.2d32a4ba-d5da-4f17-915c-ac1c1bceac01.ascat2.allelic_specific.seg.txt,364cb1bc-f88d-4e8d-9422-f391a540f856,Allele-specific Copy Number Segment,Copy Number Variation,Genotyping Array
e4f49b9c-faed-4f15-a79c-79664e2c03b6,"[{'case_id': 'ecab16bc-28d5-4c3a-8735-3c785bd047c4', 'submitter_id': 'TCGA-BH-A1FB'}]",61a614bb-2249-4611-8aac-1a8e53d4467b.rna_seq.augmented_star_gene_counts.tsv,e4f49b9c-faed-4f15-a79c-79664e2c03b6,Gene Expression Quantification,Transcriptome Profiling,RNA-Seq
4404aea3-77fa-4713-8c9d-8b1f2ee51e3c,"[{'case_id': 'ecab16bc-28d5-4c3a-8735-3c785bd047c4', 'submitter_id': 'TCGA-BH-A1FB'}]",nationwidechildrens.org_ssf.TCGA-BH-A1FB.xml,4404aea3-77fa-4713-8c9d-8b1f2ee51e3c,Biospecimen Supplement,Biospecimen,
149b54cd-9d64-4011-86aa-b966866b8e0e,"[{'case_id': '14b95463-2108-4921-afc2-e29eef52b18f', 'submitter_id': 'TCGA-A2-A0YT'}]",f72da140-1607-4609-a6bf-ebe538667a8c.rna_seq.genomic.gdc_realn.bam,149b54cd-9d64-4011-86aa-b966866b8e0e,Aligned Reads,Sequencing Reads,RNA-Seq
440cf615-c7ce-49aa-8f09-e44ffea1f772,"[{'case_id': '14b95463-2108-4921-afc2-e29eef52b18f', 'submitter_id': 'TCGA-A2-A0YT'}]",f72da140-1607-4609-a6bf-ebe538667a8c.rna_seq.chimeric.gdc_realn.bam,440cf615-c7ce-49aa-8f09-e44ffea1f772,Aligned Reads,Sequencing Reads,RNA-Seq
9c8bcd33-3ceb-4beb-9b79-5afb54d3e92d,"[{'case_id': 'ecab16bc-28d5-4c3a-8735-3c785bd047c4', 'submitter_id': 'TCGA-BH-A1FB'}]",RANDS_p_TCGA_b109_SNP_1N_GenomeWideSNP_6_E02_771870.CEL,9c8bcd33-3ceb-4beb-9b79-5afb54d3e92d,Raw Intensities,Copy Number Variation,Genotyping Array
b87fb4ae-170b-483e-8236-caf69d91a102,"[{'case_id': '3b7b9c1e-a84c-47ed-983c-9e4b00cbf01a', 'submitter_id': 'TCGA-A7-A26F'}]",TCGA-BRCA.2d32a4ba-d5da-4f17-915c-ac1c1bceac01.gene_level_copy_number.v36.tsv,b87fb4ae-170b-483e-8236-caf69d91a102,Gene Level Copy Number,Copy Number Variation,Genotyping Array
0588a7a4-ec5e-419b-a195-990b0f3baab5,"[{'case_id': '14b95463-2108-4921-afc2-e29eef52b18f', 'submitter_id': 'TCGA-A2-A0YT'}]",SHUCK_p_TCGAb74and75_SNP_N_GenomeWideSNP_6_G12_731086.nocnv_grch38.seg.v2.txt,0588a7a4-ec5e-419b-a195-990b0f3baab5,Masked Copy Number Segment,Copy Number Variation,Genotyping Array
035b546d-666b-401b-b84f-510c0b02ebe6,"[{'case_id': '14b95463-2108-4921-afc2-e29eef52b18f', 'submitter_id': 'TCGA-A2-A0YT'}]",d3d5d0cf-2dd1-4301-8d79-ff4e684f1cff.svaba.somatic.sv.vcf.gz,035b546d-666b-401b-b84f-510c0b02ebe6,Structural Rearrangement,Somatic Structural Variation,WGS
c90671f4-3df3-4c26-a942-1a64edce0815,"[{'case_id': '14b95463-2108-4921-afc2-e29eef52b18f', 'submitter_id': 'TCGA-A2-A0YT'}]",TCGA-BRCA.2e4b0da2-4d99-4925-a439-01c381cbfcf1.wgs.tumor_normal.gatk4_mutect2.raw_somatic_mutation.vcf.gz,c90671f4-3df3-4c26-a942-1a64edce0815,Raw Simple Somatic Mutation,Simple Nucleotide Variation,WGS
2bf35c3c-546c-4798-8fbd-a3730bad59c7,"[{'case_id': 'ecab16bc-28d5-4c3a-8735-3c785bd047c4', 'submitter_id': 'TCGA-BH-A1FB'}]",TCGA-BRCA.f20b238a-d6c7-4641-bf64-405e8c878ee2.arriba.rna_fusion.bedpe,2bf35c3c-546c-4798-8fbd-a3730bad59c7,Transcript Fusion,Structural Variation,RNA-Seq
ced06651-dbf0-4c20-a303-29fc643735bb,"[{'case_id': '3b7b9c1e-a84c-47ed-983c-9e4b00cbf01a', 'submitter_id': 'TCGA-A7-A26F'}]",7050a8f4-f7f5-41ba-9bda-942d369cf317.rna_seq.star_splice_junctions.tsv.gz,ced06651-dbf0-4c20-a303-29fc643735bb,Splice Junction Quantification,Transcriptome Profiling,RNA-Seq
64b96db3-ff6f-4b50-afb6-f04fb4488d1c,"[{'case_id': '14b95463-2108-4921-afc2-e29eef52b18f', 'submitter_id': 'TCGA-A2-A0YT'}]",03849fc3-5610-4354-9ad4-31ca4ac3e02b.wxs.MuTect2.aliquot.maf.gz,64b96db3-ff6f-4b50-afb6-f04fb4488d1c,Annotated Somatic Mutation,Simple Nucleotide Variation,WXS
38f21f70-8447-40f4-8578-c61794f936d8,"[{'case_id': '3b7b9c1e-a84c-47ed-983c-9e4b00cbf01a', 'submitter_id': 'TCGA-A7-A26F'}]",cdd788f5-6764-4643-aa74-2b5894c23105.wxs.muse.raw_somatic_mutation.vcf.gz,38f21f70-8447-40f4-8578-c61794f936d8,Raw Simple Somatic Mutation,Simple Nucleotide Variation,WXS
58812bb5-3487-41af-8d15-620ed0064825,"[{'case_id': 'ecab16bc-28d5-4c3a-8735-3c785bd047c4', 'submitter_id': 'TCGA-BH-A1FB'}]",TCGA-BRCA.ed5f14b2-ffc0-4eb6-bbb0-576c2c102128.ascat2.allelic_specific.seg.txt,58812bb5-3487-41af-8d15-620ed0064825,Allele-specific Copy Number Segment,Copy Number Variation,Genotyping Array
e98e4d50-91b1-4125-a212-a41752fbfa70,"[{'case_id': '14b95463-2108-4921-afc2-e29eef52b18f', 'submitter_id': 'TCGA-A2-A0YT'}]",SHUCK_p_TCGAb74and75_SNP_N_GenomeWideSNP_6_G11_731040.grch38.seg.v2.txt,e98e4d50-91b1-4125-a212-a41752fbfa70,Copy Number Segment,Copy Number Variation,Genotyping Array
0b43f93f-81a3-4aee-9cfd-ecee734f4ce3,"[{'case_id': 'ecab16bc-28d5-4c3a-8735-3c785bd047c4', 'submitter_id': 'TCGA-BH-A1FB'}]",39a75bde-24a0-4d26-8377-df045423f786.rna_seq.chimeric.gdc_realn.bam,0b43f93f-81a3-4aee-9cfd-ecee734f4ce3,Aligned Reads,Sequencing Reads,RNA-Seq
a899984e-5b41-4b42-9f42-c7f2e17676ad,"[{'case_id': '14b95463-2108-4921-afc2-e29eef52b18f', 'submitter_id': 'TCGA-A2-A0YT'}]",cfc765bf-a039-468e-85b8-0fb3d503447d.wgs.BRASS.rerun_structural_variation.bedpe,a899984e-5b41-4b42-9f42-c7f2e17676ad,Structural Rearrangement,Somatic Structural Variation,WGS
bdfd6a0a-cef6-460d-a0d6-b2da3204617f,"[{'case_id': 'ecab16bc-28d5-4c3a-8735-3c785bd047c4', 'submitter_id': 'TCGA-BH-A1FB'}]",RANDS_p_TCGA_b109_SNP_1N_GenomeWideSNP_6_E02_771870.birdseed.data.txt,bdfd6a0a-cef6-460d-a0d6-b2da3204617f,Simple Germline Variation,Simple Nucleotide Variation,Genotyping Array
73dd158a-6c22-4f72-b8c6-52b8da072c96,"[{'case_id': 'ecab16bc-28d5-4c3a-8735-3c785bd047c4', 'submitter_id': 'TCGA-BH-A1FB'}]",RANDS_p_TCGA_b109_SNP_1N_GenomeWideSNP_6_B11_771970.birdseed.data.txt,73dd158a-6c22-4f72-b8c6-52b8da072c96,Simple Germline Variation,Simple Nucleotide Variation,Genotyping Array
ba7c9ae6-bb71-4bb4-8f3d-f2041f62896f,"[{'case_id': 'b6c286c6-2755-419b-87d3-59c7feda9653', 'submitter_id': 'TCGA-C8-A138'}]",7c52a1aa-a0a5-4c5b-bec8-42da4906015f.mirbase21.isoforms.quantification.txt,ba7c9ae6-bb71-4bb4-8f3d-f2041f62896f,Isoform Expression Quantification,Transcriptome Profiling,miRNA-Seq
2747cd4b-fa48-49c8-9c5d-49d761506a45,"[{'case_id': '14b95463-2108-4921-afc2-e29eef52b18f', 'submitter_id': 'TCGA-A2-A0YT'}]",fc794715-3316-4880-806c-df5c1917a3ae.wxs.pindel.raw_somatic_mutation.vcf.gz,2747cd4b-fa48-49c8-9c5d-49d761506a45,Raw Simple Somatic Mutation,Simple Nucleotide Variation,WXS
c784bd25-d026-43c1-98bd-c59762191e24,"[{'case_id': 'b6c286c6-2755-419b-87d3-59c7feda9653', 'submitter_id': 'TCGA-C8-A138'}]",TCGA-BRCA.d8e8db6d-4f38-4ef6-a77a-d3ea769cc78f.ascat2.allelic_specific.seg.txt,c784bd25-d026-43c1-98bd-c59762191e24,Allele-specific Copy Number Segment,Copy Number Variation,Genotyping Array
120825af-bf74-4e6a-8de0-840eeebbb1eb,"[{'case_id': 'b6c286c6-2755-419b-87d3-59c7feda9653', 'submitter_id': 'TCGA-C8-A138'}]",TCGA_BRCA.1113bd57-9739-413d-8d66-5f4dc42f1d76.wxs.MuTect2.somatic_annotation.vcf.gz,120825af-bf74-4e6a-8de0-840eeebbb1eb,Annotated Somatic Mutation,Simple Nucleotide Variation,WXS
4396ebe9-40ad-49ff-a3ae-2eaf243d2491,"[{'case_id': '14b95463-2108-4921-afc2-e29eef52b18f', 'submitter_id': 'TCGA-A2-A0YT'}]",TCGA-BRCA.47c7c1ee-9faa-4b29-9d48-5311a0d442fe.wgs.varscan2.raw_somatic_mutation.vcf.gz,4396ebe9-40ad-49ff-a3ae-2eaf243d2491,Raw Simple Somatic Mutation,Simple Nucleotide Variation,WGS
e13d31b3-7f24-49eb-aad9-ae462649e7d1,"[{'case_id': 'b6c286c6-2755-419b-87d3-59c7feda9653', 'submitter_id': 'TCGA-C8-A138'}]",TCGA_BRCA.c7db8c61-f99a-4643-9d9c-7026efb2f767.wxs.VarScan2.somatic_annotation.vcf.gz,e13d31b3-7f24-49eb-aad9-ae462649e7d1,Annotated Somatic Mutation,Simple Nucleotide Variation,WXS
c75f8b26-c422-4162-8871-6018012658f5,"[{'case_id': '14b95463-2108-4921-afc2-e29eef52b18f', 'submitter_id': 'TCGA-A2-A0YT'}]",55f24182-1258-476c-aaa9-b9e5f552f4dc.wgs.sanger_raw_pindel.raw_somatic_mutation.vcf.gz,c75f8b26-c422-4162-8871-6018012658f5,Raw Simple Somatic Mutation,Simple Nucleotide Variation,WGS
7433646c-92de-450d-8dbb-9bdb029ae1e0,"[{'case_id': '14b95463-2108-4921-afc2-e29eef52b18f', 'submitter_id': 'TCGA-A2-A0YT'}]",710fcec2-92a3-498e-88aa-87b2c547a036.mirbase21.mirnas.quantification.txt,7433646c-92de-450d-8dbb-9bdb029ae1e0,miRNA Expression Quantification,Transcriptome Profiling,miRNA-Seq
7385ef60-96ac-48e8-a557-89bbd3a242c9,"[{'case_id': '14b95463-2108-4921-afc2-e29eef52b18f', 'submitter_id': 'TCGA-A2-A0YT'}]",992e7126-3bf6-48c6-ad0a-5bcc06eb4f72.wxs.muse.raw_somatic_mutation.vcf.gz,7385ef60-96ac-48e8-a557-89bbd3a242c9,Raw Simple Somatic Mutation,Simple Nucleotide Variation,WXS
95059d68-e072-4cb8-bd6e-5798e1c673af,"[{'case_id': '14b95463-2108-4921-afc2-e29eef52b18f', 'submitter_id': 'TCGA-A2-A0YT'}]",TCGA-BRCA.0b6fed27-b3fc-4078-a9d3-e766d718c19b.ascat3.allelic_specific.seg.txt,95059d68-e072-4cb8-bd6e-5798e1c673af,Allele-specific Copy Number Segment,Copy Number Variation,Genotyping Array
f6251c70-30ac-4c03-8427-e88ab74e34c7,"[{'case_id': 'ecab16bc-28d5-4c3a-8735-3c785bd047c4', 'submitter_id': 'TCGA-BH-A1FB'}]",a1d39cbf-1713-45c7-a4e8-665c8d148f21_noid_Red.idat,f6251c70-30ac-4c03-8427-e88ab74e34c7,Masked Intensities,DNA Methylation,Methylation Array
4338a63c-91f9-41f0-b7ef-edc5d50dff04,"[{'case_id': '14b95463-2108-4921-afc2-e29eef52b18f', 'submitter_id': 'TCGA-A2-A0YT'}]",55f24182-1258-476c-aaa9-b9e5f552f4dc.wgs.BRASS.raw_structural_variation.vcf.gz,4338a63c-91f9-41f0-b7ef-edc5d50dff04,Structural Rearrangement,Somatic Structural Variation,WGS
efecf486-3281-4e8e-9965-ec9038b8f0a8,"[{'case_id': 'b6c286c6-2755-419b-87d3-59c7feda9653', 'submitter_id': 'TCGA-C8-A138'}]",512b071d-c606-4dd9-b9bd-fe151a0ab2ae.somatic.SV.bedpe,efecf486-3281-4e8e-9965-ec9038b8f0a8,Structural Rearrangement,Somatic Structural Variation,WGS
905530e5-1a60-4677-a1cb-7d29027ea6bf,"[{'case_id': 'b6c286c6-2755-419b-87d3-59c7feda9653', 'submitter_id': 'TCGA-C8-A138'}]",ea05ce93-8287-44e4-a1a9-ae4c5f99ce12.wxs.mutect2.raw_somatic_mutation.vcf.gz,905530e5-1a60-4677-a1cb-7d29027ea6bf,Raw Simple Somatic Mutation,Simple Nucleotide Variation,WXS
02ff61cc-b1c2-4869-afb3-6b8b0112e972,"[{'case_id': '14b95463-2108-4921-afc2-e29eef52b18f', 'submitter_id': 'TCGA-A2-A0YT'}]",TCGA-BRCA.0b6fed27-b3fc-4078-a9d3-e766d718c19b.absolute_liftover.gene_level_copy_number.v36.tsv,02ff61cc-b1c2-4869-afb3-6b8b0112e972,Gene Level Copy Number,Copy Number Variation,Genotyping Array
6fc00f84-33d1-4fe9-900d-177df1eb37ce,"[{'case_id': 'b6c286c6-2755-419b-87d3-59c7feda9653', 'submitter_id': 'TCGA-C8-A138'}]",cf916639-936d-48b3-8a12-377e1ed37121.wgs.gatk4.copy_number_variation.supplementary.tar.gz,6fc00f84-33d1-4fe9-900d-177df1eb37ce,Intermediate Analysis Archive,Copy Number Variation,WGS
1959cc5e-bdef-4147-ac7a-3c42c0c1189c,"[{'case_id': 'a412b374-4d25-491f-b76f-ddaa989acf59', 'submitter_id': 'TCGA-E9-A5UP'}]",TCGA-BRCA.7126af4a-9508-4aa5-b1d4-579c60aed08c.arriba.rna_fusion.tsv,1959cc5e-bdef-4147-ac7a-3c42c0c1189c,Transcript Fusion,Structural Variation,RNA-Seq
562d8f16-2b7c-4b62-be24-eb5465313cb0,"[{'case_id': 'b6c286c6-2755-419b-87d3-59c7feda9653', 'submitter_id': 'TCGA-C8-A138'}]",GHOUL_p_TCGASNP_b85and51R_N_GenomeWideSNP_6_A03_735276.CEL,562d8f16-2b7c-4b62-be24-eb5465313cb0,Raw Intensities,Copy Number Variation,Genotyping Array
57e8bb93-05b3-4a9a-8dd3-3b12d03b3a53,"[{'case_id': 'a412b374-4d25-491f-b76f-ddaa989acf59', 'submitter_id': 'TCGA-E9-A5UP'}]",6ae1f7c2-5f42-4c90-b6ea-8be64f7cd88d.wxs.mutect2.raw_somatic_mutation.vcf.gz,57e8bb93-05b3-4a9a-8dd3-3b12d03b3a53,Raw Simple Somatic Mutation,Simple Nucleotide Variation,WXS
109467a9-0275-46f3-9a8f-46d2b94d2882,"[{'case_id': 'a412b374-4d25-491f-b76f-ddaa989acf59', 'submitter_id': 'TCGA-E9-A5UP'}]",nationwidechildrens.org_biospecimen.TCGA-E9-A5UP.xml,109467a9-0275-46f3-9a8f-46d2b94d2882,Biospecimen Supplement,Biospecimen,
89e8f928-0399-4876-a1ee-c7fa567526c0,"[{'case_id': '14b95463-2108-4921-afc2-e29eef52b18f', 'submitter_id': 'TCGA-A2-A0YT'}]",e0826275-3226-49b8-b5e6-9f1ff479bbf8.wgs.gatk4.copy_number_variation.supplementary.tar.gz,89e8f928-0399-4876-a1ee-c7fa567526c0,Intermediate Analysis Archive,Copy Number Variation,WGS
23600ff4-d4bf-4cf0-b959-69bb56aa7dbc,"[{'case_id': 'a412b374-4d25-491f-b76f-ddaa989acf59', 'submitter_id': 'TCGA-E9-A5UP'}]",nationwidechildrens.org_clinical.TCGA-E9-A5UP.xml,23600ff4-d4bf-4cf0-b959-69bb56aa7dbc,Clinical Supplement,Clinical,
6baa1034-0a3a-4f23-b328-bd18c07275f8,"[{'case_id': 'a412b374-4d25-491f-b76f-ddaa989acf59', 'submitter_id': 'TCGA-E9-A5UP'}]",8dc201bf-b152-458f-86ee-347744a1b9bd.rna_seq.star_splice_junctions.tsv.gz,6baa1034-0a3a-4f23-b328-bd18c07275f8,Splice Junction Quantification,Transcriptome Profiling,RNA-Seq
ca488bab-d4be-41fb-affe-6c4d59e17e54,"[{'case_id': 'b6c286c6-2755-419b-87d3-59c7feda9653', 'submitter_id': 'TCGA-C8-A138'}]",1ea4e393-884d-4666-8f09-8ef69ed951da.wxs.VarScan2.aliquot.maf.gz,ca488bab-d4be-41fb-affe-6c4d59e17e54,Annotated Somatic Mutation,Simple Nucleotide Variation,WXS
c23e8b53-0b27-417e-9996-7f6d881c5f3d,"[{'case_id': 'a412b374-4d25-491f-b76f-ddaa989acf59', 'submitter_id': 'TCGA-E9-A5UP'}]",TCGA-BRCA.4bc204b6-5ec6-4786-9504-209305c82371.gene_level_copy_number.v36.tsv,c23e8b53-0b27-417e-9996-7f6d881c5f3d,Gene Level Copy Number,Copy Number Variation,Genotyping Array
d303c198-3460-4f4f-8ab6-69613feab4ad,"[{'case_id': 'b6c286c6-2755-419b-87d3-59c7feda9653', 'submitter_id': 'TCGA-C8-A138'}]",GHOUL_p_TCGASNP_b85and51R_N_GenomeWideSNP_6_A03_735276.nocnv_grch38.seg.v2.txt,d303c198-3460-4f4f-8ab6-69613feab4ad,Masked Copy Number Segment,Copy Number Variation,Genotyping Array
520b3cb4-2ab7-464d-9fdf-577c3d744f4f,"[{'case_id': 'a412b374-4d25-491f-b76f-ddaa989acf59', 'submitter_id': 'TCGA-E9-A5UP'}]",ff95f82f-6819-4ce2-a8f4-819abc2b59c5.wxs.MuTect2.aliquot.maf.gz,520b3cb4-2ab7-464d-9fdf-577c3d744f4f,Annotated Somatic Mutation,Simple Nucleotide Variation,WXS
861455e5-8132-4504-9ea3-59d1b7d33d3e,"[{'case_id': '14b95463-2108-4921-afc2-e29eef52b18f', 'submitter_id': 'TCGA-A2-A0YT'}]",d3d5d0cf-2dd1-4301-8d79-ff4e684f1cff.somatic.SV.bedpe,861455e5-8132-4504-9ea3-59d1b7d33d3e,Structural Rearrangement,Structural Variation,WGS
abaf357d-6248-4704-bd13-b991e1260387,"[{'case_id': 'b6c286c6-2755-419b-87d3-59c7feda9653', 'submitter_id': 'TCGA-C8-A138'}]",TCGA-BRCA.78bffa17-0723-4ce8-a8e5-2ce7881d84b2.arriba.rna_fusion.bedpe,abaf357d-6248-4704-bd13-b991e1260387,Transcript Fusion,Structural Variation,RNA-Seq
9508ebe0-19ac-4dec-bff4-f75493b6b5a7,"[{'case_id': 'a412b374-4d25-491f-b76f-ddaa989acf59', 'submitter_id': 'TCGA-E9-A5UP'}]",TCGA_BRCA.851996ca-0d1d-4787-9b09-8daf16ee51ef.wxs.VarScan2.somatic_annotation.vcf.gz,9508ebe0-19ac-4dec-bff4-f75493b6b5a7,Annotated Somatic Mutation,Simple Nucleotide Variation,WXS
09c5d4e3-0b90-4ba8-8ee1-0f90427b7502,"[{'case_id': 'fa4e082a-d213-412e-8d91-842a6f4bef12', 'submitter_id': 'TCGA-BH-A0B6'}]",a1d5d127-be2e-4173-b07e-539e0314fd33_noid_Grn.idat,09c5d4e3-0b90-4ba8-8ee1-0f90427b7502,Masked Intensities,DNA Methylation,Methylation Array
5a352144-bdf5-493c-be0f-189a5c0fb3d4,"[{'case_id': '6f6e7356-3521-4674-8eec-ad01340d4b8e', 'submitter_id': 'TCGA-D8-A27G'}]",WRIED_p_TCGA_143_147_150_Hahn_N_GenomeWideSNP_6_G10_799898.birdseed.data.txt,5a352144-bdf5-493c-be0f-189a5c0fb3d4,Simple Germline Variation,Simple Nucleotide Variation,Genotyping Array
b3eb4a95-3ade-4145-a36d-9a07ae70c383,"[{'case_id': 'fa4e082a-d213-412e-8d91-842a6f4bef12', 'submitter_id': 'TCGA-BH-A0B6'}]",b0b0af7b-18e5-42df-a862-f45fb482f668.wxs.aliquot_ensemble_raw.maf.gz,b3eb4a95-3ade-4145-a36d-9a07ae70c383,Aggregated Somatic Mutation,Simple Nucleotide Variation,WXS
cd004514-77a3-4d42-a144-095778a645db,"[{'case_id': '6f6e7356-3521-4674-8eec-ad01340d4b8e', 'submitter_id': 'TCGA-D8-A27G'}]",e44d9da0-9d03-4687-8db3-3d2def63b029.wxs.pindel.raw_somatic_mutation.vcf.gz,cd004514-77a3-4d42-a144-095778a645db,Raw Simple Somatic Mutation,Simple Nucleotide Variation,WXS
81801e72-d293-42e0-8871-5468e33b6d89,"[{'case_id': 'fa4e082a-d213-412e-8d91-842a6f4bef12', 'submitter_id': 'TCGA-BH-A0B6'}]",08ccd8d6-3e9d-4ece-a421-98acaf272569.rna_seq.augmented_star_gene_counts.tsv,81801e72-d293-42e0-8871-5468e33b6d89,Gene Expression Quantification,Transcriptome Profiling,RNA-Seq
c4edb4b1-382a-4f5a-a2cc-9844c91bdc4a,"[{'case_id': '6f6e7356-3521-4674-8eec-ad01340d4b8e', 'submitter_id': 'TCGA-D8-A27G'}]",TCGA-BRCA.38f3fe40-a4aa-4f30-94a1-91e54c11c99b.ascat3.gene_level_copy_number.v36.tsv,c4edb4b1-382a-4f5a-a2cc-9844c91bdc4a,Gene Level Copy Number,Copy Number Variation,Genotyping Array
11460e65-6b11-4839-b193-8cb1ed8636b9,"[{'case_id': '6f6e7356-3521-4674-8eec-ad01340d4b8e', 'submitter_id': 'TCGA-D8-A27G'}]",TCGA-D8-A27G-01A-11D-A89A-36.WholeGenome.RP-1657.cr.igv.reheader.seg.txt,11460e65-6b11-4839-b193-8cb1ed8636b9,Copy Number Segment,Copy Number Variation,WGS
b94406ad-c10d-47ea-a40e-ac4190a7fc84,"[{'case_id': 'b6c286c6-2755-419b-87d3-59c7feda9653', 'submitter_id': 'TCGA-C8-A138'}]",TCGA_BRCA.6deca4a9-5fa1-4bf0-bc09-05c7c581854e.wgs.GATK4_MuTect2_Pair.somatic_annotation.vcf.gz,b94406ad-c10d-47ea-a40e-ac4190a7fc84,Annotated Somatic Mutation,Simple Nucleotide Variation,WGS
aa959027-2941-44cd-98f8-2f8e937ad9f5,"[{'case_id': '6f6e7356-3521-4674-8eec-ad01340d4b8e', 'submitter_id': 'TCGA-D8-A27G'}]",129e05cb-ce37-4b41-9efa-2b55f17d845a.somatic.SV.bedpe,aa959027-2941-44cd-98f8-2f8e937ad9f5,Structural Rearrangement,Structural Variation,WGS
3af873f5-15e1-4605-b295-a5d29fc46835,"[{'case_id': 'fa4e082a-d213-412e-8d91-842a6f4bef12', 'submitter_id': 'TCGA-BH-A0B6'}]",nationwidechildrens.org_clinical.TCGA-BH-A0B6.xml,3af873f5-15e1-4605-b295-a5d29fc46835,Clinical Supplement,Clinical,
6c6fa0d7-dfed-484c-80ab-d921df263a00,"[{'case_id': 'b6c286c6-2755-419b-87d3-59c7feda9653', 'submitter_id': 'TCGA-C8-A138'}]",GHOUL_p_TCGASNP_b85and51R_N_GenomeWideSNP_6_F11_735312.birdseed.data.txt,6c6fa0d7-dfed-484c-80ab-d921df263a00,Simple Germline Variation,Simple Nucleotide Variation,Genotyping Array
817e7010-c5c7-489d-93b3-d5e8fa6a6025,"[{'case_id': 'b6c286c6-2755-419b-87d3-59c7feda9653', 'submitter_id': 'TCGA-C8-A138'}]",TCGA-C8-A138-01A-11D-A894-36.WholeGenome.RP-1657.cr.igv.reheader.seg.txt,817e7010-c5c7-489d-93b3-d5e8fa6a6025,Copy Number Segment,Copy Number Variation,WGS
19f6f994-b63f-4405-9855-9134dc5e487e,"[{'case_id': '6f6e7356-3521-4674-8eec-ad01340d4b8e', 'submitter_id': 'TCGA-D8-A27G'}]",f9c68e7b-13e7-4b2a-90c2-6187d3b02610.mirbase21.mirnas.quantification.txt,19f6f994-b63f-4405-9855-9134dc5e487e,miRNA Expression Quantification,Transcriptome Profiling,miRNA-Seq
0c280f35-b74b-4d00-ab03-9380437e6f59,"[{'case_id': 'a412b374-4d25-491f-b76f-ddaa989acf59', 'submitter_id': 'TCGA-E9-A5UP'}]",TCGA-BRCA.4bc204b6-5ec6-4786-9504-209305c82371.ascat3.gene_level_copy_number.v36.tsv,0c280f35-b74b-4d00-ab03-9380437e6f59,Gene Level Copy Number,Copy Number Variation,Genotyping Array
1a310dcc-336d-49b2-8f05-0a532ec5bc35,"[{'case_id': 'a412b374-4d25-491f-b76f-ddaa989acf59', 'submitter_id': 'TCGA-E9-A5UP'}]",DRIPS_p_TCGA_295_296_297_N_GenomeWideSNP_6_D02_1343828.grch38.seg.v2.txt,1a310dcc-336d-49b2-8f05-0a532ec5bc35,Copy Number Segment,Copy Number Variation,Genotyping Array
8b172c00-21bc-42b0-bafa-349e02543a87,"[{'case_id': '6f6e7356-3521-4674-8eec-ad01340d4b8e', 'submitter_id': 'TCGA-D8-A27G'}]",WRIED_p_TCGA_143_147_150_Hahn_N_GenomeWideSNP_6_G10_799898.CEL,8b172c00-21bc-42b0-bafa-349e02543a87,Raw Intensities,Copy Number Variation,Genotyping Array
a47e1e4d-6ef3-4ab8-9c10-2b13bd5a05a7,"[{'case_id': 'b6c286c6-2755-419b-87d3-59c7feda9653', 'submitter_id': 'TCGA-C8-A138'}]",GHOUL_p_TCGASNP_b85and51R_N_GenomeWideSNP_6_A03_735276.birdseed.data.txt,a47e1e4d-6ef3-4ab8-9c10-2b13bd5a05a7,Simple Germline Variation,Simple Nucleotide Variation,Genotyping Array
020cf3c4-b337-46db-b48f-7ab54abcf828,"[{'case_id': '6f6e7356-3521-4674-8eec-ad01340d4b8e', 'submitter_id': 'TCGA-D8-A27G'}]",c69fe72f-1125-4439-90a4-e4e7844e0f67.wxs.Pindel.aliquot.maf.gz,020cf3c4-b337-46db-b48f-7ab54abcf828,Annotated Somatic Mutation,Simple Nucleotide Variation,WXS
b8f6016a-b55b-42c5-8550-d51d1540e164,"[{'case_id': 'fa4e082a-d213-412e-8d91-842a6f4bef12', 'submitter_id': 'TCGA-BH-A0B6'}]",TCGA-BRCA.f220676a-9d31-475c-9fb5-57e4ce259346.arriba.rna_fusion.tsv,b8f6016a-b55b-42c5-8550-d51d1540e164,Transcript Fusion,Structural Variation,RNA-Seq
aef5d637-f2b7-4689-9b0d-1aa7399f0dd0,"[{'case_id': 'b6c286c6-2755-419b-87d3-59c7feda9653', 'submitter_id': 'TCGA-C8-A138'}]",ea05ce93-8287-44e4-a1a9-ae4c5f99ce12.wxs.muse.raw_somatic_mutation.vcf.gz,aef5d637-f2b7-4689-9b0d-1aa7399f0dd0,Raw Simple Somatic Mutation,Simple Nucleotide Variation,WXS
f7848e08-54b6-4b2c-902c-44d12f9066eb,"[{'case_id': 'fa4e082a-d213-412e-8d91-842a6f4bef12', 'submitter_id': 'TCGA-BH-A0B6'}]",08ccd8d6-3e9d-4ece-a421-98acaf272569.rna_seq.transcriptome.gdc_realn.bam,f7848e08-54b6-4b2c-902c-44d12f9066eb,Aligned Reads,Sequencing Reads,RNA-Seq
e0694da6-d677-440d-96ee-cd4f7f3108e0,"[{'case_id': '6f6e7356-3521-4674-8eec-ad01340d4b8e', 'submitter_id': 'TCGA-D8-A27G'}]",e864ca1a-4fed-49d6-8ed2-70ee2804f0d3.wxs.VarScan2.aliquot.maf.gz,e0694da6-d677-440d-96ee-cd4f7f3108e0,Annotated Somatic Mutation,Simple Nucleotide Variation,WXS
aa6e5287-c901-43de-be45-e5e41bf41e2f,"[{'case_id': 'a412b374-4d25-491f-b76f-ddaa989acf59', 'submitter_id': 'TCGA-E9-A5UP'}]",432312cc-b7c0-475b-b53a-d4172714a4fe.mirbase21.isoforms.quantification.txt,aa6e5287-c901-43de-be45-e5e41bf41e2f,Isoform Expression Quantification,Transcriptome Profiling,miRNA-Seq
1781629c-5226-4d64-a65b-81a86aa8b54f,"[{'case_id': '7e1673f8-5758-4963-8804-d5e39f06205b', 'submitter_id': 'TCGA-C8-A12V'}]",TCGA-BRCA.fd9cbf42-53dc-4fe6-aa80-3c4fb8e8cc87.wgs.tumor_normal.gatk4_mutect2.raw_somatic_mutation.vcf.gz,1781629c-5226-4d64-a65b-81a86aa8b54f,Raw Simple Somatic Mutation,Simple Nucleotide Variation,WGS
02380756-ed43-4ef1-9e5f-7fdb0e8ff4bf,"[{'case_id': 'fa4e082a-d213-412e-8d91-842a6f4bef12', 'submitter_id': 'TCGA-BH-A0B6'}]",TCGA_BRCA.1080adf1-2137-452c-b382-e462fb0d73ad.wgs.VarScan2.somatic_annotation.vcf.gz,02380756-ed43-4ef1-9e5f-7fdb0e8ff4bf,Annotated Somatic Mutation,Simple Nucleotide Variation,WGS
1b8a155e-aac8-4145-8f36-2036905967be,"[{'case_id': '6f6e7356-3521-4674-8eec-ad01340d4b8e', 'submitter_id': 'TCGA-D8-A27G'}]",TCGA_BRCA.54e3530a-491f-42e2-8084-a93d095d274b.wxs.Pindel.somatic_annotation.vcf.gz,1b8a155e-aac8-4145-8f36-2036905967be,Annotated Somatic Mutation,Simple Nucleotide Variation,WXS
2a94e4bd-f425-4e89-953b-8eeee3f8e025,"[{'case_id': '6f6e7356-3521-4674-8eec-ad01340d4b8e', 'submitter_id': 'TCGA-D8-A27G'}]",TCGA-BRCA.b9b5dd79-8813-4fb2-89cc-60bd86a68544.arriba.rna_fusion.bedpe,2a94e4bd-f425-4e89-953b-8eeee3f8e025,Transcript Fusion,Structural Variation,RNA-Seq
552a6843-6f2b-4add-bad1-e03a6df82b45,"[{'case_id': 'fa4e082a-d213-412e-8d91-842a6f4bef12', 'submitter_id': 'TCGA-BH-A0B6'}]",4d7a0069-7868-4a3b-ae81-2f733c18fe77.wxs.muse.raw_somatic_mutation.vcf.gz,552a6843-6f2b-4add-bad1-e03a6df82b45,Raw Simple Somatic Mutation,Simple Nucleotide Variation,WXS
b72c63f3-2884-4af1-a2cb-adbc63f87442,"[{'case_id': 'a412b374-4d25-491f-b76f-ddaa989acf59', 'submitter_id': 'TCGA-E9-A5UP'}]",DRIPS_p_TCGA_295_296_297_N_GenomeWideSNP_6_F12_1343816.nocnv_grch38.seg.v2.txt,b72c63f3-2884-4af1-a2cb-adbc63f87442,Masked Copy Number Segment,Copy Number Variation,Genotyping Array
11025f20-e1af-43ad-80a5-4a6b4ab3392e,"[{'case_id': '6f6e7356-3521-4674-8eec-ad01340d4b8e', 'submitter_id': 'TCGA-D8-A27G'}]",nationwidechildrens.org_ssf.TCGA-D8-A27G.xml,11025f20-e1af-43ad-80a5-4a6b4ab3392e,Biospecimen Supplement,Biospecimen,
0719bbe5-b331-4f9e-a715-1d903825d8b7,"[{'case_id': '6f6e7356-3521-4674-8eec-ad01340d4b8e', 'submitter_id': 'TCGA-D8-A27G'}]",TCGA-BRCA.22950dcf-0e27-4cd3-8153-61ebd5714001.star_fusion.rna_fusion.tsv,0719bbe5-b331-4f9e-a715-1d903825d8b7,Transcript Fusion,Structural Variation,RNA-Seq
ab45ed15-6560-4430-8fe7-00c74515124e,"[{'case_id': '6f6e7356-3521-4674-8eec-ad01340d4b8e', 'submitter_id': 'TCGA-D8-A27G'}]",0ba03a16-3c4f-4118-91aa-53d4a7c00d38.rna_seq.star_splice_junctions.tsv.gz,ab45ed15-6560-4430-8fe7-00c74515124e,Splice Junction Quantification,Transcriptome Profiling,RNA-Seq
9840d129-d161-43ba-a2b3-268ce04d901f,"[{'case_id': '6f6e7356-3521-4674-8eec-ad01340d4b8e', 'submitter_id': 'TCGA-D8-A27G'}]",c7d4412c-9a67-4c65-9c8e-4563cb65c62b.somatic.SV.bedpe,9840d129-d161-43ba-a2b3-268ce04d901f,Structural Rearrangement,Somatic Structural Variation,WGS
b2216304-365a-477b-831c-41e13dff2657,"[{'case_id': 'fa4e082a-d213-412e-8d91-842a6f4bef12', 'submitter_id': 'TCGA-BH-A0B6'}]",NULLS_p_TCGA_183_185_186_SNP_N_GenomeWideSNP_6_H10_914212.grch38.seg.v2.txt,b2216304-365a-477b-831c-41e13dff2657,Copy Number Segment,Copy Number Variation,Genotyping Array
c07923da-6880-44f9-b200-935ffacee64d,"[{'case_id': 'a412b374-4d25-491f-b76f-ddaa989acf59', 'submitter_id': 'TCGA-E9-A5UP'}]",TCGA-BRCA.43a0a95b-6041-4b4e-bcf4-407d5d6849be.star_fusion.rna_fusion.tsv,c07923da-6880-44f9-b200-935ffacee64d,Transcript Fusion,Structural Variation,RNA-Seq
586db80b-3d20-4340-aaf0-cfa4ef9e9a04,"[{'case_id': 'fa4e082a-d213-412e-8d91-842a6f4bef12', 'submitter_id': 'TCGA-BH-A0B6'}]",08ccd8d6-3e9d-4ece-a421-98acaf272569.rna_seq.star_splice_junctions.tsv.gz,586db80b-3d20-4340-aaf0-cfa4ef9e9a04,Splice Junction Quantification,Transcriptome Profiling,RNA-Seq
1e518a53-3e87-4eb9-8252-2ac2fb926954,"[{'case_id': 'a412b374-4d25-491f-b76f-ddaa989acf59', 'submitter_id': 'TCGA-E9-A5UP'}]",f54eb7f3-c9db-4ea3-bd32-225e3b863a7d_noid_Grn.idat,1e518a53-3e87-4eb9-8252-2ac2fb926954,Masked Intensities,DNA Methylation,Methylation Array
a1bc00ff-3796-4edd-bf69-b2dfbac1866a,"[{'case_id': '7e1673f8-5758-4963-8804-d5e39f06205b', 'submitter_id': 'TCGA-C8-A12V'}]",TCGA_BRCA.d9815f06-77ca-4651-b863-1948766fd7e1.wgs.VarScan2.somatic_annotation.vcf.gz,a1bc00ff-3796-4edd-bf69-b2dfbac1866a,Annotated Somatic Mutation,Simple Nucleotide Variation,WGS
a9969317-e586-4aed-bc73-68672ac70f42,"[{'case_id': '6f6e7356-3521-4674-8eec-ad01340d4b8e', 'submitter_id': 'TCGA-D8-A27G'}]",TCGA-BRCA.38f3fe40-a4aa-4f30-94a1-91e54c11c99b.ascat3.allelic_specific.seg.txt,a9969317-e586-4aed-bc73-68672ac70f42,Allele-specific Copy Number Segment,Copy Number Variation,Genotyping Array
16e6f9f6-554e-43f3-abeb-a4ee71ac9be5,"[{'case_id': '7e1673f8-5758-4963-8804-d5e39f06205b', 'submitter_id': 'TCGA-C8-A12V'}]",5e48465f-0475-4cb5-81d1-7833e0df6ace.wgs.ASCAT.gene_level.copy_number_variation.tsv,16e6f9f6-554e-43f3-abeb-a4ee71ac9be5,Gene Level Copy Number,Copy Number Variation,WGS
c9d872c0-2569-4570-be0e-8403430b6f72,"[{'case_id': '7e1673f8-5758-4963-8804-d5e39f06205b', 'submitter_id': 'TCGA-C8-A12V'}]",d1eecaf1-0294-4af7-834a-0cd12f0f5855_noid_Red.idat,c9d872c0-2569-4570-be0e-8403430b6f72,Masked Intensities,DNA Methylation,Methylation Array
3984d6ca-1ce1-4dc3-9b67-878fe3953c92,"[{'case_id': '6f6e7356-3521-4674-8eec-ad01340d4b8e', 'submitter_id': 'TCGA-D8-A27G'}]",TCGA-D8-A27G.F8B8EEB1-0603-4181-9BD3-209143024EF8.PDF,3984d6ca-1ce1-4dc3-9b67-878fe3953c92,Pathology Report,Clinical,
20c87822-4cc3-4f01-8bcf-4904f364acc6,"[{'case_id': 'fa4e082a-d213-412e-8d91-842a6f4bef12', 'submitter_id': 'TCGA-BH-A0B6'}]",b9ac973f-e7fc-42cc-b822-59eaba2a4488.wxs.VarScan2.aliquot.maf.gz,20c87822-4cc3-4f01-8bcf-4904f364acc6,Annotated Somatic Mutation,Simple Nucleotide Variation,WXS
c95efd15-28ee-4854-b76a-095a61af8e5e,"[{'case_id': 'a412b374-4d25-491f-b76f-ddaa989acf59', 'submitter_id': 'TCGA-E9-A5UP'}]",TCGA-BRCA.4bc204b6-5ec6-4786-9504-209305c82371.ascat2.allelic_specific.seg.txt,c95efd15-28ee-4854-b76a-095a61af8e5e,Allele-specific Copy Number Segment,Copy Number Variation,Genotyping Array
f736a0a7-3433-47ae-bdee-ad7097f9717d,"[{'case_id': '7e1673f8-5758-4963-8804-d5e39f06205b', 'submitter_id': 'TCGA-C8-A12V'}]",TCGA_BRCA.997fbc84-f544-4f59-84e0-5e977a7d6e08.wgs.GATK4_MuTect2_Pair.somatic_annotation.vcf.gz,f736a0a7-3433-47ae-bdee-ad7097f9717d,Annotated Somatic Mutation,Simple Nucleotide Variation,WGS
86de1479-ced9-435a-b1ac-fc218730118d,"[{'case_id': 'a412b374-4d25-491f-b76f-ddaa989acf59', 'submitter_id': 'TCGA-E9-A5UP'}]",TCGA_BRCA.6ae57df7-241e-4617-b6ce-0ae27754eebe.wxs.MuSE.somatic_annotation.vcf.gz,86de1479-ced9-435a-b1ac-fc218730118d,Annotated Somatic Mutation,Simple Nucleotide Variation,WXS
7ecf1f56-95de-484b-868f-6d078b4a6cf0,"[{'case_id': '6f6e7356-3521-4674-8eec-ad01340d4b8e', 'submitter_id': 'TCGA-D8-A27G'}]",4218a16c-49a3-4fc5-8019-844dc07181c6.wxs.MuTect2.aliquot.maf.gz,7ecf1f56-95de-484b-868f-6d078b4a6cf0,Annotated Somatic Mutation,Simple Nucleotide Variation,WXS
f38b7108-eb6f-466c-b59d-e3ba22b7a9ba,"[{'case_id': 'a412b374-4d25-491f-b76f-ddaa989acf59', 'submitter_id': 'TCGA-E9-A5UP'}]",DRIPS_p_TCGA_295_296_297_N_GenomeWideSNP_6_D02_1343828.CEL,f38b7108-eb6f-466c-b59d-e3ba22b7a9ba,Raw Intensities,Copy Number Variation,Genotyping Array
19287cc9-c53d-401a-822e-b2213e6eceb7,"[{'case_id': 'fa4e082a-d213-412e-8d91-842a6f4bef12', 'submitter_id': 'TCGA-BH-A0B6'}]",e321bd96-b65a-483f-bc45-889c32f3eaad.wxs.Pindel.aliquot.maf.gz,19287cc9-c53d-401a-822e-b2213e6eceb7,Annotated Somatic Mutation,Simple Nucleotide Variation,WXS
c0f81986-03c5-494e-9a43-27e1d6ae140d,"[{'case_id': '7e1673f8-5758-4963-8804-d5e39f06205b', 'submitter_id': 'TCGA-C8-A12V'}]",ae4877c3-2ab0-424b-b32f-42ea18a48b51.mirbase21.isoforms.quantification.txt,c0f81986-03c5-494e-9a43-27e1d6ae140d,Isoform Expression Quantification,Transcriptome Profiling,miRNA-Seq
acccbfc9-cdcb-4b6d-b323-80ff8b4ac825,"[{'case_id': 'fa4e082a-d213-412e-8d91-842a6f4bef12', 'submitter_id': 'TCGA-BH-A0B6'}]",TCGA-BRCA.b4317429-2890-4558-b4da-609b4b031594.star_fusion.rna_fusion.tsv,acccbfc9-cdcb-4b6d-b323-80ff8b4ac825,Transcript Fusion,Structural Variation,RNA-Seq
9dc8003f-250e-4140-ae5a-259e58affe3a,"[{'case_id': 'fa4e082a-d213-412e-8d91-842a6f4bef12', 'submitter_id': 'TCGA-BH-A0B6'}]",NULLS_p_TCGA_183_185_186_SNP_N_GenomeWideSNP_6_H09_914318.birdseed.data.txt,9dc8003f-250e-4140-ae5a-259e58affe3a,Simple Germline Variation,Simple Nucleotide Variation,Genotyping Array
3d81b7cb-ff74-4d39-ab26-4d957047812d,"[{'case_id': 'fa4e082a-d213-412e-8d91-842a6f4bef12', 'submitter_id': 'TCGA-BH-A0B6'}]",TCGA-BH-A0B6-01A-11D-A890-36.WholeGenome.RP-1657.cr.igv.reheader.seg.txt,3d81b7cb-ff74-4d39-ab26-4d957047812d,Copy Number Segment,Copy Number Variation,WGS
2c863707-6614-4ccc-85df-bf58e7ecbde3,"[{'case_id': '7e1673f8-5758-4963-8804-d5e39f06205b', 'submitter_id': 'TCGA-C8-A12V'}]",0463df60-99c1-4a4c-8be5-15dc1b554c21.somatic_sv.vcf.gz,2c863707-6614-4ccc-85df-bf58e7ecbde3,Structural Rearrangement,Somatic Structural Variation,WGS
08cd32bb-337a-4d92-8046-9c0eca04df18,"[{'case_id': '2e538802-2a31-4774-89a8-c6e4381a887d', 'submitter_id': 'TCGA-A2-A1G0'}]",RANDS_p_TCGA_b109_SNP_1N_GenomeWideSNP_6_E07_771986.grch38.seg.v2.txt,08cd32bb-337a-4d92-8046-9c0eca04df18,Copy Number Segment,Copy Number Variation,Genotyping Array
5c5c8cd9-3b4f-499b-b3da-173567b9a448,"[{'case_id': '2e538802-2a31-4774-89a8-c6e4381a887d', 'submitter_id': 'TCGA-A2-A1G0'}]",6fc6da0b-c5dd-4f3e-b628-469e5cc8ddfa.wxs.Pindel.aliquot.maf.gz,5c5c8cd9-3b4f-499b-b3da-173567b9a448,Annotated Somatic Mutation,Simple Nucleotide Variation,WXS
2eb0ce69-5cd4-45b5-9062-2f67a9a4bfe8,"[{'case_id': 'fa4e082a-d213-412e-8d91-842a6f4bef12', 'submitter_id': 'TCGA-BH-A0B6'}]",eab147b1-58fa-4419-9b0d-c01bb2654b22.wxs.pindel.raw_somatic_mutation.vcf.gz,2eb0ce69-5cd4-45b5-9062-2f67a9a4bfe8,Raw Simple Somatic Mutation,Simple Nucleotide Variation,WXS
d6a4d012-c556-4a3f-b903-e373ffa34892,"[{'case_id': '2e538802-2a31-4774-89a8-c6e4381a887d', 'submitter_id': 'TCGA-A2-A1G0'}]",RANDS_p_TCGA_b109_SNP_1N_GenomeWideSNP_6_C04_772016.birdseed.data.txt,d6a4d012-c556-4a3f-b903-e373ffa34892,Simple Germline Variation,Simple Nucleotide Variation,Genotyping Array
9d2f9e57-4ffa-475d-96c1-9dcde0761d3e,"[{'case_id': '7e1673f8-5758-4963-8804-d5e39f06205b', 'submitter_id': 'TCGA-C8-A12V'}]",c50bf088-8ad3-495c-b7b5-1eca9bb546ba.rna_seq.genomic.gdc_realn.bam,9d2f9e57-4ffa-475d-96c1-9dcde0761d3e,Aligned Reads,Sequencing Reads,RNA-Seq
756775e8-3679-452d-b46c-a5dcacdda267,"[{'case_id': 'fa4e082a-d213-412e-8d91-842a6f4bef12', 'submitter_id': 'TCGA-BH-A0B6'}]",TCGA_BRCA.e62ae876-8b4d-4ee4-8ea5-a4a4fa3c2dc3.wxs.Pindel.somatic_annotation.vcf.gz,756775e8-3679-452d-b46c-a5dcacdda267,Annotated Somatic Mutation,Simple Nucleotide Variation,WXS
db8b1c7e-cf30-4ae4-9f37-d813c284e2ae,"[{'case_id': 'fa4e082a-d213-412e-8d91-842a6f4bef12', 'submitter_id': 'TCGA-BH-A0B6'}]",a6c77464-99f9-462b-88a7-775d8a0c98fe.somatic_sv.vcf.gz,db8b1c7e-cf30-4ae4-9f37-d813c284e2ae,Structural Rearrangement,Somatic Structural Variation,WGS
08cd413f-ec66-4993-99e9-8cf78bb9a5a1,"[{'case_id': '7e1673f8-5758-4963-8804-d5e39f06205b', 'submitter_id': 'TCGA-C8-A12V'}]",d1eecaf1-0294-4af7-834a-0cd12f0f5855_noid_Grn.idat,08cd413f-ec66-4993-99e9-8cf78bb9a5a1,Masked Intensities,DNA Methylation,Methylation Array
654a5ea5-0e68-4ade-8c55-541f9a126ef4,"[{'case_id': '2e538802-2a31-4774-89a8-c6e4381a887d', 'submitter_id': 'TCGA-A2-A1G0'}]",TCGA-A2-A1G0-01A-21-A17I-20_RPPA_data.tsv,654a5ea5-0e68-4ade-8c55-541f9a126ef4,Protein Expression Quantification,Proteome Profiling,Reverse Phase Protein Array
1959015d-ed4a-46e6-a05c-76e7cde8a647,"[{'case_id': '632984bd-dc81-42b6-b024-476cfd0bb2ae', 'submitter_id': 'TCGA-D8-A1Y3'}]",75d14ed3-7ab5-47ae-b521-abf8a8f0c69d_noid_Red.idat,1959015d-ed4a-46e6-a05c-76e7cde8a647,Masked Intensities,DNA Methylation,Methylation Array
041d454d-4bae-4e12-8f32-46220670ef16,"[{'case_id': '2e538802-2a31-4774-89a8-c6e4381a887d', 'submitter_id': 'TCGA-A2-A1G0'}]",TCGA-A2-A1G0-01Z-00-DX1.9ECB0B8A-EF4E-45A9-82AC-EF36375DEF65.svs,041d454d-4bae-4e12-8f32-46220670ef16,Slide Image,Biospecimen,Diagnostic Slide
e4f0d245-a668-4756-8569-176b37cdb373,"[{'case_id': '632984bd-dc81-42b6-b024-476cfd0bb2ae', 'submitter_id': 'TCGA-D8-A1Y3'}]",f063a7c5-7db1-4c0a-864f-f9bbf945537e_wxs_gdc_realn.bam,e4f0d245-a668-4756-8569-176b37cdb373,Aligned Reads,Sequencing Reads,WXS
48cd147d-355c-445d-94bf-1a283aea1973,"[{'case_id': '7e1673f8-5758-4963-8804-d5e39f06205b', 'submitter_id': 'TCGA-C8-A12V'}]",75e5a3c4-844d-4409-9fbb-6e0a383d4642.wgs.sanger_raw_pindel.raw_somatic_mutation.vcf.gz,48cd147d-355c-445d-94bf-1a283aea1973,Raw Simple Somatic Mutation,Simple Nucleotide Variation,WGS
d5290618-395f-40e9-9d0d-bffef7ff79ec,"[{'case_id': '2e538802-2a31-4774-89a8-c6e4381a887d', 'submitter_id': 'TCGA-A2-A1G0'}]",d90499a1-116c-4f3c-96a9-1617713ed964.wxs.MuTect2.aliquot.maf.gz,d5290618-395f-40e9-9d0d-bffef7ff79ec,Annotated Somatic Mutation,Simple Nucleotide Variation,WXS
1e84f1e2-9a7b-4e0d-9b24-78cca6e5d541,"[{'case_id': '7e1673f8-5758-4963-8804-d5e39f06205b', 'submitter_id': 'TCGA-C8-A12V'}]",c50bf088-8ad3-495c-b7b5-1eca9bb546ba.rna_seq.star_splice_junctions.tsv.gz,1e84f1e2-9a7b-4e0d-9b24-78cca6e5d541,Splice Junction Quantification,Transcriptome Profiling,RNA-Seq
5f7f5ebb-e285-44f3-98e1-97a1b4df467e,"[{'case_id': 'fa4e082a-d213-412e-8d91-842a6f4bef12', 'submitter_id': 'TCGA-BH-A0B6'}]",4d7a0069-7868-4a3b-ae81-2f733c18fe77.wxs.mutect2.raw_somatic_mutation.vcf.gz,5f7f5ebb-e285-44f3-98e1-97a1b4df467e,Raw Simple Somatic Mutation,Simple Nucleotide Variation,WXS
9e0d3a86-ca68-4421-8fed-bab4d1b45e9c,"[{'case_id': '7e1673f8-5758-4963-8804-d5e39f06205b', 'submitter_id': 'TCGA-C8-A12V'}]",b8728982-8254-4aa8-baa5-aaeb6d852260_wxs_gdc_realn.bam,9e0d3a86-ca68-4421-8fed-bab4d1b45e9c,Aligned Reads,Sequencing Reads,WXS
5cb06a7e-6ff9-4300-bc22-8aabfdfaa306,"[{'case_id': 'fa4e082a-d213-412e-8d91-842a6f4bef12', 'submitter_id': 'TCGA-BH-A0B6'}]",1c0ef47f-a756-4f06-8fbd-e90dc9fbcca6.wxs.MuSE.aliquot.maf.gz,5cb06a7e-6ff9-4300-bc22-8aabfdfaa306,Annotated Somatic Mutation,Simple Nucleotide Variation,WXS
30e529bd-06c8-47f1-aeee-579032bd76fc,"[{'case_id': '632984bd-dc81-42b6-b024-476cfd0bb2ae', 'submitter_id': 'TCGA-D8-A1Y3'}]",8b5a94f9-c805-4c54-b4a6-49ecd85a0af2.wxs.aliquot_ensemble_raw.maf.gz,30e529bd-06c8-47f1-aeee-579032bd76fc,Aggregated Somatic Mutation,Simple Nucleotide Variation,WXS
3b6d99f8-218a-47c5-a157-f2a17cf3889f,"[{'case_id': '02f5ae33-a563-4ecb-9e33-dfa500a44931', 'submitter_id': 'TCGA-A8-A093'}]",HAULS_p_TCGAb47_SNP_2N_GenomeWideSNP_6_E02_628526.CEL,3b6d99f8-218a-47c5-a157-f2a17cf3889f,Raw Intensities,Copy Number Variation,Genotyping Array
061d7c61-d06b-4278-80aa-ccdb6607f050,"[{'case_id': '2e538802-2a31-4774-89a8-c6e4381a887d', 'submitter_id': 'TCGA-A2-A1G0'}]",e6e72b0e-4244-4b0d-ba32-9f1f77dc941e_noid_Red.idat,061d7c61-d06b-4278-80aa-ccdb6607f050,Masked Intensities,DNA Methylation,Methylation Array
cce9dd3e-d870-44c2-b7b6-f0ab8cbb1035,"[{'case_id': '2e538802-2a31-4774-89a8-c6e4381a887d', 'submitter_id': 'TCGA-A2-A1G0'}]",a63697dc-61ec-4a98-8545-33b5e9079e70.somatic.SV.bedpe,cce9dd3e-d870-44c2-b7b6-f0ab8cbb1035,Structural Rearrangement,Structural Variation,WGS
9635e0c7-e313-4a4b-bc06-3f0948f612fc,"[{'case_id': '02f5ae33-a563-4ecb-9e33-dfa500a44931', 'submitter_id': 'TCGA-A8-A093'}]",HAULS_p_TCGAb47_SNP_2N_GenomeWideSNP_6_E02_628526.nocnv_grch38.seg.v2.txt,9635e0c7-e313-4a4b-bc06-3f0948f612fc,Masked Copy Number Segment,Copy Number Variation,Genotyping Array
e417dd1c-a082-4acc-a01a-da833f20b936,"[{'case_id': '2e538802-2a31-4774-89a8-c6e4381a887d', 'submitter_id': 'TCGA-A2-A1G0'}]",82d6e956-0c30-4767-bc37-27672e58d690.mirbase21.mirnas.quantification.txt,e417dd1c-a082-4acc-a01a-da833f20b936,miRNA Expression Quantification,Transcriptome Profiling,miRNA-Seq
56b58327-e5c9-4f91-944c-dc692e595a4e,"[{'case_id': '02f5ae33-a563-4ecb-9e33-dfa500a44931', 'submitter_id': 'TCGA-A8-A093'}]",92e7a9c0-ea88-419e-9afa-e7db5c8967b5.rna_seq.transcriptome.gdc_realn.bam,56b58327-e5c9-4f91-944c-dc692e595a4e,Aligned Reads,Sequencing Reads,RNA-Seq
364b7403-77ab-44b6-9686-bd927ce1efda,"[{'case_id': '7e1673f8-5758-4963-8804-d5e39f06205b', 'submitter_id': 'TCGA-C8-A12V'}]",c50bf088-8ad3-495c-b7b5-1eca9bb546ba.rna_seq.chimeric.gdc_realn.bam,364b7403-77ab-44b6-9686-bd927ce1efda,Aligned Reads,Sequencing Reads,RNA-Seq
8c9f3978-cbbd-490b-b4d6-d7ffb3aadc38,"[{'case_id': '02f5ae33-a563-4ecb-9e33-dfa500a44931', 'submitter_id': 'TCGA-A8-A093'}]",4d292859-5bdf-43c2-8ef7-29927cea14da.somatic_sv.vcf.gz,8c9f3978-cbbd-490b-b4d6-d7ffb3aadc38,Structural Rearrangement,Somatic Structural Variation,WGS
915f6aba-967a-4dab-8123-35b18f8d3037,"[{'case_id': '632984bd-dc81-42b6-b024-476cfd0bb2ae', 'submitter_id': 'TCGA-D8-A1Y3'}]",2de1d609-834c-4ebe-829a-8b1196f3b524.somatic.SV.bedpe,915f6aba-967a-4dab-8123-35b18f8d3037,Structural Rearrangement,Structural Variation,WGS
616123eb-8c1a-466d-b859-da9896acb13c,"[{'case_id': '7e1673f8-5758-4963-8804-d5e39f06205b', 'submitter_id': 'TCGA-C8-A12V'}]",TCGA-BRCA.84a2d172-c9f4-4ce9-8ee8-6ec6b5d4a747.gene_level_copy_number.v36.tsv,616123eb-8c1a-466d-b859-da9896acb13c,Gene Level Copy Number,Copy Number Variation,Genotyping Array
1a41015f-3e7e-4511-b210-10cd9adc72b2,"[{'case_id': '632984bd-dc81-42b6-b024-476cfd0bb2ae', 'submitter_id': 'TCGA-D8-A1Y3'}]",2e41a573-7a9d-4f96-873f-48aa12b3ab96.rna_seq.genomic.gdc_realn.bam,1a41015f-3e7e-4511-b210-10cd9adc72b2,Aligned Reads,Sequencing Reads,RNA-Seq
467bd4ac-dbb9-4429-a61b-3fe5e9395489,"[{'case_id': '632984bd-dc81-42b6-b024-476cfd0bb2ae', 'submitter_id': 'TCGA-D8-A1Y3'}]",dc38d4a6-863e-4742-af38-5b887126ba7a.somatic.SV.bedpe,467bd4ac-dbb9-4429-a61b-3fe5e9395489,Structural Rearrangement,Somatic Structural Variation,WGS
8d934263-4e49-4a25-806c-254f6f862b98,"[{'case_id': '2e538802-2a31-4774-89a8-c6e4381a887d', 'submitter_id': 'TCGA-A2-A1G0'}]",RANDS_p_TCGA_b109_SNP_1N_GenomeWideSNP_6_E07_771986.birdseed.data.txt,8d934263-4e49-4a25-806c-254f6f862b98,Simple Germline Variation,Simple Nucleotide Variation,Genotyping Array
89efc932-0a88-49eb-b916-f69a2d63e585,"[{'case_id': '96f23d8a-be0f-4925-ba00-805dc293414c', 'submitter_id': 'TCGA-A2-A0ET'}]",BONZE_p_TCGAb56_SNP_1N_GenomeWideSNP_6_H05_667040.nocnv_grch38.seg.v2.txt,89efc932-0a88-49eb-b916-f69a2d63e585,Masked Copy Number Segment,Copy Number Variation,Genotyping Array
e44f27b7-a5e8-49be-b3d0-0dc139146931,"[{'case_id': '2e538802-2a31-4774-89a8-c6e4381a887d', 'submitter_id': 'TCGA-A2-A1G0'}]",TCGA-BRCA.454e0016-63ac-4727-a1bd-0319b09d17a0.gene_level_copy_number.v36.tsv,e44f27b7-a5e8-49be-b3d0-0dc139146931,Gene Level Copy Number,Copy Number Variation,Genotyping Array
4ec621f5-db26-48df-a03e-d100a7426c6b,"[{'case_id': '96f23d8a-be0f-4925-ba00-805dc293414c', 'submitter_id': 'TCGA-A2-A0ET'}]",TCGA-BRCA.404c64a4-b7cc-4dfb-8b93-273dd7d244f2.wgs.tumor_normal.gatk4_mutect2.raw_somatic_mutation.vcf.gz,4ec621f5-db26-48df-a03e-d100a7426c6b,Raw Simple Somatic Mutation,Simple Nucleotide Variation,WGS
56be281f-e85c-4dcb-9d75-cd9ae3430bbe,"[{'case_id': '02f5ae33-a563-4ecb-9e33-dfa500a44931', 'submitter_id': 'TCGA-A8-A093'}]",92e7a9c0-ea88-419e-9afa-e7db5c8967b5.rna_seq.augmented_star_gene_counts.tsv,56be281f-e85c-4dcb-9d75-cd9ae3430bbe,Gene Expression Quantification,Transcriptome Profiling,RNA-Seq
14820401-e003-4606-b82d-90501f3ab249,"[{'case_id': '632984bd-dc81-42b6-b024-476cfd0bb2ae', 'submitter_id': 'TCGA-D8-A1Y3'}]",TCGA-BRCA.0da7828c-fa60-464e-bf84-43de16003663.ascat3.allelic_specific.seg.txt,14820401-e003-4606-b82d-90501f3ab249,Allele-specific Copy Number Segment,Copy Number Variation,Genotyping Array
b7948d54-4f1a-490b-960b-501811ae0836,"[{'case_id': '96f23d8a-be0f-4925-ba00-805dc293414c', 'submitter_id': 'TCGA-A2-A0ET'}]",TCGA-BRCA.fec7f250-896a-40c3-a6ed-82607bf7af4d.gene_level_copy_number.v36.tsv,b7948d54-4f1a-490b-960b-501811ae0836,Gene Level Copy Number,Copy Number Variation,Genotyping Array
dd39af05-b2b5-4d33-9e2f-fa1d99dc90ce,"[{'case_id': '632984bd-dc81-42b6-b024-476cfd0bb2ae', 'submitter_id': 'TCGA-D8-A1Y3'}]",cb213556-acd5-46ae-bc2c-632a3e5494e1.wxs.mutect2.raw_somatic_mutation.vcf.gz,dd39af05-b2b5-4d33-9e2f-fa1d99dc90ce,Raw Simple Somatic Mutation,Simple Nucleotide Variation,WXS
28c996b2-5e2d-4a48-a4e0-dd910f8599ab,"[{'case_id': '02f5ae33-a563-4ecb-9e33-dfa500a44931', 'submitter_id': 'TCGA-A8-A093'}]",a433ddc2-90cd-4442-9342-24b820a13332.mirbase21.mirnas.quantification.txt,28c996b2-5e2d-4a48-a4e0-dd910f8599ab,miRNA Expression Quantification,Transcriptome Profiling,miRNA-Seq
e15f17ee-51e4-4574-8b50-28d475f1b7a8,"[{'case_id': '02f5ae33-a563-4ecb-9e33-dfa500a44931', 'submitter_id': 'TCGA-A8-A093'}]",TCGA-BRCA.66c6efd3-406c-4b96-ac62-b570d161c825.gene_level_copy_number.v36.tsv,e15f17ee-51e4-4574-8b50-28d475f1b7a8,Gene Level Copy Number,Copy Number Variation,Genotyping Array
b5a354b0-a0e8-48bb-8896-fdf042be642e,"[{'case_id': '02f5ae33-a563-4ecb-9e33-dfa500a44931', 'submitter_id': 'TCGA-A8-A093'}]",HAULS_p_TCGAb47_SNP_2N_GenomeWideSNP_6_H02_628426.CEL,b5a354b0-a0e8-48bb-8896-fdf042be642e,Raw Intensities,Copy Number Variation,Genotyping Array
1bb0b369-8a2d-4853-8341-ff6d8b3c8ec8,"[{'case_id': '96f23d8a-be0f-4925-ba00-805dc293414c', 'submitter_id': 'TCGA-A2-A0ET'}]",f71cb25b-0b08-4ad2-80dc-31cde24b195a_noid_Grn.idat,1bb0b369-8a2d-4853-8341-ff6d8b3c8ec8,Masked Intensities,DNA Methylation,Methylation Array
13050665-ee2e-4c42-b1d0-5471af819f74,"[{'case_id': '96f23d8a-be0f-4925-ba00-805dc293414c', 'submitter_id': 'TCGA-A2-A0ET'}]",BONZE_p_TCGAb56_SNP_1N_GenomeWideSNP_6_H05_667040.CEL,13050665-ee2e-4c42-b1d0-5471af819f74,Raw Intensities,Copy Number Variation,Genotyping Array
be0a7c5b-bea6-4262-a72d-1ca08b9224ad,"[{'case_id': '02f5ae33-a563-4ecb-9e33-dfa500a44931', 'submitter_id': 'TCGA-A8-A093'}]",TCGA_BRCA.3760c4d5-4e33-45a2-b020-dd60bbb97548.wxs.VarScan2.somatic_annotation.vcf.gz,be0a7c5b-bea6-4262-a72d-1ca08b9224ad,Annotated Somatic Mutation,Simple Nucleotide Variation,WXS
8fe308af-ba12-4097-aef9-97f874dc911e,"[{'case_id': '96f23d8a-be0f-4925-ba00-805dc293414c', 'submitter_id': 'TCGA-A2-A0ET'}]",6fc23986-2759-4272-a50e-4e82573b8247.wxs.Pindel.aliquot.maf.gz,8fe308af-ba12-4097-aef9-97f874dc911e,Annotated Somatic Mutation,Simple Nucleotide Variation,WXS
c7165215-5dde-4631-8040-69e92193fd35,"[{'case_id': '96f23d8a-be0f-4925-ba00-805dc293414c', 'submitter_id': 'TCGA-A2-A0ET'}]",03501b4a-f611-4f3c-aebd-891c004a33cb.wxs.varscan2.raw_somatic_mutation.vcf.gz,c7165215-5dde-4631-8040-69e92193fd35,Raw Simple Somatic Mutation,Simple Nucleotide Variation,WXS
4e9b0154-3ef1-424e-8270-0574c2dc1b73,"[{'case_id': '02f5ae33-a563-4ecb-9e33-dfa500a44931', 'submitter_id': 'TCGA-A8-A093'}]",HAULS_p_TCGAb47_SNP_2N_GenomeWideSNP_6_H02_628426.nocnv_grch38.seg.v2.txt,4e9b0154-3ef1-424e-8270-0574c2dc1b73,Masked Copy Number Segment,Copy Number Variation,Genotyping Array
aaed618c-0e45-437a-a416-202094ee024c,"[{'case_id': '632984bd-dc81-42b6-b024-476cfd0bb2ae', 'submitter_id': 'TCGA-D8-A1Y3'}]",USAGE_p_TCGA_132_133_136_SNP_N_GenomeWideSNP_6_H02_787620.CEL,aaed618c-0e45-437a-a416-202094ee024c,Raw Intensities,Copy Number Variation,Genotyping Array
cd52f83a-2d20-4ee3-991b-fe3bd40384f7,"[{'case_id': '632984bd-dc81-42b6-b024-476cfd0bb2ae', 'submitter_id': 'TCGA-D8-A1Y3'}]",TCGA-D8-A1Y3-01Z-00-DX2.B9BD14AF-52A6-4241-B3B3-03F8F5DFC8DA.svs,cd52f83a-2d20-4ee3-991b-fe3bd40384f7,Slide Image,Biospecimen,Diagnostic Slide
17552846-2825-421f-9325-4a2d1c22021a,"[{'case_id': '632984bd-dc81-42b6-b024-476cfd0bb2ae', 'submitter_id': 'TCGA-D8-A1Y3'}]",TCGA-BRCA.aad7bd74-fbb7-4b0c-96f5-24dd65d1d215.wgs.tumor_normal.gatk4_mutect2.raw_somatic_mutation.vcf.gz,17552846-2825-421f-9325-4a2d1c22021a,Raw Simple Somatic Mutation,Simple Nucleotide Variation,WGS
19502198-1bf2-4520-85c5-15874211fbd1,"[{'case_id': '632984bd-dc81-42b6-b024-476cfd0bb2ae', 'submitter_id': 'TCGA-D8-A1Y3'}]",TCGA-BRCA.b8571ecb-b3f2-4ea2-8651-a73f24174cbe.star_fusion.rna_fusion.tsv,19502198-1bf2-4520-85c5-15874211fbd1,Transcript Fusion,Structural Variation,RNA-Seq
04102a2f-7df0-4d2a-950f-ba412e51dcc8,"[{'case_id': '2e538802-2a31-4774-89a8-c6e4381a887d', 'submitter_id': 'TCGA-A2-A1G0'}]",TCGA-BRCA.ced49f61-71d1-45cb-bcea-2588c6476fef.wgs.tumor_normal.gatk4_mutect2.raw_somatic_mutation.vcf.gz,04102a2f-7df0-4d2a-950f-ba412e51dcc8,Raw Simple Somatic Mutation,Simple Nucleotide Variation,WGS
723232e4-f956-42e8-9294-3f93b9db72bc,"[{'case_id': '02f5ae33-a563-4ecb-9e33-dfa500a44931', 'submitter_id': 'TCGA-A8-A093'}]",TCGA-BRCA.66c6efd3-406c-4b96-ac62-b570d161c825.ascat3.gene_level_copy_number.v36.tsv,723232e4-f956-42e8-9294-3f93b9db72bc,Gene Level Copy Number,Copy Number Variation,Genotyping Array
fde83f38-f93e-4a75-91f0-a640538a5abe,"[{'case_id': '632984bd-dc81-42b6-b024-476cfd0bb2ae', 'submitter_id': 'TCGA-D8-A1Y3'}]",TCGA-D8-A1Y3-01A-11D-A899-36.WholeGenome.RP-1657.bam,fde83f38-f93e-4a75-91f0-a640538a5abe,Aligned Reads,Sequencing Reads,WGS
2013657b-401f-4227-83fb-a2a9b6578d6f,"[{'case_id': '2e538802-2a31-4774-89a8-c6e4381a887d', 'submitter_id': 'TCGA-A2-A1G0'}]",TCGA-A2-A1G0-01A-01-TSA.191b630e-777f-41f9-9510-22ed5faa316a.svs,2013657b-401f-4227-83fb-a2a9b6578d6f,Slide Image,Biospecimen,Tissue Slide
45751a3d-b3de-48c9-b9de-81f7ebd798e2,"[{'case_id': '632984bd-dc81-42b6-b024-476cfd0bb2ae', 'submitter_id': 'TCGA-D8-A1Y3'}]",8235e0fd-6cfc-419c-aad4-101a7f510fef.wxs.VarScan2.aliquot.maf.gz,45751a3d-b3de-48c9-b9de-81f7ebd798e2,Annotated Somatic Mutation,Simple Nucleotide Variation,WXS
1db673ee-5f19-4387-a420-d149a2e9e629,"[{'case_id': '2e538802-2a31-4774-89a8-c6e4381a887d', 'submitter_id': 'TCGA-A2-A1G0'}]",RANDS_p_TCGA_b109_SNP_1N_GenomeWideSNP_6_C04_772016.nocnv_grch38.seg.v2.txt,1db673ee-5f19-4387-a420-d149a2e9e629,Masked Copy Number Segment,Copy Number Variation,Genotyping Array
a3b707c5-4c51-46a1-9b23-888a5799f577,"[{'case_id': 'db55d9d9-dd56-4ca9-b1f1-0d929697b280', 'submitter_id': 'TCGA-BH-A5J0'}]",1bea0974-db26-4639-b91f-772ddfb99868.wxs.varscan2.raw_somatic_mutation.vcf.gz,a3b707c5-4c51-46a1-9b23-888a5799f577,Raw Simple Somatic Mutation,Simple Nucleotide Variation,WXS
6b9b9a4c-84b3-460a-9948-3f977b39b0af,"[{'case_id': '02f5ae33-a563-4ecb-9e33-dfa500a44931', 'submitter_id': 'TCGA-A8-A093'}]",7b6d4a3a-aad6-4eb5-8c8e-624f6c5462bd.wxs.muse.raw_somatic_mutation.vcf.gz,6b9b9a4c-84b3-460a-9948-3f977b39b0af,Raw Simple Somatic Mutation,Simple Nucleotide Variation,WXS
906df370-6632-445e-a2f8-5aa728740bc3,"[{'case_id': 'db55d9d9-dd56-4ca9-b1f1-0d929697b280', 'submitter_id': 'TCGA-BH-A5J0'}]",fd07d88d-46aa-43b7-afe1-537155e22dce.wxs.VarScan2.aliquot.maf.gz,906df370-6632-445e-a2f8-5aa728740bc3,Annotated Somatic Mutation,Simple Nucleotide Variation,WXS
95bb96f3-fcf1-43e3-9bca-d90a0d36cae7,"[{'case_id': 'a8b1f6e7-2bcf-460d-b1c6-1792a9801119', 'submitter_id': 'TCGA-E9-A1NF'}]",79512f6f-1092-46d8-863c-5a9d052549b1_noid_Grn.idat,95bb96f3-fcf1-43e3-9bca-d90a0d36cae7,Masked Intensities,DNA Methylation,Methylation Array
8f7a8e9b-a4a8-4afd-92c7-1e79dc3c2ed9,"[{'case_id': 'a8b1f6e7-2bcf-460d-b1c6-1792a9801119', 'submitter_id': 'TCGA-E9-A1NF'}]",TCGA-E9-A1NF-11A-07-TSG.9952af48-3e7b-4c5b-a1d9-b00a52c53910.svs,8f7a8e9b-a4a8-4afd-92c7-1e79dc3c2ed9,Slide Image,Biospecimen,Tissue Slide
2c66c75e-6ce2-451b-864a-e76bc47321f9,"[{'case_id': 'db55d9d9-dd56-4ca9-b1f1-0d929697b280', 'submitter_id': 'TCGA-BH-A5J0'}]",DOUSE_p_TCGA_287_288_289_N_GenomeWideSNP_6_E04_1361094.nocnv_grch38.seg.v2.txt,2c66c75e-6ce2-451b-864a-e76bc47321f9,Masked Copy Number Segment,Copy Number Variation,Genotyping Array
246ba51a-5426-4069-8a0d-fe1b2fb3728e,"[{'case_id': 'a8b1f6e7-2bcf-460d-b1c6-1792a9801119', 'submitter_id': 'TCGA-E9-A1NF'}]",dc3a76a7-bac2-43c0-90e2-e251e459c659.rna_seq.chimeric.gdc_realn.bam,246ba51a-5426-4069-8a0d-fe1b2fb3728e,Aligned Reads,Sequencing Reads,RNA-Seq
ce9e9526-09bc-48be-8fe5-afa7aa7c85a6,"[{'case_id': 'a8b1f6e7-2bcf-460d-b1c6-1792a9801119', 'submitter_id': 'TCGA-E9-A1NF'}]",2a63f9ff-4125-464d-8c75-a00512d44f21.wxs.muse.raw_somatic_mutation.vcf.gz,ce9e9526-09bc-48be-8fe5-afa7aa7c85a6,Raw Simple Somatic Mutation,Simple Nucleotide Variation,WXS
2ce343ef-af28-434f-8f7f-06f88eeb1177,"[{'case_id': 'db55d9d9-dd56-4ca9-b1f1-0d929697b280', 'submitter_id': 'TCGA-BH-A5J0'}]",DOUSE_p_TCGA_287_288_289_N_GenomeWideSNP_6_E08_1343170.CEL,2ce343ef-af28-434f-8f7f-06f88eeb1177,Raw Intensities,Copy Number Variation,Genotyping Array
00f94a95-1bfa-4a48-b10d-5ca6e159a4df,"[{'case_id': 'db55d9d9-dd56-4ca9-b1f1-0d929697b280', 'submitter_id': 'TCGA-BH-A5J0'}]",TCGA-BH-A5J0-01A-11R-A27U-13_mirna_gdc_realn.bam,00f94a95-1bfa-4a48-b10d-5ca6e159a4df,Aligned Reads,Sequencing Reads,miRNA-Seq
230bde5c-08c5-40f2-9fd7-887515c62d75,"[{'case_id': 'a8b1f6e7-2bcf-460d-b1c6-1792a9801119', 'submitter_id': 'TCGA-E9-A1NF'}]",a68b6f94-9d82-4d2a-ae8c-1722b792dea8.wxs.Pindel.aliquot.maf.gz,230bde5c-08c5-40f2-9fd7-887515c62d75,Annotated Somatic Mutation,Simple Nucleotide Variation,WXS
ea714be7-2471-43e9-a77a-cfed2a4b5275,"[{'case_id': 'db55d9d9-dd56-4ca9-b1f1-0d929697b280', 'submitter_id': 'TCGA-BH-A5J0'}]",b2273518-7fe0-4c1e-85f6-5c5ef7bbdcab_wxs_gdc_realn.bam,ea714be7-2471-43e9-a77a-cfed2a4b5275,Aligned Reads,Sequencing Reads,WXS
536c6d8e-8df3-45e4-8413-36aadeeb5864,"[{'case_id': 'a8b1f6e7-2bcf-460d-b1c6-1792a9801119', 'submitter_id': 'TCGA-E9-A1NF'}]",00063026-2a67-41de-b105-f80dca277978.rna_seq.star_splice_junctions.tsv.gz,536c6d8e-8df3-45e4-8413-36aadeeb5864,Splice Junction Quantification,Transcriptome Profiling,RNA-Seq
e01a31b8-dbdd-4887-9c3f-8d6c0b9847f3,"[{'case_id': 'db55d9d9-dd56-4ca9-b1f1-0d929697b280', 'submitter_id': 'TCGA-BH-A5J0'}]",c9ec30b8-f7c0-4279-ab7a-16ee41de0d57.methylation_array.sesame.level3betas.txt,e01a31b8-dbdd-4887-9c3f-8d6c0b9847f3,Methylation Beta Value,DNA Methylation,Methylation Array
fdddcf14-2036-47bb-b624-880d92be7ecd,"[{'case_id': 'db55d9d9-dd56-4ca9-b1f1-0d929697b280', 'submitter_id': 'TCGA-BH-A5J0'}]",TCGA-BRCA.57be94f9-39e9-4dbd-982c-78fc7cb9bdda.ascat3.allelic_specific.seg.txt,fdddcf14-2036-47bb-b624-880d92be7ecd,Allele-specific Copy Number Segment,Copy Number Variation,Genotyping Array
87080666-d900-47f2-b87d-1db9abbaba28,"[{'case_id': 'a8b1f6e7-2bcf-460d-b1c6-1792a9801119', 'submitter_id': 'TCGA-E9-A1NF'}]",TCGA_BRCA.645c23c7-e60a-4457-94e3-e402c78de219.wgs.VarScan2.somatic_annotation.vcf.gz,87080666-d900-47f2-b87d-1db9abbaba28,Annotated Somatic Mutation,Simple Nucleotide Variation,WGS
751fa01d-2125-46e9-b5eb-433fed9f59da,"[{'case_id': 'db55d9d9-dd56-4ca9-b1f1-0d929697b280', 'submitter_id': 'TCGA-BH-A5J0'}]",8afeab3f-89ee-4901-8a32-d13587dbcab5.rna_seq.chimeric.gdc_realn.bam,751fa01d-2125-46e9-b5eb-433fed9f59da,Aligned Reads,Sequencing Reads,RNA-Seq
dc827678-d772-4d8d-9e8f-2dffc71b563b,"[{'case_id': 'a8b1f6e7-2bcf-460d-b1c6-1792a9801119', 'submitter_id': 'TCGA-E9-A1NF'}]",TCGA-BRCA.ee4c4608-fdb1-41ce-b36f-b1a8345d45a8.star_fusion.rna_fusion.bedpe,dc827678-d772-4d8d-9e8f-2dffc71b563b,Transcript Fusion,Structural Variation,RNA-Seq
1ac0d690-3064-4ea6-8cac-ea3d339e25ba,"[{'case_id': 'db55d9d9-dd56-4ca9-b1f1-0d929697b280', 'submitter_id': 'TCGA-BH-A5J0'}]",TCGA_BRCA.910d5991-ef2a-475c-aa41-f9d8bc251f95.wxs.MuSE.somatic_annotation.vcf.gz,1ac0d690-3064-4ea6-8cac-ea3d339e25ba,Annotated Somatic Mutation,Simple Nucleotide Variation,WXS
006bbf46-69a0-41fc-b347-2440d14cade9,"[{'case_id': '02f5ae33-a563-4ecb-9e33-dfa500a44931', 'submitter_id': 'TCGA-A8-A093'}]",TCGA_BRCA.5deadbb7-efd6-4df4-b273-56bfd4198a08.wgs.GATK4_MuTect2_Pair.somatic_annotation.vcf.gz,006bbf46-69a0-41fc-b347-2440d14cade9,Annotated Somatic Mutation,Simple Nucleotide Variation,WGS
c92fd2cf-fbc4-49b5-a882-31d29413af48,"[{'case_id': 'a8b1f6e7-2bcf-460d-b1c6-1792a9801119', 'submitter_id': 'TCGA-E9-A1NF'}]",804aa93c-26f7-489b-bf2c-e84263b5e6f6.mirbase21.isoforms.quantification.txt,c92fd2cf-fbc4-49b5-a882-31d29413af48,Isoform Expression Quantification,Transcriptome Profiling,miRNA-Seq
cd7ecc2b-6668-4d08-a006-bbee6c0a02cf,"[{'case_id': 'db55d9d9-dd56-4ca9-b1f1-0d929697b280', 'submitter_id': 'TCGA-BH-A5J0'}]",TCGA_BRCA.95c4af3e-a427-4c32-bdaf-e09dd843b314.wxs.MuTect2.somatic_annotation.vcf.gz,cd7ecc2b-6668-4d08-a006-bbee6c0a02cf,Annotated Somatic Mutation,Simple Nucleotide Variation,WXS
8e63bb73-bf49-4357-a3e8-935f1517ee84,"[{'case_id': '02f5ae33-a563-4ecb-9e33-dfa500a44931', 'submitter_id': 'TCGA-A8-A093'}]",1d5de904-d584-4939-aa12-a1acbd11177e.wxs.aliquot_ensemble_raw.maf.gz,8e63bb73-bf49-4357-a3e8-935f1517ee84,Aggregated Somatic Mutation,Simple Nucleotide Variation,WXS
c4983176-a99e-4d98-83c7-7cc17108f67e,"[{'case_id': 'a8b1f6e7-2bcf-460d-b1c6-1792a9801119', 'submitter_id': 'TCGA-E9-A1NF'}]",TCGA-BRCA.92384707-f12d-490e-9aaf-b1d16fa7ecf8.arriba.rna_fusion.bedpe,c4983176-a99e-4d98-83c7-7cc17108f67e,Transcript Fusion,Structural Variation,RNA-Seq
463dfd49-b0b3-46f6-92c3-18685c463c43,"[{'case_id': 'db55d9d9-dd56-4ca9-b1f1-0d929697b280', 'submitter_id': 'TCGA-BH-A5J0'}]",6492dd14-549c-44d2-a384-1b083d3f0fba.wxs.pindel.raw_somatic_mutation.vcf.gz,463dfd49-b0b3-46f6-92c3-18685c463c43,Raw Simple Somatic Mutation,Simple Nucleotide Variation,WXS
b7f2d1e9-0fb5-4255-8d05-ef0084bb5c81,"[{'case_id': 'a8b1f6e7-2bcf-460d-b1c6-1792a9801119', 'submitter_id': 'TCGA-E9-A1NF'}]",TCGA-E9-A1NF-01A-11R-A14C-13_mirna_gdc_realn.bam,b7f2d1e9-0fb5-4255-8d05-ef0084bb5c81,Aligned Reads,Sequencing Reads,miRNA-Seq
0e497387-4b97-461b-8ccc-0d8cf6b7785f,"[{'case_id': 'a8b1f6e7-2bcf-460d-b1c6-1792a9801119', 'submitter_id': 'TCGA-E9-A1NF'}]",TCGA-BRCA.766159f9-d0aa-4a01-840a-fae6d4e86bc6.star_fusion.rna_fusion.bedpe,0e497387-4b97-461b-8ccc-0d8cf6b7785f,Transcript Fusion,Structural Variation,RNA-Seq
2fc8b8d8-f721-495a-9d6e-574aab448b2a,"[{'case_id': 'a8b1f6e7-2bcf-460d-b1c6-1792a9801119', 'submitter_id': 'TCGA-E9-A1NF'}]",TCGA-E9-A1NF-01A-01-TSA.c5078c11-f3d8-47d5-b02a-466663322fd2.svs,2fc8b8d8-f721-495a-9d6e-574aab448b2a,Slide Image,Biospecimen,Tissue Slide
7eaedba7-88d0-409e-bbc2-574daddfe107,"[{'case_id': 'db55d9d9-dd56-4ca9-b1f1-0d929697b280', 'submitter_id': 'TCGA-BH-A5J0'}]",48f5baeb-1769-4af0-8ef9-9b02d0ead70e.mirbase21.isoforms.quantification.txt,7eaedba7-88d0-409e-bbc2-574daddfe107,Isoform Expression Quantification,Transcriptome Profiling,miRNA-Seq
8623b9a5-82ef-4364-84ac-d997d067ceac,"[{'case_id': 'a8b1f6e7-2bcf-460d-b1c6-1792a9801119', 'submitter_id': 'TCGA-E9-A1NF'}]",CHEEP_p_TCGA_b120_121_SNP_N_GenomeWideSNP_6_E02_777590.grch38.seg.v2.txt,8623b9a5-82ef-4364-84ac-d997d067ceac,Copy Number Segment,Copy Number Variation,Genotyping Array
445c0186-924f-4c7d-8553-504dc93aef13,"[{'case_id': '02f5ae33-a563-4ecb-9e33-dfa500a44931', 'submitter_id': 'TCGA-A8-A093'}]",373a721d-c482-4225-b969-3d2a41acc9cb.wgs.ASCAT.copy_number_variation.seg.txt,445c0186-924f-4c7d-8553-504dc93aef13,Allele-specific Copy Number Segment,Copy Number Variation,WGS
e30d1470-e6a2-4d8e-babb-41ca8915b92c,"[{'case_id': '02f5ae33-a563-4ecb-9e33-dfa500a44931', 'submitter_id': 'TCGA-A8-A093'}]",HAULS_p_TCGAb47_SNP_2N_GenomeWideSNP_6_E02_628526.grch38.seg.v2.txt,e30d1470-e6a2-4d8e-babb-41ca8915b92c,Copy Number Segment,Copy Number Variation,Genotyping Array
