id,cases,file_name,file_id,data_type,submitter_id,data_category,experimental_strategy
744a6d3d-b666-49aa-8d26-47f34e3d1eb5,"[{'case_id': '878f975b-94fd-4d69-b7e7-1ed3ac2ee438', 'submitter_id': 'TCGA-BH-A18H'}]",94027f46-390c-4dda-ab89-cb1ac0a291cd.rna_seq.augmented_star_gene_counts.tsv,744a6d3d-b666-49aa-8d26-47f34e3d1eb5,Gene Expression Quantification,41848a66-837f-4aa1-94d7-6e9de9c2bbcf,Transcriptome Profiling,RNA-Seq
4ecc1f1a-8ff4-4552-a5e8-7a9652b6d1d5,"[{'case_id': 'e4fc0909-f284-4471-866d-d8967b6adcbc', 'submitter_id': 'TCGA-E2-A14P'}]",df45fb41-4511-4dab-b865-fcdfcda0400a.rna_seq.augmented_star_gene_counts.tsv,4ecc1f1a-8ff4-4552-a5e8-7a9652b6d1d5,Gene Expression Quantification,25982983-a96d-455c-b26d-73a1c5987cb2,Transcriptome Profiling,RNA-Seq
1ace2a0c-773d-45b5-8fd6-968c88731bbb,"[{'case_id': 'e5aae05a-478e-4a55-a27c-12b2b4be302a', 'submitter_id': 'TCGA-AN-A04A'}]",c33ecc28-d5ba-4416-b93d-445b7883b6e8.rna_seq.augmented_star_gene_counts.tsv,1ace2a0c-773d-45b5-8fd6-968c88731bbb,Gene Expression Quantification,0493c6f8-6fbb-442e-9383-ab14fa92524d,Transcriptome Profiling,RNA-Seq
2d5b0962-b5c4-4482-9f28-47e4dcdb6df6,"[{'case_id': '16fc3677-0393-4ed1-ad3f-c8355f056369', 'submitter_id': 'TCGA-5L-AAT1'}]",602e3d24-a45d-4fe4-9b70-a679d93f470d.rna_seq.augmented_star_gene_counts.tsv,2d5b0962-b5c4-4482-9f28-47e4dcdb6df6,Gene Expression Quantification,40157473-bfa9-402b-944a-07d0968d3346,Transcriptome Profiling,RNA-Seq
84cff855-d17a-4c09-b432-53893ae69c1e,"[{'case_id': '33fe5833-d7a0-43d7-a03d-56985ea448a6', 'submitter_id': 'TCGA-GI-A2C8'}]",03d891b3-8faf-4384-94ce-2015f1ca5df0.rna_seq.augmented_star_gene_counts.tsv,84cff855-d17a-4c09-b432-53893ae69c1e,Gene Expression Quantification,18a83f64-97c2-4630-ac15-fc49a077f3af,Transcriptome Profiling,RNA-Seq
c2515ef2-5cfc-4cc2-9541-ae072616d361,"[{'case_id': 'd0b78f3f-a198-437a-ab8c-204345d3b75d', 'submitter_id': 'TCGA-AQ-A0Y5'}]",f8ff90c6-3554-4e19-ae56-18f30f51f9b5.rna_seq.augmented_star_gene_counts.tsv,c2515ef2-5cfc-4cc2-9541-ae072616d361,Gene Expression Quantification,43c43fde-1fe9-4907-a397-1dfc3327de4b,Transcriptome Profiling,RNA-Seq
61647238-a8c4-4156-af15-c32947983cfd,"[{'case_id': '566792ae-f853-4a47-856d-f02cdcfcb18a', 'submitter_id': 'TCGA-A8-A07I'}]",4c6cb929-293d-452e-b7f8-d535b48cf073.rna_seq.augmented_star_gene_counts.tsv,61647238-a8c4-4156-af15-c32947983cfd,Gene Expression Quantification,b9939baa-d12a-467c-a337-f29a56ede211,Transcriptome Profiling,RNA-Seq
488399aa-ef3c-42d7-817f-9db11b9902dd,"[{'case_id': 'b7a4df9a-4e25-4550-9c10-338ca1921c2f', 'submitter_id': 'TCGA-E9-A1R4'}]",a8e0466b-d106-44b7-b846-c4fb666715f5.rna_seq.augmented_star_gene_counts.tsv,488399aa-ef3c-42d7-817f-9db11b9902dd,Gene Expression Quantification,3dde8d31-7f96-44b7-ae01-a21ab439b815,Transcriptome Profiling,RNA-Seq
3d0b3b80-92ae-44dc-89fc-2ead925b81a2,"[{'case_id': 'b9c6c069-2a2b-4cc7-a398-dc45c132d979', 'submitter_id': 'TCGA-AC-A8OP'}]",eb44c266-8b8f-4012-ad67-f4ac40698391.rna_seq.augmented_star_gene_counts.tsv,3d0b3b80-92ae-44dc-89fc-2ead925b81a2,Gene Expression Quantification,214d5a88-474b-403c-9bd3-ba4cd403990b,Transcriptome Profiling,RNA-Seq
5cce30f3-99ae-4959-987a-0d280dc2ec44,"[{'case_id': '28e9048a-e540-42de-a1f4-4ef894fccc4c', 'submitter_id': 'TCGA-AR-A24Q'}]",2dd0b954-db3e-402d-9c06-6160e199dedb.rna_seq.augmented_star_gene_counts.tsv,5cce30f3-99ae-4959-987a-0d280dc2ec44,Gene Expression Quantification,95cccf8f-3006-4afe-8e88-5ca757b0f1a1,Transcriptome Profiling,RNA-Seq
ddeb1445-08ae-441c-9f2a-4647df1b4ed6,"[{'case_id': '332148f5-f070-4c20-8eb1-4d8c0673aa52', 'submitter_id': 'TCGA-D8-A1XU'}]",5cc4350c-416e-4f2c-be73-12af68ad1ee4.rna_seq.augmented_star_gene_counts.tsv,ddeb1445-08ae-441c-9f2a-4647df1b4ed6,Gene Expression Quantification,65126af3-55ee-4cef-b2ec-fef6da2685fd,Transcriptome Profiling,RNA-Seq
5c0579f7-6184-4afa-805c-7aeec4a4c5d2,"[{'case_id': '9435447e-d65f-408b-863b-6576b1d652dd', 'submitter_id': 'TCGA-AO-A03N'}]",7c9a2493-5667-48ec-8998-81e13722b4ab.rna_seq.augmented_star_gene_counts.tsv,5c0579f7-6184-4afa-805c-7aeec4a4c5d2,Gene Expression Quantification,71a83fe3-7243-4bda-a8ca-e965dd605fbe,Transcriptome Profiling,RNA-Seq
9c00a43c-1da0-4e3b-b7e2-54a48d29ecae,"[{'case_id': '0dc337fa-da8b-42c4-b9a7-fb76d81c161f', 'submitter_id': 'TCGA-A1-A0SN'}]",c2e73efe-8112-48fc-9dbd-29b4b5b89ad0.rna_seq.augmented_star_gene_counts.tsv,9c00a43c-1da0-4e3b-b7e2-54a48d29ecae,Gene Expression Quantification,c75ed4c2-2ea4-488f-928c-ceeb95a364ae,Transcriptome Profiling,RNA-Seq
6ce774a5-2636-4a01-ab6e-737f89a4bd4f,"[{'case_id': '752f4773-5a12-4485-a1f6-896e148ddf4d', 'submitter_id': 'TCGA-D8-A1JP'}]",28f1b708-bd3c-4ae7-935f-3282f75304a7.rna_seq.augmented_star_gene_counts.tsv,6ce774a5-2636-4a01-ab6e-737f89a4bd4f,Gene Expression Quantification,81e82f31-625f-465c-9424-ce606f157303,Transcriptome Profiling,RNA-Seq
fed0a382-2eee-4acc-af00-53a9fdcd2a61,"[{'case_id': '2b19a6b4-7a17-4452-b4aa-6fc18adc0c3c', 'submitter_id': 'TCGA-D8-A1XL'}]",2c1b1cbb-6e9f-4416-8faa-abb31d6b4e0e.rna_seq.augmented_star_gene_counts.tsv,fed0a382-2eee-4acc-af00-53a9fdcd2a61,Gene Expression Quantification,791ea339-02f7-46f5-9ca8-84a91f746fb5,Transcriptome Profiling,RNA-Seq
80d565a0-59f6-409e-8850-5d4e2b5b996d,"[{'case_id': '1dafdd64-527d-4d46-bbdf-7a97774f881b', 'submitter_id': 'TCGA-B6-A1KI'}]",9da89066-8d82-4ace-80e1-889d3c73c8eb.rna_seq.augmented_star_gene_counts.tsv,80d565a0-59f6-409e-8850-5d4e2b5b996d,Gene Expression Quantification,a3aed093-6ff6-4ba4-8abe-71a66e4f98c7,Transcriptome Profiling,RNA-Seq
263123b0-ec68-47cd-96dd-4f0795503d89,"[{'case_id': '1402082d-25c9-4148-8a1e-f58450b706bb', 'submitter_id': 'TCGA-B6-A0IP'}]",fb49b14e-d40f-4270-98b3-458ce60f2cde.rna_seq.augmented_star_gene_counts.tsv,263123b0-ec68-47cd-96dd-4f0795503d89,Gene Expression Quantification,7bf8acd2-f97e-4d1c-8411-d27f0af0a3a0,Transcriptome Profiling,RNA-Seq
f205f47f-bd57-42bf-a702-4a17d4391411,"[{'case_id': '5a4b7098-1f6a-49e9-b364-29d6d34f5bd5', 'submitter_id': 'TCGA-B6-A0IM'}]",3f32cdec-5a60-4147-b313-7c9a9dfefc78.rna_seq.augmented_star_gene_counts.tsv,f205f47f-bd57-42bf-a702-4a17d4391411,Gene Expression Quantification,7218493d-05e2-463a-a89b-1d0cef3dc94c,Transcriptome Profiling,RNA-Seq
0e0df72c-33c0-4e4f-939c-a4d45a6e1ea3,"[{'case_id': '0045349c-69d9-4306-a403-c9c1fa836644', 'submitter_id': 'TCGA-A1-A0SB'}]",36125e17-48fd-4eea-874c-ed2e2e218402.rna_seq.augmented_star_gene_counts.tsv,0e0df72c-33c0-4e4f-939c-a4d45a6e1ea3,Gene Expression Quantification,31af9635-125f-43a8-a373-7008f0ea0fed,Transcriptome Profiling,RNA-Seq
111b2865-e7dc-45c9-b206-20b5713714bc,"[{'case_id': 'd8d7a6c2-6427-4f47-968c-6c3affba4617', 'submitter_id': 'TCGA-A8-A08B'}]",6798cbfe-7aca-4f33-b4fc-162bf579a303.rna_seq.augmented_star_gene_counts.tsv,111b2865-e7dc-45c9-b206-20b5713714bc,Gene Expression Quantification,c97e856b-8b44-48fc-b896-7f01c20bbfb8,Transcriptome Profiling,RNA-Seq
9a1c9a5a-7b3f-463b-bc9c-e06107b2aeb7,"[{'case_id': 'c6086936-7544-4da0-8c0c-114166848483', 'submitter_id': 'TCGA-AN-A0FD'}]",ecdac97e-eec5-4753-a572-8aff707178e5.rna_seq.augmented_star_gene_counts.tsv,9a1c9a5a-7b3f-463b-bc9c-e06107b2aeb7,Gene Expression Quantification,13b763b3-a7d5-4e6d-a104-de0037eddd88,Transcriptome Profiling,RNA-Seq
931442ba-af81-4b68-beca-7285fc44b1df,"[{'case_id': '427d0648-3f77-4ffc-b52c-89855426d647', 'submitter_id': 'TCGA-3C-AALJ'}]",f2dda955-5a39-43c1-93a2-83953b2b91d1.rna_seq.augmented_star_gene_counts.tsv,931442ba-af81-4b68-beca-7285fc44b1df,Gene Expression Quantification,18307d01-a8f1-4d94-95db-0e4e5af4fa21,Transcriptome Profiling,RNA-Seq
eff9c23b-fc85-403c-8e88-86b4def8ced1,"[{'case_id': '0cf0d67c-2f7f-42a6-94f3-407d0ec46c88', 'submitter_id': 'TCGA-AC-A4ZE'}]",e7c2b898-cd11-42a1-b309-b4de1ab01965.rna_seq.augmented_star_gene_counts.tsv,eff9c23b-fc85-403c-8e88-86b4def8ced1,Gene Expression Quantification,ec714229-4ba4-4f93-9a52-ff75e889ec02,Transcriptome Profiling,RNA-Seq
a63cca36-139d-4054-9d99-9b04ddae7ec2,"[{'case_id': 'b094e8b2-8ece-4b36-8025-18073a8b873c', 'submitter_id': 'TCGA-AO-A124'}]",3d05d072-d042-4c02-aaf6-ee2e589003d6.rna_seq.augmented_star_gene_counts.tsv,a63cca36-139d-4054-9d99-9b04ddae7ec2,Gene Expression Quantification,2db4cd6c-30c8-4c91-afe6-9b3ad45710b0,Transcriptome Profiling,RNA-Seq
5645320f-820e-45b7-b4cf-ea05085f53e3,"[{'case_id': 'aa30ac3d-4216-45dd-a314-1ae192fafcb2', 'submitter_id': 'TCGA-AR-A24M'}]",bb06ad3a-4d73-4f88-8f3c-954dce2b38ef.rna_seq.augmented_star_gene_counts.tsv,5645320f-820e-45b7-b4cf-ea05085f53e3,Gene Expression Quantification,d04c649b-a71d-4407-895a-b0a1bf74d6e1,Transcriptome Profiling,RNA-Seq
f9432d83-a322-4f5b-9c45-7dad736005a4,"[{'case_id': '4aacbc42-5ac5-4339-b9fa-c6e812084837', 'submitter_id': 'TCGA-E9-A22A'}]",c1f95e8e-aaaa-4090-8f64-c619aa543d1b.rna_seq.augmented_star_gene_counts.tsv,f9432d83-a322-4f5b-9c45-7dad736005a4,Gene Expression Quantification,15a9ec63-7894-4316-9524-d07218896128,Transcriptome Profiling,RNA-Seq
3d075fc4-5a01-47ce-bef0-a77acf71061d,"[{'case_id': '4a032bad-e726-48f2-8f39-e3acc109cc91', 'submitter_id': 'TCGA-BH-A0BZ'}]",707fad7d-f284-456a-abfa-17289b40579f.rna_seq.augmented_star_gene_counts.tsv,3d075fc4-5a01-47ce-bef0-a77acf71061d,Gene Expression Quantification,e84c0eaf-2a39-46f6-9694-3c9b7f9b7cfa,Transcriptome Profiling,RNA-Seq
f599be9a-0cac-4441-905c-5a6c87e7bc8c,"[{'case_id': '5d1d00c6-fcae-479e-ae1e-de76efd41d98', 'submitter_id': 'TCGA-BH-A0BW'}]",741fb6d6-364f-47a0-a262-f18235c48fc4.rna_seq.augmented_star_gene_counts.tsv,f599be9a-0cac-4441-905c-5a6c87e7bc8c,Gene Expression Quantification,7ad95ab5-8b43-4fa1-81d2-5e22beab00e5,Transcriptome Profiling,RNA-Seq
4f54add3-c33d-4bc9-9e1f-c75f52d15f1e,"[{'case_id': '4aa68586-6331-4795-b40c-859386640df6', 'submitter_id': 'TCGA-BH-A1FE'}]",2e4316d2-5fe5-4ee1-9b22-73f4c42b6202.rna_seq.augmented_star_gene_counts.tsv,4f54add3-c33d-4bc9-9e1f-c75f52d15f1e,Gene Expression Quantification,1c772045-3a44-4bfe-b140-85fa2ea8dc48,Transcriptome Profiling,RNA-Seq
fc0e74d2-ab94-48b1-8e31-808bde7a3fe6,"[{'case_id': '5d688049-f271-40ef-813a-d37240ffe21c', 'submitter_id': 'TCGA-A8-A07F'}]",3f3b6a7b-94f0-40a3-9f16-32bab2854678.rna_seq.augmented_star_gene_counts.tsv,fc0e74d2-ab94-48b1-8e31-808bde7a3fe6,Gene Expression Quantification,beccb200-ee52-4610-aadf-74b32163845f,Transcriptome Profiling,RNA-Seq
7ff8696e-3809-4b96-9259-be654631d952,"[{'case_id': 'd7195183-9fe4-4b17-bcfd-9367d2e539ce', 'submitter_id': 'TCGA-B6-A0WT'}]",db01aba1-3a00-4bf9-9f24-8fba144144f3.rna_seq.augmented_star_gene_counts.tsv,7ff8696e-3809-4b96-9259-be654631d952,Gene Expression Quantification,aebe98ff-81c7-46b7-ac94-0c455053871e,Transcriptome Profiling,RNA-Seq
73edea85-f978-4c99-b9c3-fda3ffc6a065,"[{'case_id': '298a1710-deb4-4064-a0f2-da32d43aa217', 'submitter_id': 'TCGA-C8-A12Y'}]",f8efdeb0-a8f8-4e2d-a52e-43d033e4ce6f.rna_seq.augmented_star_gene_counts.tsv,73edea85-f978-4c99-b9c3-fda3ffc6a065,Gene Expression Quantification,9deb2020-956d-413a-9780-f223323b0db2,Transcriptome Profiling,RNA-Seq
c00ad8a9-ed1d-4289-aa62-3e64cb574205,"[{'case_id': 'd5cab7f5-e4f1-40ee-a0c8-4c8004c1c9a0', 'submitter_id': 'TCGA-AN-A0FF'}]",b47b2efb-02e1-4729-95ad-de05fb551bc7.rna_seq.augmented_star_gene_counts.tsv,c00ad8a9-ed1d-4289-aa62-3e64cb574205,Gene Expression Quantification,240f7ca4-a0a0-4858-89bf-f1f317329f17,Transcriptome Profiling,RNA-Seq
d657ed9a-fd92-493c-ae10-120c8b0c58d7,"[{'case_id': 'e663954c-05a8-479a-a623-400c1eb5efc6', 'submitter_id': 'TCGA-BH-A1F5'}]",57730033-1db5-4e48-81ff-b6ee4f3c0ab4.rna_seq.augmented_star_gene_counts.tsv,d657ed9a-fd92-493c-ae10-120c8b0c58d7,Gene Expression Quantification,6864bc1c-2197-4c31-9333-3a0fb880798c,Transcriptome Profiling,RNA-Seq
d5586fdb-d796-4176-84e3-11a72124b41f,"[{'case_id': 'c7d7a770-23c0-4310-ab48-1f6152dc2849', 'submitter_id': 'TCGA-D8-A1Y2'}]",f7efa9c4-e7e2-406a-98e5-596f787c810e.rna_seq.augmented_star_gene_counts.tsv,d5586fdb-d796-4176-84e3-11a72124b41f,Gene Expression Quantification,c320ab18-e602-45ea-8022-7f11fcae4ead,Transcriptome Profiling,RNA-Seq
e4f49b9c-faed-4f15-a79c-79664e2c03b6,"[{'case_id': 'ecab16bc-28d5-4c3a-8735-3c785bd047c4', 'submitter_id': 'TCGA-BH-A1FB'}]",61a614bb-2249-4611-8aac-1a8e53d4467b.rna_seq.augmented_star_gene_counts.tsv,e4f49b9c-faed-4f15-a79c-79664e2c03b6,Gene Expression Quantification,1fc8f599-2b9d-40f1-b01b-82b57fe8ae57,Transcriptome Profiling,RNA-Seq
81801e72-d293-42e0-8871-5468e33b6d89,"[{'case_id': 'fa4e082a-d213-412e-8d91-842a6f4bef12', 'submitter_id': 'TCGA-BH-A0B6'}]",08ccd8d6-3e9d-4ece-a421-98acaf272569.rna_seq.augmented_star_gene_counts.tsv,81801e72-d293-42e0-8871-5468e33b6d89,Gene Expression Quantification,fc4989b7-0ced-4e63-b571-e306ea61fcb6,Transcriptome Profiling,RNA-Seq
56be281f-e85c-4dcb-9d75-cd9ae3430bbe,"[{'case_id': '02f5ae33-a563-4ecb-9e33-dfa500a44931', 'submitter_id': 'TCGA-A8-A093'}]",92e7a9c0-ea88-419e-9afa-e7db5c8967b5.rna_seq.augmented_star_gene_counts.tsv,56be281f-e85c-4dcb-9d75-cd9ae3430bbe,Gene Expression Quantification,4744901f-5d5c-440f-afe0-9618db787f13,Transcriptome Profiling,RNA-Seq
50721c97-1a23-405b-b7b3-2955e4c62e5a,"[{'case_id': 'a8b1f6e7-2bcf-460d-b1c6-1792a9801119', 'submitter_id': 'TCGA-E9-A1NF'}]",00063026-2a67-41de-b105-f80dca277978.rna_seq.augmented_star_gene_counts.tsv,50721c97-1a23-405b-b7b3-2955e4c62e5a,Gene Expression Quantification,c82b711f-1067-427b-ae59-4f57c3f18bea,Transcriptome Profiling,RNA-Seq
0e62a6d0-87a7-4efc-922f-753328694458,"[{'case_id': '8a0ef221-8070-43fc-9d98-def90abe4871', 'submitter_id': 'TCGA-E2-A1B1'}]",c5d4a1ed-8fd3-4435-96f5-ea5e56326f20.rna_seq.augmented_star_gene_counts.tsv,0e62a6d0-87a7-4efc-922f-753328694458,Gene Expression Quantification,3ba4a310-d32c-48de-82b6-53b80b0d1598,Transcriptome Profiling,RNA-Seq
be65c37e-7aa8-466d-a1fe-102e8e25e2e9,"[{'case_id': 'e8f3cc64-5e15-4f4d-b73e-5c9b250a664c', 'submitter_id': 'TCGA-AR-A255'}]",35120b68-e618-46a1-9641-1e635f633372.rna_seq.augmented_star_gene_counts.tsv,be65c37e-7aa8-466d-a1fe-102e8e25e2e9,Gene Expression Quantification,2a6f486f-bf21-4b13-9204-f6123982ca2f,Transcriptome Profiling,RNA-Seq
f2a4b38d-bfc0-4363-9a58-b5fa2af26ff3,"[{'case_id': 'a482fc4c-ff1d-46a0-a968-7df06422cc4b', 'submitter_id': 'TCGA-B6-A0WX'}]",4665ff5e-adb6-4b88-8a42-cb25c4fda0a0.rna_seq.augmented_star_gene_counts.tsv,f2a4b38d-bfc0-4363-9a58-b5fa2af26ff3,Gene Expression Quantification,e7d0a025-cb8e-4e1b-bf82-c96dea0562cf,Transcriptome Profiling,RNA-Seq
71ea0cc0-d979-4efd-a670-1e8e8a329aca,"[{'case_id': 'a381275f-8858-4793-a8a2-0ca9db7274c8', 'submitter_id': 'TCGA-EW-A1J2'}]",0394cdb2-85e8-4cea-b572-4cb4ed779774.rna_seq.augmented_star_gene_counts.tsv,71ea0cc0-d979-4efd-a670-1e8e8a329aca,Gene Expression Quantification,b0cd1360-38a3-4a70-967a-98cf71c2182a,Transcriptome Profiling,RNA-Seq
222b562a-3ef7-4e69-a60d-54aac5104102,"[{'case_id': 'a9bb8159-32f0-454c-a946-b3286a52b9d5', 'submitter_id': 'TCGA-A1-A0SP'}]",e0527b4b-de23-4b9f-8871-13f64f6976cd.rna_seq.augmented_star_gene_counts.tsv,222b562a-3ef7-4e69-a60d-54aac5104102,Gene Expression Quantification,01c7a57e-080f-4e18-ba49-c80242b09a33,Transcriptome Profiling,RNA-Seq
3ce988e2-61c5-4f53-b9c8-cfc280649c1f,"[{'case_id': 'ee554215-bea2-4268-aaf9-784e68cdb969', 'submitter_id': 'TCGA-BH-A1F8'}]",8d2f240f-43c3-4e0d-a6cc-79f6b174dace.rna_seq.augmented_star_gene_counts.tsv,3ce988e2-61c5-4f53-b9c8-cfc280649c1f,Gene Expression Quantification,415920ba-141b-49a9-aef5-5364d3e9fdf9,Transcriptome Profiling,RNA-Seq
0d11c50a-8648-48ea-a107-e138a1d3e086,"[{'case_id': 'ee554215-bea2-4268-aaf9-784e68cdb969', 'submitter_id': 'TCGA-BH-A1F8'}]",bf3ea4a0-bcd6-4e9d-acbb-3416f6ce53b7.rna_seq.augmented_star_gene_counts.tsv,0d11c50a-8648-48ea-a107-e138a1d3e086,Gene Expression Quantification,f6fcbf9b-024f-4800-8ec8-60edf438f86d,Transcriptome Profiling,RNA-Seq
2e6baa15-85d7-43b0-8a89-a0dc169ae16a,"[{'case_id': 'e37ae674-a107-4eb3-94d8-b86b0035a9f7', 'submitter_id': 'TCGA-AC-A3HN'}]",c62cda08-6134-47c6-8796-9da0788d9717.rna_seq.augmented_star_gene_counts.tsv,2e6baa15-85d7-43b0-8a89-a0dc169ae16a,Gene Expression Quantification,39b64171-ba24-4567-a66d-adfc3de60ef6,Transcriptome Profiling,RNA-Seq
08b0fe4c-ee3c-4510-b75a-6d240cb038cc,"[{'case_id': '4bf50455-9ab7-4521-a791-089f66d3b877', 'submitter_id': 'TCGA-B6-A0RT'}]",e5bcd6f9-680e-4d57-81f3-c8e6b40bb2af.rna_seq.augmented_star_gene_counts.tsv,08b0fe4c-ee3c-4510-b75a-6d240cb038cc,Gene Expression Quantification,825ba963-7477-450f-a275-85557865c349,Transcriptome Profiling,RNA-Seq
dbe79158-b616-4c7b-94d7-5f127b3013ff,"[{'case_id': 'f947d67f-4aa2-4eb9-977e-21a5ae563613', 'submitter_id': 'TCGA-A8-A08P'}]",2dc9eaca-6dfc-4e7f-a12b-1495986e1ad4.rna_seq.augmented_star_gene_counts.tsv,dbe79158-b616-4c7b-94d7-5f127b3013ff,Gene Expression Quantification,8da2fed3-6bd6-4e19-b32e-a7ad7c382300,Transcriptome Profiling,RNA-Seq
a436c52a-e63f-4d61-bc60-eb497c196489,"[{'case_id': 'a68a3361-48b4-4bd0-999d-b4cc3d43eb4a', 'submitter_id': 'TCGA-BH-A0HN'}]",ff0feb3e-6d14-4297-ac23-1eb397663ec3.rna_seq.augmented_star_gene_counts.tsv,a436c52a-e63f-4d61-bc60-eb497c196489,Gene Expression Quantification,8331ea25-3598-4368-bff5-dfce54d5a2c3,Transcriptome Profiling,RNA-Seq
e4086c26-d200-4e42-8249-ed8cbeec0951,"[{'case_id': '96457ebf-ae88-41f4-97e5-cdc3163418aa', 'submitter_id': 'TCGA-BH-A0H0'}]",99d31369-3db2-4631-bc62-1aa6927476ad.rna_seq.augmented_star_gene_counts.tsv,e4086c26-d200-4e42-8249-ed8cbeec0951,Gene Expression Quantification,48d48210-115c-4827-a7a5-5f0b21bae0d3,Transcriptome Profiling,RNA-Seq
08837ae7-6f4f-4aa1-8722-7c404b66ed75,"[{'case_id': '30ec8b1f-28c4-4f46-8a1b-a8d51e558c7d', 'submitter_id': 'TCGA-BH-A18T'}]",828c9648-f725-4d7e-ad37-e33692e2c67f.rna_seq.augmented_star_gene_counts.tsv,08837ae7-6f4f-4aa1-8722-7c404b66ed75,Gene Expression Quantification,7891a539-6653-4003-b05a-01f6d32c1a76,Transcriptome Profiling,RNA-Seq
ad4b2d76-b4bb-457d-903f-823630a4d37b,"[{'case_id': '0f64edec-0f1f-4025-8a53-75f9534f7828', 'submitter_id': 'TCGA-BH-A0H9'}]",0940092b-46da-4975-bde7-f205fe12707b.rna_seq.augmented_star_gene_counts.tsv,ad4b2d76-b4bb-457d-903f-823630a4d37b,Gene Expression Quantification,b53d4582-aa6a-4a61-adab-0f12a4304ef0,Transcriptome Profiling,RNA-Seq
1f9a9190-4157-457e-9794-a9217d2aa2f8,"[{'case_id': 'c2b104ee-f914-4e79-9e1b-56bf88157472', 'submitter_id': 'TCGA-E2-A14S'}]",cf4160bb-9ef4-43c1-ac83-f6ca897101ee.rna_seq.augmented_star_gene_counts.tsv,1f9a9190-4157-457e-9794-a9217d2aa2f8,Gene Expression Quantification,35e9a0b5-6f1e-445f-b175-90a20713b9bc,Transcriptome Profiling,RNA-Seq
c95841fa-ea90-4a12-99aa-5c342af9e0e8,"[{'case_id': '5258294f-ef5b-4091-9183-6bcc545d54b2', 'submitter_id': 'TCGA-BH-A209'}]",4bd484be-2364-4a9c-841e-b60bee25af79.rna_seq.augmented_star_gene_counts.tsv,c95841fa-ea90-4a12-99aa-5c342af9e0e8,Gene Expression Quantification,39c641d3-d457-4afc-ae81-2782a3395d6a,Transcriptome Profiling,RNA-Seq
cd417f4e-c065-4e73-a7c7-955b2fe71add,"[{'case_id': '5ed024e8-d05e-4c65-9441-eda9930ccc82', 'submitter_id': 'TCGA-A7-A26G'}]",d05914c2-e76a-4050-b0bf-db3a08c1892e.rna_seq.augmented_star_gene_counts.tsv,cd417f4e-c065-4e73-a7c7-955b2fe71add,Gene Expression Quantification,1ed3c6e4-e340-4689-8431-3e9e6e2b6161,Transcriptome Profiling,RNA-Seq
90cb5f76-ec86-4532-8352-e6622ef24980,"[{'case_id': '90ff48c3-b14b-4a8b-94a1-98c0bab0d27b', 'submitter_id': 'TCGA-W8-A86G'}]",01900aab-4c12-4198-b41f-ff638e5abe3b.rna_seq.augmented_star_gene_counts.tsv,90cb5f76-ec86-4532-8352-e6622ef24980,Gene Expression Quantification,3141f410-7586-4b91-9268-d7384a172f3d,Transcriptome Profiling,RNA-Seq
c71bfebf-e152-4706-bd72-07103f936a85,"[{'case_id': '2476dda9-da2a-4242-9642-b92b8b9b1c79', 'submitter_id': 'TCGA-B6-A0IH'}]",b35a11fb-548c-4b6c-99e7-c4114be6411a.rna_seq.augmented_star_gene_counts.tsv,c71bfebf-e152-4706-bd72-07103f936a85,Gene Expression Quantification,239ed06e-6c68-4684-b28e-ef334bb971d9,Transcriptome Profiling,RNA-Seq
ef227e3c-7a6d-4c43-945f-c1c7b410d50b,"[{'case_id': '029ce650-5e5a-4100-8596-cd94300e7ef5', 'submitter_id': 'TCGA-E2-A574'}]",dbb2f12c-e200-412a-9023-0126d6d69a52.rna_seq.augmented_star_gene_counts.tsv,ef227e3c-7a6d-4c43-945f-c1c7b410d50b,Gene Expression Quantification,b8139341-d7bb-4e8c-832a-5075eb76904d,Transcriptome Profiling,RNA-Seq
76367cee-b571-49e5-8121-9e69f906c230,"[{'case_id': '0ed9ad26-7fdc-4d75-93f9-d029eee94993', 'submitter_id': 'TCGA-A1-A0SG'}]",370e6381-c31a-475b-b2c7-2c5de9e2c8ec.rna_seq.augmented_star_gene_counts.tsv,76367cee-b571-49e5-8121-9e69f906c230,Gene Expression Quantification,293dc2eb-0842-444b-ac14-3f28ffb894f2,Transcriptome Profiling,RNA-Seq
537ec810-35bc-47d8-8242-72ef91cd63e0,"[{'case_id': 'a4903de8-6cf5-4541-8ec7-065beace8b44', 'submitter_id': 'TCGA-AO-A0J9'}]",3ee530ee-274d-44de-9793-a75433ddf938.rna_seq.augmented_star_gene_counts.tsv,537ec810-35bc-47d8-8242-72ef91cd63e0,Gene Expression Quantification,e78e8a09-dbf3-4ef1-a649-23885ddcb1bc,Transcriptome Profiling,RNA-Seq
2a18db7b-b054-4210-b8cb-a647c26f90c1,"[{'case_id': 'dd3bfb26-b534-4917-9c4d-9fe7b6477762', 'submitter_id': 'TCGA-E9-A1RI'}]",5dfb4024-ca51-4296-9fc7-0037b7b1e27b.rna_seq.augmented_star_gene_counts.tsv,2a18db7b-b054-4210-b8cb-a647c26f90c1,Gene Expression Quantification,a2e68454-0084-4608-8bb6-0b34528f7224,Transcriptome Profiling,RNA-Seq
5599b7dd-7c2a-4037-ad77-11a0b4ddcb54,"[{'case_id': 'bb026999-0aab-4232-96d7-2c93b6c9691d', 'submitter_id': 'TCGA-A2-A3KD'}]",6cbfdf8b-fd71-4b6a-b360-1573ee5241a1.rna_seq.augmented_star_gene_counts.tsv,5599b7dd-7c2a-4037-ad77-11a0b4ddcb54,Gene Expression Quantification,cc498fee-bfde-4e86-a03e-b13f2b01b67a,Transcriptome Profiling,RNA-Seq
2040d4e4-0ecb-4081-9478-9d2707833a1b,"[{'case_id': '52c35691-efca-42f5-a03e-02c9f872275c', 'submitter_id': 'TCGA-C8-A1HK'}]",10376443-40df-451a-91e5-6be34850558c.rna_seq.augmented_star_gene_counts.tsv,2040d4e4-0ecb-4081-9478-9d2707833a1b,Gene Expression Quantification,2c5fbbac-5b40-4ad4-99e8-2482c271ca74,Transcriptome Profiling,RNA-Seq
c15e9ead-0373-486e-a99b-26b96bd3ccc4,"[{'case_id': '359f12f9-5c41-48a4-85bc-fd7e307bf7d8', 'submitter_id': 'TCGA-EW-A1P8'}]",27c65ed6-9e9d-4a9d-9b6f-76d2a12f7699.rna_seq.augmented_star_gene_counts.tsv,c15e9ead-0373-486e-a99b-26b96bd3ccc4,Gene Expression Quantification,cc1ab19e-2031-417a-afaa-3cf8b1171e93,Transcriptome Profiling,RNA-Seq
280141da-fd54-4901-bc15-5d106c56fb23,"[{'case_id': 'c710f4ab-fbd9-42ed-95d4-4e6d51207f38', 'submitter_id': 'TCGA-BH-A0B4'}]",aad82145-5742-4ef6-9de3-2c57e84642fc.rna_seq.augmented_star_gene_counts.tsv,280141da-fd54-4901-bc15-5d106c56fb23,Gene Expression Quantification,e44127c6-4147-4d0e-9cf0-0a86d5ff5269,Transcriptome Profiling,RNA-Seq
81f86e31-55db-4483-b6e0-55451ffbd1db,"[{'case_id': '095c7985-3842-494f-b591-706ad1cd2133', 'submitter_id': 'TCGA-AO-A03M'}]",a31cd337-8f1a-451d-9b90-b722590d3105.rna_seq.augmented_star_gene_counts.tsv,81f86e31-55db-4483-b6e0-55451ffbd1db,Gene Expression Quantification,738ff2ec-1d66-409a-9d5d-b80250e0d83b,Transcriptome Profiling,RNA-Seq
845def46-3502-40a8-aff1-8d021906cee5,"[{'case_id': 'a6502f17-6bee-4d5a-8520-06364593d39c', 'submitter_id': 'TCGA-EW-A424'}]",4abffa72-e45a-405a-b53b-73900d48253d.rna_seq.augmented_star_gene_counts.tsv,845def46-3502-40a8-aff1-8d021906cee5,Gene Expression Quantification,0e03b9f3-af30-4d38-bd6d-a74ce861c521,Transcriptome Profiling,RNA-Seq
8a7fe670-bcef-4fcb-9759-9892ff5f4f61,"[{'case_id': '92b5de82-0221-4df1-8094-80f40c0bb4fa', 'submitter_id': 'TCGA-BH-A0BL'}]",a7428d3b-f84b-4c2f-a996-14a11af6b6df.rna_seq.augmented_star_gene_counts.tsv,8a7fe670-bcef-4fcb-9759-9892ff5f4f61,Gene Expression Quantification,8ab9f0e4-ddca-4f14-a866-f99f48e80ba7,Transcriptome Profiling,RNA-Seq
1c74a1ed-8000-4dc0-970f-03831ca5e167,"[{'case_id': '27dfb9d4-3a2c-44bc-9acf-8f638d3f3004', 'submitter_id': 'TCGA-BH-A0GZ'}]",9935bf3a-de25-401c-bf1b-5225a62b24f7.rna_seq.augmented_star_gene_counts.tsv,1c74a1ed-8000-4dc0-970f-03831ca5e167,Gene Expression Quantification,9b7bdfdb-6fff-46b9-bbb4-82bd0aec3a4e,Transcriptome Profiling,RNA-Seq
2faa9332-e577-4884-94e4-b895827db8b6,"[{'case_id': 'a824b3bd-34d5-4cc1-a92f-f9d6ac0f1814', 'submitter_id': 'TCGA-C8-A12Q'}]",8b5be676-9118-4038-9d54-6b80b14e43dc.rna_seq.augmented_star_gene_counts.tsv,2faa9332-e577-4884-94e4-b895827db8b6,Gene Expression Quantification,5cd29aae-4e39-41b0-a516-55cbf9c3630d,Transcriptome Profiling,RNA-Seq
0c0ddcd7-8b4c-4489-b642-e48c4ab4602a,"[{'case_id': '9c55032f-4db7-4026-ae83-8d060dd8e3fe', 'submitter_id': 'TCGA-D8-A27I'}]",d1ad6c3b-4e2a-40cd-b3e6-098b845d59cb.rna_seq.augmented_star_gene_counts.tsv,0c0ddcd7-8b4c-4489-b642-e48c4ab4602a,Gene Expression Quantification,1749dcf2-3cdb-4646-a81c-edab68de164d,Transcriptome Profiling,RNA-Seq
d757b1cc-31a6-495a-ae82-c63b031ece49,"[{'case_id': 'ad18820b-a804-49c0-ba8a-86c09fa6bce2', 'submitter_id': 'TCGA-BH-A1F6'}]",898f9214-8dab-4b92-9233-70c06c60078c.rna_seq.augmented_star_gene_counts.tsv,d757b1cc-31a6-495a-ae82-c63b031ece49,Gene Expression Quantification,8d6e7a39-5ae7-4dd7-b916-82debffa80fb,Transcriptome Profiling,RNA-Seq
ca6e4602-bcd4-4299-bd31-37f585658b8a,"[{'case_id': '9676e46b-8f29-43cd-ab65-eb6a535cced4', 'submitter_id': 'TCGA-EW-A6S9'}]",1c3dbd2f-1c07-48cb-a844-0b1b3eb14e0d.rna_seq.augmented_star_gene_counts.tsv,ca6e4602-bcd4-4299-bd31-37f585658b8a,Gene Expression Quantification,228e0d9a-3e13-4cf9-9aa2-6d79ca6dfa5d,Transcriptome Profiling,RNA-Seq
f2bf29d2-4c33-4810-90e8-88f37ea47bc8,"[{'case_id': '6f89509c-f802-482e-b4da-94553aa76fe9', 'submitter_id': 'TCGA-AR-A24H'}]",139b1f70-02f6-4f5e-84b3-81d3677b3f8c.rna_seq.augmented_star_gene_counts.tsv,f2bf29d2-4c33-4810-90e8-88f37ea47bc8,Gene Expression Quantification,97ac87fe-92e3-43f2-a891-f42d9f3b58a3,Transcriptome Profiling,RNA-Seq
e25bb12b-f88b-41c5-951e-a36d4b94008f,"[{'case_id': 'ca20249f-b7ea-4fd9-9ecb-34f74755ae35', 'submitter_id': 'TCGA-XX-A89A'}]",73e13f2d-a557-47f2-85e2-7bb8e3a48ef9.rna_seq.augmented_star_gene_counts.tsv,e25bb12b-f88b-41c5-951e-a36d4b94008f,Gene Expression Quantification,48572a2a-02b0-4f18-96c8-b6f5188c5eff,Transcriptome Profiling,RNA-Seq
71175258-a00a-4035-8f33-eb48bf04066f,"[{'case_id': 'ed2617c3-5d3b-4688-9283-0f8a10e0b10d', 'submitter_id': 'TCGA-E9-A5UO'}]",c98940e5-aff4-4eec-9cd7-708584356a5f.rna_seq.augmented_star_gene_counts.tsv,71175258-a00a-4035-8f33-eb48bf04066f,Gene Expression Quantification,77bdf26d-b9fd-4acf-a7a0-79b19d843c81,Transcriptome Profiling,RNA-Seq
ff1f2f31-8607-4627-b487-c5e39e7c30f5,"[{'case_id': '747083ff-0703-431b-aad4-f2adff739516', 'submitter_id': 'TCGA-BH-A18G'}]",deb7967f-9339-4bb1-ae0b-81a72a472bba.rna_seq.augmented_star_gene_counts.tsv,ff1f2f31-8607-4627-b487-c5e39e7c30f5,Gene Expression Quantification,f6c3c955-7198-4af4-a98c-c1d3a60b41dd,Transcriptome Profiling,RNA-Seq
63454d5d-a654-4be0-b812-dd5c98d07ea1,"[{'case_id': 'fa176764-a76f-44c7-b97a-cd6d21e052be', 'submitter_id': 'TCGA-E2-A1LB'}]",c63e3277-327a-4259-84f2-13d9a2c2d68a.rna_seq.augmented_star_gene_counts.tsv,63454d5d-a654-4be0-b812-dd5c98d07ea1,Gene Expression Quantification,ab63efc5-2d9b-494f-abf4-2a541de3f507,Transcriptome Profiling,RNA-Seq
e2a43c17-8973-49bc-a1f3-30afa26ef5f1,"[{'case_id': 'b804f7ae-da8f-4414-be11-f880f1859160', 'submitter_id': 'TCGA-B6-A0IC'}]",4ac28e68-1f0c-4e95-bdb3-4afc7dcfc34c.rna_seq.augmented_star_gene_counts.tsv,e2a43c17-8973-49bc-a1f3-30afa26ef5f1,Gene Expression Quantification,d7191c2b-3c76-463c-bdc1-dbf036392fe0,Transcriptome Profiling,RNA-Seq
064215bd-9ec9-4a16-8ea2-9c6604156398,"[{'case_id': '0f7ab21b-1fd0-45e0-9a47-17c4691eb84f', 'submitter_id': 'TCGA-E2-A15S'}]",af83a9af-a11f-4c29-a61f-8f0d2b5868c1.rna_seq.augmented_star_gene_counts.tsv,064215bd-9ec9-4a16-8ea2-9c6604156398,Gene Expression Quantification,91b409bb-bbf8-43c9-b2a1-f8cf58c6e4f7,Transcriptome Profiling,RNA-Seq
fc1ea7f7-814a-43c5-a841-fb0c11734603,"[{'case_id': '6f0fd68f-ed6a-4c9e-be02-c97ba4950f76', 'submitter_id': 'TCGA-GM-A3XG'}]",10ce58cf-c9ee-4be2-899d-4c20c788effc.rna_seq.augmented_star_gene_counts.tsv,fc1ea7f7-814a-43c5-a841-fb0c11734603,Gene Expression Quantification,9b078170-9342-43ad-8bde-7feffc5badf0,Transcriptome Profiling,RNA-Seq
2abc5233-1389-4efb-ba21-de05251ab25a,"[{'case_id': '074e8b06-3929-4896-9263-3b80ad6a355b', 'submitter_id': 'TCGA-AR-A24S'}]",b31c9e1c-be79-4264-81a3-40b67f1f0bde.rna_seq.augmented_star_gene_counts.tsv,2abc5233-1389-4efb-ba21-de05251ab25a,Gene Expression Quantification,d05ec196-3c50-4645-a3be-42f83d6b0593,Transcriptome Profiling,RNA-Seq
ee447251-5c90-426f-a0c7-bd2041189761,"[{'case_id': '23f438bd-1dbb-4d46-972f-1e8e74ddbd37', 'submitter_id': 'TCGA-Z7-A8R5'}]",06a03e45-7315-4a8d-9fef-d841a4a8043c.rna_seq.augmented_star_gene_counts.tsv,ee447251-5c90-426f-a0c7-bd2041189761,Gene Expression Quantification,70421d96-9d69-40ca-89cf-e1073e8b2bdb,Transcriptome Profiling,RNA-Seq
9684fb22-becb-44dc-8d84-4c8540507c8c,"[{'case_id': '65cde5d5-1efc-4e30-b1bd-a93598794f2c', 'submitter_id': 'TCGA-C8-A12X'}]",13295142-1853-417f-a798-60c41fd90166.rna_seq.augmented_star_gene_counts.tsv,9684fb22-becb-44dc-8d84-4c8540507c8c,Gene Expression Quantification,1aa6f69e-266f-4f6c-8269-9152ab99e038,Transcriptome Profiling,RNA-Seq
ad67e3a9-1751-4e6f-a962-2175f824f96d,"[{'case_id': '59bf0ce4-715a-4017-bccb-c59916e78324', 'submitter_id': 'TCGA-A8-A07U'}]",68503654-dd77-48f1-abab-aca55258dca4.rna_seq.augmented_star_gene_counts.tsv,ad67e3a9-1751-4e6f-a962-2175f824f96d,Gene Expression Quantification,d5f8018e-c73b-40c0-b7c4-1d6c01d409a4,Transcriptome Profiling,RNA-Seq
75d5bcb2-3055-4b6a-822c-1aa37a9f1337,"[{'case_id': '7032ec9c-e96b-4642-a7b6-d0aee7a3add2', 'submitter_id': 'TCGA-A2-A0EV'}]",b8542fa9-5521-48bc-ae1b-4e12a1744e0d.rna_seq.augmented_star_gene_counts.tsv,75d5bcb2-3055-4b6a-822c-1aa37a9f1337,Gene Expression Quantification,261d6818-b027-426d-91b4-3f5ec4e82af4,Transcriptome Profiling,RNA-Seq
befa225f-9fe9-412f-a503-449874cf52d8,"[{'case_id': '71229981-97c2-4ae1-a130-fe5de336b37d', 'submitter_id': 'TCGA-C8-A12T'}]",9fb65d01-d51d-4cbb-99f3-a09f5d6c206b.rna_seq.augmented_star_gene_counts.tsv,befa225f-9fe9-412f-a503-449874cf52d8,Gene Expression Quantification,b0640a60-e4ca-4ab2-81be-713c2b60c649,Transcriptome Profiling,RNA-Seq
92fc6274-1d0f-4e1c-a124-9e5135753d99,"[{'case_id': '7455d832-ad66-40df-85d7-3a7051c4498d', 'submitter_id': 'TCGA-A2-A0ER'}]",52df14ea-5feb-481a-855e-0a6176744a73.rna_seq.augmented_star_gene_counts.tsv,92fc6274-1d0f-4e1c-a124-9e5135753d99,Gene Expression Quantification,3cae81c9-0a5c-4d3d-8aec-b97909e0ec06,Transcriptome Profiling,RNA-Seq
6d488c27-ae90-41d4-8ddb-01a8eb731f0e,"[{'case_id': '72cd1b17-d349-4551-83f7-3062ce9db865', 'submitter_id': 'TCGA-A2-A0YI'}]",619785ac-0041-4b26-a887-d8ca021eaab1.rna_seq.augmented_star_gene_counts.tsv,6d488c27-ae90-41d4-8ddb-01a8eb731f0e,Gene Expression Quantification,aaa0b9e4-611c-4271-aa46-61f204218a95,Transcriptome Profiling,RNA-Seq
26415014-f0fe-4b7c-b9dc-2a6f85d47a5e,"[{'case_id': '739cb132-51e9-41be-8064-311a13da0d74', 'submitter_id': 'TCGA-D8-A1XA'}]",231b4ae3-8543-47f4-a9f6-0ac26210b26d.rna_seq.augmented_star_gene_counts.tsv,26415014-f0fe-4b7c-b9dc-2a6f85d47a5e,Gene Expression Quantification,f8ce2dd8-3137-4d36-bccc-0caf73b7c996,Transcriptome Profiling,RNA-Seq
64bfe46f-8152-4c70-b69d-ea412a4dfcff,"[{'case_id': '99e32c59-aa73-43fa-88c9-399ddadb2c72', 'submitter_id': 'TCGA-A2-A0D2'}]",b25117ce-5a14-4b43-bbfe-513b957464d0.rna_seq.augmented_star_gene_counts.tsv,64bfe46f-8152-4c70-b69d-ea412a4dfcff,Gene Expression Quantification,f895fb16-48aa-4c6d-8927-1855030eca2f,Transcriptome Profiling,RNA-Seq
0648c6fc-df6d-450a-a5a0-e5655febbdf1,"[{'case_id': '752ad011-79e0-494f-9868-98bf6feb28f8', 'submitter_id': 'TCGA-E2-A14N'}]",f532a6be-de3e-420c-960a-23627589e7ad.rna_seq.augmented_star_gene_counts.tsv,0648c6fc-df6d-450a-a5a0-e5655febbdf1,Gene Expression Quantification,32f65394-9c0f-45ff-800c-3337b0721111,Transcriptome Profiling,RNA-Seq
59980021-265a-4817-b7ea-02908a52cbcb,"[{'case_id': '9ce7ce09-4409-4fa3-9f78-b2b24716f860', 'submitter_id': 'TCGA-A2-A04Y'}]",2973fc8f-d20c-4cf3-b183-2ac32df73ae7.rna_seq.augmented_star_gene_counts.tsv,59980021-265a-4817-b7ea-02908a52cbcb,Gene Expression Quantification,1a57369b-63a9-4bc5-b0c5-e2ecf27be187,Transcriptome Profiling,RNA-Seq
4c9005a5-2cca-4cc3-9a6d-09eb76d780ab,"[{'case_id': '9ced0c70-c46c-4f98-8f48-840defe4b8b1', 'submitter_id': 'TCGA-D8-A1JA'}]",fb9c23f2-8694-41ca-a126-a5a131abeac1.rna_seq.augmented_star_gene_counts.tsv,4c9005a5-2cca-4cc3-9a6d-09eb76d780ab,Gene Expression Quantification,aa6c0563-f408-4774-b350-4935e1691449,Transcriptome Profiling,RNA-Seq
b6bbcd01-c1a3-42b8-afe7-c17b987903b0,"[{'case_id': '9f3cc92b-fa22-478e-a2e4-6b4c8afb93d6', 'submitter_id': 'TCGA-E9-A24A'}]",a3624554-07c8-41d7-9b6b-f4cbf9de9301.rna_seq.augmented_star_gene_counts.tsv,b6bbcd01-c1a3-42b8-afe7-c17b987903b0,Gene Expression Quantification,8c95965e-7ff7-4ffc-a6b7-5970c49762a9,Transcriptome Profiling,RNA-Seq
1a4e1855-911d-4eb4-bc77-547bc3b8e063,"[{'case_id': '9ba11ea8-97d3-464a-90a4-ec1151be9088', 'submitter_id': 'TCGA-PL-A8LY'}]",ce76e826-0792-4dec-ace7-7efa3bb8db94.rna_seq.augmented_star_gene_counts.tsv,1a4e1855-911d-4eb4-bc77-547bc3b8e063,Gene Expression Quantification,82e67df3-5300-4ceb-bc6a-4995719cd527,Transcriptome Profiling,RNA-Seq
3690d431-165d-40bb-af61-cfda445b3be8,"[{'case_id': '9c1ceb7d-6fed-4c2f-a89a-bf3c5b15ca58', 'submitter_id': 'TCGA-BH-A18I'}]",0e8857f9-6f8b-46c5-a019-9c69bdc50525.rna_seq.augmented_star_gene_counts.tsv,3690d431-165d-40bb-af61-cfda445b3be8,Gene Expression Quantification,7686d77d-c72a-471b-94fb-cf108f6f7d92,Transcriptome Profiling,RNA-Seq
cba08218-0a7b-4425-8776-b240fac9b6cf,"[{'case_id': '9c895825-d6f6-4d14-a662-23212200f6e5', 'submitter_id': 'TCGA-AR-A5QM'}]",fd71e0e9-e77a-465b-b118-b1f9665d5797.rna_seq.augmented_star_gene_counts.tsv,cba08218-0a7b-4425-8776-b240fac9b6cf,Gene Expression Quantification,93d8026c-3c98-484f-b5c0-d7deb4dad260,Transcriptome Profiling,RNA-Seq
0019c951-16c5-48d0-85c8-58d96b12d330,"[{'case_id': '6a186809-3422-41d0-83d2-867145830936', 'submitter_id': 'TCGA-D8-A1XO'}]",ba295155-272e-43eb-9d6a-e4c9c392e68b.rna_seq.augmented_star_gene_counts.tsv,0019c951-16c5-48d0-85c8-58d96b12d330,Gene Expression Quantification,524c1263-88ef-4112-ad35-f40f8de948d3,Transcriptome Profiling,RNA-Seq
2e753306-2df6-4666-b1ce-06992d109d02,"[{'case_id': '6644fd4e-d2fe-4785-a73c-0f36fcc740e2', 'submitter_id': 'TCGA-A1-A0SO'}]",3a6cc4be-eff8-4725-a416-46ed35316192.rna_seq.augmented_star_gene_counts.tsv,2e753306-2df6-4666-b1ce-06992d109d02,Gene Expression Quantification,e11eaf82-0fc3-48be-b098-4fd8a34dabad,Transcriptome Profiling,RNA-Seq
e5393dc3-65d0-4d65-bb75-2fed770af595,"[{'case_id': '680f23a9-fcce-493e-b908-27c1ad202e4c', 'submitter_id': 'TCGA-D8-A27E'}]",d636f6ce-e820-4e8a-969f-c3ac2d46b191.rna_seq.augmented_star_gene_counts.tsv,e5393dc3-65d0-4d65-bb75-2fed770af595,Gene Expression Quantification,4153f565-45b1-4ae8-9592-3e8846bde585,Transcriptome Profiling,RNA-Seq
97dd05b6-58a9-43ab-9e03-faa105d2a700,"[{'case_id': '665dd3d3-779c-4abd-b5d7-13342340451d', 'submitter_id': 'TCGA-BH-A18N'}]",40a4fc74-f345-4940-be5c-249013782e4f.rna_seq.augmented_star_gene_counts.tsv,97dd05b6-58a9-43ab-9e03-faa105d2a700,Gene Expression Quantification,cefbb0a6-ee5e-4651-b49a-d8e3b36b178f,Transcriptome Profiling,RNA-Seq
7f2773df-bece-43e0-94ff-46ba7dcf713e,"[{'case_id': '69054195-9e93-49e5-b820-69b0091cc2d4', 'submitter_id': 'TCGA-A8-A06O'}]",948f1e9e-702b-4f42-a766-fb6b4976b14d.rna_seq.augmented_star_gene_counts.tsv,7f2773df-bece-43e0-94ff-46ba7dcf713e,Gene Expression Quantification,72d679db-8df0-415e-a321-cfa0e6da9459,Transcriptome Profiling,RNA-Seq
bab81011-81b1-4fa4-bda1-fddec99245f5,"[{'case_id': '9ddc014d-9a8b-407b-845f-452a73f08e5e', 'submitter_id': 'TCGA-A2-A4S2'}]",c07f871d-fea0-401a-b0c5-ec5685c311d7.rna_seq.augmented_star_gene_counts.tsv,bab81011-81b1-4fa4-bda1-fddec99245f5,Gene Expression Quantification,1c34f129-2ab2-47f0-a89f-692e092c205e,Transcriptome Profiling,RNA-Seq
9bb406c8-2b8e-410e-8bca-02a778312056,"[{'case_id': '6956473b-92e5-4069-a26b-b48e280e76f2', 'submitter_id': 'TCGA-B6-A0RU'}]",4152a167-7b5f-4415-81f8-b22732cc6ef7.rna_seq.augmented_star_gene_counts.tsv,9bb406c8-2b8e-410e-8bca-02a778312056,Gene Expression Quantification,a2e98b4f-0779-499e-a836-87ccac62e71c,Transcriptome Profiling,RNA-Seq
23ac8b84-f000-45ea-ad35-a46323d3670a,"[{'case_id': '6cb6f179-defd-4661-af0a-c353b74c0c49', 'submitter_id': 'TCGA-A7-A26J'}]",df6189e5-bd61-4be2-9d31-efef56cb4739.rna_seq.augmented_star_gene_counts.tsv,23ac8b84-f000-45ea-ad35-a46323d3670a,Gene Expression Quantification,dec0a533-38b2-4e23-9691-26986b7cf32b,Transcriptome Profiling,RNA-Seq
a853d2bb-b696-493a-9451-59dcedde5f20,"[{'case_id': '67c73260-a242-4bba-87c5-d2302556dff7', 'submitter_id': 'TCGA-AC-A3TM'}]",d078b2ae-790a-4220-98a0-18d311996ed5.rna_seq.augmented_star_gene_counts.tsv,a853d2bb-b696-493a-9451-59dcedde5f20,Gene Expression Quantification,d867d33a-ea6b-42e6-9cbe-36d4308a137d,Transcriptome Profiling,RNA-Seq
9e056a2a-a643-478a-b96c-85d5221f487a,"[{'case_id': 'cb9f5e50-f49d-4899-8895-9367afcc1015', 'submitter_id': 'TCGA-A7-A0DC'}]",c6a90de3-979b-46b0-9f84-2875c1e38742.rna_seq.augmented_star_gene_counts.tsv,9e056a2a-a643-478a-b96c-85d5221f487a,Gene Expression Quantification,3d59a3bc-6bcf-40f7-b1d0-c9f21286d3f7,Transcriptome Profiling,RNA-Seq
3e8cff80-ed17-479c-8327-ca8e71ee7482,"[{'case_id': 'cb9f5e50-f49d-4899-8895-9367afcc1015', 'submitter_id': 'TCGA-A7-A0DC'}]",0c814cd9-5b2c-4764-9e6a-6ad0403fcd7d.rna_seq.augmented_star_gene_counts.tsv,3e8cff80-ed17-479c-8327-ca8e71ee7482,Gene Expression Quantification,cb7d2cb1-1608-402a-8e64-e3e7c8fece1a,Transcriptome Profiling,RNA-Seq
0e1999e0-9c02-4804-88b6-60b46d100739,"[{'case_id': 'cb9f5e50-f49d-4899-8895-9367afcc1015', 'submitter_id': 'TCGA-A7-A0DC'}]",db5dab56-838e-4784-a7cf-f05296e356f7.rna_seq.augmented_star_gene_counts.tsv,0e1999e0-9c02-4804-88b6-60b46d100739,Gene Expression Quantification,9a4edc74-b332-4e2c-9b49-c53a115f1118,Transcriptome Profiling,RNA-Seq
385ddd6f-c126-4c4f-acde-1ef2d74d3639,"[{'case_id': '0a017f15-1c6b-45e7-8d55-e0a71df1b2e8', 'submitter_id': 'TCGA-A8-A08F'}]",616b6b60-8c4a-4d85-9a24-f47df6ad497e.rna_seq.augmented_star_gene_counts.tsv,385ddd6f-c126-4c4f-acde-1ef2d74d3639,Gene Expression Quantification,f1681124-61e3-4c87-8035-5a42f1f57d0e,Transcriptome Profiling,RNA-Seq
79bfddcc-1d7b-43a7-9221-8f230eca31d8,"[{'case_id': '09765b0a-94f6-47d2-af56-93368084ac3a', 'submitter_id': 'TCGA-A7-A0CD'}]",0a9e33db-2527-4cc3-8669-a7c10fed7a7f.rna_seq.augmented_star_gene_counts.tsv,79bfddcc-1d7b-43a7-9221-8f230eca31d8,Gene Expression Quantification,95d48cdc-6152-4446-a0ed-66c8f826bbbf,Transcriptome Profiling,RNA-Seq
9dcf3c95-cc67-4a83-a2c8-12cbce82b9c4,"[{'case_id': '6f959c92-b79f-4f84-9ee5-d07d3212d52d', 'submitter_id': 'TCGA-A8-A09K'}]",4ab26a32-f816-4aee-9130-12a0b3604db0.rna_seq.augmented_star_gene_counts.tsv,9dcf3c95-cc67-4a83-a2c8-12cbce82b9c4,Gene Expression Quantification,3154d50e-94aa-4951-a2ce-a03766c55d0c,Transcriptome Profiling,RNA-Seq
7acdca8d-6231-4077-b7ac-eec857c43092,"[{'case_id': 'd093173f-08ab-4138-bf3c-399c45a6e163', 'submitter_id': 'TCGA-AR-A2LR'}]",17efe3f1-a97a-4e26-b28a-98702fd3c42b.rna_seq.augmented_star_gene_counts.tsv,7acdca8d-6231-4077-b7ac-eec857c43092,Gene Expression Quantification,4d6c4ddb-0568-41c1-9e09-e3ee0893456c,Transcriptome Profiling,RNA-Seq
db921dd3-3d39-4b42-b2ff-dbe0f6c9f093,"[{'case_id': '33fe5833-d7a0-43d7-a03d-56985ea448a6', 'submitter_id': 'TCGA-GI-A2C8'}]",93f26994-d3de-4c8a-bfde-86af8d85b01a.rna_seq.augmented_star_gene_counts.tsv,db921dd3-3d39-4b42-b2ff-dbe0f6c9f093,Gene Expression Quantification,e9a794c6-05a6-4313-a399-876fbd7831f1,Transcriptome Profiling,RNA-Seq
c6ec90b5-d323-4a55-b48a-c3acf38557ba,"[{'case_id': '1502c7d7-1535-4e56-9f34-30623acd50d5', 'submitter_id': 'TCGA-B6-A1KC'}]",92e64d91-88d8-4b1f-ab56-b593748b9f19.rna_seq.augmented_star_gene_counts.tsv,c6ec90b5-d323-4a55-b48a-c3acf38557ba,Gene Expression Quantification,6f980077-26e4-4e0b-83bf-fdd15fcc2eca,Transcriptome Profiling,RNA-Seq
b46720bc-7f5a-4bf4-a2a3-3d9fe500d193,"[{'case_id': '444374f8-9282-439c-af00-0f828edcbff3', 'submitter_id': 'TCGA-C8-A1HI'}]",0633890f-584c-43d9-aa3f-7a6555533dd8.rna_seq.augmented_star_gene_counts.tsv,b46720bc-7f5a-4bf4-a2a3-3d9fe500d193,Gene Expression Quantification,2d535506-eebe-47d6-bb57-950bf089ab9e,Transcriptome Profiling,RNA-Seq
3eadce70-ba3d-4806-b112-6ac83bc89dc4,"[{'case_id': '7875018b-91dc-4ab1-83b0-ee3883e2816e', 'submitter_id': 'TCGA-BH-A0C0'}]",a3595c7e-948b-4d93-a623-477d7af84e15.rna_seq.augmented_star_gene_counts.tsv,3eadce70-ba3d-4806-b112-6ac83bc89dc4,Gene Expression Quantification,ad8e2842-fb86-4074-b9cb-d67197e99d6a,Transcriptome Profiling,RNA-Seq
ed0aae7b-f815-4dc8-a98f-5844602cbaea,"[{'case_id': '8cf8b620-7ab6-4b6e-84bc-ff5a83f381fa', 'submitter_id': 'TCGA-A8-A07G'}]",b773c30d-f37b-4aee-8330-a159d42d3019.rna_seq.augmented_star_gene_counts.tsv,ed0aae7b-f815-4dc8-a98f-5844602cbaea,Gene Expression Quantification,34706e62-ccba-44e4-ba73-71d2f23e3f0c,Transcriptome Profiling,RNA-Seq
58037e4a-a82f-42a9-84a1-715966343bd4,"[{'case_id': '8631969d-4ac6-4fe1-9db3-d47db604494a', 'submitter_id': 'TCGA-E9-A1R2'}]",2b67c3b5-330e-41e4-95cf-028d37fe91e1.rna_seq.augmented_star_gene_counts.tsv,58037e4a-a82f-42a9-84a1-715966343bd4,Gene Expression Quantification,738f49d5-a061-4887-9e5f-cbccfb802cc5,Transcriptome Profiling,RNA-Seq
be002264-f534-49b3-90d1-fd5a3f622fb2,"[{'case_id': '1c40b84e-a0e3-429f-a48c-21566cf881c0', 'submitter_id': 'TCGA-D8-A143'}]",f0024165-4df2-454e-a0cb-17720455c0c9.rna_seq.augmented_star_gene_counts.tsv,be002264-f534-49b3-90d1-fd5a3f622fb2,Gene Expression Quantification,bbc1a877-bad9-4dab-8224-eea640420499,Transcriptome Profiling,RNA-Seq
acfa0ea5-3345-4734-9917-d3acc10d1a15,"[{'case_id': '9ddc3e7b-8b54-4a83-8335-8053940f56c1', 'submitter_id': 'TCGA-BH-A18L'}]",9d515fd5-009a-4c32-95e7-042909d70b9f.rna_seq.augmented_star_gene_counts.tsv,acfa0ea5-3345-4734-9917-d3acc10d1a15,Gene Expression Quantification,f332922e-6da6-4677-9f28-e05738b9dc84,Transcriptome Profiling,RNA-Seq
836f61df-2b3d-4e1f-abcc-37734091b746,"[{'case_id': '9ddc3e7b-8b54-4a83-8335-8053940f56c1', 'submitter_id': 'TCGA-BH-A18L'}]",815b70e5-858d-416d-94aa-6749960883ce.rna_seq.augmented_star_gene_counts.tsv,836f61df-2b3d-4e1f-abcc-37734091b746,Gene Expression Quantification,9cdae80d-3cc2-4d5f-8229-afff7e063f69,Transcriptome Profiling,RNA-Seq
b0cc3c29-89fe-4010-8f56-137f2b897bce,"[{'case_id': '3558dec7-eae3-4a41-a217-266c6a4535fb', 'submitter_id': 'TCGA-E2-A1LI'}]",f7c6320e-0c39-4b92-9a25-fd4e03b70362.rna_seq.augmented_star_gene_counts.tsv,b0cc3c29-89fe-4010-8f56-137f2b897bce,Gene Expression Quantification,61232ad9-f074-4f43-948f-a4534e2493a9,Transcriptome Profiling,RNA-Seq
987603ab-513b-44d6-8b8e-344fd299a81a,"[{'case_id': '70f34c5c-3671-44c8-9469-99f9786efec1', 'submitter_id': 'TCGA-D8-A1XR'}]",204cf188-2162-43ac-bad4-8304622f3090.rna_seq.augmented_star_gene_counts.tsv,987603ab-513b-44d6-8b8e-344fd299a81a,Gene Expression Quantification,3add55fd-4202-4570-866c-00ab96fcf98a,Transcriptome Profiling,RNA-Seq
e3a49d98-c7d6-45a1-a8cb-33bab31186c2,"[{'case_id': '0b23b5fe-6c7e-4297-bc55-f93fcb830ac4', 'submitter_id': 'TCGA-D8-A27R'}]",93f8d395-2512-41fc-992e-236b706dd281.rna_seq.augmented_star_gene_counts.tsv,e3a49d98-c7d6-45a1-a8cb-33bab31186c2,Gene Expression Quantification,e233f452-3ed9-4c4e-a810-2224142fa1c2,Transcriptome Profiling,RNA-Seq
1b65bcb7-8170-4eb8-af93-c547b984c571,"[{'case_id': 'ad01259b-d858-40bc-a6ba-0bb06e996afb', 'submitter_id': 'TCGA-A2-A0SV'}]",ad502a9c-1f1a-4118-a8f9-2cffb9b0c610.rna_seq.augmented_star_gene_counts.tsv,1b65bcb7-8170-4eb8-af93-c547b984c571,Gene Expression Quantification,82b15e01-0e26-4bf8-9f10-2cfab8e22edc,Transcriptome Profiling,RNA-Seq
51aab02d-11b1-4ef3-a8f3-8146b6c24aad,"[{'case_id': '56033839-35d5-4d72-8b8c-400cb345263d', 'submitter_id': 'TCGA-E9-A22G'}]",0f382cf1-3e52-4078-bf12-cc6ba998ed3f.rna_seq.augmented_star_gene_counts.tsv,51aab02d-11b1-4ef3-a8f3-8146b6c24aad,Gene Expression Quantification,0b03dd4a-ad92-443c-ba83-d31f21a88cfc,Transcriptome Profiling,RNA-Seq
2c74854f-4afe-48c3-9c81-d64634c14677,"[{'case_id': '34126cd5-cc38-4198-8582-c14fb5db7acb', 'submitter_id': 'TCGA-OL-A6VQ'}]",4fb219d8-519a-4ce9-a3f1-28fae295424f.rna_seq.augmented_star_gene_counts.tsv,2c74854f-4afe-48c3-9c81-d64634c14677,Gene Expression Quantification,51902345-4d90-4854-be18-567bf9098ce2,Transcriptome Profiling,RNA-Seq
c8b0b391-320c-4fea-9b68-3070103cb148,"[{'case_id': '0d146997-cfdc-4587-888c-e876fc455c80', 'submitter_id': 'TCGA-A2-A4RW'}]",508e541e-c751-42cd-8f8c-a57a835daf1b.rna_seq.augmented_star_gene_counts.tsv,c8b0b391-320c-4fea-9b68-3070103cb148,Gene Expression Quantification,b892dc2d-94fe-4a52-87d0-9bd543a0b546,Transcriptome Profiling,RNA-Seq
cd47d9e9-8072-4681-93ac-6c1420f6624c,"[{'case_id': '7588a286-6935-424a-bc5f-92e24c83eb37', 'submitter_id': 'TCGA-B6-A0WV'}]",754df69c-2fab-4037-8673-fd3be673fc09.rna_seq.augmented_star_gene_counts.tsv,cd47d9e9-8072-4681-93ac-6c1420f6624c,Gene Expression Quantification,1aac918b-ca31-4c9b-9849-2a07336f6b6b,Transcriptome Profiling,RNA-Seq
98dc2008-d132-4a88-b428-45b0f715b296,"[{'case_id': '6af6d256-a753-46d2-b611-e4094ff265aa', 'submitter_id': 'TCGA-LL-A9Q3'}]",d769bce5-c92f-472f-8bb8-4bf4593e29d7.rna_seq.augmented_star_gene_counts.tsv,98dc2008-d132-4a88-b428-45b0f715b296,Gene Expression Quantification,5b1f9db3-1e88-41ff-974c-e0cd7aa3d2b8,Transcriptome Profiling,RNA-Seq
b8c05229-16e4-4888-9f44-556c5570a4af,"[{'case_id': '0bf6e772-1aa1-4f54-9a50-c1414e2f22f3', 'submitter_id': 'TCGA-AR-A2LM'}]",1a3dcc95-64bf-4886-9807-9511b24f30af.rna_seq.augmented_star_gene_counts.tsv,b8c05229-16e4-4888-9f44-556c5570a4af,Gene Expression Quantification,70cb196d-c4f2-4ace-972f-114e9b7bace9,Transcriptome Profiling,RNA-Seq
df416c2a-523d-4409-98ac-b0900584a065,"[{'case_id': '3c8b5af9-c34d-43c2-b8c9-39ea11e44fa6', 'submitter_id': 'TCGA-BH-A1FD'}]",bcbe88a9-729e-4af8-9bb8-1ac65aa4bd23.rna_seq.augmented_star_gene_counts.tsv,df416c2a-523d-4409-98ac-b0900584a065,Gene Expression Quantification,8b0a61c0-a862-4e24-8b1d-c811752a5765,Transcriptome Profiling,RNA-Seq
da2cff7a-9b9d-4ae8-aa49-d717a77906e1,"[{'case_id': '8e54232d-d8bb-4612-8b0e-4feb076a60f9', 'submitter_id': 'TCGA-A2-A0CO'}]",834c833a-1e2d-48b6-87d5-e19bf2db6e1a.rna_seq.augmented_star_gene_counts.tsv,da2cff7a-9b9d-4ae8-aa49-d717a77906e1,Gene Expression Quantification,4daa166c-4760-4204-adf8-0d3771887e53,Transcriptome Profiling,RNA-Seq
0e56b380-a3d6-4e81-8299-9f8a62330d7b,"[{'case_id': '27ba717a-5cd8-440a-9345-4ae086f6efca', 'submitter_id': 'TCGA-BH-A0DI'}]",f13d5df0-7293-4453-942f-2b49a3d33057.rna_seq.augmented_star_gene_counts.tsv,0e56b380-a3d6-4e81-8299-9f8a62330d7b,Gene Expression Quantification,e439deda-6336-4978-9149-645198dc8b64,Transcriptome Profiling,RNA-Seq
25294e7a-1f15-411c-a2fd-93097e387db2,"[{'case_id': '76099beb-0abe-4b56-8b4e-e4485e0402e6', 'submitter_id': 'TCGA-PE-A5DC'}]",6f72a3df-b4db-4f04-aa1f-644dca35d3ab.rna_seq.augmented_star_gene_counts.tsv,25294e7a-1f15-411c-a2fd-93097e387db2,Gene Expression Quantification,ee51762e-4e82-48c3-a3d4-86b2a95af7ac,Transcriptome Profiling,RNA-Seq
046fe29e-7c99-4093-8565-f2f205a00796,"[{'case_id': 'c2aeee6c-ba10-4cf9-b560-c739580f7bf3', 'submitter_id': 'TCGA-BH-A0BM'}]",61f811cf-9dc1-4f48-ad62-c3ebfd1f0847.rna_seq.augmented_star_gene_counts.tsv,046fe29e-7c99-4093-8565-f2f205a00796,Gene Expression Quantification,f2242ca1-b2b1-4df8-81d3-6c0326674840,Transcriptome Profiling,RNA-Seq
ccaa907b-71d5-467e-ace4-f2ea16109202,"[{'case_id': '3ca67cd0-81da-4f68-a9fa-f1a8c013c28d', 'submitter_id': 'TCGA-AC-A2FF'}]",24c548e1-6368-464e-945c-933ee2f914ad.rna_seq.augmented_star_gene_counts.tsv,ccaa907b-71d5-467e-ace4-f2ea16109202,Gene Expression Quantification,101853e4-c24b-4b4d-93e5-c4b13f956887,Transcriptome Profiling,RNA-Seq
e64c5a32-13c4-495e-ab4c-b5000332c09d,"[{'case_id': '2ab1b35b-9e56-475c-ac9b-15ed0a422683', 'submitter_id': 'TCGA-OL-A66K'}]",dede0990-1733-4473-bc48-78605f16834c.rna_seq.augmented_star_gene_counts.tsv,e64c5a32-13c4-495e-ab4c-b5000332c09d,Gene Expression Quantification,d8b5d665-4cce-4b1a-bcd1-81a556ba7032,Transcriptome Profiling,RNA-Seq
e173c170-b7c6-4aa9-9f34-33cd02702d75,"[{'case_id': '016caf42-4e19-4444-ab5d-6cf1e76c4afa', 'submitter_id': 'TCGA-AO-A128'}]",8d3d544f-6d1a-4cdc-8091-490311487ebd.rna_seq.augmented_star_gene_counts.tsv,e173c170-b7c6-4aa9-9f34-33cd02702d75,Gene Expression Quantification,aaea0b4b-b385-4cb1-aef8-313a3b168407,Transcriptome Profiling,RNA-Seq
45702d4f-2d23-4e37-88ad-565e44a18fa2,"[{'case_id': '151f3677-6854-4265-9126-d92c646c67ae', 'submitter_id': 'TCGA-B6-A0RM'}]",ce52c9b2-ab83-4efa-8abf-97475dcf892d.rna_seq.augmented_star_gene_counts.tsv,45702d4f-2d23-4e37-88ad-565e44a18fa2,Gene Expression Quantification,45a17638-59f5-454c-8915-8a2edfd9ff57,Transcriptome Profiling,RNA-Seq
842b0c9e-a03d-4074-b0fe-be8d0e056c7d,"[{'case_id': 'd6f7afc0-1558-43ad-acb1-2b5311ed2264', 'submitter_id': 'TCGA-GM-A2DF'}]",56bc1e6b-d1bf-4df9-b266-07ff567aad77.rna_seq.augmented_star_gene_counts.tsv,842b0c9e-a03d-4074-b0fe-be8d0e056c7d,Gene Expression Quantification,4aa12773-17f9-403c-b072-7b8895016e64,Transcriptome Profiling,RNA-Seq
c003fb3b-179c-49b0-8d9a-656c4dc39901,"[{'case_id': '37242f5a-25ae-4b1f-9ce6-09ce1dc92539', 'submitter_id': 'TCGA-E2-A15L'}]",5fc65e17-1d90-411d-b01d-f6aaa72730f9.rna_seq.augmented_star_gene_counts.tsv,c003fb3b-179c-49b0-8d9a-656c4dc39901,Gene Expression Quantification,c394139b-e36b-4288-b675-94e37d831ced,Transcriptome Profiling,RNA-Seq
519b92e0-0dbc-471c-988f-48ce9dc95be3,"[{'case_id': '2779fa01-ac93-4e80-a997-3385f72172c3', 'submitter_id': 'TCGA-A8-A08S'}]",ad44b37b-0bd2-4289-b03f-d52858da2d0f.rna_seq.augmented_star_gene_counts.tsv,519b92e0-0dbc-471c-988f-48ce9dc95be3,Gene Expression Quantification,bc973cc7-021f-46ba-904f-ed4964bf1624,Transcriptome Profiling,RNA-Seq
0c068d5a-ccad-47a5-bfe0-0dc5f136d6aa,"[{'case_id': 'c72cb184-462d-4009-9cdb-848782ff8a76', 'submitter_id': 'TCGA-A2-A3XT'}]",bdba14fb-88aa-43b0-8c25-53948b9935b7.rna_seq.augmented_star_gene_counts.tsv,0c068d5a-ccad-47a5-bfe0-0dc5f136d6aa,Gene Expression Quantification,6531f2c8-bdb7-423e-bb35-7f1b64d4717e,Transcriptome Profiling,RNA-Seq
a8ab2eb8-9da3-494f-b740-dc3f4185acb2,"[{'case_id': '80f3f48a-cc21-415c-b181-c77e7ba1c563', 'submitter_id': 'TCGA-A8-A09C'}]",04026251-0cf6-4889-83b4-8a46881470b5.rna_seq.augmented_star_gene_counts.tsv,a8ab2eb8-9da3-494f-b740-dc3f4185acb2,Gene Expression Quantification,c7a4faba-8344-4d65-925b-07219a32bd3d,Transcriptome Profiling,RNA-Seq
6fe2f370-6592-4d85-992c-1b5449a62dbe,"[{'case_id': '3b7b9c1e-a84c-47ed-983c-9e4b00cbf01a', 'submitter_id': 'TCGA-A7-A26F'}]",c9496c77-cfbf-42db-a862-af0b878b9852.rna_seq.augmented_star_gene_counts.tsv,6fe2f370-6592-4d85-992c-1b5449a62dbe,Gene Expression Quantification,48cecc80-66b3-4de3-99a6-f343278b95d3,Transcriptome Profiling,RNA-Seq
d9b6b523-00de-4638-a3f3-8de841fb7183,"[{'case_id': 'ecab16bc-28d5-4c3a-8735-3c785bd047c4', 'submitter_id': 'TCGA-BH-A1FB'}]",39a75bde-24a0-4d26-8377-df045423f786.rna_seq.augmented_star_gene_counts.tsv,d9b6b523-00de-4638-a3f3-8de841fb7183,Gene Expression Quantification,abd1d916-2de4-4d4d-b693-5e692ba66b14,Transcriptome Profiling,RNA-Seq
66dbe196-661b-4d0e-ac48-b82fc6a67cc8,"[{'case_id': '6f6e7356-3521-4674-8eec-ad01340d4b8e', 'submitter_id': 'TCGA-D8-A27G'}]",0ba03a16-3c4f-4118-91aa-53d4a7c00d38.rna_seq.augmented_star_gene_counts.tsv,66dbe196-661b-4d0e-ac48-b82fc6a67cc8,Gene Expression Quantification,4801ab66-38dc-4c84-951a-5b4b0f922f00,Transcriptome Profiling,RNA-Seq
80902247-a485-4374-836b-4b67db4c4981,"[{'case_id': '632984bd-dc81-42b6-b024-476cfd0bb2ae', 'submitter_id': 'TCGA-D8-A1Y3'}]",2e41a573-7a9d-4f96-873f-48aa12b3ab96.rna_seq.augmented_star_gene_counts.tsv,80902247-a485-4374-836b-4b67db4c4981,Gene Expression Quantification,486c2e9c-147b-49f7-bb57-a2a457bf54d9,Transcriptome Profiling,RNA-Seq
ef3ba95e-2251-43a6-8910-2bdfb02d22be,"[{'case_id': '2e538802-2a31-4774-89a8-c6e4381a887d', 'submitter_id': 'TCGA-A2-A1G0'}]",36bbebb5-ba1e-4ac6-83b2-67ccd05e4939.rna_seq.augmented_star_gene_counts.tsv,ef3ba95e-2251-43a6-8910-2bdfb02d22be,Gene Expression Quantification,286aa4ea-34a8-4595-a442-4fe1820dad09,Transcriptome Profiling,RNA-Seq
5b6828f2-4da6-49a4-a19c-569e089ff0b0,"[{'case_id': 'ab34a9a2-d72d-4106-94fb-118844b1b60b', 'submitter_id': 'TCGA-A2-A0CQ'}]",315f3deb-74b5-4b71-afe5-759c85a0a6cc.rna_seq.augmented_star_gene_counts.tsv,5b6828f2-4da6-49a4-a19c-569e089ff0b0,Gene Expression Quantification,74a6daa7-91cc-4910-9230-0d88774af7bc,Transcriptome Profiling,RNA-Seq
9218f3a6-1ae1-4898-8be4-2335a204aae7,"[{'case_id': '9f80649b-a249-4fb5-97ad-059a30e13fea', 'submitter_id': 'TCGA-BH-A0W7'}]",c5c93338-4046-4247-b5c2-ef133609797e.rna_seq.augmented_star_gene_counts.tsv,9218f3a6-1ae1-4898-8be4-2335a204aae7,Gene Expression Quantification,025d1178-866a-4684-aa6d-efa67a2d6ce3,Transcriptome Profiling,RNA-Seq
5711aa8f-5cd6-41d0-b469-40f049556693,"[{'case_id': '65077db7-dd59-4362-9d28-d5a9154e9be0', 'submitter_id': 'TCGA-C8-A278'}]",c4eb8167-4c62-4a41-b9a7-f3259f945d9d.rna_seq.augmented_star_gene_counts.tsv,5711aa8f-5cd6-41d0-b469-40f049556693,Gene Expression Quantification,7b6da3a1-3969-4dc4-a11c-4c133291be31,Transcriptome Profiling,RNA-Seq
c3f4adee-86da-42fa-b37a-d48d66f89e09,"[{'case_id': '2192c1db-4718-4254-ba42-3ae7f30ad5a8', 'submitter_id': 'TCGA-A2-A0EQ'}]",713df9b5-ea25-464c-b13e-fe8b61fe363d.rna_seq.augmented_star_gene_counts.tsv,c3f4adee-86da-42fa-b37a-d48d66f89e09,Gene Expression Quantification,7aff6eab-f308-4d27-9a98-ee3f0afbc99c,Transcriptome Profiling,RNA-Seq
c9ff3787-de6e-4535-be34-6425ccf9079f,"[{'case_id': 'f43d622f-eed5-4933-adc6-ae9ad1e33028', 'submitter_id': 'TCGA-E2-A1IN'}]",81395cc8-c7d5-4ea7-957a-b5cb8d6bfd1a.rna_seq.augmented_star_gene_counts.tsv,c9ff3787-de6e-4535-be34-6425ccf9079f,Gene Expression Quantification,ed469804-2d98-4a60-a109-2be130e0bb40,Transcriptome Profiling,RNA-Seq
e1a528ee-1bec-4aa5-bb9c-9d0af3ba4108,"[{'case_id': '7eea2b6e-771f-44c0-9350-38f45c8dbe87', 'submitter_id': 'TCGA-A7-A6VX'}]",18cbd510-bce2-4370-a00f-939d562ba7de.rna_seq.augmented_star_gene_counts.tsv,e1a528ee-1bec-4aa5-bb9c-9d0af3ba4108,Gene Expression Quantification,1a786c75-046f-402e-8eef-56973992cff4,Transcriptome Profiling,RNA-Seq
e06eeb14-0ebf-453f-847b-b1ae63fe8194,"[{'case_id': '54883111-d475-4515-ba3f-fece8a71e79e', 'submitter_id': 'TCGA-A2-A1FW'}]",c54b98cc-521e-4790-b67d-9dcc20af8c76.rna_seq.augmented_star_gene_counts.tsv,e06eeb14-0ebf-453f-847b-b1ae63fe8194,Gene Expression Quantification,b3619484-4916-4889-9c56-63a909ecbb87,Transcriptome Profiling,RNA-Seq
406cb497-badd-4bbe-be62-e1dac7b49180,"[{'case_id': '95c53ecf-d8f1-4bcb-9b1a-c9a0542939f0', 'submitter_id': 'TCGA-LD-A9QF'}]",49563aad-aeb3-4a9b-8849-a60c119cbaa4.rna_seq.augmented_star_gene_counts.tsv,406cb497-badd-4bbe-be62-e1dac7b49180,Gene Expression Quantification,20a36eda-fde7-48ec-aa1d-7ca63285118e,Transcriptome Profiling,RNA-Seq
0e9ea184-c4bc-43f0-817c-8a950008e4bd,"[{'case_id': '7f97971b-2818-4e4b-9c9e-7c0246f9484c', 'submitter_id': 'TCGA-D8-A27K'}]",470b6305-67ca-487c-b9b1-9b74f673f9fd.rna_seq.augmented_star_gene_counts.tsv,0e9ea184-c4bc-43f0-817c-8a950008e4bd,Gene Expression Quantification,d7517c90-a2de-4895-9a2c-0f65290f364b,Transcriptome Profiling,RNA-Seq
9cbb73a5-7b3b-4559-a295-d4693ae6dee2,"[{'case_id': 'b3bb8fd6-ee54-4813-b042-2bbe70115382', 'submitter_id': 'TCGA-BH-A0BQ'}]",c9c9c085-8e23-454c-aa36-cf59e8dbc587.rna_seq.augmented_star_gene_counts.tsv,9cbb73a5-7b3b-4559-a295-d4693ae6dee2,Gene Expression Quantification,b703d8ba-9ef9-4ce7-ac1d-3f9fe488f2d3,Transcriptome Profiling,RNA-Seq
2aa3a845-cce2-4fe2-92f7-1fece9e619d5,"[{'case_id': '5258294f-ef5b-4091-9183-6bcc545d54b2', 'submitter_id': 'TCGA-BH-A209'}]",3fab2674-2e00-4748-9d33-9e52631cebfd.rna_seq.augmented_star_gene_counts.tsv,2aa3a845-cce2-4fe2-92f7-1fece9e619d5,Gene Expression Quantification,43912e21-ce1b-41d6-af2f-1ca059263ede,Transcriptome Profiling,RNA-Seq
1a4285b8-765b-4954-b9f2-dc8609572889,"[{'case_id': '3828b534-908e-4953-a3fb-07d01cf49c7d', 'submitter_id': 'TCGA-A8-A09B'}]",61ad862c-0bd2-4fcd-a9e1-f42e8099bd81.rna_seq.augmented_star_gene_counts.tsv,1a4285b8-765b-4954-b9f2-dc8609572889,Gene Expression Quantification,098bffbc-344b-483e-8ae0-4de5f0db4480,Transcriptome Profiling,RNA-Seq
b9d564b4-4561-44b2-b020-baf106f23baa,"[{'case_id': 'bb8d42d3-ad65-4d88-ae1d-f9aadfc7962d', 'submitter_id': 'TCGA-AO-A1KS'}]",0af3ed73-d962-492c-9dc5-85247cd3de03.rna_seq.augmented_star_gene_counts.tsv,b9d564b4-4561-44b2-b020-baf106f23baa,Gene Expression Quantification,1aa18f82-00e4-4d21-89eb-5cfef8c24382,Transcriptome Profiling,RNA-Seq
783b4e4f-d65d-4025-a7ce-99a7e86255e9,"[{'case_id': 'b09643c2-ded5-4346-b3c5-90a48f88a02e', 'submitter_id': 'TCGA-E2-A1IJ'}]",45472a71-92d9-4492-9647-f1e8adb9cdea.rna_seq.augmented_star_gene_counts.tsv,783b4e4f-d65d-4025-a7ce-99a7e86255e9,Gene Expression Quantification,77fe3298-6608-4f16-930f-623727d92663,Transcriptome Profiling,RNA-Seq
deb932e6-470e-4fae-88f1-efb2e820325e,"[{'case_id': 'ee14e049-b891-4dda-a730-8ce99bd93baf', 'submitter_id': 'TCGA-D8-A1XC'}]",d372fdcf-a087-4773-880a-169ecc0d1fd0.rna_seq.augmented_star_gene_counts.tsv,deb932e6-470e-4fae-88f1-efb2e820325e,Gene Expression Quantification,136eb150-052f-4825-88e1-532bb27c6449,Transcriptome Profiling,RNA-Seq
ae2e0936-a225-491b-8361-3c20663768d9,"[{'case_id': 'c49e3b18-fd88-48f4-8b01-300692ceb367', 'submitter_id': 'TCGA-C8-A131'}]",a0707dab-b8bd-4a57-a890-69a3f4daacf6.rna_seq.augmented_star_gene_counts.tsv,ae2e0936-a225-491b-8361-3c20663768d9,Gene Expression Quantification,7fc12b4a-31a3-4449-9877-b2e2c7528e02,Transcriptome Profiling,RNA-Seq
da333184-1ddd-4cd7-9c0d-e4526a03a1c9,"[{'case_id': '7b605fb6-d077-401e-b870-b87ddf505f82', 'submitter_id': 'TCGA-A8-A0A9'}]",c102587f-0390-4dd5-8b35-d819e0083134.rna_seq.augmented_star_gene_counts.tsv,da333184-1ddd-4cd7-9c0d-e4526a03a1c9,Gene Expression Quantification,090c1587-8a0f-4bf6-bdb8-5aec88ef61e9,Transcriptome Profiling,RNA-Seq
6df72103-ccfb-4a53-b839-2e8c47ec2145,"[{'case_id': '0b172e29-6166-4863-803d-a0a010887c11', 'submitter_id': 'TCGA-B6-A0RO'}]",b4e60c29-6c4d-49b4-878e-b91e20e17dad.rna_seq.augmented_star_gene_counts.tsv,6df72103-ccfb-4a53-b839-2e8c47ec2145,Gene Expression Quantification,d7f6521a-6582-4966-a563-e13a3bf19113,Transcriptome Profiling,RNA-Seq
04e03ae1-b2f3-446d-862d-172fea6320de,"[{'case_id': '9d95a65b-e41d-4f93-92d4-99dce29ff40d', 'submitter_id': 'TCGA-A7-A0CE'}]",58b399a0-3070-44aa-9a40-f0e2c0fea0fc.rna_seq.augmented_star_gene_counts.tsv,04e03ae1-b2f3-446d-862d-172fea6320de,Gene Expression Quantification,342b3934-2de7-473b-a7f4-dae2be08b0e6,Transcriptome Profiling,RNA-Seq
542856ab-164d-4edd-833a-925da96d1eeb,"[{'case_id': '665dd3d3-779c-4abd-b5d7-13342340451d', 'submitter_id': 'TCGA-BH-A18N'}]",9c0696ab-2bd6-4372-8b10-8222816de48e.rna_seq.augmented_star_gene_counts.tsv,542856ab-164d-4edd-833a-925da96d1eeb,Gene Expression Quantification,d984240b-82a2-4852-bf4c-119fbf9d0a4c,Transcriptome Profiling,RNA-Seq
06227b3b-56d0-4657-bb37-8f56a3dc15f7,"[{'case_id': '5c9d8163-a68e-43ce-9cba-effb7405761e', 'submitter_id': 'TCGA-LL-A6FP'}]",3574e83f-a983-425b-9082-63d5a32c01d6.rna_seq.augmented_star_gene_counts.tsv,06227b3b-56d0-4657-bb37-8f56a3dc15f7,Gene Expression Quantification,80070f99-b702-4af6-941e-68c8bf051788,Transcriptome Profiling,RNA-Seq
068841a8-af6a-4925-bad0-586005f59521,"[{'case_id': '6bc4c56d-aac5-49a2-9913-9538d06d898f', 'submitter_id': 'TCGA-A8-A06U'}]",f09cc0c7-2896-479b-84db-401f14780092.rna_seq.augmented_star_gene_counts.tsv,068841a8-af6a-4925-bad0-586005f59521,Gene Expression Quantification,cf20a317-8cd4-46bb-a41a-ff3484b93904,Transcriptome Profiling,RNA-Seq
59ce4079-0da6-4339-8861-ad376b150f75,"[{'case_id': '1557183c-aedd-4df6-b98a-3654667f7b69', 'submitter_id': 'TCGA-A8-A09I'}]",a4455185-5506-4392-bd54-5f9cda2274d2.rna_seq.augmented_star_gene_counts.tsv,59ce4079-0da6-4339-8861-ad376b150f75,Gene Expression Quantification,d186fe4b-372c-46d4-bb5a-9597262188c4,Transcriptome Profiling,RNA-Seq
98ca3aa5-f509-4e55-a184-12e44c8c8464,"[{'case_id': 'b3354b72-2637-4edc-9a95-e55801d3ac13', 'submitter_id': 'TCGA-C8-A1HO'}]",0361ec21-e83f-40a9-b825-d92487b1239a.rna_seq.augmented_star_gene_counts.tsv,98ca3aa5-f509-4e55-a184-12e44c8c8464,Gene Expression Quantification,a831936e-e059-4d95-865d-5a8a501d7c06,Transcriptome Profiling,RNA-Seq
7286a685-17ef-4ef5-9b7b-2696c6e7e1a6,"[{'case_id': '389e5b18-8f89-41a9-9fa5-efd4172836e2', 'submitter_id': 'TCGA-PL-A8LV'}]",3572211c-0611-4d67-9e71-c5a8f704bd1f.rna_seq.augmented_star_gene_counts.tsv,7286a685-17ef-4ef5-9b7b-2696c6e7e1a6,Gene Expression Quantification,4a83ecea-8c9c-4c2b-a753-f2479410dfef,Transcriptome Profiling,RNA-Seq
e855de31-6adc-423f-9295-3064f2449f35,"[{'case_id': '5fd37868-4762-4109-9dcf-6fdbab5b645d', 'submitter_id': 'TCGA-GM-A2DO'}]",535047b2-35b4-4e31-8761-f38cf1f57441.rna_seq.augmented_star_gene_counts.tsv,e855de31-6adc-423f-9295-3064f2449f35,Gene Expression Quantification,bcf5130e-84f8-4565-bb05-5f9c5b8515e4,Transcriptome Profiling,RNA-Seq
4bb6eb79-4256-4b19-b158-883da969a582,"[{'case_id': 'e3c336f5-c32f-4c5d-81fb-e2408ae145b2', 'submitter_id': 'TCGA-AR-A0U0'}]",90950125-1b6b-499d-97e2-5d6b78b3e6fe.rna_seq.augmented_star_gene_counts.tsv,4bb6eb79-4256-4b19-b158-883da969a582,Gene Expression Quantification,e553e532-072e-48b9-884c-3655f6384fb9,Transcriptome Profiling,RNA-Seq
f7a47166-9593-4a37-b95a-2de86b6d65c9,"[{'case_id': 'b379bfb8-284e-4300-8325-85cfd6809cb8', 'submitter_id': 'TCGA-BH-A0BD'}]",511ced4c-a861-4f26-9e29-afcf8d603fab.rna_seq.augmented_star_gene_counts.tsv,f7a47166-9593-4a37-b95a-2de86b6d65c9,Gene Expression Quantification,85b7e865-6484-4817-b4c3-5eccd766bde5,Transcriptome Profiling,RNA-Seq
aabb4a65-aff2-4f78-a969-bacbe5b80856,"[{'case_id': 'b4e4fea2-b802-4a86-923e-3fcbd3c708fe', 'submitter_id': 'TCGA-BH-A0B1'}]",56cb5294-9156-4930-a3ab-c2607a79b65e.rna_seq.augmented_star_gene_counts.tsv,aabb4a65-aff2-4f78-a969-bacbe5b80856,Gene Expression Quantification,d2953eee-3e69-4821-a3f6-7445afcb2fde,Transcriptome Profiling,RNA-Seq
fe7dfda5-6846-4238-9ccc-472978eb78a1,"[{'case_id': '5cbf0aea-ebb4-4005-bdd5-14ef2dc6826c', 'submitter_id': 'TCGA-A2-A0YM'}]",8a27980e-a506-4cb3-91f2-3f0e5a19acfe.rna_seq.augmented_star_gene_counts.tsv,fe7dfda5-6846-4238-9ccc-472978eb78a1,Gene Expression Quantification,d9f79023-a752-4d31-abc7-694221916611,Transcriptome Profiling,RNA-Seq
54a6b5bc-f788-4bea-b92c-e4dc9c71d99e,"[{'case_id': 'bc0bc70f-c6cf-4dbc-9dc3-8b7bc5f381a4', 'submitter_id': 'TCGA-E2-A1IG'}]",b58811d7-8ee0-4b65-a892-17319cc9ecaf.rna_seq.augmented_star_gene_counts.tsv,54a6b5bc-f788-4bea-b92c-e4dc9c71d99e,Gene Expression Quantification,3ffc87a5-33f1-4451-9cfd-45471f2bf496,Transcriptome Profiling,RNA-Seq
f63a40ad-26af-48d6-bb36-91fd91d32e6b,"[{'case_id': 'bc0bc70f-c6cf-4dbc-9dc3-8b7bc5f381a4', 'submitter_id': 'TCGA-E2-A1IG'}]",90a1bbd2-6b26-4d1c-b255-df5499d1da6c.rna_seq.augmented_star_gene_counts.tsv,f63a40ad-26af-48d6-bb36-91fd91d32e6b,Gene Expression Quantification,0e16d4a0-b805-4794-a750-322e0f852b4c,Transcriptome Profiling,RNA-Seq
89e67cfd-7728-4a0e-bfa5-4c55ae957ef8,"[{'case_id': 'e3fcbf94-d3ef-4a37-aa45-5297f96af9eb', 'submitter_id': 'TCGA-AR-A2LE'}]",49e0a55e-cd18-438c-890a-f14c6d149743.rna_seq.augmented_star_gene_counts.tsv,89e67cfd-7728-4a0e-bfa5-4c55ae957ef8,Gene Expression Quantification,93979dcb-8761-45d4-a4b8-2dc03a3c3516,Transcriptome Profiling,RNA-Seq
40d222ea-3a59-45b9-91a2-0566b239c89e,"[{'case_id': 'e666081b-caaf-4e8b-9446-807be71201a5', 'submitter_id': 'TCGA-BH-A0HA'}]",ea030b7d-26eb-4f0e-b7b9-c6b165061118.rna_seq.augmented_star_gene_counts.tsv,40d222ea-3a59-45b9-91a2-0566b239c89e,Gene Expression Quantification,e9c954eb-e6e8-45da-9ed8-7c6dd7a8f47c,Transcriptome Profiling,RNA-Seq
fa48dda4-5b65-44fa-b0c3-b02d53d928c5,"[{'case_id': '19015644-9c17-4ae7-a656-0fe8623c04ae', 'submitter_id': 'TCGA-AQ-A7U7'}]",7830107d-bc45-4391-b95c-787a246cf059.rna_seq.augmented_star_gene_counts.tsv,fa48dda4-5b65-44fa-b0c3-b02d53d928c5,Gene Expression Quantification,6c2ba50f-e9e7-4291-9ccf-65bbbfe76bda,Transcriptome Profiling,RNA-Seq
6c3f2469-50ea-48a7-bb17-043e74e54535,"[{'case_id': '39cda4c9-e1c8-44c2-bab7-f5849c12f879', 'submitter_id': 'TCGA-AC-A2FG'}]",05ddce6e-57b0-4b78-9955-7c1b4c564498.rna_seq.augmented_star_gene_counts.tsv,6c3f2469-50ea-48a7-bb17-043e74e54535,Gene Expression Quantification,d973174e-bdd6-4283-9fb7-dc752dc56d06,Transcriptome Profiling,RNA-Seq
a25f8ce5-b3f3-4d2d-b862-b703650066fb,"[{'case_id': '4cf0f639-7940-48b6-8ea1-2a3494097cdb', 'submitter_id': 'TCGA-A2-A0CR'}]",8668654e-c441-4279-80e3-345787c28922.rna_seq.augmented_star_gene_counts.tsv,a25f8ce5-b3f3-4d2d-b862-b703650066fb,Gene Expression Quantification,bf861af3-071d-4f7c-8652-b06342130868,Transcriptome Profiling,RNA-Seq
88a16056-cc45-4fee-99e0-f7fc7e1971df,"[{'case_id': '66af34ea-f471-4092-aff6-9ac9a5b75b11', 'submitter_id': 'TCGA-BH-A0B0'}]",fdadb011-0da3-458f-8b4e-d09e4c847a5b.rna_seq.augmented_star_gene_counts.tsv,88a16056-cc45-4fee-99e0-f7fc7e1971df,Gene Expression Quantification,391d7c33-22cf-443e-ac26-6ef48399629d,Transcriptome Profiling,RNA-Seq
ccc7b8e5-7ea4-4efc-81c1-ef6c15acd241,"[{'case_id': '1111fb30-46ce-4722-98da-ec9ba2323d90', 'submitter_id': 'TCGA-AO-A03O'}]",b22d3e38-c370-4719-bea6-3dcbd9590935.rna_seq.augmented_star_gene_counts.tsv,ccc7b8e5-7ea4-4efc-81c1-ef6c15acd241,Gene Expression Quantification,4f7c8381-6497-4c63-90f7-d7af3c78bc7e,Transcriptome Profiling,RNA-Seq
9a6563cf-557b-4f26-b6a2-6c6f1eb03654,"[{'case_id': 'c2aeee6c-ba10-4cf9-b560-c739580f7bf3', 'submitter_id': 'TCGA-BH-A0BM'}]",06ae7b4d-2906-4a38-a4ef-1cc937716dcb.rna_seq.augmented_star_gene_counts.tsv,9a6563cf-557b-4f26-b6a2-6c6f1eb03654,Gene Expression Quantification,7300d70b-2297-45a7-a0e3-2a583b1642ce,Transcriptome Profiling,RNA-Seq
05aa6d12-6d48-4ecb-8211-036e647ef72e,"[{'case_id': '3ca67cd0-81da-4f68-a9fa-f1a8c013c28d', 'submitter_id': 'TCGA-AC-A2FF'}]",08429604-2dc7-4827-8ba5-80818aa45a51.rna_seq.augmented_star_gene_counts.tsv,05aa6d12-6d48-4ecb-8211-036e647ef72e,Gene Expression Quantification,1cbc25aa-50e1-407d-9a0d-c5b50ffbffe8,Transcriptome Profiling,RNA-Seq
4f4862e1-abfc-4577-bdb2-a96759ef2b53,"[{'case_id': '7f2a63e6-64d5-4be1-9814-e8416fc9e688', 'submitter_id': 'TCGA-D8-A1JG'}]",7ee4348d-9975-42ba-b258-2334e089395c.rna_seq.augmented_star_gene_counts.tsv,4f4862e1-abfc-4577-bdb2-a96759ef2b53,Gene Expression Quantification,6bb32659-f7cc-4330-912a-139931e231c4,Transcriptome Profiling,RNA-Seq
d52eff00-a7b7-42f0-82fe-ec4c054b1dd9,"[{'case_id': '34d5a193-85e5-4399-8a9b-e92858eafdfe', 'submitter_id': 'TCGA-A8-A0A2'}]",56f92378-3707-489e-b4bc-6f7485122484.rna_seq.augmented_star_gene_counts.tsv,d52eff00-a7b7-42f0-82fe-ec4c054b1dd9,Gene Expression Quantification,bae5bf72-734f-4814-82e3-3d3a07249d6e,Transcriptome Profiling,RNA-Seq
1aa289bb-8ac9-4e9e-be61-3164afbe06a2,"[{'case_id': '57af5c72-0d60-4a6b-b1b4-ec6dab90f80f', 'submitter_id': 'TCGA-A7-A6VV'}]",fff3f42f-5e42-4653-b91b-1676f914e9fa.rna_seq.augmented_star_gene_counts.tsv,1aa289bb-8ac9-4e9e-be61-3164afbe06a2,Gene Expression Quantification,39830f14-85f6-46dd-af24-5dcd1a99f041,Transcriptome Profiling,RNA-Seq
dc8b305a-6f43-410e-9ce6-96ac24827550,"[{'case_id': '29df128d-ace2-40cf-88ee-3f6f2170f159', 'submitter_id': 'TCGA-A8-A095'}]",e7a1cdcf-ec99-44fd-a13b-604cf15b2bd4.rna_seq.augmented_star_gene_counts.tsv,dc8b305a-6f43-410e-9ce6-96ac24827550,Gene Expression Quantification,cdb7ac12-393c-41bb-a6d9-743abe197d80,Transcriptome Profiling,RNA-Seq
22fdb34e-9f50-4382-9800-e6e35773c538,"[{'case_id': 'eadf8482-e60e-4307-adb7-d5c3b9fa6cae', 'submitter_id': 'TCGA-A2-A25B'}]",e558015e-969b-4354-9bc9-219a60092734.rna_seq.augmented_star_gene_counts.tsv,22fdb34e-9f50-4382-9800-e6e35773c538,Gene Expression Quantification,27deb83b-f104-4b92-9b53-a4c4a7df2e67,Transcriptome Profiling,RNA-Seq
64f43094-8e51-440d-b142-2b1eeba34e9f,"[{'case_id': '4aa68586-6331-4795-b40c-859386640df6', 'submitter_id': 'TCGA-BH-A1FE'}]",2e1410fb-4799-4a85-97e2-0d05c9255977.rna_seq.augmented_star_gene_counts.tsv,64f43094-8e51-440d-b142-2b1eeba34e9f,Gene Expression Quantification,9f0cf7d4-00e3-46fc-88c6-5d6bf6d98ed8,Transcriptome Profiling,RNA-Seq
195c9f03-31c3-465a-ac58-3949246b173b,"[{'case_id': '4aa68586-6331-4795-b40c-859386640df6', 'submitter_id': 'TCGA-BH-A1FE'}]",8f08cee9-a91f-4305-bf8d-efeee9cd386c.rna_seq.augmented_star_gene_counts.tsv,195c9f03-31c3-465a-ac58-3949246b173b,Gene Expression Quantification,81b20a37-e026-4f34-8e11-86f3078c6c95,Transcriptome Profiling,RNA-Seq
c0f6d246-c872-41a5-8135-2bdbdb1f924f,"[{'case_id': '53886143-c1c6-40e9-88e6-e4e5e0271fc8', 'submitter_id': 'TCGA-A2-A3XX'}]",f9506da9-20a3-4124-a614-eb525787ea45.rna_seq.augmented_star_gene_counts.tsv,c0f6d246-c872-41a5-8135-2bdbdb1f924f,Gene Expression Quantification,ead405b4-03cb-43c8-bb1b-aada1eb5cebc,Transcriptome Profiling,RNA-Seq
010e405c-b91d-4046-898e-105d5830d9a9,"[{'case_id': 'e68ebfd4-3688-4caa-9e38-7764f9258c30', 'submitter_id': 'TCGA-E2-A15T'}]",7135f14b-e84f-4ebf-8d95-b2a3c843fd4d.rna_seq.augmented_star_gene_counts.tsv,010e405c-b91d-4046-898e-105d5830d9a9,Gene Expression Quantification,5757c24f-9012-4fde-a3c1-5abe8daa6227,Transcriptome Profiling,RNA-Seq
eedfb6fb-3db6-4eae-8c6c-8b6722ae72b6,"[{'case_id': '858652b8-c4c2-41d8-be32-fdc88e1a7bb0', 'submitter_id': 'TCGA-BH-A1EN'}]",d504a28c-f8e7-4c5e-b01a-23b4cdd1dd8a.rna_seq.augmented_star_gene_counts.tsv,eedfb6fb-3db6-4eae-8c6c-8b6722ae72b6,Gene Expression Quantification,3cc07792-9216-43f1-b603-bac4db5b33cd,Transcriptome Profiling,RNA-Seq
1c386dc6-8279-4156-bd7c-47e2f8af27bf,"[{'case_id': '96f23d8a-be0f-4925-ba00-805dc293414c', 'submitter_id': 'TCGA-A2-A0ET'}]",83834ecf-bc98-416a-98c0-824229e6cfe0.rna_seq.augmented_star_gene_counts.tsv,1c386dc6-8279-4156-bd7c-47e2f8af27bf,Gene Expression Quantification,18ba540d-bafb-42d5-ae3d-356e5891f77a,Transcriptome Profiling,RNA-Seq
7efb7266-28ee-41d3-912a-b0f67135216f,"[{'case_id': '3144f1fb-4342-4079-bfe8-940da4bfd88e', 'submitter_id': 'TCGA-E2-A14V'}]",3fd9c506-ed43-45db-bff4-6e968ac19564.rna_seq.augmented_star_gene_counts.tsv,7efb7266-28ee-41d3-912a-b0f67135216f,Gene Expression Quantification,9fd8fdb5-690a-418c-8083-5328125eb5d5,Transcriptome Profiling,RNA-Seq
92dd3ded-2b51-4d1d-8c8a-09ed1f0b16ed,"[{'case_id': 'dd3bfb26-b534-4917-9c4d-9fe7b6477762', 'submitter_id': 'TCGA-E9-A1RI'}]",68bb844b-1bd7-4828-97d0-e284a7998cbf.rna_seq.augmented_star_gene_counts.tsv,92dd3ded-2b51-4d1d-8c8a-09ed1f0b16ed,Gene Expression Quantification,d42626eb-0ded-4ee5-b4c4-3c679282d14d,Transcriptome Profiling,RNA-Seq
eba83203-1de1-447a-88d0-2ffbccc24990,"[{'case_id': '738e1acc-1f0c-4a96-9c8a-222727ef5af8', 'submitter_id': 'TCGA-AR-A2LJ'}]",fa94f266-1ed4-440a-8d10-3c72ce4100ba.rna_seq.augmented_star_gene_counts.tsv,eba83203-1de1-447a-88d0-2ffbccc24990,Gene Expression Quantification,d2719764-ab83-49d0-bbcc-e5e9b0fdfdd7,Transcriptome Profiling,RNA-Seq
e24e6f7c-49c1-498e-b269-4bee014007af,"[{'case_id': 'afb9418e-91eb-4db1-aacf-12bd946c9ba0', 'submitter_id': 'TCGA-A8-A083'}]",aa3d8e3d-68cb-47dc-80c0-d50917cb4878.rna_seq.augmented_star_gene_counts.tsv,e24e6f7c-49c1-498e-b269-4bee014007af,Gene Expression Quantification,49f61b81-09a8-4d8f-be11-0158218f3104,Transcriptome Profiling,RNA-Seq
7b4d770a-2b8c-4ca5-bf51-c4745c5de39a,"[{'case_id': 'c31900a4-5dcd-4022-97ac-638e86e889e4', 'submitter_id': 'TCGA-3C-AALK'}]",ae8996bd-b0b7-4f9b-91fa-606f95d49f8c.rna_seq.augmented_star_gene_counts.tsv,7b4d770a-2b8c-4ca5-bf51-c4745c5de39a,Gene Expression Quantification,137ff1e6-1792-430b-8635-c889e8aa9b2a,Transcriptome Profiling,RNA-Seq
bb761704-bced-4fd6-9a90-187595b1d005,"[{'case_id': '79126e88-9cf8-45ff-bf91-a98da3b304d7', 'submitter_id': 'TCGA-AC-A2FK'}]",05ebe1e0-bf0d-4622-bc45-b0eacffdebcc.rna_seq.augmented_star_gene_counts.tsv,bb761704-bced-4fd6-9a90-187595b1d005,Gene Expression Quantification,d7012989-97c5-4729-861b-528721dc3389,Transcriptome Profiling,RNA-Seq
56209bc1-f94b-4aa4-a9dd-757003f36fd2,"[{'case_id': 'f475d460-75cd-4fe9-aa54-c90be12b4ef8', 'submitter_id': 'TCGA-B6-A0WY'}]",2ae456c7-57fa-4146-9b29-2d4129f0cf7c.rna_seq.augmented_star_gene_counts.tsv,56209bc1-f94b-4aa4-a9dd-757003f36fd2,Gene Expression Quantification,74c0b606-767f-4079-a967-9175f0368b6c,Transcriptome Profiling,RNA-Seq
2ce2b916-b768-424c-a57b-96ab4a77276e,"[{'case_id': 'ad7fcc89-82a3-48aa-8461-581c1a857677', 'submitter_id': 'TCGA-A2-A0CV'}]",b85209a5-128a-4aff-83d4-1ab336d82b95.rna_seq.augmented_star_gene_counts.tsv,2ce2b916-b768-424c-a57b-96ab4a77276e,Gene Expression Quantification,4d6fc847-21ac-42e7-b1b5-f50e67701f58,Transcriptome Profiling,RNA-Seq
c7571e35-d912-4935-b2c3-bbba019fe9f8,"[{'case_id': 'd67cd793-2931-429a-9084-2f3c4c8be7ad', 'submitter_id': 'TCGA-A2-A0EY'}]",0f3b932e-de72-483f-9ef6-74ae972637bd.rna_seq.augmented_star_gene_counts.tsv,c7571e35-d912-4935-b2c3-bbba019fe9f8,Gene Expression Quantification,85b86453-6589-4e87-a9ba-aa005b7bacb4,Transcriptome Profiling,RNA-Seq
8e475a5c-0a90-4c31-a472-b1ae0946633d,"[{'case_id': '1f99e4d4-4e8b-4cc1-a129-227a2a82780e', 'submitter_id': 'TCGA-AR-A1AL'}]",f5b6634d-5891-4550-bde6-7a0383e5e3da.rna_seq.augmented_star_gene_counts.tsv,8e475a5c-0a90-4c31-a472-b1ae0946633d,Gene Expression Quantification,95eb458d-6410-4fe8-90c1-b4a6399fe7ce,Transcriptome Profiling,RNA-Seq
6a40f728-eee2-4777-a8e0-67fd6f9f7927,"[{'case_id': 'cf0e7e4e-b857-4db5-9ae2-551a899f77be', 'submitter_id': 'TCGA-AN-A0XP'}]",c8e8f4e7-7aae-41f7-9d36-5938d2c2fc04.rna_seq.augmented_star_gene_counts.tsv,6a40f728-eee2-4777-a8e0-67fd6f9f7927,Gene Expression Quantification,ec42fe02-e7b7-4eef-b8dc-6a75a61bc12c,Transcriptome Profiling,RNA-Seq
b3b6d3bf-426f-4720-9adb-98783faa0eff,"[{'case_id': 'd81594d9-dd6a-45c3-8bad-61960611d78d', 'submitter_id': 'TCGA-A7-A4SF'}]",5782ee15-ce76-43d2-ba6c-e84284f4a99f.rna_seq.augmented_star_gene_counts.tsv,b3b6d3bf-426f-4720-9adb-98783faa0eff,Gene Expression Quantification,c88cd6f6-2289-49b7-8010-5cbfc74c678c,Transcriptome Profiling,RNA-Seq
1cf56202-05e5-41ad-9f27-3519bee045f4,"[{'case_id': '5d8ed961-a012-4b6b-bffb-9468d3953646', 'submitter_id': 'TCGA-EW-A1J5'}]",f1600b0c-f3ac-4c19-8c43-6af450abb6a3.rna_seq.augmented_star_gene_counts.tsv,1cf56202-05e5-41ad-9f27-3519bee045f4,Gene Expression Quantification,b9f43e10-30e3-44f9-a42d-e2cf4b55ec07,Transcriptome Profiling,RNA-Seq
b0e906d2-e2ae-49fa-8d7a-8a00f1d6d0a1,"[{'case_id': '72e486b8-a866-4916-b2e4-8b4bb5dcd92d', 'submitter_id': 'TCGA-A8-A07R'}]",fe15bb7d-6469-4778-9dc8-9e4c5877942c.rna_seq.augmented_star_gene_counts.tsv,b0e906d2-e2ae-49fa-8d7a-8a00f1d6d0a1,Gene Expression Quantification,07a7ccee-6dfd-4aff-9299-d3fb673a4510,Transcriptome Profiling,RNA-Seq
ed76d903-de08-4060-ab15-b4add3c551f0,"[{'case_id': 'dcd5860c-7e3a-44f3-a732-fe92fe3fe300', 'submitter_id': 'TCGA-AN-A046'}]",05ea028e-6b8a-4352-88aa-057494cf5e80.rna_seq.augmented_star_gene_counts.tsv,ed76d903-de08-4060-ab15-b4add3c551f0,Gene Expression Quantification,68f18577-1a7d-42fb-98b2-fcac51102e8e,Transcriptome Profiling,RNA-Seq
cf53cdad-a323-475e-a84a-87b68d13e262,"[{'case_id': '64089c20-939f-48b4-ae8b-904ad0597145', 'submitter_id': 'TCGA-E2-A15I'}]",37d359b3-d8f5-44cf-8f30-57dfdbbab8c1.rna_seq.augmented_star_gene_counts.tsv,cf53cdad-a323-475e-a84a-87b68d13e262,Gene Expression Quantification,63e4e9d1-ff3e-403e-87ed-5026c80cf2f0,Transcriptome Profiling,RNA-Seq
e3e56a3c-5a8b-419e-8904-194a2fdfa550,"[{'case_id': 'aa60fa8d-c374-40e0-af2d-b007701e67e3', 'submitter_id': 'TCGA-LL-A740'}]",839aaefe-1755-4131-9b89-2610481a13c4.rna_seq.augmented_star_gene_counts.tsv,e3e56a3c-5a8b-419e-8904-194a2fdfa550,Gene Expression Quantification,c7af0749-ee22-469b-9780-e244c841a5bf,Transcriptome Profiling,RNA-Seq
96e54b36-0b71-4ad0-9b21-72668708fc62,"[{'case_id': '955d4263-61f7-42e8-8a6e-772a0d6c209d', 'submitter_id': 'TCGA-E9-A1N6'}]",b7ef29ba-06f6-4445-8c70-52388892388c.rna_seq.augmented_star_gene_counts.tsv,96e54b36-0b71-4ad0-9b21-72668708fc62,Gene Expression Quantification,b566c964-8ea3-4ed4-b764-6ee30e4b6249,Transcriptome Profiling,RNA-Seq
d0dcec39-c407-4593-98e3-133714cf2f7b,"[{'case_id': 'c0b7b798-3383-4a45-a455-9eca5810739e', 'submitter_id': 'TCGA-EW-A3E8'}]",f18a5a92-2b2e-4834-8610-df98760db5aa.rna_seq.augmented_star_gene_counts.tsv,d0dcec39-c407-4593-98e3-133714cf2f7b,Gene Expression Quantification,2cb6be82-01a0-4e6c-88fc-1d4f2b1cac0c,Transcriptome Profiling,RNA-Seq
d2659fd9-ac9a-4ab4-9d7c-50d9a16fc9b5,"[{'case_id': '51ccbf1b-7cae-44ba-991a-11eda8b8c404', 'submitter_id': 'TCGA-BH-A1ES'}]",12d9d0ec-4e76-4eba-81b1-6dec7b6f2268.rna_seq.augmented_star_gene_counts.tsv,d2659fd9-ac9a-4ab4-9d7c-50d9a16fc9b5,Gene Expression Quantification,df06d207-d58b-4099-a9fb-e75dc1ae01f5,Transcriptome Profiling,RNA-Seq
bd86e2d9-6098-4f78-9e9b-f2f95367c739,"[{'case_id': '6fa2a667-9c36-4526-8a58-1975e863a806', 'submitter_id': 'TCGA-AC-A2BK'}]",952883cf-24c2-4ed7-bb96-3f736c15ae3d.rna_seq.augmented_star_gene_counts.tsv,bd86e2d9-6098-4f78-9e9b-f2f95367c739,Gene Expression Quantification,fd396dcf-b6df-4cd2-ab11-1d24dce5a912,Transcriptome Profiling,RNA-Seq
664d7ba8-9b87-4f17-b98d-8e07dea3c488,"[{'case_id': '718db047-9f32-48c4-98c9-515218441bca', 'submitter_id': 'TCGA-E2-A1IF'}]",cb024f71-c708-498b-9196-2fe57acf3771.rna_seq.augmented_star_gene_counts.tsv,664d7ba8-9b87-4f17-b98d-8e07dea3c488,Gene Expression Quantification,f08c27fd-c0e8-40c9-9e42-b7637ce7f8fa,Transcriptome Profiling,RNA-Seq
c782b873-2727-4fe4-9c9a-741964290349,"[{'case_id': '70ab4f23-23c4-409f-a5cc-18a010c3a24e', 'submitter_id': 'TCGA-C8-A26X'}]",444d0a78-82fe-4a80-9b41-d7daf98506ca.rna_seq.augmented_star_gene_counts.tsv,c782b873-2727-4fe4-9c9a-741964290349,Gene Expression Quantification,7d634870-7370-4e7a-9820-042c55945710,Transcriptome Profiling,RNA-Seq
a10463d8-e74c-490c-b8ed-1dbc6227e32f,"[{'case_id': '73ccc949-01b7-48d3-a7c4-c4bcd261672a', 'submitter_id': 'TCGA-E2-A15A'}]",a6752916-4437-40a7-bc79-d21f52ad1f41.rna_seq.augmented_star_gene_counts.tsv,a10463d8-e74c-490c-b8ed-1dbc6227e32f,Gene Expression Quantification,3415f8d7-fdbb-4b29-b601-b170e2309d4b,Transcriptome Profiling,RNA-Seq
d56cbe4c-2158-4f78-a545-d5c963a22978,"[{'case_id': '7451af3c-acc0-4d79-8429-6b8be96911d8', 'submitter_id': 'TCGA-A7-A3RF'}]",1e473e62-d679-45be-890c-77c52a3e7d47.rna_seq.augmented_star_gene_counts.tsv,d56cbe4c-2158-4f78-a545-d5c963a22978,Gene Expression Quantification,1e15112d-3949-4a4b-a0c7-66b2aa5f5e03,Transcriptome Profiling,RNA-Seq
2cd221ee-4d29-4f40-ab4c-780cc9045c5a,"[{'case_id': '7241b3d4-31ee-4fd2-a4a5-35a9d5f37d6a', 'submitter_id': 'TCGA-E2-A1B5'}]",6a182962-93fc-482f-aa53-a14d7574763a.rna_seq.augmented_star_gene_counts.tsv,2cd221ee-4d29-4f40-ab4c-780cc9045c5a,Gene Expression Quantification,458ce920-0e02-446c-85b8-f103c636d970,Transcriptome Profiling,RNA-Seq
f43b97fd-8953-4a5e-bafb-eb572145abe3,"[{'case_id': '7486a2b3-b09f-4e9c-9864-8b51b58d9fb3', 'submitter_id': 'TCGA-AC-A6IX'}]",866770c0-c4f1-4ed3-aa96-7ff4f7328323.rna_seq.augmented_star_gene_counts.tsv,f43b97fd-8953-4a5e-bafb-eb572145abe3,Gene Expression Quantification,71473ca0-104c-42fa-9309-6bdad3f5e739,Transcriptome Profiling,RNA-Seq
1936f1a9-66bc-4e48-8189-f0e3a67a5593,"[{'case_id': '74f31744-0aed-4633-beec-4e203315f0b7', 'submitter_id': 'TCGA-BH-A0DT'}]",674907a1-381a-4952-924a-52e2adf5ad19.rna_seq.augmented_star_gene_counts.tsv,1936f1a9-66bc-4e48-8189-f0e3a67a5593,Gene Expression Quantification,2f35baed-117b-4f95-99b4-a0de99322490,Transcriptome Profiling,RNA-Seq
0caa1750-ec80-484f-9097-1e90fbfa41c2,"[{'case_id': '996bd3f0-d767-4eff-9c82-99fcb5a3006a', 'submitter_id': 'TCGA-E2-A1B0'}]",507de54a-b4a5-4778-99fc-2f4f45c6daa0.rna_seq.augmented_star_gene_counts.tsv,0caa1750-ec80-484f-9097-1e90fbfa41c2,Gene Expression Quantification,e0102d67-0538-4e06-a9c6-02121f4ff731,Transcriptome Profiling,RNA-Seq
4cafa8be-69f1-4c1a-87fb-c71df6de6a74,"[{'case_id': '99927651-34be-4795-893a-128d8a1fdb30', 'submitter_id': 'TCGA-AO-A12A'}]",2ed88c3e-bf61-4e2f-b06c-0b93c9f9402e.rna_seq.augmented_star_gene_counts.tsv,4cafa8be-69f1-4c1a-87fb-c71df6de6a74,Gene Expression Quantification,1f8dc89d-2a4c-4cab-9b47-b6c0e81eb662,Transcriptome Profiling,RNA-Seq
4662f2d3-edd6-4260-a4ad-04c46ca54443,"[{'case_id': '9ac44381-5d43-4f63-aa3f-7703bfc923c9', 'submitter_id': 'TCGA-E2-A10C'}]",960df455-dab8-4c59-9a99-579cdabe4d19.rna_seq.augmented_star_gene_counts.tsv,4662f2d3-edd6-4260-a4ad-04c46ca54443,Gene Expression Quantification,9ba0e140-8e99-4ae9-a00f-9ef537de953b,Transcriptome Profiling,RNA-Seq
b9bdb9d3-4d2b-4a53-9804-d0511174e553,"[{'case_id': '9de678e5-67ed-4453-a98b-7ac351d5d0f1', 'submitter_id': 'TCGA-A7-A0CH'}]",49e456c9-c47b-4663-bf6f-9f8f4e4e71a5.rna_seq.augmented_star_gene_counts.tsv,b9bdb9d3-4d2b-4a53-9804-d0511174e553,Gene Expression Quantification,54825160-6b86-4ad4-9824-e57a117d00c3,Transcriptome Profiling,RNA-Seq
cdfe79d9-a0bd-4700-937f-07bd0ee51d73,"[{'case_id': '9b13927c-7357-44fd-8385-92ae6a656b7d', 'submitter_id': 'TCGA-B6-A0RG'}]",61348250-68d8-4cef-b6f9-68a68d35508f.rna_seq.augmented_star_gene_counts.tsv,cdfe79d9-a0bd-4700-937f-07bd0ee51d73,Gene Expression Quantification,57f02208-e481-47fd-b477-03cb4d424d09,Transcriptome Profiling,RNA-Seq
f8b403a1-37cf-4acb-b5d7-b3437fafa7f8,"[{'case_id': '9d166970-07c8-4ca3-9cfa-ed0049df9ecc', 'submitter_id': 'TCGA-BH-A1EW'}]",5e4626c1-dcf9-4781-a2e7-f6afca7e2ee7.rna_seq.augmented_star_gene_counts.tsv,f8b403a1-37cf-4acb-b5d7-b3437fafa7f8,Gene Expression Quantification,44f41633-3803-4228-aab8-7271836240f4,Transcriptome Profiling,RNA-Seq
6d505305-dc5f-4dc7-8721-817f444ff7ee,"[{'case_id': '66072c06-f251-4f0b-b6ae-12b407c52cc6', 'submitter_id': 'TCGA-AN-A04C'}]",d681e327-7e74-4f6a-811f-e006470e568f.rna_seq.augmented_star_gene_counts.tsv,6d505305-dc5f-4dc7-8721-817f444ff7ee,Gene Expression Quantification,3be11238-17bb-48b6-a5f9-6c9072d9dd54,Transcriptome Profiling,RNA-Seq
e37e5793-921d-4930-8f22-ddcd5f881fe6,"[{'case_id': '67eef990-5ff4-45d1-843d-d22d7848f130', 'submitter_id': 'TCGA-A7-A0CG'}]",82d0130a-9bea-443b-bf46-32fe0a2ce84c.rna_seq.augmented_star_gene_counts.tsv,e37e5793-921d-4930-8f22-ddcd5f881fe6,Gene Expression Quantification,64c4e537-3b06-4fbe-a7db-472b7c5efd4a,Transcriptome Profiling,RNA-Seq
307261f2-f88f-4658-b6d1-98ef946148e2,"[{'case_id': '6623fc5e-00be-4476-967a-cbd55f676ea6', 'submitter_id': 'TCGA-4H-AAAK'}]",75d91076-9d8a-415e-9ee6-00b877e55874.rna_seq.augmented_star_gene_counts.tsv,307261f2-f88f-4658-b6d1-98ef946148e2,Gene Expression Quantification,3536c481-439f-48e2-84df-db1179819c69,Transcriptome Profiling,RNA-Seq
23bf74db-bb4e-44c5-8473-e651b818e460,"[{'case_id': '9d95a65b-e41d-4f93-92d4-99dce29ff40d', 'submitter_id': 'TCGA-A7-A0CE'}]",308e15c9-16b0-4f24-b9dc-e9dc91038579.rna_seq.augmented_star_gene_counts.tsv,23bf74db-bb4e-44c5-8473-e651b818e460,Gene Expression Quantification,8c603269-f5a4-42b1-802a-fd995dba13de,Transcriptome Profiling,RNA-Seq
2d75b6a1-0f93-4c6a-9554-73a214969c6b,"[{'case_id': '69a68fbc-e43d-4652-85ee-693211bded47', 'submitter_id': 'TCGA-E9-A1N4'}]",1cbbe329-a471-425e-b14d-e9043fce6926.rna_seq.augmented_star_gene_counts.tsv,2d75b6a1-0f93-4c6a-9554-73a214969c6b,Gene Expression Quantification,fd561cd7-ba41-4731-a192-0843239100a9,Transcriptome Profiling,RNA-Seq
040d00da-2bc9-49d4-bf6c-b4515b6a2bbf,"[{'case_id': '6b960b58-28e1-41c6-bd6e-7e669c6aa4ef', 'submitter_id': 'TCGA-BH-A18V'}]",d4f91697-1c39-4398-bf2f-85217a22ddff.rna_seq.augmented_star_gene_counts.tsv,040d00da-2bc9-49d4-bf6c-b4515b6a2bbf,Gene Expression Quantification,2671bc24-4536-4cf0-88d9-b6b6e7ebb6bf,Transcriptome Profiling,RNA-Seq
15d7e135-acb7-46ef-a8b1-f424e40a9e4d,"[{'case_id': '10c9be1e-2cc0-45e4-8d2c-c013ea63ef05', 'submitter_id': 'TCGA-AN-A0FS'}]",e20191d9-fddf-47a3-9ff9-d4a36af7d762.rna_seq.augmented_star_gene_counts.tsv,15d7e135-acb7-46ef-a8b1-f424e40a9e4d,Gene Expression Quantification,cc47c9aa-e67b-4c37-9b6d-61ba56a414db,Transcriptome Profiling,RNA-Seq
a39993c2-0b95-4df1-b501-b1a746633449,"[{'case_id': '753d5d49-3b40-4737-9d4c-b1ec29cc2692', 'submitter_id': 'TCGA-GM-A2DM'}]",9b652843-9c30-4c21-8c39-ef9e21ec4ec6.rna_seq.augmented_star_gene_counts.tsv,a39993c2-0b95-4df1-b501-b1a746633449,Gene Expression Quantification,3b2d9be7-7d3f-4a8f-be80-8d265045f1ae,Transcriptome Profiling,RNA-Seq
aa2ab118-b3cc-4452-a29c-104f80f16f8d,"[{'case_id': 'be9bf36a-12e1-4386-addf-1686dc8b49de', 'submitter_id': 'TCGA-E2-A153'}]",752ec80f-0c1d-4c66-9927-a32f2f9dfb2a.rna_seq.augmented_star_gene_counts.tsv,aa2ab118-b3cc-4452-a29c-104f80f16f8d,Gene Expression Quantification,1268938a-87ee-4748-ab25-ee321fa4a3e3,Transcriptome Profiling,RNA-Seq
a04fdd52-6d4c-4dc6-b63d-fa67ecfe4744,"[{'case_id': 'be9bf36a-12e1-4386-addf-1686dc8b49de', 'submitter_id': 'TCGA-E2-A153'}]",d7d4b68a-ab93-4b9c-9cf6-88f15299e306.rna_seq.augmented_star_gene_counts.tsv,a04fdd52-6d4c-4dc6-b63d-fa67ecfe4744,Gene Expression Quantification,b9990d4f-5663-4389-9cd6-95f4287581bc,Transcriptome Profiling,RNA-Seq
4bfe1281-919d-47ee-afc7-2b373b113674,"[{'case_id': 'becedbfd-b2aa-4dde-b7f4-29e6f59ec32c', 'submitter_id': 'TCGA-E2-A1IK'}]",a615ef14-a590-45b2-91c9-74a3cae19619.rna_seq.augmented_star_gene_counts.tsv,4bfe1281-919d-47ee-afc7-2b373b113674,Gene Expression Quantification,85c604d5-9aea-488b-9353-4cfacd7bcbc3,Transcriptome Profiling,RNA-Seq
e8d97ce6-190e-4189-a148-5a8d9f4215c3,"[{'case_id': '4d51159f-ab2f-40e3-a363-847c3654431e', 'submitter_id': 'TCGA-C8-A26Y'}]",d244c9fe-f289-417a-af42-85591ef4fdc6.rna_seq.augmented_star_gene_counts.tsv,e8d97ce6-190e-4189-a148-5a8d9f4215c3,Gene Expression Quantification,20ae45b4-fa45-4ebe-9701-3c2b48b9c4c9,Transcriptome Profiling,RNA-Seq
0427af63-b665-4c57-874b-65222c200bfe,"[{'case_id': '78582fbc-dcc7-48ae-9f95-5271c9bc5b72', 'submitter_id': 'TCGA-AQ-A04L'}]",99296d22-e605-49cd-b37f-a1b900be5d53.rna_seq.augmented_star_gene_counts.tsv,0427af63-b665-4c57-874b-65222c200bfe,Gene Expression Quantification,3939bc44-097e-4710-be81-49d3b99a81fd,Transcriptome Profiling,RNA-Seq
c4ceaaf8-4803-45d7-9937-42d25db60148,"[{'case_id': '75b3fe55-1a63-426e-867e-2ef52f54778d', 'submitter_id': 'TCGA-B6-A402'}]",9ae5c03c-326d-4492-9cc3-4ba17beb09ad.rna_seq.augmented_star_gene_counts.tsv,c4ceaaf8-4803-45d7-9937-42d25db60148,Gene Expression Quantification,5426675b-53c2-44e2-92a7-631d802d1688,Transcriptome Profiling,RNA-Seq
363736c4-cc2d-4920-a10b-bd0de899cdb1,"[{'case_id': '76ace6aa-0505-442c-978a-f889cf2d44bb', 'submitter_id': 'TCGA-BH-A0E9'}]",387e08dc-a77e-4dd7-939c-1e6f515e692d.rna_seq.augmented_star_gene_counts.tsv,363736c4-cc2d-4920-a10b-bd0de899cdb1,Gene Expression Quantification,61140554-4fc3-453f-9c35-e1c843f06f12,Transcriptome Profiling,RNA-Seq
c4241ab5-95b7-4870-aaed-55541756c42f,"[{'case_id': '78e1da41-127c-4e9c-aaaa-77a0d94c31d0', 'submitter_id': 'TCGA-A8-A08C'}]",a2b214c2-a5d4-4ce6-b505-e1438027236d.rna_seq.augmented_star_gene_counts.tsv,c4241ab5-95b7-4870-aaed-55541756c42f,Gene Expression Quantification,c867e169-a785-4077-a4da-64f31c463313,Transcriptome Profiling,RNA-Seq
6ac73ea5-48e8-40d8-8383-fa28991813fd,"[{'case_id': '796b593f-5886-4a27-bf94-7ea8df325e1a', 'submitter_id': 'TCGA-A2-A0YJ'}]",8832d658-24d2-4d12-a025-959d5eed1271.rna_seq.augmented_star_gene_counts.tsv,6ac73ea5-48e8-40d8-8383-fa28991813fd,Gene Expression Quantification,f77954b9-3e52-44c9-a2da-d6139c2d0df1,Transcriptome Profiling,RNA-Seq
e38111a3-54f9-4229-8803-fc74e0c12c55,"[{'case_id': '784de7ac-8424-42eb-83d4-a1bebaa42b97', 'submitter_id': 'TCGA-A1-A0SM'}]",d77c2ca5-196a-4426-84e4-0ffa4a3667ef.rna_seq.augmented_star_gene_counts.tsv,e38111a3-54f9-4229-8803-fc74e0c12c55,Gene Expression Quantification,ee53fa23-16e8-4115-97f5-aaffe83cfeb6,Transcriptome Profiling,RNA-Seq
fd4bd1de-fc4a-42bc-aca5-5ac16ec14118,"[{'case_id': '7aedb46a-48ec-4e0e-8baa-c9ea4c4a7cf1', 'submitter_id': 'TCGA-A2-A25C'}]",8634f872-177a-481f-ba51-62864c569001.rna_seq.augmented_star_gene_counts.tsv,fd4bd1de-fc4a-42bc-aca5-5ac16ec14118,Gene Expression Quantification,a43edd77-5aed-433a-bacb-d50697525cc6,Transcriptome Profiling,RNA-Seq
d5120825-ab1f-446c-af1e-3be57846a15b,"[{'case_id': '7c2a8440-0206-4039-8474-8d62f6c7de0c', 'submitter_id': 'TCGA-AN-A0AS'}]",ed178c34-0b29-4f65-bdf5-a39969111ca8.rna_seq.augmented_star_gene_counts.tsv,d5120825-ab1f-446c-af1e-3be57846a15b,Gene Expression Quantification,a6d5706c-3591-49c6-a2a7-aff854cc6b9f,Transcriptome Profiling,RNA-Seq
0ca579b1-763e-4f6a-a071-c6514aaa2f11,"[{'case_id': '7d9d3522-ec3b-4efe-8c8e-c0e675276ef5', 'submitter_id': 'TCGA-BH-A0GY'}]",c93e78f6-1c35-4139-a6b4-c29c229c8b68.rna_seq.augmented_star_gene_counts.tsv,0ca579b1-763e-4f6a-a071-c6514aaa2f11,Gene Expression Quantification,de9e3339-f3ab-4ca8-aad6-be4d3836600a,Transcriptome Profiling,RNA-Seq
bc39baa2-786e-4d9a-874e-a7f4febc3be2,"[{'case_id': 'a6cb373a-1604-4e25-bd81-da6c3e4f06ee', 'submitter_id': 'TCGA-AO-A03V'}]",bb7098ae-862b-488c-b67e-01ed682ec783.rna_seq.augmented_star_gene_counts.tsv,bc39baa2-786e-4d9a-874e-a7f4febc3be2,Gene Expression Quantification,0d38ce9c-f1a2-46bc-8eca-ef02b68dc2ad,Transcriptome Profiling,RNA-Seq
f45af277-1f94-4cdd-97d4-8ccdbd7ff18e,"[{'case_id': '7dcf550c-90ce-4f63-aecd-0e46897e2a3e', 'submitter_id': 'TCGA-AC-A23H'}]",a41a8b37-2a35-487f-8a4d-ffa0f31b7839.rna_seq.augmented_star_gene_counts.tsv,f45af277-1f94-4cdd-97d4-8ccdbd7ff18e,Gene Expression Quantification,8f22ebd3-59d3-4c59-bd4c-a3f91be66f48,Transcriptome Profiling,RNA-Seq
3fafe34a-38e2-4645-af4e-0d77fd5464c1,"[{'case_id': '43b3bf47-7313-4dfb-952a-ec0b9d48e16c', 'submitter_id': 'TCGA-OL-A5S0'}]",e7e4c883-af18-41bf-9383-e5b9f354bc8d.rna_seq.augmented_star_gene_counts.tsv,3fafe34a-38e2-4645-af4e-0d77fd5464c1,Gene Expression Quantification,098ccf84-4010-4e34-bd81-e16ceeeafed7,Transcriptome Profiling,RNA-Seq
3173d46f-7344-41e4-bd4c-027fe5b5ec06,"[{'case_id': '7f0bbba1-9bc3-45db-bdda-eb3319bb15d2', 'submitter_id': 'TCGA-BH-A0DE'}]",876216c7-72a1-4b1e-bd2b-fcb125ca91ae.rna_seq.augmented_star_gene_counts.tsv,3173d46f-7344-41e4-bd4c-027fe5b5ec06,Gene Expression Quantification,9246c71d-5e8b-4dc3-a87d-1fad841ad222,Transcriptome Profiling,RNA-Seq
f69ca0e5-201f-4066-81a5-c5b9c8a5012c,"[{'case_id': '43029932-feb0-4658-97fa-645c1e775009', 'submitter_id': 'TCGA-AR-A1AN'}]",23b39087-8003-4e5b-a1f8-b50b0919bcca.rna_seq.augmented_star_gene_counts.tsv,f69ca0e5-201f-4066-81a5-c5b9c8a5012c,Gene Expression Quantification,7328605d-6b08-42d5-8e28-f94702170a6b,Transcriptome Profiling,RNA-Seq
7140b89b-50b6-42ed-a69d-1cbc7901d530,"[{'case_id': '56bbd282-b88d-4730-9242-ab97d08dc83a', 'submitter_id': 'TCGA-GM-A2DN'}]",071e21e7-a494-4d87-ab48-1cb334e0d992.rna_seq.augmented_star_gene_counts.tsv,7140b89b-50b6-42ed-a69d-1cbc7901d530,Gene Expression Quantification,5efe49ac-4cd8-47e2-89fb-3020c0548790,Transcriptome Profiling,RNA-Seq
d3badb09-df1e-488e-ade9-97f1925b5649,"[{'case_id': '441919eb-8c9f-478c-bda3-8de4f8295e8a', 'submitter_id': 'TCGA-C8-A12L'}]",aae57dd0-eae8-48b0-855f-2cd17c9f524d.rna_seq.augmented_star_gene_counts.tsv,d3badb09-df1e-488e-ade9-97f1925b5649,Gene Expression Quantification,65841034-8179-4284-9501-e62a051f3b79,Transcriptome Profiling,RNA-Seq
c4a9a1df-4397-409e-85ec-30e0789377c2,"[{'case_id': '57cf380d-ab52-467f-b9ae-740b2f84c820', 'submitter_id': 'TCGA-BH-A42V'}]",18e5bf73-efdd-4c75-957c-68a94f6cb396.rna_seq.augmented_star_gene_counts.tsv,c4a9a1df-4397-409e-85ec-30e0789377c2,Gene Expression Quantification,410e6301-ed2b-4a25-b922-e179bbea13f6,Transcriptome Profiling,RNA-Seq
309dcac2-7efa-467c-9dc7-222c130b0fec,"[{'case_id': '59be60a3-e0f6-4d63-b98c-574ef92428c4', 'submitter_id': 'TCGA-E2-A15M'}]",d29744c4-3aa3-44b2-83fb-0e74ba697cd9.rna_seq.augmented_star_gene_counts.tsv,309dcac2-7efa-467c-9dc7-222c130b0fec,Gene Expression Quantification,feb8c1a5-b3e8-4860-a2c5-59beea73dda8,Transcriptome Profiling,RNA-Seq
ccb87d7a-2729-4017-bc17-10e5a67bd5cc,"[{'case_id': '59be60a3-e0f6-4d63-b98c-574ef92428c4', 'submitter_id': 'TCGA-E2-A15M'}]",0557d817-20e0-496f-840a-7a15d6da1694.rna_seq.augmented_star_gene_counts.tsv,ccb87d7a-2729-4017-bc17-10e5a67bd5cc,Gene Expression Quantification,315ab438-0212-4f9a-93cc-ac93ee25860c,Transcriptome Profiling,RNA-Seq
e58f3dde-82f6-4a5d-9909-8f5659a26915,"[{'case_id': '59d60247-e549-4326-a672-50b05c13a291', 'submitter_id': 'TCGA-BH-A8G0'}]",9bf53a64-2c24-4cf7-8419-f57b1936aa8c.rna_seq.augmented_star_gene_counts.tsv,e58f3dde-82f6-4a5d-9909-8f5659a26915,Gene Expression Quantification,0cfa73fc-2382-40bb-b03c-1ea79bcd84de,Transcriptome Profiling,RNA-Seq
0a7dc8b9-4196-41d3-ada1-a50cb36bfd2b,"[{'case_id': '5cd79093-1571-4f71-8136-0d84ccabdcac', 'submitter_id': 'TCGA-WT-AB44'}]",3c9c665e-9327-45f0-b412-224e8948deb2.rna_seq.augmented_star_gene_counts.tsv,0a7dc8b9-4196-41d3-ada1-a50cb36bfd2b,Gene Expression Quantification,453b8a21-63a7-4d57-be3f-b47075d7112f,Transcriptome Profiling,RNA-Seq
8c600781-5238-4b46-80bc-aa2710c1ed3f,"[{'case_id': '5cdae21d-eee5-478f-932a-0f51fcf5f031', 'submitter_id': 'TCGA-E9-A1RC'}]",c285a0ef-5076-4265-be61-98c064242718.rna_seq.augmented_star_gene_counts.tsv,8c600781-5238-4b46-80bc-aa2710c1ed3f,Gene Expression Quantification,b93fb190-50ec-41fc-8ed4-f0b0661cfa06,Transcriptome Profiling,RNA-Seq
6487c7e6-38ad-417c-8009-6c899fe74a64,"[{'case_id': '6f18f96e-c0c9-4cc4-9fb2-cba8949d5402', 'submitter_id': 'TCGA-E2-A9RU'}]",687d5cbd-0877-4e31-86d7-9fcb32a82f10.rna_seq.augmented_star_gene_counts.tsv,6487c7e6-38ad-417c-8009-6c899fe74a64,Gene Expression Quantification,06551ccd-6a7e-4ce8-be36-082bc2960505,Transcriptome Profiling,RNA-Seq
416defdf-a4f7-4305-97ff-d3b3ebce672f,"[{'case_id': '8c51bbcb-7c8d-47ad-9193-70ca157c6900', 'submitter_id': 'TCGA-AR-A251'}]",0dacd83e-7fab-4064-a25c-c1de66be5305.rna_seq.augmented_star_gene_counts.tsv,416defdf-a4f7-4305-97ff-d3b3ebce672f,Gene Expression Quantification,64ec5d3f-5d87-412a-bea8-12bd5503cb30,Transcriptome Profiling,RNA-Seq
0a06329d-82cd-41a9-822e-43cfd49e63a2,"[{'case_id': '5e4187c9-98f8-4bdb-a8da-6a914e96f47a', 'submitter_id': 'TCGA-A8-A082'}]",a7b067c9-a62a-4d3d-8c4e-668830f7441f.rna_seq.augmented_star_gene_counts.tsv,0a06329d-82cd-41a9-822e-43cfd49e63a2,Gene Expression Quantification,9495bd06-c7d4-4e07-b1d6-852a2cfcc03b,Transcriptome Profiling,RNA-Seq
50260fba-c435-480a-9bb8-f2839ba499a4,"[{'case_id': '8c7e74e0-71ef-49b8-9217-94b8ef740ef9', 'submitter_id': 'TCGA-A7-A13E'}]",1d390e7f-bbbb-45b5-9466-d199f19106b2.rna_seq.augmented_star_gene_counts.tsv,50260fba-c435-480a-9bb8-f2839ba499a4,Gene Expression Quantification,eb770c70-3246-4447-a3dc-3c6b8273a3e6,Transcriptome Profiling,RNA-Seq
4e98f490-cbdf-4864-8cc3-b5f9d3c95146,"[{'case_id': '4842bac3-abaa-4900-871f-f2c3ba6457f5', 'submitter_id': 'TCGA-E9-A1R6'}]",ef2a6bd9-fe3b-4b67-942c-89f3a34813ad.rna_seq.augmented_star_gene_counts.tsv,4e98f490-cbdf-4864-8cc3-b5f9d3c95146,Gene Expression Quantification,4413b109-4fca-4263-b45f-1399ca4a9da4,Transcriptome Profiling,RNA-Seq
e2b3728b-9827-4a13-b52c-caabd58f902e,"[{'case_id': '48ff0420-0f19-4e9d-a75d-6c54949a461a', 'submitter_id': 'TCGA-B6-A401'}]",b4b81763-61bc-469b-a048-eba733193262.rna_seq.augmented_star_gene_counts.tsv,e2b3728b-9827-4a13-b52c-caabd58f902e,Gene Expression Quantification,395ca9ab-cfe6-4d76-99f9-1231cf8f603d,Transcriptome Profiling,RNA-Seq
7be570ba-7f69-431e-88c2-614e92bc88ae,"[{'case_id': '491d5ebb-e9ab-4b17-acb8-630ff9fef0f2', 'submitter_id': 'TCGA-AR-A24X'}]",381e687e-c27d-4794-981b-7c3c596a0246.rna_seq.augmented_star_gene_counts.tsv,7be570ba-7f69-431e-88c2-614e92bc88ae,Gene Expression Quantification,203b6b39-f64a-49a4-b501-55dfe47ebd47,Transcriptome Profiling,RNA-Seq
68814d4d-9db8-471f-b4b3-5c2fecb10773,"[{'case_id': '45c3975c-d333-4237-93f7-e12dc2451c38', 'submitter_id': 'TCGA-E2-A56Z'}]",baf9135d-d8dd-4e04-9115-4055b81fae05.rna_seq.augmented_star_gene_counts.tsv,68814d4d-9db8-471f-b4b3-5c2fecb10773,Gene Expression Quantification,81143619-efc5-4188-b522-5292ae7692f0,Transcriptome Profiling,RNA-Seq
0094f9d0-45ec-4aad-bca0-71c60bdd7113,"[{'case_id': '4922cddc-575c-4b8a-8245-ce5f6876760c', 'submitter_id': 'TCGA-E9-A1R3'}]",cafc9e36-c5f0-45df-ad03-16210ff0d870.rna_seq.augmented_star_gene_counts.tsv,0094f9d0-45ec-4aad-bca0-71c60bdd7113,Gene Expression Quantification,3e9042cb-14f4-48db-b3df-6bc6858f6dfb,Transcriptome Profiling,RNA-Seq
be6f8b24-e668-41c6-89f7-f4cdc8533cae,"[{'case_id': '478eb8aa-50b8-4ce5-98e4-d518ede4b174', 'submitter_id': 'TCGA-BH-A0DZ'}]",63afc197-8c49-4150-a98b-61c47f182778.rna_seq.augmented_star_gene_counts.tsv,be6f8b24-e668-41c6-89f7-f4cdc8533cae,Gene Expression Quantification,657d2dc6-64c8-417b-905f-b63c681cae0a,Transcriptome Profiling,RNA-Seq
c8c7b9cc-7015-4405-a7f5-f60587de285a,"[{'case_id': 'ccb22ecc-6e18-44b8-ad48-6ab51314b16e', 'submitter_id': 'TCGA-D8-A142'}]",c091a9db-8d3f-4dfb-8658-b6b8020c1d5c.rna_seq.augmented_star_gene_counts.tsv,c8c7b9cc-7015-4405-a7f5-f60587de285a,Gene Expression Quantification,1073a36b-64bd-455e-b06a-4fb63bbbb75f,Transcriptome Profiling,RNA-Seq
c95a37a1-d3cd-421c-bc5f-0f8dc448f64c,"[{'case_id': 'ccd4a24b-d8cc-4686-9dee-c98b0c5a8d21', 'submitter_id': 'TCGA-A2-A04P'}]",ee6709eb-718c-4a0e-8b57-3068e0e0fbaf.rna_seq.augmented_star_gene_counts.tsv,c95a37a1-d3cd-421c-bc5f-0f8dc448f64c,Gene Expression Quantification,cb957c99-2f54-44bf-8009-18d169105f27,Transcriptome Profiling,RNA-Seq
97387357-c741-43a6-9b3a-55c925f9a516,"[{'case_id': 'cc510968-fe52-4109-a79f-74f216b48c78', 'submitter_id': 'TCGA-D8-A1XJ'}]",6e79eeb3-9eae-45f4-92a5-fba71c154c1a.rna_seq.augmented_star_gene_counts.tsv,97387357-c741-43a6-9b3a-55c925f9a516,Gene Expression Quantification,6a2e751e-d380-4923-9357-60e0c93664d5,Transcriptome Profiling,RNA-Seq
d914654b-ec4f-4be5-a525-2997a4b39279,"[{'case_id': 'cd3faa15-743c-476f-ab0d-f205b14126b6', 'submitter_id': 'TCGA-B6-A0RV'}]",f77281dc-f8c5-4da7-b151-873b03e986ad.rna_seq.augmented_star_gene_counts.tsv,d914654b-ec4f-4be5-a525-2997a4b39279,Gene Expression Quantification,967ddb12-c775-40a9-8983-5cad9afffb76,Transcriptome Profiling,RNA-Seq
5113a198-1bfe-4d4e-8e17-4c8e3359061a,"[{'case_id': 'ce9e0309-9756-42d2-ae94-d91264a79498', 'submitter_id': 'TCGA-E2-A1LA'}]",9dffcc09-6ccd-4f12-ae6a-1b8b93fcf29c.rna_seq.augmented_star_gene_counts.tsv,5113a198-1bfe-4d4e-8e17-4c8e3359061a,Gene Expression Quantification,e1b9c370-64e9-4035-9d12-59697a3a702b,Transcriptome Profiling,RNA-Seq
6129ca9a-5466-4cf5-be19-a4e3134659cb,"[{'case_id': 'cea9d8f9-e18c-4947-a461-5f712e3c1e6d', 'submitter_id': 'TCGA-E9-A229'}]",db998871-01ff-4a39-ba06-fe3fb1183584.rna_seq.augmented_star_gene_counts.tsv,6129ca9a-5466-4cf5-be19-a4e3134659cb,Gene Expression Quantification,764f0785-f1bb-4fe8-8254-78ef5f2998a2,Transcriptome Profiling,RNA-Seq
9c99e8d0-a96d-4252-8ea8-e15bfae278c3,"[{'case_id': 'cd781589-3820-45a2-906b-8d60cd02f3ef', 'submitter_id': 'TCGA-D8-A1JT'}]",3bbc2702-3fa1-455a-9c68-bf082850d9be.rna_seq.augmented_star_gene_counts.tsv,9c99e8d0-a96d-4252-8ea8-e15bfae278c3,Gene Expression Quantification,6c4bfc7e-b1d5-49da-9cac-de091987a09f,Transcriptome Profiling,RNA-Seq
e21262db-a694-4461-b1b0-e52c0891113a,"[{'case_id': 'd071c16b-7cee-45ed-8ec9-612418143815', 'submitter_id': 'TCGA-A2-A0CS'}]",04de1f79-fdfc-4662-bab2-a3ed667c7dea.rna_seq.augmented_star_gene_counts.tsv,e21262db-a694-4461-b1b0-e52c0891113a,Gene Expression Quantification,9f657a5f-e68a-48c9-9f15-34dd2fc7baf3,Transcriptome Profiling,RNA-Seq
7d0189e8-9726-439a-b5e4-b650bc33794b,"[{'case_id': 'e1119732-3e97-4259-bc69-dc4269d9496d', 'submitter_id': 'TCGA-BH-A0C7'}]",488d0d81-4872-4204-b8e8-745e64a35d65.rna_seq.augmented_star_gene_counts.tsv,7d0189e8-9726-439a-b5e4-b650bc33794b,Gene Expression Quantification,d7bdf37e-ba57-4562-8918-7987086f7bdc,Transcriptome Profiling,RNA-Seq
1dacccf9-58ae-490f-9f3f-31c82f93b3b8,"[{'case_id': 'e112b452-8850-4353-bfed-0dbdc243290b', 'submitter_id': 'TCGA-AN-A0FW'}]",b707621f-1f89-4058-be18-33020b9ebec3.rna_seq.augmented_star_gene_counts.tsv,1dacccf9-58ae-490f-9f3f-31c82f93b3b8,Gene Expression Quantification,cdb6d378-e8f0-46fc-bbc9-6d5bfbef5dbe,Transcriptome Profiling,RNA-Seq
79d67844-5389-40ee-a1fd-5b19ecf81b73,"[{'case_id': '92654f8d-5137-4ffd-aaa3-5ae38eb88226', 'submitter_id': 'TCGA-A7-A2KD'}]",d251e6b4-0c25-42ec-b090-daa81ee80a0e.rna_seq.augmented_star_gene_counts.tsv,79d67844-5389-40ee-a1fd-5b19ecf81b73,Gene Expression Quantification,0f37bb87-7621-4c93-a72e-87b18e6f7fa3,Transcriptome Profiling,RNA-Seq
9e5ecae5-faf0-41a2-a795-d1b4db79486a,"[{'case_id': '91a2f2af-e4b1-4a0b-ab20-6a36ce63c533', 'submitter_id': 'TCGA-E2-A1LS'}]",a4cf670f-1627-42cf-9917-fc2c89708353.rna_seq.augmented_star_gene_counts.tsv,9e5ecae5-faf0-41a2-a795-d1b4db79486a,Gene Expression Quantification,313209fa-a073-4cc9-a6f7-b527edbf314d,Transcriptome Profiling,RNA-Seq
5755f322-5df5-4b88-9c79-640167775c12,"[{'case_id': '91a2f2af-e4b1-4a0b-ab20-6a36ce63c533', 'submitter_id': 'TCGA-E2-A1LS'}]",8bf23a6b-8ca6-4fcf-b4e9-a14c3a875526.rna_seq.augmented_star_gene_counts.tsv,5755f322-5df5-4b88-9c79-640167775c12,Gene Expression Quantification,1324c6a9-112e-4327-bf6c-23c192d0633e,Transcriptome Profiling,RNA-Seq
4c941474-f3e0-4735-bad0-cff8894fb08d,"[{'case_id': '92529232-8504-4541-b7e2-4df8f497c413', 'submitter_id': 'TCGA-D8-A1XM'}]",d474de4c-c01d-46f5-92a6-7513f7a38eed.rna_seq.augmented_star_gene_counts.tsv,4c941474-f3e0-4735-bad0-cff8894fb08d,Gene Expression Quantification,3a4f905b-0dcb-4180-a8fb-ef1b7feaf9e7,Transcriptome Profiling,RNA-Seq
1320db11-22a5-417f-8ec7-65c0bf4681a2,"[{'case_id': '93ed6066-b567-4e1c-ab81-23370f9d3452', 'submitter_id': 'TCGA-BH-A0AY'}]",9926a02f-9fa7-42c9-bfa1-e6ec45018fed.rna_seq.augmented_star_gene_counts.tsv,1320db11-22a5-417f-8ec7-65c0bf4681a2,Gene Expression Quantification,5504e1a3-805b-48bf-acf1-5a2323db103b,Transcriptome Profiling,RNA-Seq
c9920595-31f2-4977-b6bd-c0fa3ffcf461,"[{'case_id': '94b95984-b2fb-4e42-8887-45e7086c3179', 'submitter_id': 'TCGA-E9-A1RB'}]",b0c13073-8725-4707-983c-506fe46205d7.rna_seq.augmented_star_gene_counts.tsv,c9920595-31f2-4977-b6bd-c0fa3ffcf461,Gene Expression Quantification,f64a5e7a-736e-41f9-9ce3-1be034c944d0,Transcriptome Profiling,RNA-Seq
9b2a1467-775c-48cf-9a3c-e259ccd344e4,"[{'case_id': '95873e61-afdb-496c-9f77-3f9beb008cda', 'submitter_id': 'TCGA-E9-A3X8'}]",08814ce5-fdf0-4f06-aabd-bf7b2738cf43.rna_seq.augmented_star_gene_counts.tsv,9b2a1467-775c-48cf-9a3c-e259ccd344e4,Gene Expression Quantification,203b2ab4-d46b-4100-b1dc-23ee71a62456,Transcriptome Profiling,RNA-Seq
f6565f25-4317-4615-a437-af79da929ecd,"[{'case_id': '9434687a-197c-4959-b6b8-9c05f1dd7f53', 'submitter_id': 'TCGA-B6-A3ZX'}]",8643d0bc-0acb-4d6e-b6bd-5a997d2fc39d.rna_seq.augmented_star_gene_counts.tsv,f6565f25-4317-4615-a437-af79da929ecd,Gene Expression Quantification,ba380d98-9c72-47a3-a4d4-201b354c832e,Transcriptome Profiling,RNA-Seq
e94299a9-67bc-4c30-963c-1476fbb7d5ff,"[{'case_id': '96312510-c126-485d-8109-ed81844a1dc3', 'submitter_id': 'TCGA-AN-A0G0'}]",3cd924c3-5000-49de-a253-92d1cfa9a09a.rna_seq.augmented_star_gene_counts.tsv,e94299a9-67bc-4c30-963c-1476fbb7d5ff,Gene Expression Quantification,cb8e0386-6951-4e91-a4e5-c1776b6a49bb,Transcriptome Profiling,RNA-Seq
5405b59e-44cc-4745-b838-ca279210cbed,"[{'case_id': '94b03e1d-50ec-4680-bffd-7086d1536ff2', 'submitter_id': 'TCGA-AR-A1AK'}]",1d6fed92-2d3c-46b6-8760-31bc1254cf65.rna_seq.augmented_star_gene_counts.tsv,5405b59e-44cc-4745-b838-ca279210cbed,Gene Expression Quantification,b8870a42-3dfa-4e98-bba9-412b0cd27934,Transcriptome Profiling,RNA-Seq
8ced7ce3-86ec-4bc8-afce-8fcfb06d8be4,"[{'case_id': '02e6f999-24f2-4ad2-9b92-df3ee2b082e5', 'submitter_id': 'TCGA-D8-A1JC'}]",d1adf0be-5afe-4df7-8f88-dbf7521bcdac.rna_seq.augmented_star_gene_counts.tsv,8ced7ce3-86ec-4bc8-afce-8fcfb06d8be4,Gene Expression Quantification,9c97ef40-0178-45e3-8aa5-477954cc8060,Transcriptome Profiling,RNA-Seq
934aa789-6d42-4b2d-8a74-7d482d79ed8b,"[{'case_id': 'ba80db4e-d899-4da4-ae49-5263d98e1530', 'submitter_id': 'TCGA-A7-A5ZX'}]",0c80ffec-6290-4b81-9dba-cb64d142b8a8.rna_seq.augmented_star_gene_counts.tsv,934aa789-6d42-4b2d-8a74-7d482d79ed8b,Gene Expression Quantification,e0e5df39-4aad-4271-9219-ce0c549c2b67,Transcriptome Profiling,RNA-Seq
56e43b33-6dc7-496b-bdee-75e5fed5d502,"[{'case_id': '626b4ff0-2188-4a14-aac8-6703c624917f', 'submitter_id': 'TCGA-A8-A09M'}]",92b7faad-a817-4464-a074-9b64bf25fad5.rna_seq.augmented_star_gene_counts.tsv,56e43b33-6dc7-496b-bdee-75e5fed5d502,Gene Expression Quantification,6be45fa3-db76-4377-bc8a-db5fc43f19f5,Transcriptome Profiling,RNA-Seq
fad07753-c9c6-4eba-8f43-09740bff6d69,"[{'case_id': 'baf2afc8-f16c-488f-947c-efc9083c6bef', 'submitter_id': 'TCGA-D8-A1JI'}]",4e3fbf45-1a73-437b-8d85-29aa0c8ac6b0.rna_seq.augmented_star_gene_counts.tsv,fad07753-c9c6-4eba-8f43-09740bff6d69,Gene Expression Quantification,0ea20458-cd5f-423f-92c1-8341ecaf860b,Transcriptome Profiling,RNA-Seq
dafb2454-1ea7-4cb6-8b3b-2b5b6f19aa89,"[{'case_id': '606fbc6a-b41b-441d-9401-51e54912bf5e', 'submitter_id': 'TCGA-BH-A0E1'}]",75525261-bd54-4e19-9f86-ab7b9cea3388.rna_seq.augmented_star_gene_counts.tsv,dafb2454-1ea7-4cb6-8b3b-2b5b6f19aa89,Gene Expression Quantification,6e300407-ac6f-4858-bcf6-9ea8fd87e141,Transcriptome Profiling,RNA-Seq
19264a73-b106-4b24-be01-0a9a137c6de9,"[{'case_id': '62d70067-ff77-4f95-8b69-f537abaf74ce', 'submitter_id': 'TCGA-D8-A1J8'}]",2966096f-4a35-4dca-ab38-ac86074fa29e.rna_seq.augmented_star_gene_counts.tsv,19264a73-b106-4b24-be01-0a9a137c6de9,Gene Expression Quantification,d9423d88-7e8b-4f0a-bec5-6f08b765c7de,Transcriptome Profiling,RNA-Seq
131d96e3-0799-4956-a752-dc244a05c493,"[{'case_id': '6397d7bc-9cb1-4a84-81ad-76954e0a8cee', 'submitter_id': 'TCGA-GM-A4E0'}]",8ddd5f98-9ebc-488d-830c-817ebd796939.rna_seq.augmented_star_gene_counts.tsv,131d96e3-0799-4956-a752-dc244a05c493,Gene Expression Quantification,e9f69473-1208-4ad2-a2c8-827a3b4d54d6,Transcriptome Profiling,RNA-Seq
5e05ff45-9f44-484d-889f-529e2bfe2a48,"[{'case_id': 'b956df1b-bc77-4bdb-a5bd-5dda7b4c8da7', 'submitter_id': 'TCGA-E9-A22B'}]",bb10d315-6038-4513-aa41-d50f20295997.rna_seq.augmented_star_gene_counts.tsv,5e05ff45-9f44-484d-889f-529e2bfe2a48,Gene Expression Quantification,c694e2b4-0d46-47ca-b287-8299ce49605f,Transcriptome Profiling,RNA-Seq
f6cb208f-cc43-4245-8392-dc5ada57bb9b,"[{'case_id': '6412854a-f874-469e-9d1f-8bd3ae5bd41d', 'submitter_id': 'TCGA-A8-A08R'}]",ca8b34fa-ab70-42c1-8e81-8b28ba1a8f3a.rna_seq.augmented_star_gene_counts.tsv,f6cb208f-cc43-4245-8392-dc5ada57bb9b,Gene Expression Quantification,50720480-2031-4a4b-9be7-9c01909352e4,Transcriptome Profiling,RNA-Seq
d14d5953-f379-4adb-9a1b-028f91b1a9e6,"[{'case_id': '418c11e8-2670-48d5-bbf5-95b46bff1201', 'submitter_id': 'TCGA-A2-A4S3'}]",c63a27ff-1844-4b4f-9bc7-ac4d00dc0de8.rna_seq.augmented_star_gene_counts.tsv,d14d5953-f379-4adb-9a1b-028f91b1a9e6,Gene Expression Quantification,41ea4238-73a7-44ab-805d-e96fc23ecd8e,Transcriptome Profiling,RNA-Seq
09f9ebad-e7cd-4c20-9eab-8fd2066d9051,"[{'case_id': 'b97bf89a-7a85-4eef-ae7e-f787aead1f0a', 'submitter_id': 'TCGA-BH-A1FC'}]",31c69703-e318-4e31-aae8-c6cfabe61bc3.rna_seq.augmented_star_gene_counts.tsv,09f9ebad-e7cd-4c20-9eab-8fd2066d9051,Gene Expression Quantification,26b9c4f7-49e7-4362-bf67-2b029984192f,Transcriptome Profiling,RNA-Seq
fc203d80-6254-402c-8c8b-a5500bfa909e,"[{'case_id': '6439621e-da61-4723-91cc-c5d87d0a4abc', 'submitter_id': 'TCGA-AR-A0TV'}]",f4cecad7-2cca-4990-9d88-115b6b201cc5.rna_seq.augmented_star_gene_counts.tsv,fc203d80-6254-402c-8c8b-a5500bfa909e,Gene Expression Quantification,50e52c6f-efe4-4f08-933a-7dcd2b729cf6,Transcriptome Profiling,RNA-Seq
e748021e-b8ec-4b17-8b59-ce9d0a3d42e1,"[{'case_id': '991e1427-3c01-423d-abfd-4584302ca72c', 'submitter_id': 'TCGA-A2-A0SW'}]",a12e5c24-f0ea-4770-9888-20e1c562e436.rna_seq.augmented_star_gene_counts.tsv,e748021e-b8ec-4b17-8b59-ce9d0a3d42e1,Gene Expression Quantification,c94412fd-e559-41dd-a205-0eb6d3131af5,Transcriptome Profiling,RNA-Seq
e20d0db7-984a-4bcf-9f1e-54ec63d55a2f,"[{'case_id': 'b8b6cebc-26dc-43ae-a94a-20da6018f7ae', 'submitter_id': 'TCGA-C8-A133'}]",9e563a6c-1c6f-4901-a1af-f1ef2d8da025.rna_seq.augmented_star_gene_counts.tsv,e20d0db7-984a-4bcf-9f1e-54ec63d55a2f,Gene Expression Quantification,48d67e32-e238-472d-a40d-24037c638a5c,Transcriptome Profiling,RNA-Seq
0c279a15-1250-4923-bcde-96cc3fd32d42,"[{'case_id': '993103b1-e5a1-4c33-8629-be53ebc41d64', 'submitter_id': 'TCGA-A8-A094'}]",b72689a1-2c14-49db-b489-f1627353a024.rna_seq.augmented_star_gene_counts.tsv,0c279a15-1250-4923-bcde-96cc3fd32d42,Gene Expression Quantification,61a8678b-4909-4fd6-bdfc-5c63b7c40192,Transcriptome Profiling,RNA-Seq
e8149278-3269-4dbe-9500-7045fd56cd2f,"[{'case_id': '9857be0c-aeca-4a43-90b1-0535bd08e086', 'submitter_id': 'TCGA-B6-A2IU'}]",2f05f114-9769-48e4-978c-6bfe1f2f372f.rna_seq.augmented_star_gene_counts.tsv,e8149278-3269-4dbe-9500-7045fd56cd2f,Gene Expression Quantification,62784581-c4b1-48bd-8154-0c3918db1722,Transcriptome Profiling,RNA-Seq
eb914a22-6e3f-4296-89d4-a960902fba2b,"[{'case_id': '9938ce5c-e74e-446e-a932-f096f85cc3b1', 'submitter_id': 'TCGA-AQ-A04J'}]",cd23ba96-cc18-428d-ae3d-67a7a2dd3c91.rna_seq.augmented_star_gene_counts.tsv,eb914a22-6e3f-4296-89d4-a960902fba2b,Gene Expression Quantification,538c1006-b0a7-4402-9165-14c82002ef78,Transcriptome Profiling,RNA-Seq
b4835808-46fa-4b6c-a933-92acc9908319,"[{'case_id': '98e709e7-e195-4b37-9537-f6081affb609', 'submitter_id': 'TCGA-A7-A6VW'}]",22c90647-bf63-49e1-972a-0ff9000b674b.rna_seq.augmented_star_gene_counts.tsv,b4835808-46fa-4b6c-a933-92acc9908319,Gene Expression Quantification,a3230e54-b6bb-4034-a40f-39f82e205d00,Transcriptome Profiling,RNA-Seq
e0b65eec-7c30-4607-9cae-c8e8463c80c5,"[{'case_id': 'b8aefc48-4a6e-4254-a57f-5f688399b582', 'submitter_id': 'TCGA-LL-A5YO'}]",e90c1051-744f-46e5-bcec-f95d34f59e0a.rna_seq.augmented_star_gene_counts.tsv,e0b65eec-7c30-4607-9cae-c8e8463c80c5,Gene Expression Quantification,995ad378-2236-4f11-ab8a-7acb7b3e74dc,Transcriptome Profiling,RNA-Seq
63adf5e2-d5cb-4937-a0ee-f2914e130b25,"[{'case_id': '994ca1f5-ad10-44ec-aa21-71fc2940653b', 'submitter_id': 'TCGA-E9-A1N9'}]",86931155-2879-41e4-8fa2-1f24826d8768.rna_seq.augmented_star_gene_counts.tsv,63adf5e2-d5cb-4937-a0ee-f2914e130b25,Gene Expression Quantification,591b4aa8-bb53-4a86-9ef9-daec11ea61f6,Transcriptome Profiling,RNA-Seq
2a73a18d-eca4-475b-9c37-283feb92915f,"[{'case_id': '7fe4670d-4626-459d-869b-ab15f478c6a7', 'submitter_id': 'TCGA-A8-A08A'}]",553e13f9-e00e-4b05-b934-c3837ad4d02d.rna_seq.augmented_star_gene_counts.tsv,2a73a18d-eca4-475b-9c37-283feb92915f,Gene Expression Quantification,465a0b1c-db70-40c8-afd3-6c444f0a754d,Transcriptome Profiling,RNA-Seq
e4e099ea-7207-48b8-a578-d5e6d83054b0,"[{'case_id': '995fdab7-7284-4d33-befa-ec22aa7c6479', 'submitter_id': 'TCGA-A8-A0A7'}]",c7e61a1c-fad6-4fc1-ba1a-49189d4fc0f1.rna_seq.augmented_star_gene_counts.tsv,e4e099ea-7207-48b8-a578-d5e6d83054b0,Gene Expression Quantification,d8e8dbb5-21f8-4c91-bea5-b899887346b9,Transcriptome Profiling,RNA-Seq
dcac8f3c-d282-4ac9-9194-b1461966c795,"[{'case_id': '81e32f39-3aa0-468b-87ed-dd2eb6165ddf', 'submitter_id': 'TCGA-EW-A1P0'}]",a191b96c-cc06-4a58-990b-57ee27335d5c.rna_seq.augmented_star_gene_counts.tsv,dcac8f3c-d282-4ac9-9194-b1461966c795,Gene Expression Quantification,dd99a617-09b0-4651-9315-e469091e8d8a,Transcriptome Profiling,RNA-Seq
fd121fe6-7529-4a92-a324-2186622180b3,"[{'case_id': '805bfe39-3695-43c2-93e4-d66d0559b89f', 'submitter_id': 'TCGA-A2-A1FZ'}]",5c66dcbd-024b-4a7b-b3aa-bbbaaf91ae78.rna_seq.augmented_star_gene_counts.tsv,fd121fe6-7529-4a92-a324-2186622180b3,Gene Expression Quantification,8388b8ce-4a9d-4529-b410-f7b8f501330e,Transcriptome Profiling,RNA-Seq
12b68e56-a83f-4b65-bb66-59e8522acbc9,"[{'case_id': '81e7a3d3-be70-4834-8018-4d2cc077a4e6', 'submitter_id': 'TCGA-A8-A09Z'}]",07aa7c0a-ef47-495a-93be-b23a799d71d8.rna_seq.augmented_star_gene_counts.tsv,12b68e56-a83f-4b65-bb66-59e8522acbc9,Gene Expression Quantification,1b2783ff-882e-43aa-b9a9-292d8de35f71,Transcriptome Profiling,RNA-Seq
75a7e5eb-1db8-4858-9a9f-78abea32ccd4,"[{'case_id': '807b62ed-d3f7-4211-83be-754386ff2c96', 'submitter_id': 'TCGA-E9-A3HO'}]",f1060adb-bee8-41f6-8997-2926d8967f33.rna_seq.augmented_star_gene_counts.tsv,75a7e5eb-1db8-4858-9a9f-78abea32ccd4,Gene Expression Quantification,64407fb0-a2f4-40e3-99af-18b81c837160,Transcriptome Profiling,RNA-Seq
2e7a0005-4efb-4121-91d9-c2ca2cb5201d,"[{'case_id': 'f801aeed-dc43-49d7-a319-84c8851979d9', 'submitter_id': 'TCGA-E2-A10B'}]",f9a27067-7485-4c9f-986b-878aa6cd132c.rna_seq.augmented_star_gene_counts.tsv,2e7a0005-4efb-4121-91d9-c2ca2cb5201d,Gene Expression Quantification,7b393c05-64fc-4e77-869f-d2e318af4bf3,Transcriptome Profiling,RNA-Seq
ffeede9a-d9a9-4836-8c56-39f12a5fde0e,"[{'case_id': 'f9eb88f7-9293-46bf-ace4-a746e4ff80dc', 'submitter_id': 'TCGA-A8-A086'}]",74179e5e-2d3c-417e-8844-6740ea9fb2e5.rna_seq.augmented_star_gene_counts.tsv,ffeede9a-d9a9-4836-8c56-39f12a5fde0e,Gene Expression Quantification,ba85f766-af3d-4281-a4d5-c2625e7eea72,Transcriptome Profiling,RNA-Seq
6d0f2c52-47f8-4032-8468-38dcc578ed6a,"[{'case_id': 'fbee40f1-d6d8-4156-8d42-36e09bb9f095', 'submitter_id': 'TCGA-S3-A6ZF'}]",e4559121-091f-41f2-9559-2abb1bbfd229.rna_seq.augmented_star_gene_counts.tsv,6d0f2c52-47f8-4032-8468-38dcc578ed6a,Gene Expression Quantification,25bb241c-d2b0-4b1e-84bd-f208d6230770,Transcriptome Profiling,RNA-Seq
5b318f75-dda6-4410-bfc0-2fd52030cae7,"[{'case_id': 'fb356957-f620-4d99-b675-1355a1d9f932', 'submitter_id': 'TCGA-E2-A14O'}]",86538c2f-7f41-4a9b-bea5-f6126772f322.rna_seq.augmented_star_gene_counts.tsv,5b318f75-dda6-4410-bfc0-2fd52030cae7,Gene Expression Quantification,d97c2078-cd42-48d4-80ce-72c885006f04,Transcriptome Profiling,RNA-Seq
abefed1d-9f40-4a97-9435-4d9df47f7ebd,"[{'case_id': 'fc18d029-9be2-4fa0-9aef-6d647dc55f0b', 'submitter_id': 'TCGA-D8-A147'}]",8b629c3d-0f28-4740-b681-6f064354f794.rna_seq.augmented_star_gene_counts.tsv,abefed1d-9f40-4a97-9435-4d9df47f7ebd,Gene Expression Quantification,5a6c2ca8-7329-422a-a3d5-2d98fa5e5a7d,Transcriptome Profiling,RNA-Seq
95775d9a-4f7f-47c9-806b-acea8e01d40e,"[{'case_id': 'fcef8cb5-fb2c-4bfb-82cd-6b9f3145182c', 'submitter_id': 'TCGA-BH-A0HP'}]",29789e2c-1555-46e0-8e17-8a252933d84d.rna_seq.augmented_star_gene_counts.tsv,95775d9a-4f7f-47c9-806b-acea8e01d40e,Gene Expression Quantification,7bfbba68-f6a3-4f1f-9f48-382b79a06202,Transcriptome Profiling,RNA-Seq
a572e59c-096f-4054-bbb4-90f2e2461d99,"[{'case_id': 'e783e518-c1e5-4eac-8eaf-e2d65ccd9692', 'submitter_id': 'TCGA-S3-AA15'}]",b87ce383-9333-420c-9184-62d9d1eadabc.rna_seq.augmented_star_gene_counts.tsv,a572e59c-096f-4054-bbb4-90f2e2461d99,Gene Expression Quantification,f29b02ed-0bb3-4bd7-b04a-96a116f1d9a1,Transcriptome Profiling,RNA-Seq
c94fb480-7f46-4c24-bcb1-26f66a57c45a,"[{'case_id': '84a88e8d-1e65-4b88-aae6-bf4c7a7e4c33', 'submitter_id': 'TCGA-A2-A0YE'}]",92914efd-97af-48e2-b097-e91129f8c1b2.rna_seq.augmented_star_gene_counts.tsv,c94fb480-7f46-4c24-bcb1-26f66a57c45a,Gene Expression Quantification,f567f802-c3bf-47dd-ac5d-1cee8866459b,Transcriptome Profiling,RNA-Seq
80c3e656-26e4-4b45-acce-fac1a0c09d28,"[{'case_id': '8539e15f-ba40-4219-aaeb-08d0ab101311', 'submitter_id': 'TCGA-B6-A40B'}]",e862a544-f553-47fa-ba8b-675e0ce7c5bd.rna_seq.augmented_star_gene_counts.tsv,80c3e656-26e4-4b45-acce-fac1a0c09d28,Gene Expression Quantification,3c563b5d-a73a-4b4c-adff-3b282c47561b,Transcriptome Profiling,RNA-Seq
3e0cc1e4-0882-4e9b-9373-34bcbce097d7,"[{'case_id': '8577ffcb-242e-40e2-98d4-2831d952be34', 'submitter_id': 'TCGA-AO-A125'}]",d9a1fa44-0877-423f-9beb-55f3fc936f7b.rna_seq.augmented_star_gene_counts.tsv,3e0cc1e4-0882-4e9b-9373-34bcbce097d7,Gene Expression Quantification,ee45449f-d563-4483-9d62-802431ab087f,Transcriptome Profiling,RNA-Seq
892928f7-8239-4d15-812b-046f9192d7de,"[{'case_id': '83f26720-007c-42c9-a7de-7484bf8afa89', 'submitter_id': 'TCGA-C8-A12O'}]",0d6fbefe-4e21-4762-a476-9c899d4a94b7.rna_seq.augmented_star_gene_counts.tsv,892928f7-8239-4d15-812b-046f9192d7de,Gene Expression Quantification,035e466a-3f5f-45b2-99fe-5297c8fb76df,Transcriptome Profiling,RNA-Seq
d2a12641-a25f-4aab-99a4-433cf664ae73,"[{'case_id': '324bcba2-f6a4-45a6-807c-215bdffcca21', 'submitter_id': 'TCGA-A2-A0D0'}]",934807ee-e303-43b7-938a-1721c6c31584.rna_seq.augmented_star_gene_counts.tsv,d2a12641-a25f-4aab-99a4-433cf664ae73,Gene Expression Quantification,63b2246f-3f30-497e-baa0-e02227e70c2c,Transcriptome Profiling,RNA-Seq
893122aa-117b-49a4-a81c-1229dde4d78a,"[{'case_id': '2dc1cec9-925a-417f-9e21-3c2143e711b4', 'submitter_id': 'TCGA-BH-A42U'}]",42cc31fb-3bc2-4d21-b821-2d05aca800e7.rna_seq.augmented_star_gene_counts.tsv,893122aa-117b-49a4-a81c-1229dde4d78a,Gene Expression Quantification,e49ac26d-55db-4599-821d-99580b03540d,Transcriptome Profiling,RNA-Seq
9cf6e387-2b87-4f53-bb5a-d545a78f21cd,"[{'case_id': '49dc3e68-6206-4f16-969f-a758cc7be8ed', 'submitter_id': 'TCGA-BH-A0BA'}]",75f8fbbb-2015-47cb-94f1-eb88cdfaeae6.rna_seq.augmented_star_gene_counts.tsv,9cf6e387-2b87-4f53-bb5a-d545a78f21cd,Gene Expression Quantification,a8767bca-be73-437b-a005-09a8c2f8083b,Transcriptome Profiling,RNA-Seq
270356b5-f258-49b3-a850-16ea88ec6c76,"[{'case_id': '2e243f0e-9d7d-4cb0-9678-70607f90430a', 'submitter_id': 'TCGA-A7-A13H'}]",5c0aa745-6bad-4f9c-901b-5f0a0277b12d.rna_seq.augmented_star_gene_counts.tsv,270356b5-f258-49b3-a850-16ea88ec6c76,Gene Expression Quantification,419e7118-7b3f-4678-8ae7-a705b7b69c13,Transcriptome Profiling,RNA-Seq
8603da6b-3bb9-4fff-b409-c5af2afd53b3,"[{'case_id': '32bc7cc4-d185-4594-bbee-4b96410be512', 'submitter_id': 'TCGA-A8-A08T'}]",3d31d7a9-76b8-41f4-a037-0dfe6a4ecb0c.rna_seq.augmented_star_gene_counts.tsv,8603da6b-3bb9-4fff-b409-c5af2afd53b3,Gene Expression Quantification,c2268ab8-cc0a-43ca-ae37-7e868123e072,Transcriptome Profiling,RNA-Seq
4dc3285f-fd32-4a3e-ad59-28597ab5323a,"[{'case_id': '89e867de-d30e-4bfc-a453-0a76309dabd5', 'submitter_id': 'TCGA-C8-A132'}]",9918029c-763f-4458-b929-a4db95fd5e1a.rna_seq.augmented_star_gene_counts.tsv,4dc3285f-fd32-4a3e-ad59-28597ab5323a,Gene Expression Quantification,666359f2-cd98-44d7-afaa-8783e2d144d5,Transcriptome Profiling,RNA-Seq
0f1bec43-6235-4390-a148-e7038126c0c8,"[{'case_id': '8ace3b8c-f23e-48a9-a137-9e046bd9549b', 'submitter_id': 'TCGA-BH-A0E2'}]",040e40de-4c19-423f-98dc-151e2633d085.rna_seq.augmented_star_gene_counts.tsv,0f1bec43-6235-4390-a148-e7038126c0c8,Gene Expression Quantification,17f532ae-0f9e-4132-bcd8-94866d8603d8,Transcriptome Profiling,RNA-Seq
2c3000b7-4db9-4f00-a82a-ca6802806631,"[{'case_id': '8b525ec6-d24b-49d4-bfcb-b354de4dae7c', 'submitter_id': 'TCGA-C8-A1HM'}]",db70cd04-821e-43a7-bac1-815a30172be1.rna_seq.augmented_star_gene_counts.tsv,2c3000b7-4db9-4f00-a82a-ca6802806631,Gene Expression Quantification,f3247748-9711-4e54-aac1-89b32952f89e,Transcriptome Profiling,RNA-Seq
11631339-f447-4b28-97a8-3c7c6ccbc843,"[{'case_id': '31427699-e27a-4035-8925-6d8d6900d097', 'submitter_id': 'TCGA-E2-A3DX'}]",97ec0a19-d386-48fc-842c-78488b0d41f3.rna_seq.augmented_star_gene_counts.tsv,11631339-f447-4b28-97a8-3c7c6ccbc843,Gene Expression Quantification,d18b7423-34c3-4ba4-b5d1-bba297e39a84,Transcriptome Profiling,RNA-Seq
99ce2ebd-7a50-4808-ba75-8626ad6d7cfd,"[{'case_id': '1b4cfad1-e353-4411-97b6-2b7b9309e95e', 'submitter_id': 'TCGA-AC-A3W6'}]",8229679f-179d-42b8-a9e7-7d733fe9969e.rna_seq.augmented_star_gene_counts.tsv,99ce2ebd-7a50-4808-ba75-8626ad6d7cfd,Gene Expression Quantification,fad63f7a-26e8-4385-8059-415994aed946,Transcriptome Profiling,RNA-Seq
2dc5eb24-fb84-455a-ae05-3b58ad2fc284,"[{'case_id': '4e42fdc5-2a8b-49e9-87ef-6db7a6692d08', 'submitter_id': 'TCGA-B6-A0X4'}]",54aca121-5b70-4833-84ac-c7506a57bd02.rna_seq.augmented_star_gene_counts.tsv,2dc5eb24-fb84-455a-ae05-3b58ad2fc284,Gene Expression Quantification,52165f60-4690-45f2-b762-77530e98cd5b,Transcriptome Profiling,RNA-Seq
5d875fca-d1ff-4c08-9dfa-0f1e67dc586b,"[{'case_id': '1b703058-e596-45bc-80fe-8b98d545c2e2', 'submitter_id': 'TCGA-AR-A2LK'}]",1467bc96-cad8-4011-962e-d43e6c725f63.rna_seq.augmented_star_gene_counts.tsv,5d875fca-d1ff-4c08-9dfa-0f1e67dc586b,Gene Expression Quantification,542f3977-96fb-40d1-b245-54c41c244103,Transcriptome Profiling,RNA-Seq
9d535d7d-0fff-4134-be8f-daa6d687a48c,"[{'case_id': '4e509f73-99c7-48eb-a3a4-d34e3bface33', 'submitter_id': 'TCGA-OL-A5DA'}]",11d450a3-4578-4444-8ddf-613b5868b683.rna_seq.augmented_star_gene_counts.tsv,9d535d7d-0fff-4134-be8f-daa6d687a48c,Gene Expression Quantification,e588b8ac-6881-4b13-9116-01571dcba196,Transcriptome Profiling,RNA-Seq
ec2687cf-9496-4232-9a96-41b935d6ffb3,"[{'case_id': '76bd9bb9-9a8b-4a90-bb7c-eafe76472ee4', 'submitter_id': 'TCGA-OL-A66H'}]",fb5f0118-87fb-409f-89d8-9bd9f06867b9.rna_seq.augmented_star_gene_counts.tsv,ec2687cf-9496-4232-9a96-41b935d6ffb3,Gene Expression Quantification,15047dd1-7623-4708-8477-04249dfde960,Transcriptome Profiling,RNA-Seq
19318058-604e-4c3b-a037-eab07708ff82,"[{'case_id': '77e25ae8-82ec-4dea-8e62-1176f27e47ba', 'submitter_id': 'TCGA-D8-A3Z5'}]",ede34eaa-699a-496a-a3d3-8ef57ddbdb43.rna_seq.augmented_star_gene_counts.tsv,19318058-604e-4c3b-a037-eab07708ff82,Gene Expression Quantification,bb4bf32b-84b6-46d1-880e-3c3551c0ca66,Transcriptome Profiling,RNA-Seq
8849e5bf-ff35-4cbf-972c-01fb92201a73,"[{'case_id': 'ddcbdac6-9e43-4146-a611-d033125eba14', 'submitter_id': 'TCGA-BH-A208'}]",feb7140e-d822-4462-8dfa-7a63805ac740.rna_seq.augmented_star_gene_counts.tsv,8849e5bf-ff35-4cbf-972c-01fb92201a73,Gene Expression Quantification,fbb38399-4969-4b6e-8e6f-a6f22a61bded,Transcriptome Profiling,RNA-Seq
55214dd2-b3e8-444c-9d02-3db6008b1920,"[{'case_id': 'ddcbdac6-9e43-4146-a611-d033125eba14', 'submitter_id': 'TCGA-BH-A208'}]",cfe1c805-2211-419c-bf9a-e0c8b5020dce.rna_seq.augmented_star_gene_counts.tsv,55214dd2-b3e8-444c-9d02-3db6008b1920,Gene Expression Quantification,32434555-7cef-4f2e-afb3-a2eb2ee76f0e,Transcriptome Profiling,RNA-Seq
b2fdef29-2c03-4aaf-bac8-2e1e5d07333b,"[{'case_id': 'dddd8e2f-e540-418a-b02e-698d18a12c14', 'submitter_id': 'TCGA-A7-A26H'}]",7acbca97-f38d-4da8-8d82-53a8eb0a43ef.rna_seq.augmented_star_gene_counts.tsv,b2fdef29-2c03-4aaf-bac8-2e1e5d07333b,Gene Expression Quantification,eceee0a7-db58-4163-8c09-fcf8da3691a8,Transcriptome Profiling,RNA-Seq
5461f36b-c2a2-4a6a-8b17-444c143655fc,"[{'case_id': '7bcf6d42-eb8f-4aa2-825b-38671d4f9e3a', 'submitter_id': 'TCGA-BH-A0C3'}]",df539d11-132f-4320-9365-14d529ae2186.rna_seq.augmented_star_gene_counts.tsv,5461f36b-c2a2-4a6a-8b17-444c143655fc,Gene Expression Quantification,2f6563fc-02c7-4142-94aa-c50246c0f3cd,Transcriptome Profiling,RNA-Seq
7000e222-556a-4548-9542-9337ba70f79c,"[{'case_id': '7bcf6d42-eb8f-4aa2-825b-38671d4f9e3a', 'submitter_id': 'TCGA-BH-A0C3'}]",5d282b59-c7dc-4f08-ad05-b5eae4bd8e94.rna_seq.augmented_star_gene_counts.tsv,7000e222-556a-4548-9542-9337ba70f79c,Gene Expression Quantification,39e0041e-c759-4457-b44d-8194bdc0d6a7,Transcriptome Profiling,RNA-Seq
de98339e-9b13-4def-b3d9-234fdc784cec,"[{'case_id': '7dcf550c-90ce-4f63-aecd-0e46897e2a3e', 'submitter_id': 'TCGA-AC-A23H'}]",1075d95f-6d27-42e1-a67a-73d5247c8a68.rna_seq.augmented_star_gene_counts.tsv,de98339e-9b13-4def-b3d9-234fdc784cec,Gene Expression Quantification,badf1fd8-8369-42f2-abd2-0689e515c7c0,Transcriptome Profiling,RNA-Seq
dbbacb2c-b675-4a35-a6ff-157865f24945,"[{'case_id': '433427a1-bacf-4381-91ba-5fec8a0953f9', 'submitter_id': 'TCGA-BH-A18S'}]",4614147d-8f49-42b0-a43d-3ef88e6f0af4.rna_seq.augmented_star_gene_counts.tsv,dbbacb2c-b675-4a35-a6ff-157865f24945,Gene Expression Quantification,7c5d5675-ec7a-422a-8734-c5e53220225a,Transcriptome Profiling,RNA-Seq
cd9fd232-1d69-4ef0-911d-28130243994f,"[{'case_id': '44bec761-b603-49c0-8634-f6bfe0319bb1', 'submitter_id': 'TCGA-AO-A0JM'}]",33debcbe-cd9a-422d-8214-68606f68ac5a.rna_seq.augmented_star_gene_counts.tsv,cd9fd232-1d69-4ef0-911d-28130243994f,Gene Expression Quantification,f2d06f62-1f11-4eb3-947d-a6103e1587c6,Transcriptome Profiling,RNA-Seq
0e89f9f0-419f-46e7-981d-781a1302e4be,"[{'case_id': '433427a1-bacf-4381-91ba-5fec8a0953f9', 'submitter_id': 'TCGA-BH-A18S'}]",98f19a00-fd01-46b1-a75d-f66522ebde2d.rna_seq.augmented_star_gene_counts.tsv,0e89f9f0-419f-46e7-981d-781a1302e4be,Gene Expression Quantification,ee0bf877-9a31-4647-b001-143a4730bd72,Transcriptome Profiling,RNA-Seq
a3e73f16-dc65-4c2e-9846-052b8fae144c,"[{'case_id': '7eb18190-5a41-4637-9783-f81bbde499e4', 'submitter_id': 'TCGA-BH-A1FM'}]",682169e0-f36b-430c-896f-c93668b4ce78.rna_seq.augmented_star_gene_counts.tsv,a3e73f16-dc65-4c2e-9846-052b8fae144c,Gene Expression Quantification,5d937313-4994-485d-ba38-64fa564dcfeb,Transcriptome Profiling,RNA-Seq
cbfb8ffe-ae83-4a16-aaa6-f21ea893cb8d,"[{'case_id': '4510295e-8aa7-4ef1-b2b7-91cc902f8200', 'submitter_id': 'TCGA-BH-A1EO'}]",b1f7e629-7a99-4b1f-85e4-bafb87724aea.rna_seq.augmented_star_gene_counts.tsv,cbfb8ffe-ae83-4a16-aaa6-f21ea893cb8d,Gene Expression Quantification,316f0291-5586-445d-b536-b77f182ed782,Transcriptome Profiling,RNA-Seq
8256e097-4476-4906-a5c5-c9da288a363a,"[{'case_id': '451e1a67-47e6-4738-99d7-fb7771ef61a3', 'submitter_id': 'TCGA-B6-A0RP'}]",1a112735-ff30-4c94-953f-444ccad2afe2.rna_seq.augmented_star_gene_counts.tsv,8256e097-4476-4906-a5c5-c9da288a363a,Gene Expression Quantification,f432a479-2ef2-4c82-8c08-f87fc422cc32,Transcriptome Profiling,RNA-Seq
4ad2cbb3-5bca-462b-af1f-8a292c317722,"[{'case_id': '5700c1b3-922a-4401-8ab8-89028908d696', 'submitter_id': 'TCGA-GM-A2DH'}]",e8909d26-a289-4dc7-a819-5883c621efac.rna_seq.augmented_star_gene_counts.tsv,4ad2cbb3-5bca-462b-af1f-8a292c317722,Gene Expression Quantification,babe6799-1558-43bb-afe0-505a91ea5094,Transcriptome Profiling,RNA-Seq
0710056c-2f04-4182-90ca-45492dd6444c,"[{'case_id': '44954053-0b93-4577-a436-42777e442300', 'submitter_id': 'TCGA-B6-A0I9'}]",9d0f51bf-a66d-4ea1-8599-2aee772c165b.rna_seq.augmented_star_gene_counts.tsv,0710056c-2f04-4182-90ca-45492dd6444c,Gene Expression Quantification,19b07e02-17db-46d5-8842-d4ae3feac5cd,Transcriptome Profiling,RNA-Seq
e4f80aa3-eace-4ab4-afff-69d952ed5442,"[{'case_id': '5e670fec-8992-44bf-8657-f7f9a272306b', 'submitter_id': 'TCGA-A2-A0EN'}]",ecf14d2a-e353-4674-9b3f-f0d11bcc9900.rna_seq.augmented_star_gene_counts.tsv,e4f80aa3-eace-4ab4-afff-69d952ed5442,Gene Expression Quantification,c1b43968-60f2-4f08-96fe-30ef9331a89c,Transcriptome Profiling,RNA-Seq
cee1efda-644b-4cee-aad2-d7f5ca93cdec,"[{'case_id': '5f5964a8-8e07-4620-98f0-93d162dbc31e', 'submitter_id': 'TCGA-A8-A08O'}]",1924888b-3b46-4079-a403-d758975a37bd.rna_seq.augmented_star_gene_counts.tsv,cee1efda-644b-4cee-aad2-d7f5ca93cdec,Gene Expression Quantification,cec6b4e1-1b33-48c4-9c99-3071b878cf77,Transcriptome Profiling,RNA-Seq
4f464ced-080f-41f1-9a00-955db0d5fda6,"[{'case_id': '5a57dc25-d252-4b22-b192-4de630d7002f', 'submitter_id': 'TCGA-BH-A0B9'}]",dc76c717-eaa0-49d7-a228-2fce7a536e42.rna_seq.augmented_star_gene_counts.tsv,4f464ced-080f-41f1-9a00-955db0d5fda6,Gene Expression Quantification,ba8276ff-1832-4a7d-b613-488ca030239e,Transcriptome Profiling,RNA-Seq
31180222-da6e-4106-9b49-09be93d68138,"[{'case_id': '5a5f0f48-2b13-4e78-b130-901b85d9a7f3', 'submitter_id': 'TCGA-C8-A273'}]",7289e7d5-65af-4d53-a4de-2691991d90d6.rna_seq.augmented_star_gene_counts.tsv,31180222-da6e-4106-9b49-09be93d68138,Gene Expression Quantification,34b71aa7-233f-44a9-a442-0cf7803d8f41,Transcriptome Profiling,RNA-Seq
4e261db3-6727-49bc-8a2e-77a7a30b4fa7,"[{'case_id': '6f4c8d30-47fb-47df-9eb7-4e5881e3711e', 'submitter_id': 'TCGA-AC-A3QP'}]",3a264c56-869b-4572-89d5-12894386a0de.rna_seq.augmented_star_gene_counts.tsv,4e261db3-6727-49bc-8a2e-77a7a30b4fa7,Gene Expression Quantification,308c68c3-e9c1-40a4-b29e-420d5d293b6f,Transcriptome Profiling,RNA-Seq
1852f5d0-ce76-4f0d-87a7-0383f338c96b,"[{'case_id': '5dd423e8-feaa-4568-a750-500948c41d6c', 'submitter_id': 'TCGA-B6-A0I1'}]",de57eef8-932d-4e4f-a67d-835a87d72116.rna_seq.augmented_star_gene_counts.tsv,1852f5d0-ce76-4f0d-87a7-0383f338c96b,Gene Expression Quantification,957e0bb7-8649-4f20-b47c-3d48ce253330,Transcriptome Profiling,RNA-Seq
a835cfe4-9359-4178-9c9a-44ecb4173e47,"[{'case_id': '5e2cbc56-97f9-4b94-ade2-a3f739bcc7be', 'submitter_id': 'TCGA-EW-A1IW'}]",bd5e632d-9a7d-454f-838e-10b76665a4d3.rna_seq.augmented_star_gene_counts.tsv,a835cfe4-9359-4178-9c9a-44ecb4173e47,Gene Expression Quantification,15de02ed-8cda-45f4-9b59-91c45baac361,Transcriptome Profiling,RNA-Seq
a39defa6-87ec-4855-ab78-44f6b46152e1,"[{'case_id': '6f6afd31-b5dd-48ab-b18f-6390ba18a5f0', 'submitter_id': 'TCGA-D8-A1XF'}]",bf2a1913-2806-4b97-bcc6-e7038b900e15.rna_seq.augmented_star_gene_counts.tsv,a39defa6-87ec-4855-ab78-44f6b46152e1,Gene Expression Quantification,825a29cd-2405-4167-94d0-f78bc0ff3063,Transcriptome Profiling,RNA-Seq
0a511373-8fd3-433a-a5e1-877530d6a239,"[{'case_id': '8c7e74e0-71ef-49b8-9217-94b8ef740ef9', 'submitter_id': 'TCGA-A7-A13E'}]",5991af25-0b64-43d2-867a-6b9713b17af9.rna_seq.augmented_star_gene_counts.tsv,0a511373-8fd3-433a-a5e1-877530d6a239,Gene Expression Quantification,ab606df9-bdf7-4292-b49f-e2bd65f98302,Transcriptome Profiling,RNA-Seq
3ecfecef-4180-4b7a-8d9a-5532b47ef500,"[{'case_id': '4958c36f-1dc7-4f14-9dec-36e14107dbe3', 'submitter_id': 'TCGA-D8-A145'}]",c2fe2d79-efb1-4e4d-a297-bd6b15703d10.rna_seq.augmented_star_gene_counts.tsv,3ecfecef-4180-4b7a-8d9a-5532b47ef500,Gene Expression Quantification,c91266c3-17a0-4731-af72-cb1547b798a4,Transcriptome Profiling,RNA-Seq
36a42825-dbc2-4dff-828c-e5008207d254,"[{'case_id': 'e0375a8b-a135-4103-a59d-39063fcf4a6f', 'submitter_id': 'TCGA-BH-A0HI'}]",66116a4d-210d-45f8-8dba-3f8c79566ecc.rna_seq.augmented_star_gene_counts.tsv,36a42825-dbc2-4dff-828c-e5008207d254,Gene Expression Quantification,515c3f66-4792-46ac-b92d-5d284b2b1a7b,Transcriptome Profiling,RNA-Seq
c28e4bbf-6ddc-42fd-9268-826edc17aee5,"[{'case_id': 'e0b1bcd2-1139-44b9-98b3-67bcf92bcc39', 'submitter_id': 'TCGA-E2-A1B6'}]",cae39998-47d3-4a80-8acb-67d3a9518306.rna_seq.augmented_star_gene_counts.tsv,c28e4bbf-6ddc-42fd-9268-826edc17aee5,Gene Expression Quantification,cc317e6f-9c8b-479e-b397-3b0fcc9ab572,Transcriptome Profiling,RNA-Seq
55f42211-4119-40a3-b5e4-329e913ef910,"[{'case_id': '8f34cb4c-5798-47a0-89a1-f0ee26a8ae93', 'submitter_id': 'TCGA-A2-A0YK'}]",9f5a0552-a0a1-4aa7-a32d-7a1951889cdd.rna_seq.augmented_star_gene_counts.tsv,55f42211-4119-40a3-b5e4-329e913ef910,Gene Expression Quantification,f66bec5a-5364-4250-83f1-e6bf7b52ff9a,Transcriptome Profiling,RNA-Seq
d1237195-a00b-4c52-86b3-4627c42eb14c,"[{'case_id': 'cf9db1af-17f0-490e-8139-142bd704763a', 'submitter_id': 'TCGA-A8-A07O'}]",b7c49a13-6b0f-411a-940e-b35c17818aaa.rna_seq.augmented_star_gene_counts.tsv,d1237195-a00b-4c52-86b3-4627c42eb14c,Gene Expression Quantification,b1f6e64a-8763-4f18-bd05-23af6694ae0a,Transcriptome Profiling,RNA-Seq
44c12577-af9f-4f8c-8b18-24269d6604cb,"[{'case_id': 'cffe832c-8a81-4cdb-8b25-df7f35afafdc', 'submitter_id': 'TCGA-S3-AA0Z'}]",c7066edf-43fc-4bcf-bb63-ab75860d2410.rna_seq.augmented_star_gene_counts.tsv,44c12577-af9f-4f8c-8b18-24269d6604cb,Gene Expression Quantification,7e9d9493-7e06-407e-8db7-618487c84783,Transcriptome Profiling,RNA-Seq
1d8697f1-4e89-4987-b26b-a29d791f19ca,"[{'case_id': 'e1786e78-ac46-46fd-8ce0-8f7456e46082', 'submitter_id': 'TCGA-LL-A8F5'}]",7d2b6ff4-8f35-41cf-b078-3e78d0b81800.rna_seq.augmented_star_gene_counts.tsv,1d8697f1-4e89-4987-b26b-a29d791f19ca,Gene Expression Quantification,5d692a85-a253-4a32-8aae-c9a61f69dcf4,Transcriptome Profiling,RNA-Seq
dad6be14-a519-478d-9f53-122417453a0e,"[{'case_id': '910655da-2c12-4572-96b7-ded616e69b4b', 'submitter_id': 'TCGA-MS-A51U'}]",5d96c14c-7c43-40a1-ba9a-b482a0ad00ee.rna_seq.augmented_star_gene_counts.tsv,dad6be14-a519-478d-9f53-122417453a0e,Gene Expression Quantification,b686e2be-fc52-43e6-8235-8a61868167a5,Transcriptome Profiling,RNA-Seq
e6ea1343-0da3-43f3-9845-4845db02edb8,"[{'case_id': '929acc67-b8bf-4f65-9110-380e44ab66b7', 'submitter_id': 'TCGA-S3-AA14'}]",697cb422-6fda-499a-b808-9ca2357b9b51.rna_seq.augmented_star_gene_counts.tsv,e6ea1343-0da3-43f3-9845-4845db02edb8,Gene Expression Quantification,a557075f-af6d-4ffc-8f69-ce8ffb33b9c0,Transcriptome Profiling,RNA-Seq
3253f315-5ea3-44fc-899f-f9e8f5b6fa96,"[{'case_id': '91da548b-5c64-49c3-a44a-1ef115f53311', 'submitter_id': 'TCGA-LL-A50Y'}]",01f6286b-8422-4f16-bec3-871c86396790.rna_seq.augmented_star_gene_counts.tsv,3253f315-5ea3-44fc-899f-f9e8f5b6fa96,Gene Expression Quantification,76c34011-b6da-4813-b3e4-0e22238ed1be,Transcriptome Profiling,RNA-Seq
21836f98-cc95-46d3-8f40-6c9625f940ba,"[{'case_id': '92b842c5-f71b-4ef7-ba86-358d28e0966f', 'submitter_id': 'TCGA-LL-A6FQ'}]",b6df0d7c-1c41-4b7d-8685-ce6fba4e7ab3.rna_seq.augmented_star_gene_counts.tsv,21836f98-cc95-46d3-8f40-6c9625f940ba,Gene Expression Quantification,15a6dcc7-e65e-474f-a561-1794d26823e4,Transcriptome Profiling,RNA-Seq
27513ce4-3807-481f-abcb-c59774a90519,"[{'case_id': '93ed6066-b567-4e1c-ab81-23370f9d3452', 'submitter_id': 'TCGA-BH-A0AY'}]",e682e28e-0611-4e92-899c-637fde17423d.rna_seq.augmented_star_gene_counts.tsv,27513ce4-3807-481f-abcb-c59774a90519,Gene Expression Quantification,ed90a13d-6f90-417c-a954-cacd53610f8a,Transcriptome Profiling,RNA-Seq
5728b421-9832-417b-8963-b7b17decc58e,"[{'case_id': '9495f029-9882-4c9b-a557-b3aec9e91698', 'submitter_id': 'TCGA-AR-A1AP'}]",ea1ff936-0327-419f-b104-008511b8af5d.rna_seq.augmented_star_gene_counts.tsv,5728b421-9832-417b-8963-b7b17decc58e,Gene Expression Quantification,2c6abf83-bf9d-4c39-9c8f-307f7cd2e9d4,Transcriptome Profiling,RNA-Seq
bbd09e9b-84ba-458f-a595-b03069b843dd,"[{'case_id': '95c53f69-0f05-4348-822a-571f3d757001', 'submitter_id': 'TCGA-A2-A0T0'}]",2100a159-27a6-47f2-a2f2-58f5343e88b0.rna_seq.augmented_star_gene_counts.tsv,bbd09e9b-84ba-458f-a595-b03069b843dd,Gene Expression Quantification,39ad3588-c02c-40fb-80ef-0515d26c4a9d,Transcriptome Profiling,RNA-Seq
150cf3db-44a8-4553-a648-66913d68adde,"[{'case_id': '95cef916-5545-455b-920c-773a54fc7676', 'submitter_id': 'TCGA-AC-A3QQ'}]",099445c1-bd35-43ac-ab7e-9a8a9999c9a7.rna_seq.augmented_star_gene_counts.tsv,150cf3db-44a8-4553-a648-66913d68adde,Gene Expression Quantification,55e4ae2e-8c75-4826-8301-877bea17102d,Transcriptome Profiling,RNA-Seq
a8fa9282-6695-477a-8202-73882cdfa8f7,"[{'case_id': '96f02be7-f2df-483c-8968-a5bd2d887206', 'submitter_id': 'TCGA-D8-A73U'}]",77e4a7c3-f2cd-4b5e-8c18-bfa3ce91cf56.rna_seq.augmented_star_gene_counts.tsv,a8fa9282-6695-477a-8202-73882cdfa8f7,Gene Expression Quantification,24f41fd5-e98d-4126-b006-9e1a2ac34e9f,Transcriptome Profiling,RNA-Seq
0a74ea3f-dadc-4c9f-96ea-62a77c1e602c,"[{'case_id': '33cea538-4c3f-470a-972d-257c43241ab4', 'submitter_id': 'TCGA-C8-A135'}]",4fa35f20-e26e-4bb0-811d-b307e3927904.rna_seq.augmented_star_gene_counts.tsv,0a74ea3f-dadc-4c9f-96ea-62a77c1e602c,Gene Expression Quantification,41d09164-0183-4546-b358-45d1c3e37331,Transcriptome Profiling,RNA-Seq
f36e613e-af30-4b1c-aaf3-89540e05ddb1,"[{'case_id': '34ab0cb8-bf19-4cbb-b4eb-3c45ee5aa60b', 'submitter_id': 'TCGA-B6-A0IG'}]",281a89c1-e817-49d4-afa1-2894c2747919.rna_seq.augmented_star_gene_counts.tsv,f36e613e-af30-4b1c-aaf3-89540e05ddb1,Gene Expression Quantification,282d0ec0-ff4a-4827-a557-01919ae46677,Transcriptome Profiling,RNA-Seq
c642f518-6ba5-4c90-9f0c-0bad0ed80199,"[{'case_id': 'a851ca14-7bbf-455b-a054-ec03979a4247', 'submitter_id': 'TCGA-BH-A0DQ'}]",ea16db3d-eb2a-44b3-bf22-258e583dbcf4.rna_seq.augmented_star_gene_counts.tsv,c642f518-6ba5-4c90-9f0c-0bad0ed80199,Gene Expression Quantification,37804b30-d8d6-45c6-a459-cd3c81c24484,Transcriptome Profiling,RNA-Seq
cf0ca663-a857-4aea-ab72-b0d4373b2456,"[{'case_id': 'a851ca14-7bbf-455b-a054-ec03979a4247', 'submitter_id': 'TCGA-BH-A0DQ'}]",4abd29b3-0a83-41d3-a741-bcc5b6d2f98a.rna_seq.augmented_star_gene_counts.tsv,cf0ca663-a857-4aea-ab72-b0d4373b2456,Gene Expression Quantification,093c8ac5-1ad5-452c-b641-b3b3cf44c594,Transcriptome Profiling,RNA-Seq
da8c5f1e-a4e3-46bd-adb3-ce758e654983,"[{'case_id': '35ca5e2a-861a-4dd2-a4ce-d294cf080da3', 'submitter_id': 'TCGA-AQ-A54O'}]",c36f7911-13d2-4230-a5f5-e9c562d763bc.rna_seq.augmented_star_gene_counts.tsv,da8c5f1e-a4e3-46bd-adb3-ce758e654983,Gene Expression Quantification,f7b0d1e1-b0d0-4de0-9e0d-1d0a19afaed2,Transcriptome Profiling,RNA-Seq
466bf078-4844-457e-8f59-7b0ca28024d8,"[{'case_id': 'a8a33ba9-0976-4e19-b0e9-fa5ba4d4eaa8', 'submitter_id': 'TCGA-BH-A5IZ'}]",ec60e081-f075-4c72-b1e7-62e1f1429fc1.rna_seq.augmented_star_gene_counts.tsv,466bf078-4844-457e-8f59-7b0ca28024d8,Gene Expression Quantification,fd16f589-98a5-4030-bc36-2c495f8c1334,Transcriptome Profiling,RNA-Seq
ec7b77d4-41a2-4892-be79-23cb24f986d3,"[{'case_id': '3886b4fb-ba22-4a50-b11a-a6893951f170', 'submitter_id': 'TCGA-D8-A1XQ'}]",7d736f2b-b73e-4fc1-8d3f-9f350f88171a.rna_seq.augmented_star_gene_counts.tsv,ec7b77d4-41a2-4892-be79-23cb24f986d3,Gene Expression Quantification,9e298cdd-501b-4b7c-bc13-43aa42bfa347,Transcriptome Profiling,RNA-Seq
0682b5b9-8529-4152-b6f9-1a13180eedee,"[{'case_id': 'a6e5f869-1182-4f81-b4bb-cf55261c8f3f', 'submitter_id': 'TCGA-D8-A3Z6'}]",d5066dc8-74bb-415a-84aa-9f74b61faa20.rna_seq.augmented_star_gene_counts.tsv,0682b5b9-8529-4152-b6f9-1a13180eedee,Gene Expression Quantification,f123e0b6-4cff-4c80-9b01-b2a7d73934ff,Transcriptome Profiling,RNA-Seq
b9a1e2f1-e5c4-4855-9720-4c168474dd26,"[{'case_id': 'ba39bfbc-5cac-4f6c-b55c-4eee3466ee93', 'submitter_id': 'TCGA-BH-A0DL'}]",5028f9f0-d9ff-4439-9084-fee423ad4ca7.rna_seq.augmented_star_gene_counts.tsv,b9a1e2f1-e5c4-4855-9720-4c168474dd26,Gene Expression Quantification,545d7b03-6090-4fc4-b89f-fa18f69da9d8,Transcriptome Profiling,RNA-Seq
683e004b-7992-4250-a94b-c355c45725d2,"[{'case_id': 'ba39bfbc-5cac-4f6c-b55c-4eee3466ee93', 'submitter_id': 'TCGA-BH-A0DL'}]",50108c12-718c-48fc-8f76-23ce0c13e2e6.rna_seq.augmented_star_gene_counts.tsv,683e004b-7992-4250-a94b-c355c45725d2,Gene Expression Quantification,2d7bf268-4b8e-4ab5-bba9-0071961883e1,Transcriptome Profiling,RNA-Seq
fbdb3ca1-c7c8-437e-a315-25e3bc623236,"[{'case_id': '3aaabc62-f5a4-4025-9b29-5adf82c86c84', 'submitter_id': 'TCGA-AO-A1KP'}]",a740aa2d-a410-443f-99f4-3a123deb2f41.rna_seq.augmented_star_gene_counts.tsv,fbdb3ca1-c7c8-437e-a315-25e3bc623236,Gene Expression Quantification,6bb74506-2328-46cf-aba5-0635b48b9277,Transcriptome Profiling,RNA-Seq
d721071e-6c0e-46df-9158-1fe37a64f1ed,"[{'case_id': 'ba89cb4f-cd63-47b1-9550-76fdaff89f2e', 'submitter_id': 'TCGA-A2-A25E'}]",a78e7939-a1ea-4b9d-ae55-3c1dc985bbd8.rna_seq.augmented_star_gene_counts.tsv,d721071e-6c0e-46df-9158-1fe37a64f1ed,Gene Expression Quantification,5b4cb210-00df-4b50-8cff-8cf249c98378,Transcriptome Profiling,RNA-Seq
196aed5b-6812-47c5-ad7b-4dd1743ed0b5,"[{'case_id': '3ecb0147-276d-486c-9af0-ce437c24ba83', 'submitter_id': 'TCGA-BH-A0BR'}]",8cf6a0f3-9dfb-41f5-b855-c313c583e707.rna_seq.augmented_star_gene_counts.tsv,196aed5b-6812-47c5-ad7b-4dd1743ed0b5,Gene Expression Quantification,b0784662-c1e8-4b16-ab3a-7a061f3d4897,Transcriptome Profiling,RNA-Seq
f88ba6a1-27bf-43fa-a2c7-05db1eb9e8ea,"[{'case_id': '623befd6-0ca4-4a6c-9cf5-d9385c3b718f', 'submitter_id': 'TCGA-AR-A1AO'}]",cfba3fd3-4d84-46e6-9c12-8bf8481b35aa.rna_seq.augmented_star_gene_counts.tsv,f88ba6a1-27bf-43fa-a2c7-05db1eb9e8ea,Gene Expression Quantification,9ce4da38-503d-48a7-ad6e-4ab6e8d69bb1,Transcriptome Profiling,RNA-Seq
121a48ed-798d-4102-bb8f-e736570e18d6,"[{'case_id': '3efa245d-177d-4ef9-94f7-f554c54e345e', 'submitter_id': 'TCGA-A8-A0A1'}]",f988afae-48f8-4ecc-bb84-87924b454bf0.rna_seq.augmented_star_gene_counts.tsv,121a48ed-798d-4102-bb8f-e736570e18d6,Gene Expression Quantification,445af542-5259-4669-bed9-392f56338118,Transcriptome Profiling,RNA-Seq
2ff175d2-100f-4ce8-8d1e-b3b95b41ae56,"[{'case_id': 'baf5e81f-2322-41ec-9053-b9559a7993bc', 'submitter_id': 'TCGA-AN-A0FT'}]",7d746ed3-9bfa-4f66-9c5a-594284ecd811.rna_seq.augmented_star_gene_counts.tsv,2ff175d2-100f-4ce8-8d1e-b3b95b41ae56,Gene Expression Quantification,95508b3e-05b1-4ea3-a99f-f894646c66b7,Transcriptome Profiling,RNA-Seq
0d140db1-dc0d-431d-b389-846d05bbb827,"[{'case_id': '408cb583-6dc3-4698-8bd2-e284042bd5ef', 'submitter_id': 'TCGA-E9-A1RH'}]",d0ee5ff7-a49a-4633-93a6-40c9e29fb0b7.rna_seq.augmented_star_gene_counts.tsv,0d140db1-dc0d-431d-b389-846d05bbb827,Gene Expression Quantification,79976f76-a364-40c3-8e75-9281d41a3259,Transcriptome Profiling,RNA-Seq
8ebe0bf6-11fa-418d-918c-5c73f0e7e9ac,"[{'case_id': '417dea5f-f68e-4dab-940e-43ae8c67e5e6', 'submitter_id': 'TCGA-BH-A1EV'}]",466a4121-0583-47ee-9d54-1f1c2d47e381.rna_seq.augmented_star_gene_counts.tsv,8ebe0bf6-11fa-418d-918c-5c73f0e7e9ac,Gene Expression Quantification,434f5adc-3806-4b98-a2c9-c64530f3bc09,Transcriptome Profiling,RNA-Seq
908283cf-b948-4474-906e-bd07195d0805,"[{'case_id': '4229e432-6ac5-49d2-b58a-e8713ddb79bd', 'submitter_id': 'TCGA-AR-A2LQ'}]",412b96f4-4463-49ab-aee6-78b3859e7b70.rna_seq.augmented_star_gene_counts.tsv,908283cf-b948-4474-906e-bd07195d0805,Gene Expression Quantification,5092c8d2-0e0d-418a-9da7-6996ab1477ae,Transcriptome Profiling,RNA-Seq
7774e389-c3c5-4abf-846c-4e8eead7e521,"[{'case_id': '9848307d-1bd5-40c1-b655-a33297aaf74f', 'submitter_id': 'TCGA-AR-A1AI'}]",20658f84-7e36-440f-9e88-08eab304813b.rna_seq.augmented_star_gene_counts.tsv,7774e389-c3c5-4abf-846c-4e8eead7e521,Gene Expression Quantification,a78390a7-36b6-4161-bc63-b58cb84d7592,Transcriptome Profiling,RNA-Seq
e18e1661-70dd-4b36-ae6c-c0265fbe01bb,"[{'case_id': 'b8a615f9-d19b-4b09-8ec8-0674e5c648cd', 'submitter_id': 'TCGA-C8-A12N'}]",7647345c-1654-490f-9a18-b43005225bce.rna_seq.augmented_star_gene_counts.tsv,e18e1661-70dd-4b36-ae6c-c0265fbe01bb,Gene Expression Quantification,217d37e5-5da6-4627-a128-9784090aafb0,Transcriptome Profiling,RNA-Seq
4c57cb4f-b4dc-4cfa-9af5-1447422c5b95,"[{'case_id': '994ca1f5-ad10-44ec-aa21-71fc2940653b', 'submitter_id': 'TCGA-E9-A1N9'}]",171e095d-2236-43c8-9670-23608e6cc8ab.rna_seq.augmented_star_gene_counts.tsv,4c57cb4f-b4dc-4cfa-9af5-1447422c5b95,Gene Expression Quantification,631b8845-afae-4315-9b4d-981eb9999e5a,Transcriptome Profiling,RNA-Seq
1277b2ec-0374-403f-8bba-cb57aeeb0d01,"[{'case_id': '80419545-4e5d-4baf-8948-f84589b5ef3e', 'submitter_id': 'TCGA-D8-A4Z1'}]",0631de29-6e9a-4928-ab8a-c76bd44dbd45.rna_seq.augmented_star_gene_counts.tsv,1277b2ec-0374-403f-8bba-cb57aeeb0d01,Gene Expression Quantification,8b04a494-283a-4053-82d1-80646adfac14,Transcriptome Profiling,RNA-Seq
707414cc-7f34-41c6-8803-6641521a4069,"[{'case_id': 'b7f74ae1-6f58-447c-be50-a7666eb19d9a', 'submitter_id': 'TCGA-AO-A1KR'}]",b1d64529-4f34-4644-b0e7-20606827ccd4.rna_seq.augmented_star_gene_counts.tsv,707414cc-7f34-41c6-8803-6641521a4069,Gene Expression Quantification,6639fa90-e106-4ffc-9211-d374d6c2fcf2,Transcriptome Profiling,RNA-Seq
3208ca18-f70a-415e-8d10-5e9cb8a24b52,"[{'case_id': '8183f0fb-2303-4d7b-bccd-55e5031fc7df', 'submitter_id': 'TCGA-AC-A6IW'}]",0b59b278-d2f6-4aa6-bf6d-b8d743ae83af.rna_seq.augmented_star_gene_counts.tsv,3208ca18-f70a-415e-8d10-5e9cb8a24b52,Gene Expression Quantification,b7ce1982-a18d-46e9-baac-e5462c9ea8a1,Transcriptome Profiling,RNA-Seq
6185d5c4-f757-4baa-bd82-fd4050c57312,"[{'case_id': 'b8a44fdf-9cb9-4123-9ab0-4bc198921fee', 'submitter_id': 'TCGA-OL-A5RU'}]",a32190c5-a193-4e90-ac98-38a600bb10f0.rna_seq.augmented_star_gene_counts.tsv,6185d5c4-f757-4baa-bd82-fd4050c57312,Gene Expression Quantification,453fd823-d097-4b18-ad60-84ed4263c8fe,Transcriptome Profiling,RNA-Seq
247f1d7d-fc33-4f35-aca7-60aa1c9631ad,"[{'case_id': 'f954de05-1b44-4087-8933-6cc72d81028d', 'submitter_id': 'TCGA-E9-A1N5'}]",ba42632e-b94c-4620-adcf-a0585652860f.rna_seq.augmented_star_gene_counts.tsv,247f1d7d-fc33-4f35-aca7-60aa1c9631ad,Gene Expression Quantification,26346022-3f5f-4d1e-8014-67d9dcf9d0f3,Transcriptome Profiling,RNA-Seq
158cc60a-89b0-40f0-8536-8c0f0e31429b,"[{'case_id': 'fb57c598-b45b-478a-9d34-ca1f050d5b7c', 'submitter_id': 'TCGA-BH-A0DS'}]",a5e348aa-d0fd-40fb-a171-b51a36e53612.rna_seq.augmented_star_gene_counts.tsv,158cc60a-89b0-40f0-8536-8c0f0e31429b,Gene Expression Quantification,9c0fcc19-2233-4e01-846f-27be51d2ba02,Transcriptome Profiling,RNA-Seq
ac16e2b7-9566-4330-8e13-4b31b92410e4,"[{'case_id': 'fe2cd610-aa52-4789-ac62-7683281bb22f', 'submitter_id': 'TCGA-PL-A8LX'}]",94367ad2-de29-4beb-8dab-f79174894cd2.rna_seq.augmented_star_gene_counts.tsv,ac16e2b7-9566-4330-8e13-4b31b92410e4,Gene Expression Quantification,786881dc-d690-48b6-8f03-5b7655d64135,Transcriptome Profiling,RNA-Seq
d93c4b85-2617-43d9-8017-ed3a82dc4117,"[{'case_id': 'fac173a8-1613-4bd4-87ba-83a2cfe8a37d', 'submitter_id': 'TCGA-AC-A3EH'}]",5cb07e9d-28b8-41bf-bbb5-b8b56cc12cdc.rna_seq.augmented_star_gene_counts.tsv,d93c4b85-2617-43d9-8017-ed3a82dc4117,Gene Expression Quantification,0b49c313-d4f5-42b6-8c76-36596ad99c27,Transcriptome Profiling,RNA-Seq
477f941f-1fb8-438f-802e-2e7fe6552fab,"[{'case_id': 'fec0da58-1047-44d2-b6d1-c18cceed43dc', 'submitter_id': 'TCGA-E9-A295'}]",5e36c4a2-fc6b-418f-80ab-dbd95b26a39e.rna_seq.augmented_star_gene_counts.tsv,477f941f-1fb8-438f-802e-2e7fe6552fab,Gene Expression Quantification,e7032390-56e3-41fa-ac60-16bf3f9add29,Transcriptome Profiling,RNA-Seq
800ca72f-4bd7-46d7-904b-bcda2fa3500c,"[{'case_id': 'ff0f875f-113a-4c0f-8c0a-4259cd496e6d', 'submitter_id': 'TCGA-C8-A26W'}]",c58a5583-7b04-4b67-9372-e161e18d7de1.rna_seq.augmented_star_gene_counts.tsv,800ca72f-4bd7-46d7-904b-bcda2fa3500c,Gene Expression Quantification,16babb86-87b9-4faa-9469-f1bd9d79afba,Transcriptome Profiling,RNA-Seq
641c4e5d-4880-4f5e-9d1e-702cab91a6b4,"[{'case_id': 'fd0b1b8b-1a76-480a-b61c-d176e4e02c6b', 'submitter_id': 'TCGA-B6-A40C'}]",32c15b29-da14-4eb5-8c86-39efc94319df.rna_seq.augmented_star_gene_counts.tsv,641c4e5d-4880-4f5e-9d1e-702cab91a6b4,Gene Expression Quantification,e744d4b4-2521-40d7-92ef-c8641d034294,Transcriptome Profiling,RNA-Seq
c7019746-2fcf-4b4b-b7e5-025413e1014f,"[{'case_id': 'c0427237-b476-4af4-b664-7bd479922ea5', 'submitter_id': 'TCGA-A2-A0EU'}]",c568f4a0-601e-4b45-b69e-cde40d94bb3d.rna_seq.augmented_star_gene_counts.tsv,c7019746-2fcf-4b4b-b7e5-025413e1014f,Gene Expression Quantification,62bd008d-a91d-45f1-bfbd-a571963ba168,Transcriptome Profiling,RNA-Seq
a930c017-565f-49ad-893a-37cc394c269d,"[{'case_id': 'bf3b1481-ae31-4406-b084-b6cc1d7163e3', 'submitter_id': 'TCGA-BH-A1FR'}]",cc502455-f72f-491d-9486-a344e169dcfc.rna_seq.augmented_star_gene_counts.tsv,a930c017-565f-49ad-893a-37cc394c269d,Gene Expression Quantification,b7330ded-9ea8-4e53-9e38-f646d69d5615,Transcriptome Profiling,RNA-Seq
77cdf045-d52d-4cc1-b2f1-e2b0d106af0f,"[{'case_id': '82ec33dd-e783-4c74-9a87-797a699e11df', 'submitter_id': 'TCGA-AQ-A1H3'}]",51538db5-edf3-40bc-ae5e-dc9b552e8b53.rna_seq.augmented_star_gene_counts.tsv,77cdf045-d52d-4cc1-b2f1-e2b0d106af0f,Gene Expression Quantification,85f972e8-d453-4ecd-b39a-3869a712d7e2,Transcriptome Profiling,RNA-Seq
165fe176-2dea-489f-92d6-34b0c6848312,"[{'case_id': '49dc3e68-6206-4f16-969f-a758cc7be8ed', 'submitter_id': 'TCGA-BH-A0BA'}]",16e1fcb7-863d-40c1-b2d6-365d519148f6.rna_seq.augmented_star_gene_counts.tsv,165fe176-2dea-489f-92d6-34b0c6848312,Gene Expression Quantification,2f109ca2-c9b0-4e9f-b390-ff53545eb943,Transcriptome Profiling,RNA-Seq
de6f1503-33d7-4f86-b835-bdffba7ea4e3,"[{'case_id': '327a2395-85c8-42e1-9638-8e037a1723ed', 'submitter_id': 'TCGA-BH-A0BC'}]",195d8bd4-352c-4407-9319-797d915c72b8.rna_seq.augmented_star_gene_counts.tsv,de6f1503-33d7-4f86-b835-bdffba7ea4e3,Gene Expression Quantification,d182c7d9-0a71-4a53-9c0a-78ec0b5aad7e,Transcriptome Profiling,RNA-Seq
ccd3b6f5-b425-47fb-b48e-0e24a4d6a4b2,"[{'case_id': '328dfcb0-b5ae-43f2-bc87-dad0ab3df9e7', 'submitter_id': 'TCGA-B6-A0I2'}]",daff3e2d-69ea-4c1d-bbad-8f6cca9bdc1f.rna_seq.augmented_star_gene_counts.tsv,ccd3b6f5-b425-47fb-b48e-0e24a4d6a4b2,Gene Expression Quantification,c86c5f72-496d-4485-b053-ad352b9508d9,Transcriptome Profiling,RNA-Seq
cf089a52-2196-422d-affa-a5f434edd134,"[{'case_id': '8bd68696-5eeb-46d7-9dc6-c39c849029a4', 'submitter_id': 'TCGA-A8-A08L'}]",4d7842e5-9d8b-433a-a768-7a40129bdd0d.rna_seq.augmented_star_gene_counts.tsv,cf089a52-2196-422d-affa-a5f434edd134,Gene Expression Quantification,d9821606-5f40-45f7-9079-b14a4b59ae63,Transcriptome Profiling,RNA-Seq
4ef93d93-a6c6-4137-944c-6092e4ff7ae9,"[{'case_id': '4b620966-b4c7-4615-bf58-ca9d3226b9bd', 'submitter_id': 'TCGA-A1-A0SF'}]",8c147a31-a1be-4464-9606-12b14fbdf8d3.rna_seq.augmented_star_gene_counts.tsv,4ef93d93-a6c6-4137-944c-6092e4ff7ae9,Gene Expression Quantification,ad4ab313-e2f3-4a14-bf56-b7654deeca46,Transcriptome Profiling,RNA-Seq
3bc9d1c0-b57f-44b5-8624-b3ee99aeafe4,"[{'case_id': '2e82e576-3095-4aee-9853-65f676647c34', 'submitter_id': 'TCGA-AO-A03R'}]",f4847715-a3e0-49a4-bcc9-95175d0be463.rna_seq.augmented_star_gene_counts.tsv,3bc9d1c0-b57f-44b5-8624-b3ee99aeafe4,Gene Expression Quantification,2c7d65d6-6c8c-47e3-aad5-dbf491a0ab46,Transcriptome Profiling,RNA-Seq
a4589532-53e0-4025-b8d3-e11e79e1fc9c,"[{'case_id': '2e8e70f2-c781-44c2-8f12-1f8c2f536aa3', 'submitter_id': 'TCGA-AN-A0FV'}]",9de4575c-0d10-4548-8881-fd4a5a46a5ac.rna_seq.augmented_star_gene_counts.tsv,a4589532-53e0-4025-b8d3-e11e79e1fc9c,Gene Expression Quantification,0a3cc730-24ed-485a-8326-9e5ceab2518f,Transcriptome Profiling,RNA-Seq
f7b5d569-1a46-4f23-bfca-a46daacda793,"[{'case_id': '30047d32-0833-4aca-98d1-3b9ab7122863', 'submitter_id': 'TCGA-AR-A24N'}]",ad8c55ae-46df-43cd-8cb5-c049e3019959.rna_seq.augmented_star_gene_counts.tsv,f7b5d569-1a46-4f23-bfca-a46daacda793,Gene Expression Quantification,bcdf2a68-2dd6-40ac-80ee-28e91169909f,Transcriptome Profiling,RNA-Seq
82d46633-2eea-4b43-81b6-addab4f069b4,"[{'case_id': '2f4cbedf-ed7e-45a2-bf34-f1d1e696bdde', 'submitter_id': 'TCGA-AN-A0FK'}]",7fa3f262-b786-4b89-b38f-505bff13c382.rna_seq.augmented_star_gene_counts.tsv,82d46633-2eea-4b43-81b6-addab4f069b4,Gene Expression Quantification,261aefa5-8ba3-4ae9-9074-a2ea69c9cd84,Transcriptome Profiling,RNA-Seq
a03952ab-2ac1-43a5-a438-1f022bcd0b16,"[{'case_id': '303a1d77-a37a-4966-a4a4-9981d99ba1b4', 'submitter_id': 'TCGA-E2-A14Q'}]",3823e741-c29c-431e-9397-4d16a30ec473.rna_seq.augmented_star_gene_counts.tsv,a03952ab-2ac1-43a5-a438-1f022bcd0b16,Gene Expression Quantification,708522cb-1826-4afb-985a-2bce0d6c2b0a,Transcriptome Profiling,RNA-Seq
24c5fcbb-019c-4636-813b-0b9d4d1d9501,"[{'case_id': '2fdfd287-d13c-4910-9788-73987d45908a', 'submitter_id': 'TCGA-A2-A0EM'}]",ca823082-ede5-4bfd-8498-7e492f39bcd6.rna_seq.augmented_star_gene_counts.tsv,24c5fcbb-019c-4636-813b-0b9d4d1d9501,Gene Expression Quantification,17f4aec3-f94e-4485-8c26-750a1121ab36,Transcriptome Profiling,RNA-Seq
a58e2ae3-a236-4209-8292-70465216cb85,"[{'case_id': '2fe854b4-bac9-4801-9a1c-ee99388e8082', 'submitter_id': 'TCGA-AO-A12D'}]",e614fbb4-7574-4704-9525-c0aea4c10fc6.rna_seq.augmented_star_gene_counts.tsv,a58e2ae3-a236-4209-8292-70465216cb85,Gene Expression Quantification,a2711d68-6912-4a43-878a-6350f4bff13e,Transcriptome Profiling,RNA-Seq
ab3475d0-e057-4512-8c01-a5383359a1ad,"[{'case_id': 'cab38ea8-4555-413c-b81e-4621aac4ef85', 'submitter_id': 'TCGA-BH-A0H5'}]",d81b8303-62b4-46ba-9370-8c6a92cfa4fb.rna_seq.augmented_star_gene_counts.tsv,ab3475d0-e057-4512-8c01-a5383359a1ad,Gene Expression Quantification,5dd94ac8-28ed-44cd-bd01-392e31c9a4b4,Transcriptome Profiling,RNA-Seq
d53192c4-2356-4b6c-b98f-19eded7b7e29,"[{'case_id': '4f321d41-3255-46a4-ae0d-1cf39699e624', 'submitter_id': 'TCGA-LQ-A4E4'}]",6733afa1-b0b8-440e-b54c-98e5fdec854c.rna_seq.augmented_star_gene_counts.tsv,d53192c4-2356-4b6c-b98f-19eded7b7e29,Gene Expression Quantification,6ae881df-429b-4b7c-95c5-6908db629f27,Transcriptome Profiling,RNA-Seq
03d18286-1038-4c0c-9c05-d1269e280250,"[{'case_id': 'cab38ea8-4555-413c-b81e-4621aac4ef85', 'submitter_id': 'TCGA-BH-A0H5'}]",8bfd50fb-d6d8-44cd-a492-1e0a983e40b6.rna_seq.augmented_star_gene_counts.tsv,03d18286-1038-4c0c-9c05-d1269e280250,Gene Expression Quantification,0757e3ce-c532-4883-a822-a0ddcf2488b9,Transcriptome Profiling,RNA-Seq
d880fcce-ad8a-4402-911c-11129d2225df,"[{'case_id': '27c1c094-690b-4973-8900-a797ad88f98c', 'submitter_id': 'TCGA-D8-A27T'}]",d12c28eb-32c5-4523-af42-9ad130014a40.rna_seq.augmented_star_gene_counts.tsv,d880fcce-ad8a-4402-911c-11129d2225df,Gene Expression Quantification,c768bd66-aed2-4082-8ec1-ad1c65d4ac29,Transcriptome Profiling,RNA-Seq
4f89dad8-a12e-47d2-a7d9-c1b90f1bd61b,"[{'case_id': '28911b97-42bf-4189-9961-522fc0aeebc6', 'submitter_id': 'TCGA-D8-A1JN'}]",99f6995f-acee-4d0d-889f-91b0631d15fe.rna_seq.augmented_star_gene_counts.tsv,4f89dad8-a12e-47d2-a7d9-c1b90f1bd61b,Gene Expression Quantification,fd57c140-d246-4b9c-8408-993049db9bdf,Transcriptome Profiling,RNA-Seq
0c3ddae2-366f-4b21-ab46-a2cfe1963e42,"[{'case_id': '295cf595-4a29-46a3-a0c5-e5f08f947031', 'submitter_id': 'TCGA-A2-A1G6'}]",0ef46de9-c9e7-42f0-92bf-c17dc2ede102.rna_seq.augmented_star_gene_counts.tsv,0c3ddae2-366f-4b21-ab46-a2cfe1963e42,Gene Expression Quantification,1189799c-6b2f-402a-82e6-f962fb4c7372,Transcriptome Profiling,RNA-Seq
b9549737-232d-446f-812f-e7e015bfb462,"[{'case_id': 'bb1de798-0c02-437e-b539-33cb556d3993', 'submitter_id': 'TCGA-EW-A1J3'}]",ca05380c-ec64-451e-9834-9a5996017749.rna_seq.augmented_star_gene_counts.tsv,b9549737-232d-446f-812f-e7e015bfb462,Gene Expression Quantification,97517160-f930-4fc9-8d02-a406cb27f5ed,Transcriptome Profiling,RNA-Seq
ea7281b8-a53c-453a-93e9-69549c5f0fe8,"[{'case_id': 'bd5374c9-7f36-457f-b66b-7cc7ff64224e', 'submitter_id': 'TCGA-GM-A3NY'}]",3aedd29b-c089-4319-a7cb-61411a737e92.rna_seq.augmented_star_gene_counts.tsv,ea7281b8-a53c-453a-93e9-69549c5f0fe8,Gene Expression Quantification,0d2ec201-c6d2-4177-896f-8dd782432915,Transcriptome Profiling,RNA-Seq
490df7f9-4b05-449d-bf47-d7de49aa50c0,"[{'case_id': 'bdd08ec8-8892-4273-8f21-6fde0f23c52d', 'submitter_id': 'TCGA-EW-A423'}]",5cbf0ea7-4f5e-4dd7-a93e-8eb12a22d4e6.rna_seq.augmented_star_gene_counts.tsv,490df7f9-4b05-449d-bf47-d7de49aa50c0,Gene Expression Quantification,850d4797-9b74-46f6-ab40-9f334266ed28,Transcriptome Profiling,RNA-Seq
c96ef17c-52c1-43d9-a7e5-730fd8f3641f,"[{'case_id': '757df7b0-4774-4493-98bf-999ded9ac86e', 'submitter_id': 'TCGA-A2-A0CY'}]",5e50611e-9e98-480c-bc47-28070e9edeea.rna_seq.augmented_star_gene_counts.tsv,c96ef17c-52c1-43d9-a7e5-730fd8f3641f,Gene Expression Quantification,5c9ba94b-9c68-4285-bcd8-a796b8b443aa,Transcriptome Profiling,RNA-Seq
1a8d6cfd-095d-4461-875a-56d27816a0f5,"[{'case_id': '4da7abaf-ac7a-41c0-8033-5780a398545c', 'submitter_id': 'TCGA-E2-A10A'}]",d32c4662-2b0b-4f78-b031-e6ff5286664c.rna_seq.augmented_star_gene_counts.tsv,1a8d6cfd-095d-4461-875a-56d27816a0f5,Gene Expression Quantification,6390c1c6-68ea-4995-aa50-291b92b2f5c2,Transcriptome Profiling,RNA-Seq
269215ae-9040-4ac6-9d3d-017c0cbb2811,"[{'case_id': '75b5529b-565a-4eba-918a-910b2f441d32', 'submitter_id': 'TCGA-A2-A1G1'}]",eb805bd1-e1d5-47b1-8bbd-31f91fcee225.rna_seq.augmented_star_gene_counts.tsv,269215ae-9040-4ac6-9d3d-017c0cbb2811,Gene Expression Quantification,0fbe623f-11d0-4bbd-b6ec-e3b5320aa841,Transcriptome Profiling,RNA-Seq
27aab1a6-96af-4dc1-b9ce-4690ead0d355,"[{'case_id': '7861a5f2-8910-4bcb-9c34-f79c5acd6e21', 'submitter_id': 'TCGA-A8-A075'}]",39eaa466-f50c-402e-b127-b6b016d0480d.rna_seq.augmented_star_gene_counts.tsv,27aab1a6-96af-4dc1-b9ce-4690ead0d355,Gene Expression Quantification,1fde21df-61ba-4ead-9921-414aa45f4903,Transcriptome Profiling,RNA-Seq
5064b439-81da-4ef3-b2de-bbca8d3a07e7,"[{'case_id': '75f6e476-233a-409c-a3ef-0240be569813', 'submitter_id': 'TCGA-JL-A3YX'}]",bcc561a3-5de8-4341-a5a6-13e19214b2b7.rna_seq.augmented_star_gene_counts.tsv,5064b439-81da-4ef3-b2de-bbca8d3a07e7,Gene Expression Quantification,b635362b-1f08-4a26-8020-13cf4d8304e6,Transcriptome Profiling,RNA-Seq
3a0c96d3-4cea-44a3-99e5-71622279700f,"[{'case_id': '29fdc464-f216-4828-b456-829f71436e27', 'submitter_id': 'TCGA-BH-A0HW'}]",1bc678a3-1850-4ab6-874b-d68992fddc7b.rna_seq.augmented_star_gene_counts.tsv,3a0c96d3-4cea-44a3-99e5-71622279700f,Gene Expression Quantification,03233071-6e35-411b-9a20-649167856a11,Transcriptome Profiling,RNA-Seq
7789d241-991c-4cc9-a557-69d5c439b930,"[{'case_id': '786e8dbe-442e-4551-87b3-b4c333b04dd4', 'submitter_id': 'TCGA-BH-A0WA'}]",24edd191-20a1-4887-951a-3f0a753d43f8.rna_seq.augmented_star_gene_counts.tsv,7789d241-991c-4cc9-a557-69d5c439b930,Gene Expression Quantification,c5d98358-65ff-4b23-b1b7-e48cccad51f1,Transcriptome Profiling,RNA-Seq
5039a492-4dc7-4191-9edd-187cb181da2d,"[{'case_id': 'dd96a9c7-899c-47cd-a0f9-b149ed07a5d6', 'submitter_id': 'TCGA-D8-A1JB'}]",0cf58c62-a75d-413b-8ce3-4d90f4688b04.rna_seq.augmented_star_gene_counts.tsv,5039a492-4dc7-4191-9edd-187cb181da2d,Gene Expression Quantification,8f2e825b-29c9-4b8e-93e4-9ac010c2386f,Transcriptome Profiling,RNA-Seq
f03677e2-11ab-40b2-8499-591357c2c9d6,"[{'case_id': '790ff5db-b7f3-4946-aaed-305f66b1dd6a', 'submitter_id': 'TCGA-BH-A0AV'}]",32fdc0ce-d263-4622-8f8c-3df009bf2535.rna_seq.augmented_star_gene_counts.tsv,f03677e2-11ab-40b2-8499-591357c2c9d6,Gene Expression Quantification,87834cc8-0b91-42f9-8070-2d6339b3fb7d,Transcriptome Profiling,RNA-Seq
17ff23ff-17b3-4ed1-b10c-2d922c045807,"[{'case_id': '7b892055-c59d-4550-8688-ad039790af3d', 'submitter_id': 'TCGA-BH-A1EX'}]",663797a8-ffd2-48a2-a5f6-992b5eb3c745.rna_seq.augmented_star_gene_counts.tsv,17ff23ff-17b3-4ed1-b10c-2d922c045807,Gene Expression Quantification,c4a3fc8c-cffb-4992-8d17-11f4a84a3bcd,Transcriptome Profiling,RNA-Seq
383b947b-6824-4c75-b4f3-ccfa933d3d33,"[{'case_id': 'a53dd490-e0ba-419a-90c6-b905e241a8e5', 'submitter_id': 'TCGA-A2-A4S0'}]",857c31be-44ec-42bc-ba2c-5f17ac1d9a8c.rna_seq.augmented_star_gene_counts.tsv,383b947b-6824-4c75-b4f3-ccfa933d3d33,Gene Expression Quantification,bf44903a-ad2b-48ed-b113-f589853fe11b,Transcriptome Profiling,RNA-Seq
0fc096b2-7fb5-4dc6-ae94-aa7dae6f885f,"[{'case_id': '7e8713bd-0b17-4f09-9696-bc29707d862b', 'submitter_id': 'TCGA-OL-A5RZ'}]",33527fe8-7215-45bd-8520-b290995b839d.rna_seq.augmented_star_gene_counts.tsv,0fc096b2-7fb5-4dc6-ae94-aa7dae6f885f,Gene Expression Quantification,06251747-0c28-4d70-95c0-d091313cfc45,Transcriptome Profiling,RNA-Seq
1ce0d66a-176d-4d8a-b1c4-64d847e299be,"[{'case_id': '7eb18190-5a41-4637-9783-f81bbde499e4', 'submitter_id': 'TCGA-BH-A1FM'}]",ed108cc1-3b34-4ee5-b029-48b80ccaae19.rna_seq.augmented_star_gene_counts.tsv,1ce0d66a-176d-4d8a-b1c4-64d847e299be,Gene Expression Quantification,29f4a112-6c0b-4add-a74f-529bdeb2a0d0,Transcriptome Profiling,RNA-Seq
a7091211-3bf5-4d3b-8625-57281bc0cd56,"[{'case_id': '45013972-2dfd-4f82-a076-e3e4af1b43b8', 'submitter_id': 'TCGA-UU-A93S'}]",bf121f27-c765-4f64-8a9f-73c30427217b.rna_seq.augmented_star_gene_counts.tsv,a7091211-3bf5-4d3b-8625-57281bc0cd56,Gene Expression Quantification,576cb7f0-5007-4e4b-ac18-7ca215b1efdd,Transcriptome Profiling,RNA-Seq
f73d3dce-d75f-4f76-b49c-99348ee641cc,"[{'case_id': '43c0bec6-6fac-47b1-83cb-200a15a932be', 'submitter_id': 'TCGA-OL-A5RX'}]",1bd6dff8-ad21-4a45-b496-2d52ba995e5e.rna_seq.augmented_star_gene_counts.tsv,f73d3dce-d75f-4f76-b49c-99348ee641cc,Gene Expression Quantification,c99ac977-aa0c-4b41-9155-9815339fd55a,Transcriptome Profiling,RNA-Seq
bb1ee078-38d1-4e5d-af50-50754fce7112,"[{'case_id': '43cc074d-b85a-4b0b-8feb-833094ffc565', 'submitter_id': 'TCGA-BH-A6R9'}]",2553a422-8136-4fb9-95af-3ffafff2d223.rna_seq.augmented_star_gene_counts.tsv,bb1ee078-38d1-4e5d-af50-50754fce7112,Gene Expression Quantification,707ebd23-f731-45c3-b8d9-8a22cca36e1e,Transcriptome Profiling,RNA-Seq
c84958db-e7a3-4cd5-9b5e-a5435a86021d,"[{'case_id': '4510295e-8aa7-4ef1-b2b7-91cc902f8200', 'submitter_id': 'TCGA-BH-A1EO'}]",9dd14de1-13c3-4586-8aad-1f3b0cb63de7.rna_seq.augmented_star_gene_counts.tsv,c84958db-e7a3-4cd5-9b5e-a5435a86021d,Gene Expression Quantification,2624613d-9263-43ec-beb7-aae3cd13a9f0,Transcriptome Profiling,RNA-Seq
6bd03014-d3b8-4cac-929b-af970321ae1f,"[{'case_id': '43d5632e-7272-4aad-9496-7f5a99671223', 'submitter_id': 'TCGA-A2-A0T7'}]",8923da54-2f7c-4315-9fc2-a1d6502df55b.rna_seq.augmented_star_gene_counts.tsv,6bd03014-d3b8-4cac-929b-af970321ae1f,Gene Expression Quantification,6d93977a-d5e6-43f8-ab9c-e4bc852c4981,Transcriptome Profiling,RNA-Seq
51886a03-7aee-4b58-806f-906a29bfad0c,"[{'case_id': '42f6f503-4cf6-4a8e-b5fe-b44bccf6b38b', 'submitter_id': 'TCGA-D8-A141'}]",273bc6c8-f5a9-44df-a707-5274fcba8362.rna_seq.augmented_star_gene_counts.tsv,51886a03-7aee-4b58-806f-906a29bfad0c,Gene Expression Quantification,3407c14f-b75d-4d31-8ff8-ea74fb3976ef,Transcriptome Profiling,RNA-Seq
e94ef671-995d-452b-bcbe-993e5b437a68,"[{'case_id': '58959e88-54e2-4558-9664-2effda7403dc', 'submitter_id': 'TCGA-AO-A0JG'}]",b29eda98-8a40-4c9f-ab41-7d6eded84d50.rna_seq.augmented_star_gene_counts.tsv,e94ef671-995d-452b-bcbe-993e5b437a68,Gene Expression Quantification,36443021-f22b-4684-a09b-2098c8bac0d5,Transcriptome Profiling,RNA-Seq
bf26a3fb-39a8-4eff-b801-a7dd915e73f5,"[{'case_id': '58c56d4b-3f85-4aad-a779-5f9e1791677d', 'submitter_id': 'TCGA-AO-A12G'}]",01ae5613-1c58-4d02-8fd3-47d35d71c22d.rna_seq.augmented_star_gene_counts.tsv,bf26a3fb-39a8-4eff-b801-a7dd915e73f5,Gene Expression Quantification,a0a57c7a-9c6a-4842-a61c-eb2ab838e286,Transcriptome Profiling,RNA-Seq
ea5c9d47-1803-4bd5-88da-352e172bc45d,"[{'case_id': '58090433-d8d1-4499-a235-810c3e9d5b74', 'submitter_id': 'TCGA-AQ-A54N'}]",7c3fbd41-7360-49e2-9c5e-9570dd24fcac.rna_seq.augmented_star_gene_counts.tsv,ea5c9d47-1803-4bd5-88da-352e172bc45d,Gene Expression Quantification,e43321c1-0c45-4041-b21e-910bc25a98c8,Transcriptome Profiling,RNA-Seq
87b59374-da2d-41ba-bbde-43a9022eac2c,"[{'case_id': '5aca16ca-4516-4e27-8249-6914029a7ebf', 'submitter_id': 'TCGA-A2-A0CK'}]",eee9bac6-9fb4-4b3a-8b97-cebac861a00b.rna_seq.augmented_star_gene_counts.tsv,87b59374-da2d-41ba-bbde-43a9022eac2c,Gene Expression Quantification,abd888cf-8a3c-4d9c-ad30-7b8960e0dd69,Transcriptome Profiling,RNA-Seq
9054231e-9b1f-4ee4-b22c-1e9dbfdcfc03,"[{'case_id': '5b9a5cd2-5ec8-48a0-b9f2-da9bede0b089', 'submitter_id': 'TCGA-B6-A0X7'}]",06ce7b93-1264-4219-8a2f-d8f0d295e45f.rna_seq.augmented_star_gene_counts.tsv,9054231e-9b1f-4ee4-b22c-1e9dbfdcfc03,Gene Expression Quantification,866d2230-635e-4d32-a32d-65c9b6d3b58d,Transcriptome Profiling,RNA-Seq
fd371070-c312-4eca-b3da-d41b1c8a86a7,"[{'case_id': '5a17dcd9-5ced-4a69-8069-23c7fd0649d1', 'submitter_id': 'TCGA-D8-A13Z'}]",47e6db9a-52b4-4a3b-8c5f-1cb8fa48f7ea.rna_seq.augmented_star_gene_counts.tsv,fd371070-c312-4eca-b3da-d41b1c8a86a7,Gene Expression Quantification,362096a3-04f3-42a4-afba-8b382c1a9615,Transcriptome Profiling,RNA-Seq
ea01e210-0d45-4c23-8644-904771672188,"[{'case_id': '5ea18514-51ad-4844-abea-15e82f0b10c9', 'submitter_id': 'TCGA-E2-A1L9'}]",23b6c182-bb01-403a-9844-560518d059ac.rna_seq.augmented_star_gene_counts.tsv,ea01e210-0d45-4c23-8644-904771672188,Gene Expression Quantification,03cf23a5-9888-4f35-b5b3-262f2be75580,Transcriptome Profiling,RNA-Seq
f55dbdb1-0301-4000-a854-717aed117a63,"[{'case_id': '5a53ec47-e63f-44a2-8078-87659544fb04', 'submitter_id': 'TCGA-A2-A4RY'}]",45312cc1-6a70-441f-9711-85dcc224bb98.rna_seq.augmented_star_gene_counts.tsv,f55dbdb1-0301-4000-a854-717aed117a63,Gene Expression Quantification,6ac56e0d-4201-4b3f-9252-8a911b399feb,Transcriptome Profiling,RNA-Seq
bdf5a2b7-f9cb-4668-9687-1db0541bdfe4,"[{'case_id': '5f4d16aa-9cc4-4edb-b714-394e2661439a', 'submitter_id': 'TCGA-BH-A8FY'}]",47750d31-987c-48bc-b5a2-4872eecb0ed0.rna_seq.augmented_star_gene_counts.tsv,bdf5a2b7-f9cb-4668-9687-1db0541bdfe4,Gene Expression Quantification,0f3d086b-aa57-4f08-9b56-bc71810d45f8,Transcriptome Profiling,RNA-Seq
392edd04-fdec-4eb7-ba2e-cef02519c219,"[{'case_id': '5cdae21d-eee5-478f-932a-0f51fcf5f031', 'submitter_id': 'TCGA-E9-A1RC'}]",3daeb643-20a6-4273-b1fc-eed2a3bb5a18.rna_seq.augmented_star_gene_counts.tsv,392edd04-fdec-4eb7-ba2e-cef02519c219,Gene Expression Quantification,f8a38827-f052-4ec3-bdd7-e50da76211a3,Transcriptome Profiling,RNA-Seq
82255740-abaa-47b3-9def-89b0673d1cfb,"[{'case_id': '5dc1bee9-c44d-4fdc-9ae5-83426c4d6880', 'submitter_id': 'TCGA-AR-A0TQ'}]",4387a2a8-5011-44c4-8027-61d5ab3792a0.rna_seq.augmented_star_gene_counts.tsv,82255740-abaa-47b3-9def-89b0673d1cfb,Gene Expression Quantification,bd4e2fd6-0cf3-4ad9-a593-ae091f50fc21,Transcriptome Profiling,RNA-Seq
06952c59-978d-4ef4-b716-c55dd6747699,"[{'case_id': '8c7e74e0-71ef-49b8-9217-94b8ef740ef9', 'submitter_id': 'TCGA-A7-A13E'}]",e843a939-f1a2-4e98-87b5-69abef893a51.rna_seq.augmented_star_gene_counts.tsv,06952c59-978d-4ef4-b716-c55dd6747699,Gene Expression Quantification,b647607e-d3f4-464b-b15a-8c6c84cb9243,Transcriptome Profiling,RNA-Seq
4b96ee43-874c-4fa6-b5ce-08caf37ef2e1,"[{'case_id': '8c7e74e0-71ef-49b8-9217-94b8ef740ef9', 'submitter_id': 'TCGA-A7-A13E'}]",d27304e0-1b0b-4fc3-8e0d-af2c305d30f8.rna_seq.augmented_star_gene_counts.tsv,4b96ee43-874c-4fa6-b5ce-08caf37ef2e1,Gene Expression Quantification,a82e3cda-c73b-4021-b043-254351748b2d,Transcriptome Profiling,RNA-Seq
c2c7669c-0eea-48a8-add8-bd5ea3f9808f,"[{'case_id': '8cccf160-93e9-48a5-9b8b-54aa50153142', 'submitter_id': 'TCGA-A8-A07P'}]",5dc7afc5-90d0-4286-a6f9-c2548f930e35.rna_seq.augmented_star_gene_counts.tsv,c2c7669c-0eea-48a8-add8-bd5ea3f9808f,Gene Expression Quantification,f396b79f-50e6-45d2-b568-f61e6a0fc613,Transcriptome Profiling,RNA-Seq
73aeda8d-ef07-4d3d-a0fc-643943dd046a,"[{'case_id': '491b6364-1223-474f-816f-e248c8c841e2', 'submitter_id': 'TCGA-BH-A0DH'}]",e97a2bf2-c5bd-4dbf-9940-450a8a99e9df.rna_seq.augmented_star_gene_counts.tsv,73aeda8d-ef07-4d3d-a0fc-643943dd046a,Gene Expression Quantification,99df5740-97c5-4826-89ac-b44218072c32,Transcriptome Profiling,RNA-Seq
65264188-23f8-4214-a45a-574f47471bb3,"[{'case_id': '8cd1ba0b-ead9-4661-a796-6c9dbf1c42cd', 'submitter_id': 'TCGA-AC-A8OR'}]",d5926b71-692e-4b6f-a7e1-8b5afdd745c6.rna_seq.augmented_star_gene_counts.tsv,65264188-23f8-4214-a45a-574f47471bb3,Gene Expression Quantification,2566d8be-edda-4bcc-9f19-5f49374770e2,Transcriptome Profiling,RNA-Seq
90116c25-271c-4be2-b20f-295448e6e421,"[{'case_id': '491b6364-1223-474f-816f-e248c8c841e2', 'submitter_id': 'TCGA-BH-A0DH'}]",8b9d534c-0d48-4d88-bbb2-a866d7e73a55.rna_seq.augmented_star_gene_counts.tsv,90116c25-271c-4be2-b20f-295448e6e421,Gene Expression Quantification,1a6175d2-2177-477a-a7b8-630def1fa31e,Transcriptome Profiling,RNA-Seq
819746a4-f2c1-4fc2-8dbe-b9c34892d510,"[{'case_id': '452672e8-b6d9-45b5-bb02-e88e03e2dd66', 'submitter_id': 'TCGA-A8-A09W'}]",5a3c544e-069c-4d6b-b7b7-0f41ff71dee2.rna_seq.augmented_star_gene_counts.tsv,819746a4-f2c1-4fc2-8dbe-b9c34892d510,Gene Expression Quantification,3fcf8ca9-b2f4-4a94-862b-44094c69e975,Transcriptome Profiling,RNA-Seq
10d1a1f0-c89b-4b1e-93fa-7c6fd7f5bb8f,"[{'case_id': '4649dee3-b668-44cd-ab97-3834de3ef8f8', 'submitter_id': 'TCGA-AN-A0XL'}]",05b55f88-290a-4abd-bbc3-44561ba1f8b7.rna_seq.augmented_star_gene_counts.tsv,10d1a1f0-c89b-4b1e-93fa-7c6fd7f5bb8f,Gene Expression Quantification,9720daf6-29a9-45ae-a590-6c170493af1a,Transcriptome Profiling,RNA-Seq
b70b68a1-28c4-4ed3-a04c-b622e583f10b,"[{'case_id': '478eb8aa-50b8-4ce5-98e4-d518ede4b174', 'submitter_id': 'TCGA-BH-A0DZ'}]",d6cc88bd-b0ba-4606-955d-2dc32e6d2d97.rna_seq.augmented_star_gene_counts.tsv,b70b68a1-28c4-4ed3-a04c-b622e583f10b,Gene Expression Quantification,b348c1f2-976e-434e-85de-e25140f1017b,Transcriptome Profiling,RNA-Seq
d6882616-b77d-4d4c-90dc-7318c57876e1,"[{'case_id': '495f9eda-b9be-4eef-bae1-766a4bfbd68e', 'submitter_id': 'TCGA-AO-A12F'}]",4e01a01d-eded-4d02-b8aa-1920c6997726.rna_seq.augmented_star_gene_counts.tsv,d6882616-b77d-4d4c-90dc-7318c57876e1,Gene Expression Quantification,1473d6d1-0f41-40fb-9fac-de28207d5fe5,Transcriptome Profiling,RNA-Seq
478c9754-5a19-477b-8b9d-0825f95f88ff,"[{'case_id': 'cdd8c046-fd97-482a-a11f-2217b321c4d1', 'submitter_id': 'TCGA-E2-A570'}]",80982d2d-ce35-4251-a545-391c0d6295d8.rna_seq.augmented_star_gene_counts.tsv,478c9754-5a19-477b-8b9d-0825f95f88ff,Gene Expression Quantification,aa5c5ac6-4d5e-4d48-8e1c-329d0225ab41,Transcriptome Profiling,RNA-Seq
f35ae5c7-6e88-410d-b86f-c5bdae11a5f4,"[{'case_id': 'ce887e90-0660-4f44-a3a4-b3b894cb7eda', 'submitter_id': 'TCGA-C8-A275'}]",222dd9b5-4187-45b9-8cb1-fd16ba14425b.rna_seq.augmented_star_gene_counts.tsv,f35ae5c7-6e88-410d-b86f-c5bdae11a5f4,Gene Expression Quantification,5291f08a-6a1b-41aa-aa8d-7419a865c27f,Transcriptome Profiling,RNA-Seq
8c6fa126-82a0-4290-a657-8466959585c4,"[{'case_id': 'cd0c96a4-6414-4efb-879b-7408b62ed5b6', 'submitter_id': 'TCGA-A2-A1FV'}]",7db191ab-6106-4e39-a45e-8a68aaba0922.rna_seq.augmented_star_gene_counts.tsv,8c6fa126-82a0-4290-a657-8466959585c4,Gene Expression Quantification,11975e80-3eea-4b50-9cb3-55a099c84711,Transcriptome Profiling,RNA-Seq
c25c7ca5-8d03-4bba-b42b-c8b1042c0d48,"[{'case_id': 'cd7fb75e-1c2e-4201-86d3-b3ba21f476bf', 'submitter_id': 'TCGA-OK-A5Q2'}]",fac3e41a-3b98-4293-855f-d23cb01522d0.rna_seq.augmented_star_gene_counts.tsv,c25c7ca5-8d03-4bba-b42b-c8b1042c0d48,Gene Expression Quantification,81d115f5-bab1-4fff-9177-0bff1b127d87,Transcriptome Profiling,RNA-Seq
017d71aa-0999-4d8e-9cb4-88b9013e61eb,"[{'case_id': 'dfe6db17-cf45-488e-bd3c-b8433d7343ca', 'submitter_id': 'TCGA-AR-A0TU'}]",c6683fc6-49f4-4e53-94ac-251799c2c638.rna_seq.augmented_star_gene_counts.tsv,017d71aa-0999-4d8e-9cb4-88b9013e61eb,Gene Expression Quantification,62894821-a886-425e-9201-1001ff6f1e94,Transcriptome Profiling,RNA-Seq
cdd283b5-8dea-4736-859c-f1a2bbda57c2,"[{'case_id': 'cdab777e-62de-4d51-92af-b6eb089c111f', 'submitter_id': 'TCGA-D8-A1X7'}]",d24c2f4f-5623-4d8e-99e6-96b4fee2591c.rna_seq.augmented_star_gene_counts.tsv,cdd283b5-8dea-4736-859c-f1a2bbda57c2,Gene Expression Quantification,b0bf370e-615c-467b-82a7-78fc7935e80e,Transcriptome Profiling,RNA-Seq
6084a2ac-a342-4378-b4ba-a2d7e6af9124,"[{'case_id': 'ced2c048-b047-43ff-b0e7-cd7ad480850c', 'submitter_id': 'TCGA-D8-A1Y0'}]",ad930bd1-0026-4f83-92e2-23170c1965aa.rna_seq.augmented_star_gene_counts.tsv,6084a2ac-a342-4378-b4ba-a2d7e6af9124,Gene Expression Quantification,633363b5-02c6-4a7a-abd1-65f1c18baea3,Transcriptome Profiling,RNA-Seq
7ae79f8e-a8fa-4030-b46a-458db80a36c1,"[{'case_id': 'e0929c47-cff3-4518-a188-8764af01073a', 'submitter_id': 'TCGA-E2-A14T'}]",f6c907ac-5dc9-4bdc-b7c6-3bac9f9059d3.rna_seq.augmented_star_gene_counts.tsv,7ae79f8e-a8fa-4030-b46a-458db80a36c1,Gene Expression Quantification,c1aedf14-9341-4366-976e-1ed0f64d3ca6,Transcriptome Profiling,RNA-Seq
82fea6e8-7c6a-4575-bfcd-c164094538e6,"[{'case_id': 'cf0a3f38-5850-44e1-8574-808bd37d84a3', 'submitter_id': 'TCGA-E9-A22D'}]",29ce926f-d72e-4064-8a7f-359d86cb9d11.rna_seq.augmented_star_gene_counts.tsv,82fea6e8-7c6a-4575-bfcd-c164094538e6,Gene Expression Quantification,0abcd3b7-18a2-4774-a834-beed937cfc32,Transcriptome Profiling,RNA-Seq
3e3125cd-a554-4a76-a9e2-b9187e0db6ab,"[{'case_id': '8f912a40-3251-4e1f-ae65-1f93d71f9881', 'submitter_id': 'TCGA-EW-A1OZ'}]",3d1bf8fc-c86b-436e-ab0c-3734af129b09.rna_seq.augmented_star_gene_counts.tsv,3e3125cd-a554-4a76-a9e2-b9187e0db6ab,Gene Expression Quantification,508abcdd-e305-4e0c-aad2-47ebffedb5ba,Transcriptome Profiling,RNA-Seq
9928c491-426a-4507-8ddd-999d6b892e29,"[{'case_id': '8f9ad301-6699-4078-a80d-886e40894af7', 'submitter_id': 'TCGA-A7-A3J1'}]",677a334e-f2cb-455f-bf50-05e23cb2a7ec.rna_seq.augmented_star_gene_counts.tsv,9928c491-426a-4507-8ddd-999d6b892e29,Gene Expression Quantification,dac7e9ac-fd9a-4883-8df3-a35cdeff3070,Transcriptome Profiling,RNA-Seq
3c2914f4-200f-4bec-93f0-b0fdb6460378,"[{'case_id': '9087585f-e792-4f33-baaa-56ffe0f745be', 'submitter_id': 'TCGA-PL-A8LZ'}]",61d00f8c-f198-4181-82bd-99b063dfffc6.rna_seq.augmented_star_gene_counts.tsv,3c2914f4-200f-4bec-93f0-b0fdb6460378,Gene Expression Quantification,909b087b-ac90-43d6-ad66-d243e781b966,Transcriptome Profiling,RNA-Seq
a7d3a4c0-36ee-43ff-bdcc-37db4b11df76,"[{'case_id': '8e159b50-8136-42d4-b9c7-d579a74e4931', 'submitter_id': 'TCGA-E2-A10F'}]",ef54e4a6-4447-425f-be33-e428e5838daa.rna_seq.augmented_star_gene_counts.tsv,a7d3a4c0-36ee-43ff-bdcc-37db4b11df76,Gene Expression Quantification,f21566db-4a0a-4b5d-97cd-773169a82091,Transcriptome Profiling,RNA-Seq
447e3faf-a5f2-4739-b2aa-c907f33b634a,"[{'case_id': '94b95984-b2fb-4e42-8887-45e7086c3179', 'submitter_id': 'TCGA-E9-A1RB'}]",4f3fa7c5-fe72-4b99-8a4f-9f487efc1ef1.rna_seq.augmented_star_gene_counts.tsv,447e3faf-a5f2-4739-b2aa-c907f33b634a,Gene Expression Quantification,9c8f7aa3-44e8-4d87-8400-523d6e9dd8ed,Transcriptome Profiling,RNA-Seq
9c0043c4-b65a-42ca-9f02-fe1cef04beaf,"[{'case_id': '9416ff9b-6f29-4554-b04d-b537a3ae3969', 'submitter_id': 'TCGA-B6-A0RS'}]",17dfa221-f092-45ed-a2e4-5798ddfc0ce9.rna_seq.augmented_star_gene_counts.tsv,9c0043c4-b65a-42ca-9f02-fe1cef04beaf,Gene Expression Quantification,5bc3a8ef-ac14-456b-b7fe-7c5b82fc7235,Transcriptome Profiling,RNA-Seq
cbbbb1af-8bf4-4bb6-9258-33bf416190e7,"[{'case_id': '9536bec0-dae0-4d63-a1b3-956741835243', 'submitter_id': 'TCGA-AO-A0J7'}]",89c5f174-7db7-426d-9530-41e08a8ef603.rna_seq.augmented_star_gene_counts.tsv,cbbbb1af-8bf4-4bb6-9258-33bf416190e7,Gene Expression Quantification,4e856c6d-f887-40d0-8ec8-8faffb32f246,Transcriptome Profiling,RNA-Seq
fc0a2d23-31a3-4aab-bdd9-0abb51880043,"[{'case_id': '9646160a-f1f9-437b-8c7d-efb0b57bfb97', 'submitter_id': 'TCGA-AN-A0AJ'}]",0e2d6467-d90b-40dc-813c-fa4f8a0f4d07.rna_seq.augmented_star_gene_counts.tsv,fc0a2d23-31a3-4aab-bdd9-0abb51880043,Gene Expression Quantification,4d485d34-fb44-4fce-9fe8-2f380f263808,Transcriptome Profiling,RNA-Seq
7aff89e2-86cb-43d8-96cd-341c02ebdd49,"[{'case_id': '959ff069-8a49-4c9b-85c2-5291cac0acff', 'submitter_id': 'TCGA-C8-A3M7'}]",bc4ac436-ed5f-4774-867d-a6bdd7e14486.rna_seq.augmented_star_gene_counts.tsv,7aff89e2-86cb-43d8-96cd-341c02ebdd49,Gene Expression Quantification,f6218fb7-06c7-4f4b-ac0d-224a378380b5,Transcriptome Profiling,RNA-Seq
739fe30a-4fae-4f4d-a360-3ab300a4848a,"[{'case_id': '96b9c7db-1be1-4b60-b47c-26b654c3d64c', 'submitter_id': 'TCGA-BH-A0DV'}]",52064107-3c37-45b1-aa6b-a14a98352f9d.rna_seq.augmented_star_gene_counts.tsv,739fe30a-4fae-4f4d-a360-3ab300a4848a,Gene Expression Quantification,fcd7a334-6bf4-486f-9552-9ef004fed036,Transcriptome Profiling,RNA-Seq
de397789-9ff5-4cb0-be88-957477820714,"[{'case_id': '96e1fc6d-693f-4f4f-b5f7-8d6e1c6c43f8', 'submitter_id': 'TCGA-OL-A66J'}]",e26295fd-369b-4cf0-98f3-939293cbe6e4.rna_seq.augmented_star_gene_counts.tsv,de397789-9ff5-4cb0-be88-957477820714,Gene Expression Quantification,ec7db268-5b70-4895-998a-3c54ad2c06d9,Transcriptome Profiling,RNA-Seq
e3569a42-412b-405d-a1ca-5c89b1ea36d0,"[{'case_id': '95e949d3-b1f3-46c6-9451-8fe92c99e4cf', 'submitter_id': 'TCGA-AN-A0XS'}]",f3c13192-fe4d-45c5-9d12-5294799bd7f8.rna_seq.augmented_star_gene_counts.tsv,e3569a42-412b-405d-a1ca-5c89b1ea36d0,Gene Expression Quantification,e9cc9e81-da97-4330-9ac2-4e01c9fb1689,Transcriptome Profiling,RNA-Seq
2a2d5de1-44d7-4c83-91d6-fc1b3c136143,"[{'case_id': '33919e92-4ea9-47e5-a6f4-36e51845d50f', 'submitter_id': 'TCGA-A8-A09N'}]",f602fb69-df50-4b19-8e14-c1979a120119.rna_seq.augmented_star_gene_counts.tsv,2a2d5de1-44d7-4c83-91d6-fc1b3c136143,Gene Expression Quantification,e6d5793f-71c7-4f70-9167-3731a42b490a,Transcriptome Profiling,RNA-Seq
9d487523-ce75-4146-98d9-aed08dc2f632,"[{'case_id': '97862b8e-9f76-4b19-a865-156a9c00fb1e', 'submitter_id': 'TCGA-EW-A6SC'}]",4c915c9f-4e60-48d4-a4c5-7d055940b65f.rna_seq.augmented_star_gene_counts.tsv,9d487523-ce75-4146-98d9-aed08dc2f632,Gene Expression Quantification,911c0aa1-a229-40cd-9801-0db70adf37c7,Transcriptome Profiling,RNA-Seq
2377e521-919f-4f6f-b426-ddc993775597,"[{'case_id': '36220587-1c1c-4f92-b177-3b2155e7e273', 'submitter_id': 'TCGA-AR-A1AU'}]",23f366c0-41f3-4159-86f0-5fa3d0059761.rna_seq.augmented_star_gene_counts.tsv,2377e521-919f-4f6f-b426-ddc993775597,Gene Expression Quantification,028daa2e-63a7-4102-bc2b-be969f438f2c,Transcriptome Profiling,RNA-Seq
f9fe6c47-0955-432f-b402-a6dc2665e04d,"[{'case_id': 'a855c228-a263-44df-87a0-cbc32187e3f5', 'submitter_id': 'TCGA-C8-A1HJ'}]",d33cdca5-78ec-4d34-be08-51efd97e8bfb.rna_seq.augmented_star_gene_counts.tsv,f9fe6c47-0955-432f-b402-a6dc2665e04d,Gene Expression Quantification,489d1a10-4a5d-487d-9e44-43a9637db041,Transcriptome Profiling,RNA-Seq
78b9cc4c-a99b-4814-9538-3cf9515af75b,"[{'case_id': '36449392-de76-4ee9-bc09-627a07e18727', 'submitter_id': 'TCGA-A8-A09D'}]",16bd1ebb-5bf9-4839-99bd-5a4d3dcad7b8.rna_seq.augmented_star_gene_counts.tsv,78b9cc4c-a99b-4814-9538-3cf9515af75b,Gene Expression Quantification,fb9fe4ec-6849-4fb5-a30f-423d39386e29,Transcriptome Profiling,RNA-Seq
54dcd665-8138-4cab-8622-224d7066d466,"[{'case_id': 'a8a199c9-d781-4e6c-af8c-c85d60c7cd40', 'submitter_id': 'TCGA-C8-A1HL'}]",783adea2-f11b-46ca-9cdc-f06823db5afc.rna_seq.augmented_star_gene_counts.tsv,54dcd665-8138-4cab-8622-224d7066d466,Gene Expression Quantification,735def8a-22c7-4441-bdca-6cb7edfcc13c,Transcriptome Profiling,RNA-Seq
d5d23d6a-c141-442f-ac4f-714e46b8d9ef,"[{'case_id': '36d77496-99f8-4911-ba7c-89fae32662aa', 'submitter_id': 'TCGA-A2-A0T5'}]",9907c264-961c-46b4-94a8-bf7e234621d8.rna_seq.augmented_star_gene_counts.tsv,d5d23d6a-c141-442f-ac4f-714e46b8d9ef,Gene Expression Quantification,fb9f5e35-a216-4146-a885-41a40335c7bd,Transcriptome Profiling,RNA-Seq
8c884351-1c8b-47ff-8bef-1a4f25f645fb,"[{'case_id': '360d1d6d-cf3e-4c78-b36f-ef5e3160aa6b', 'submitter_id': 'TCGA-BH-A0AU'}]",d5a1a331-cd5b-448f-adf6-ea393565ef26.rna_seq.augmented_star_gene_counts.tsv,8c884351-1c8b-47ff-8bef-1a4f25f645fb,Gene Expression Quantification,3e37e4bb-9fad-48b3-8767-96e9efa94536,Transcriptome Profiling,RNA-Seq
7f1cbb4f-aecf-42be-91cc-fb35d03447df,"[{'case_id': '36fe6152-f61e-4948-9ccc-23ac01a9d77d', 'submitter_id': 'TCGA-AO-A0JE'}]",ca34cd1c-026e-4641-a9dd-ac1a9b4f243b.rna_seq.augmented_star_gene_counts.tsv,7f1cbb4f-aecf-42be-91cc-fb35d03447df,Gene Expression Quantification,94deb343-34e0-4a6c-a701-2227b431936e,Transcriptome Profiling,RNA-Seq
1d7789a1-1ff1-4865-a9c9-dfb40e57aff5,"[{'case_id': '378778d2-b331-4867-a93b-c64028c8b4c7', 'submitter_id': 'TCGA-A2-A0CT'}]",66941b24-9c8f-4657-a4eb-8cc267e38bdc.rna_seq.augmented_star_gene_counts.tsv,1d7789a1-1ff1-4865-a9c9-dfb40e57aff5,Gene Expression Quantification,8e1911d9-cb23-4a67-b25b-1e21d2794372,Transcriptome Profiling,RNA-Seq
d67b8114-b70f-4e69-bae5-4f2f982c4b1b,"[{'case_id': '38dc3e09-0b0e-4a29-b318-cc0352013dae', 'submitter_id': 'TCGA-LD-A66U'}]",f337af94-788c-4de9-ab62-8627dc88695d.rna_seq.augmented_star_gene_counts.tsv,d67b8114-b70f-4e69-bae5-4f2f982c4b1b,Gene Expression Quantification,5dd50f87-1cf3-442b-8203-2e5f5e99fee9,Transcriptome Profiling,RNA-Seq
478a40b1-0f88-401d-92b6-4b58b2c56798,"[{'case_id': '38a4e9bd-93e9-432d-a756-3b1055b823bd', 'submitter_id': 'TCGA-LD-A74U'}]",4fc53009-8904-4336-852b-ee2aea40f5e2.rna_seq.augmented_star_gene_counts.tsv,478a40b1-0f88-401d-92b6-4b58b2c56798,Gene Expression Quantification,10aae55c-b57f-4af4-a734-afc97f945968,Transcriptome Profiling,RNA-Seq
575ef8e2-dfbc-48b3-9836-089b94498e09,"[{'case_id': '3927f736-3b5c-48c8-9d9e-83669ec44770', 'submitter_id': 'TCGA-A8-A09G'}]",9dffaff8-a482-4940-b53a-527e5a510740.rna_seq.augmented_star_gene_counts.tsv,575ef8e2-dfbc-48b3-9836-089b94498e09,Gene Expression Quantification,5fc6ab2b-2955-4584-b3f3-9ecb9e83e886,Transcriptome Profiling,RNA-Seq
467cc312-373e-4655-a07e-533ccb133b22,"[{'case_id': '5fe3c51f-65e2-4da6-8924-a6fae17c022d', 'submitter_id': 'TCGA-E9-A1RD'}]",f4d60a0f-dc11-4005-8d59-7511ba4de8b1.rna_seq.augmented_star_gene_counts.tsv,467cc312-373e-4655-a07e-533ccb133b22,Gene Expression Quantification,adc086bc-142b-4c6a-8319-76c2868ed1bc,Transcriptome Profiling,RNA-Seq
4376b78e-bfec-4142-8407-b967883d7b6b,"[{'case_id': '5fe3c51f-65e2-4da6-8924-a6fae17c022d', 'submitter_id': 'TCGA-E9-A1RD'}]",eba8b055-6de2-48e7-bed8-40de705ad1d1.rna_seq.augmented_star_gene_counts.tsv,4376b78e-bfec-4142-8407-b967883d7b6b,Gene Expression Quantification,ac14c97a-1af0-42c5-b6ee-e2c9973b167b,Transcriptome Profiling,RNA-Seq
9b13d7e4-d265-4c0b-8aa3-5b4af70ff87d,"[{'case_id': '5ff12cbe-a3e0-4ce6-8452-12b984a1baaf', 'submitter_id': 'TCGA-EW-A1IY'}]",8fff7b55-a9c5-4179-a86a-80bff4fed1b0.rna_seq.augmented_star_gene_counts.tsv,9b13d7e4-d265-4c0b-8aa3-5b4af70ff87d,Gene Expression Quantification,fd6a0e83-932c-4ce8-ae09-ce5e50694034,Transcriptome Profiling,RNA-Seq
958813f4-8036-42f7-856d-7a69c4175adc,"[{'case_id': '408cb583-6dc3-4698-8bd2-e284042bd5ef', 'submitter_id': 'TCGA-E9-A1RH'}]",269c35f0-a4f7-4e30-a69f-f1f3b7b5dace.rna_seq.augmented_star_gene_counts.tsv,958813f4-8036-42f7-856d-7a69c4175adc,Gene Expression Quantification,98ea3aa6-f1cc-4c09-bcdc-8e0af9cb0899,Transcriptome Profiling,RNA-Seq
ada5cdcf-f9e0-4209-aa92-ac3b921bbdf4,"[{'case_id': '60df7543-6da5-4c75-943b-5800c1e08234', 'submitter_id': 'TCGA-E2-A14X'}]",7e48e080-0ec9-4589-ba1d-6f7a1f60a010.rna_seq.augmented_star_gene_counts.tsv,ada5cdcf-f9e0-4209-aa92-ac3b921bbdf4,Gene Expression Quantification,a86a4452-6b59-4177-b2c5-7e3cf7864f2d,Transcriptome Profiling,RNA-Seq
0a7421d4-5722-427a-9643-da1074e5c25c,"[{'case_id': '417dea5f-f68e-4dab-940e-43ae8c67e5e6', 'submitter_id': 'TCGA-BH-A1EV'}]",83f93d3f-d038-4773-a671-0f218f53821c.rna_seq.augmented_star_gene_counts.tsv,0a7421d4-5722-427a-9643-da1074e5c25c,Gene Expression Quantification,b5d9f0b9-501b-45a6-8944-07de32825f3a,Transcriptome Profiling,RNA-Seq
248ac510-a5af-4608-9cdc-5c8673633b82,"[{'case_id': 'b97bf89a-7a85-4eef-ae7e-f787aead1f0a', 'submitter_id': 'TCGA-BH-A1FC'}]",d23ff3bc-5524-4dca-b0f4-a1561a30566c.rna_seq.augmented_star_gene_counts.tsv,248ac510-a5af-4608-9cdc-5c8673633b82,Gene Expression Quantification,4ac93844-a45a-413a-b9fa-7008067e8401,Transcriptome Profiling,RNA-Seq
243fe98b-3355-4b09-8094-b9e06a2b8329,"[{'case_id': '8218119a-f68b-4ea7-9ee4-5e2edc2ae342', 'submitter_id': 'TCGA-E9-A245'}]",6db579c1-ef18-42a1-9921-d0456b90ff6f.rna_seq.augmented_star_gene_counts.tsv,243fe98b-3355-4b09-8094-b9e06a2b8329,Gene Expression Quantification,33f9bbb6-e88b-4af4-bd97-742f44b501e9,Transcriptome Profiling,RNA-Seq
1c3a771f-43db-4b45-93f8-f8e6d2ab6847,"[{'case_id': 'bfd55808-dddd-44c3-97d7-41600497b992', 'submitter_id': 'TCGA-B6-A0RI'}]",420197bd-db07-4df9-8f72-3d7d509ae1d0.rna_seq.augmented_star_gene_counts.tsv,1c3a771f-43db-4b45-93f8-f8e6d2ab6847,Gene Expression Quantification,6a7386b4-8be2-4cd0-a7b9-e71d900f4e17,Transcriptome Profiling,RNA-Seq
16786247-5ff5-47e0-83e2-fee15779e522,"[{'case_id': '31c31cce-1b4d-4f12-922f-84f389403170', 'submitter_id': 'TCGA-A8-A079'}]",cf86835f-2bd2-4b15-a9a9-66fe369a560d.rna_seq.augmented_star_gene_counts.tsv,16786247-5ff5-47e0-83e2-fee15779e522,Gene Expression Quantification,adb1c76c-4436-4700-8ca2-c65c7e83fdba,Transcriptome Profiling,RNA-Seq
da93e1a9-6863-4c98-b1fd-52d22ecbca45,"[{'case_id': '49a2fd48-744d-4d88-b9b4-8c778d4f48fd', 'submitter_id': 'TCGA-S3-AA17'}]",a20bcc86-fe98-42a9-93ad-9027181dad5f.rna_seq.augmented_star_gene_counts.tsv,da93e1a9-6863-4c98-b1fd-52d22ecbca45,Gene Expression Quantification,12b553ab-da66-4447-8fa1-51f844fc8ff0,Transcriptome Profiling,RNA-Seq
89dfc6f3-9f78-4e03-a2e7-e9010c7814a2,"[{'case_id': '2e1e3bf0-1708-4b65-936c-48b89eb8966a', 'submitter_id': 'TCGA-AN-A049'}]",b793fa3a-f197-409f-b630-2dcba3290cce.rna_seq.augmented_star_gene_counts.tsv,89dfc6f3-9f78-4e03-a2e7-e9010c7814a2,Gene Expression Quantification,8b3c8ed2-eaba-42e4-8f78-98e7a2aa4bd7,Transcriptome Profiling,RNA-Seq
895b7107-2c08-4106-b119-6fbb597392da,"[{'case_id': '83f943c7-3975-4b4f-985d-9c057741793b', 'submitter_id': 'TCGA-AQ-A04H'}]",be813beb-9b35-4063-9d61-9f49a7fd7706.rna_seq.augmented_star_gene_counts.tsv,895b7107-2c08-4106-b119-6fbb597392da,Gene Expression Quantification,3ae2e7c3-b804-4236-896b-9008c0840708,Transcriptome Profiling,RNA-Seq
5e863e9f-1449-4a38-ac00-cfd7c21ba6e2,"[{'case_id': '4c313e5b-4dc3-408e-8e92-22427f74743e', 'submitter_id': 'TCGA-AC-A3W5'}]",fe379cd5-d51b-44b3-9adf-49e2cc3b0bf5.rna_seq.augmented_star_gene_counts.tsv,5e863e9f-1449-4a38-ac00-cfd7c21ba6e2,Gene Expression Quantification,e8da4b36-60be-453c-b2c7-6ac273039396,Transcriptome Profiling,RNA-Seq
2ea0b718-c634-4692-9cf0-4f118adfafbd,"[{'case_id': '4a831893-f4ca-4357-a756-b5e954e35dd7', 'submitter_id': 'TCGA-E9-A2JS'}]",39e27085-909a-436b-b8e9-624c16303208.rna_seq.augmented_star_gene_counts.tsv,2ea0b718-c634-4692-9cf0-4f118adfafbd,Gene Expression Quantification,74ef4a19-40b8-4c4f-83f0-32902f0e1a00,Transcriptome Profiling,RNA-Seq
5aba8f7f-c815-45e9-bee0-4dda9bfac07f,"[{'case_id': '32efa6e8-6b19-480a-9d04-ace02e93318a', 'submitter_id': 'TCGA-A2-A0CW'}]",046c3754-b22c-4bce-93c7-29b9da173d33.rna_seq.augmented_star_gene_counts.tsv,5aba8f7f-c815-45e9-bee0-4dda9bfac07f,Gene Expression Quantification,ae6563ec-b7da-4268-8fe2-300325d45a0c,Transcriptome Profiling,RNA-Seq
d141392c-757b-44f5-b531-0bcc136d8b17,"[{'case_id': '49717f75-0f2d-4e1c-9a12-f1cd7877b80a', 'submitter_id': 'TCGA-AN-A04D'}]",4937e136-52e6-4c33-9f53-36ce2a94c09e.rna_seq.augmented_star_gene_counts.tsv,d141392c-757b-44f5-b531-0bcc136d8b17,Gene Expression Quantification,81e42a79-3c5f-4b7c-b72b-6eea4f544773,Transcriptome Profiling,RNA-Seq
38854c85-fc09-4a51-93a7-257762517583,"[{'case_id': '8986a141-eae7-4157-b695-02cc6fc3b071', 'submitter_id': 'TCGA-BH-A1ET'}]",c058aa43-349b-4f45-8217-6b193bf7c610.rna_seq.augmented_star_gene_counts.tsv,38854c85-fc09-4a51-93a7-257762517583,Gene Expression Quantification,92c79468-ccc7-48c7-bab7-a733b794b716,Transcriptome Profiling,RNA-Seq
295d363f-0366-4102-a35c-86e4a4fe7d84,"[{'case_id': '89a8da07-4487-47c6-8d3c-442a87e4f632', 'submitter_id': 'TCGA-E9-A227'}]",db360c44-bf72-41f4-8ca4-01c9973fce95.rna_seq.augmented_star_gene_counts.tsv,295d363f-0366-4102-a35c-86e4a4fe7d84,Gene Expression Quantification,b426e8be-1699-4fd4-8101-22defa81c4de,Transcriptome Profiling,RNA-Seq
22dad91c-889d-4d40-b9b8-c9facd752dc9,"[{'case_id': 'a8e7d8a4-bbf0-496b-b387-8e014cfdcea6', 'submitter_id': 'TCGA-A2-A3XU'}]",8319b13e-475e-440f-855a-bdba3036db73.rna_seq.augmented_star_gene_counts.tsv,22dad91c-889d-4d40-b9b8-c9facd752dc9,Gene Expression Quantification,8e2df0a5-6758-4ef3-87b3-29a3b73b61a8,Transcriptome Profiling,RNA-Seq
c6882939-729e-4360-b850-9f7a84df2d7e,"[{'case_id': '3dbc8d60-3a97-47b2-91d0-c18fb46b4365', 'submitter_id': 'TCGA-E9-A54X'}]",62298f43-7f8b-430e-9a23-0ee0ffbc1162.rna_seq.augmented_star_gene_counts.tsv,c6882939-729e-4360-b850-9f7a84df2d7e,Gene Expression Quantification,5e6b5e56-4d19-4cb3-9e20-49fe733c1ef2,Transcriptome Profiling,RNA-Seq
40ad8a2a-abd2-4701-b984-4afa4c27c260,"[{'case_id': '3e25056d-d137-49f5-abaa-f68509426600', 'submitter_id': 'TCGA-AN-A0XT'}]",9d2a209e-f610-4bde-8265-ef7e7e7ac0c4.rna_seq.augmented_star_gene_counts.tsv,40ad8a2a-abd2-4701-b984-4afa4c27c260,Gene Expression Quantification,6b2e1824-c269-4e82-a08d-1e53034e11fb,Transcriptome Profiling,RNA-Seq
9cac5296-0f61-46a2-bcbf-9bd3212fb7dd,"[{'case_id': '3e775c99-ceda-4246-8d6f-0f58ca5097c8', 'submitter_id': 'TCGA-D8-A1JM'}]",1ec0a33c-5b2e-4078-8226-48026f7d5c82.rna_seq.augmented_star_gene_counts.tsv,9cac5296-0f61-46a2-bcbf-9bd3212fb7dd,Gene Expression Quantification,2d97649f-8d6c-481c-a534-ace2ea9edb5c,Transcriptome Profiling,RNA-Seq
2a09e101-9e01-45ec-9b02-d806f4cd7469,"[{'case_id': '3ea9412b-429e-4dcf-90cd-c53be06885a1', 'submitter_id': 'TCGA-AO-A0JB'}]",ba6e6579-8858-467a-9d0b-b8df38cd5d62.rna_seq.augmented_star_gene_counts.tsv,2a09e101-9e01-45ec-9b02-d806f4cd7469,Gene Expression Quantification,fc137dc4-8874-4c0f-8dba-5b011e881272,Transcriptome Profiling,RNA-Seq
20e1a6f6-c34f-4744-9b2a-392ea074ebe2,"[{'case_id': '6e126b73-d3e8-4641-a128-306f3b313e40', 'submitter_id': 'TCGA-AC-A2B8'}]",d1d3d623-2de6-4d6f-b2a3-a50758f46b64.rna_seq.augmented_star_gene_counts.tsv,20e1a6f6-c34f-4744-9b2a-392ea074ebe2,Gene Expression Quantification,745522d6-80ab-45e4-8d51-32a543a06292,Transcriptome Profiling,RNA-Seq
d898d021-e82b-42e6-b82e-28c187136674,"[{'case_id': '058dcb78-bed1-40c3-a6c2-a0cc40065531', 'submitter_id': 'TCGA-A2-A0T3'}]",0b36289c-6835-414d-9f86-4cc4a812af87.rna_seq.augmented_star_gene_counts.tsv,d898d021-e82b-42e6-b82e-28c187136674,Gene Expression Quantification,a5d9d6b5-048b-429e-a8d8-805c9670e7d2,Transcriptome Profiling,RNA-Seq
59bb8b6d-9827-4d5c-8714-cbc8ec3b8be5,"[{'case_id': '6e6b7742-a562-490b-bb72-04a5653852e4', 'submitter_id': 'TCGA-GM-A2DB'}]",c8c4129c-48ca-4df9-9ef8-bab2a794ebbf.rna_seq.augmented_star_gene_counts.tsv,59bb8b6d-9827-4d5c-8714-cbc8ec3b8be5,Gene Expression Quantification,f17c0672-f2fc-474e-ae7b-25b452151e42,Transcriptome Profiling,RNA-Seq
891873c8-bb26-4215-9281-a79be2651f11,"[{'case_id': '0741b5db-4405-42ba-b63a-c6ee4f341480', 'submitter_id': 'TCGA-BH-A1EY'}]",c9dffad1-99e8-40b8-8954-1e50b98a1a55.rna_seq.augmented_star_gene_counts.tsv,891873c8-bb26-4215-9281-a79be2651f11,Gene Expression Quantification,9dcf905c-06fd-4d9f-8eef-2bfd5e46838e,Transcriptome Profiling,RNA-Seq
4c75e72b-db9f-425b-9f14-946ee801071e,"[{'case_id': 'a1872011-b928-4189-ac02-e87506c20bca', 'submitter_id': 'TCGA-A2-A0YC'}]",b3d432d6-0b86-4407-98e2-99c1971283a8.rna_seq.augmented_star_gene_counts.tsv,4c75e72b-db9f-425b-9f14-946ee801071e,Gene Expression Quantification,c88d7e64-a831-4182-85a6-f8705807befa,Transcriptome Profiling,RNA-Seq
7c89d4dc-cccb-4833-9731-be8affb76c89,"[{'case_id': '0772cdbe-8b0d-452b-8df1-bd70d1306363', 'submitter_id': 'TCGA-BH-A0W4'}]",9053485e-19f7-4d2b-b4b6-361d908cc708.rna_seq.augmented_star_gene_counts.tsv,7c89d4dc-cccb-4833-9731-be8affb76c89,Gene Expression Quantification,58c6fc9f-40cd-4835-bf2d-42ea8a1207de,Transcriptome Profiling,RNA-Seq
5fbe4a11-de4d-418e-9bc3-75b768d4a665,"[{'case_id': 'a1da9db1-db11-4f4d-a249-c738db81b87e', 'submitter_id': 'TCGA-AN-A0XU'}]",22e623b3-2c82-4283-bd28-2cf1777b0179.rna_seq.augmented_star_gene_counts.tsv,5fbe4a11-de4d-418e-9bc3-75b768d4a665,Gene Expression Quantification,ac9094cb-4775-4fab-9f40-36b53f129582,Transcriptome Profiling,RNA-Seq
3844ac53-a01f-41f1-a3f3-d9decf12d024,"[{'case_id': '077506ea-8f11-405d-bb8e-3c9924fe54d0', 'submitter_id': 'TCGA-AR-A5QN'}]",cff71f50-9056-40dd-b358-0de3e079cad0.rna_seq.augmented_star_gene_counts.tsv,3844ac53-a01f-41f1-a3f3-d9decf12d024,Gene Expression Quantification,8071db9e-4fce-4b7f-83e9-792dfbd195c3,Transcriptome Profiling,RNA-Seq
8ebe5f43-053c-4bfc-aefd-b9c22897b4ce,"[{'case_id': 'a2434f47-2168-47d0-9bbb-981071597843', 'submitter_id': 'TCGA-JL-A3YW'}]",d7dc889e-649a-46e1-98ae-d4708c26930b.rna_seq.augmented_star_gene_counts.tsv,8ebe5f43-053c-4bfc-aefd-b9c22897b4ce,Gene Expression Quantification,f8b0a3dd-e75d-4191-97cd-86c7095a576f,Transcriptome Profiling,RNA-Seq
86b7ddd7-1c59-4937-99ec-b30fa9b4f0bd,"[{'case_id': '05135396-df5c-49db-b34e-f4add5b65a2b', 'submitter_id': 'TCGA-BH-A204'}]",a622a28b-a3ac-495b-b696-2a11e0e0e2ad.rna_seq.augmented_star_gene_counts.tsv,86b7ddd7-1c59-4937-99ec-b30fa9b4f0bd,Gene Expression Quantification,24163d40-d593-4e00-8ce8-39a461dd2eba,Transcriptome Profiling,RNA-Seq
1f224847-d745-4dc5-9338-4044413e8ec4,"[{'case_id': '05135396-df5c-49db-b34e-f4add5b65a2b', 'submitter_id': 'TCGA-BH-A204'}]",2db5e0aa-342e-4766-8725-c1d677fd52b2.rna_seq.augmented_star_gene_counts.tsv,1f224847-d745-4dc5-9338-4044413e8ec4,Gene Expression Quantification,073dc4e4-aac5-44b2-a653-c7ef038a5e6e,Transcriptome Profiling,RNA-Seq
4dd3d7e2-8a60-41e8-8812-a06f413afe2b,"[{'case_id': '05506f4c-e701-4a9d-ae06-97f066aade43', 'submitter_id': 'TCGA-AN-A0AT'}]",49ec7f30-d687-4124-a3aa-17bffb48ce26.rna_seq.augmented_star_gene_counts.tsv,4dd3d7e2-8a60-41e8-8812-a06f413afe2b,Gene Expression Quantification,e4cc65a7-1f26-46f2-b788-92914bda9b55,Transcriptome Profiling,RNA-Seq
788a4858-c6c6-4a8d-9aef-dbd32d74776b,"[{'case_id': '084c6aec-94f7-4090-8f3f-59fa9e89721a', 'submitter_id': 'TCGA-A2-A0D1'}]",5cf049e5-d45c-4601-8f67-1fdc0b1918a9.rna_seq.augmented_star_gene_counts.tsv,788a4858-c6c6-4a8d-9aef-dbd32d74776b,Gene Expression Quantification,67309d3b-74f7-41b7-ad79-8df83dad8671,Transcriptome Profiling,RNA-Seq
ecbec59f-397d-493c-a5f6-0dd47aea96ae,"[{'case_id': '0a2a3529-f645-4967-9a58-89ee20b8bb62', 'submitter_id': 'TCGA-E2-A15E'}]",343a3d35-e60e-4326-bbf8-2bf722c22ccc.rna_seq.augmented_star_gene_counts.tsv,ecbec59f-397d-493c-a5f6-0dd47aea96ae,Gene Expression Quantification,b722f18b-b84e-4346-9052-9647737fb9e5,Transcriptome Profiling,RNA-Seq
6c908d24-e571-436a-9a06-705c294ba5d7,"[{'case_id': '08da7c4c-3067-4bcf-9d7a-78566df72e69', 'submitter_id': 'TCGA-B6-A0RE'}]",9ba7cd75-a96c-4220-9f57-c9f0fb545a95.rna_seq.augmented_star_gene_counts.tsv,6c908d24-e571-436a-9a06-705c294ba5d7,Gene Expression Quantification,1bf95ef2-abcc-47e0-83e9-395a51ec8bd9,Transcriptome Profiling,RNA-Seq
1a000feb-3b71-4f95-8b39-68ec25b64d96,"[{'case_id': '0930e97a-72ea-4bd5-b2f0-50c76af695f3', 'submitter_id': 'TCGA-GM-A3XN'}]",30a67cbd-940c-40c4-9f86-a8ba9fe63177.rna_seq.augmented_star_gene_counts.tsv,1a000feb-3b71-4f95-8b39-68ec25b64d96,Gene Expression Quantification,21b96bec-0c2a-47ca-8d19-1e52d9cdb93e,Transcriptome Profiling,RNA-Seq
9da9a119-9f9a-4ddb-947e-97724b9fe45f,"[{'case_id': '03565036-b6d3-432f-8d9a-7099818e0788', 'submitter_id': 'TCGA-AO-A0JC'}]",7733c059-09bd-40b4-9812-4bedd68d9d01.rna_seq.augmented_star_gene_counts.tsv,9da9a119-9f9a-4ddb-947e-97724b9fe45f,Gene Expression Quantification,fd47968c-1e78-4045-9976-4a1b306f1219,Transcriptome Profiling,RNA-Seq
43820fe3-a899-4e6b-9227-27e32edaefd5,"[{'case_id': '035cb359-eac3-484a-9e88-3ddc739440a3', 'submitter_id': 'TCGA-BH-A0DX'}]",fc70931f-4a97-4538-b055-8ed988ab601c.rna_seq.augmented_star_gene_counts.tsv,43820fe3-a899-4e6b-9227-27e32edaefd5,Gene Expression Quantification,556f5bda-4556-42c3-b5f0-6e351fab38d2,Transcriptome Profiling,RNA-Seq
f502949f-ca10-4617-a7ee-b8f142f7ec93,"[{'case_id': '09c2bc35-c21f-4aa4-ac30-0d8db02ad811', 'submitter_id': 'TCGA-A8-A09Q'}]",3099b2a6-0d46-4404-88b0-a3689b019c38.rna_seq.augmented_star_gene_counts.tsv,f502949f-ca10-4617-a7ee-b8f142f7ec93,Gene Expression Quantification,01a86abe-57b9-4a48-b9a9-7570ab297344,Transcriptome Profiling,RNA-Seq
5030e484-7981-462f-b78d-9fdf1a8531c5,"[{'case_id': '2c6adb12-380d-4710-a7e6-93d5a0e53289', 'submitter_id': 'TCGA-A2-A0YD'}]",95305dba-073f-40d7-aa20-66553b41bdf7.rna_seq.augmented_star_gene_counts.tsv,5030e484-7981-462f-b78d-9fdf1a8531c5,Gene Expression Quantification,45d7278c-cb24-41fd-ada3-bf12e80ab556,Transcriptome Profiling,RNA-Seq
91577462-386f-43eb-88e1-859c1d74763c,"[{'case_id': '03c143e0-d8a1-4d60-a4a3-df0501fc6b6e', 'submitter_id': 'TCGA-E9-A1N3'}]",6ddc13fe-e8e0-4fb1-88df-c068fe87b5cb.rna_seq.augmented_star_gene_counts.tsv,91577462-386f-43eb-88e1-859c1d74763c,Gene Expression Quantification,d1747379-e834-45ef-8c38-489e4a17c821,Transcriptome Profiling,RNA-Seq
d777e8a9-92a8-48eb-bf58-8e13af99c77f,"[{'case_id': '2cb8c866-9296-4c70-a3ea-f9a9b707895c', 'submitter_id': 'TCGA-A8-A0A4'}]",23dace7d-4200-46ee-8501-96c4b5084851.rna_seq.augmented_star_gene_counts.tsv,d777e8a9-92a8-48eb-bf58-8e13af99c77f,Gene Expression Quantification,7b02a938-1b09-4919-ac9a-3fb6ccd181ec,Transcriptome Profiling,RNA-Seq
1051db4c-40a5-4a98-a239-d96c986aa349,"[{'case_id': '045c13ef-3db7-4adf-b0a3-23338f0479f3', 'submitter_id': 'TCGA-B6-A0I6'}]",691c297b-b48d-4e65-84d4-cb4fcdf03fc0.rna_seq.augmented_star_gene_counts.tsv,1051db4c-40a5-4a98-a239-d96c986aa349,Gene Expression Quantification,32019a11-4fbe-4c01-a617-99d0af31d4e2,Transcriptome Profiling,RNA-Seq
fc9fab5b-52f0-4c79-bdf3-750c650a0fdc,"[{'case_id': 'deba32e4-0e68-4711-941b-3b63bd965afb', 'submitter_id': 'TCGA-A2-A3XY'}]",ea43014e-5b51-4b3c-b16b-6d58df9f4a1d.rna_seq.augmented_star_gene_counts.tsv,fc9fab5b-52f0-4c79-bdf3-750c650a0fdc,Gene Expression Quantification,e6532717-d349-4a6b-bfbc-002a200bcb90,Transcriptome Profiling,RNA-Seq
7fadaf69-2a7b-4eca-aec9-c2f2b43eab3c,"[{'case_id': '1ff85ada-3cdd-4afb-b311-2c7befb52702', 'submitter_id': 'TCGA-EW-A1P3'}]",1100a85c-823d-417b-a764-9282ec8593a5.rna_seq.augmented_star_gene_counts.tsv,7fadaf69-2a7b-4eca-aec9-c2f2b43eab3c,Gene Expression Quantification,55298399-c1b6-4ae9-9984-638d15663a52,Transcriptome Profiling,RNA-Seq
ad8be67e-a885-4d33-8776-fa0a5f9863d1,"[{'case_id': '21ef1730-e5a7-47ce-b419-d000bb59ae15', 'submitter_id': 'TCGA-BH-A1F0'}]",570b216f-f99d-4be8-b179-48c8d30c6c06.rna_seq.augmented_star_gene_counts.tsv,ad8be67e-a885-4d33-8776-fa0a5f9863d1,Gene Expression Quantification,43fcca42-9f26-48e3-bdfa-6061b471167b,Transcriptome Profiling,RNA-Seq
7814e438-105f-4d5b-94fe-8c66e95585ea,"[{'case_id': 'de646f6a-6d50-4be2-b3cd-f17554b234df', 'submitter_id': 'TCGA-AR-A24L'}]",cfbfbac5-7f44-4537-9a1c-088075a936e6.rna_seq.augmented_star_gene_counts.tsv,7814e438-105f-4d5b-94fe-8c66e95585ea,Gene Expression Quantification,2b77e05b-bd6d-4b34-b689-786ce231e8cb,Transcriptome Profiling,RNA-Seq
51a3cb9a-e745-49ac-af0e-3a750f9e7521,"[{'case_id': '23c31c2e-336c-4878-a476-cf8d811b4875', 'submitter_id': 'TCGA-S3-AA10'}]",df6af593-6a85-4f5f-8dbe-c32df5a85ef6.rna_seq.augmented_star_gene_counts.tsv,51a3cb9a-e745-49ac-af0e-3a750f9e7521,Gene Expression Quantification,7a70e897-0cb1-42f4-a471-793a4cb2ea87,Transcriptome Profiling,RNA-Seq
f1dc7a14-29f1-4fe1-bc67-01e0776d6b40,"[{'case_id': '1d38d356-d126-4476-94d0-26616b9375b1', 'submitter_id': 'TCGA-OL-A5RV'}]",00a26384-1b1c-4db4-9664-75fb9b3febdb.rna_seq.augmented_star_gene_counts.tsv,f1dc7a14-29f1-4fe1-bc67-01e0776d6b40,Gene Expression Quantification,2edb0dbd-4778-46a9-b5d2-264dddf8a2d8,Transcriptome Profiling,RNA-Seq
e4f1f27b-24a1-4d01-af87-b2692d092d2a,"[{'case_id': 'a2efe7e1-aca3-440f-825f-ed621edca69f', 'submitter_id': 'TCGA-A7-A4SA'}]",b05af4cd-19e2-4752-ad71-c36b886f4507.rna_seq.augmented_star_gene_counts.tsv,e4f1f27b-24a1-4d01-af87-b2692d092d2a,Gene Expression Quantification,b0456171-4626-425e-afdf-234a6278c570,Transcriptome Profiling,RNA-Seq
6e8e0eef-1fc8-446c-9038-3a06657784ec,"[{'case_id': '4fba3deb-db94-44b5-a0f2-a575d270779e', 'submitter_id': 'TCGA-E2-A14R'}]",0c087071-89ba-4fc8-ab47-c4f1c60fa24c.rna_seq.augmented_star_gene_counts.tsv,6e8e0eef-1fc8-446c-9038-3a06657784ec,Gene Expression Quantification,2eee9906-eb46-49c8-9703-b271553d265f,Transcriptome Profiling,RNA-Seq
589dda89-b968-4f26-b3c7-5371dfdb8a90,"[{'case_id': 'a45833e1-7cc9-4273-b408-620f74679a12', 'submitter_id': 'TCGA-OL-A66O'}]",ae4a5866-347f-4850-b4c8-a009d0765021.rna_seq.augmented_star_gene_counts.tsv,589dda89-b968-4f26-b3c7-5371dfdb8a90,Gene Expression Quantification,7c9b60f0-fec0-475d-b179-fd600b956f9a,Transcriptome Profiling,RNA-Seq
89e048e0-2bdb-4c62-9c0e-2e6e796238dd,"[{'case_id': '515b1400-e896-4f2a-81bd-70895441a0bd', 'submitter_id': 'TCGA-A8-A06Y'}]",3f91fef1-b62c-4884-a882-c99bb6ca9613.rna_seq.augmented_star_gene_counts.tsv,89e048e0-2bdb-4c62-9c0e-2e6e796238dd,Gene Expression Quantification,fe85ae42-ddd5-4560-8d61-e4687b6397df,Transcriptome Profiling,RNA-Seq
9ccdf2cc-ca01-4ef7-bed9-f955fd0396c2,"[{'case_id': '1f601832-eee3-48fb-acf5-80c4a454f26e', 'submitter_id': 'TCGA-BH-A0EA'}]",1d65448f-dcba-432b-98d5-f7e87de4f9f6.rna_seq.augmented_star_gene_counts.tsv,9ccdf2cc-ca01-4ef7-bed9-f955fd0396c2,Gene Expression Quantification,59f949b9-8d40-4713-aa7f-10d54cde4bcb,Transcriptome Profiling,RNA-Seq
23304266-b28c-4ff2-8dcf-bb18f56417b4,"[{'case_id': '1f8f87cb-8a0b-474c-97fb-c71b4fd88d97', 'submitter_id': 'TCGA-AO-A1KT'}]",2485ee80-8de4-4f98-b4f9-7c012bb29f6c.rna_seq.augmented_star_gene_counts.tsv,23304266-b28c-4ff2-8dcf-bb18f56417b4,Gene Expression Quantification,d46bead6-cd11-481f-99b9-5fd65dda3089,Transcriptome Profiling,RNA-Seq
1d15f05d-2ac2-4b83-987e-6f4b157b0b74,"[{'case_id': '12d31787-e54d-4729-ace8-9141043c92b8', 'submitter_id': 'TCGA-A2-A0ST'}]",694ca3d8-9748-4c0f-9021-d599d81a325e.rna_seq.augmented_star_gene_counts.tsv,1d15f05d-2ac2-4b83-987e-6f4b157b0b74,Gene Expression Quantification,d00ac5be-6e2d-41b6-8ba1-a65c428f037e,Transcriptome Profiling,RNA-Seq
a127fb1e-aa3b-4b6d-98b5-c141ffba9ae7,"[{'case_id': '157ec9e0-ca6e-4da1-9233-f976cf0db433', 'submitter_id': 'TCGA-B6-A0IB'}]",e590db5d-2577-43ec-9d39-45a257be5562.rna_seq.augmented_star_gene_counts.tsv,a127fb1e-aa3b-4b6d-98b5-c141ffba9ae7,Gene Expression Quantification,cf160df5-8180-4415-b39c-1e03ffbcd975,Transcriptome Profiling,RNA-Seq
d5330be0-9f72-4be5-9139-8503aa4d00b4,"[{'case_id': '16368c32-2118-4fcf-8693-6c89995e49d8', 'submitter_id': 'TCGA-A1-A0SI'}]",0a133c47-fae8-4e3b-8f4d-cbf357f5e2fc.rna_seq.augmented_star_gene_counts.tsv,d5330be0-9f72-4be5-9139-8503aa4d00b4,Gene Expression Quantification,04f36fb9-01ba-41e0-ad4c-61738f92dbd8,Transcriptome Profiling,RNA-Seq
ac88a5c1-caae-4b08-87bc-0dedbe61d996,"[{'case_id': '1549dc64-3dab-43fc-96e9-b07d520957e1', 'submitter_id': 'TCGA-D8-A27F'}]",465928c5-ab56-46ff-acb5-76e36c97ebda.rna_seq.augmented_star_gene_counts.tsv,ac88a5c1-caae-4b08-87bc-0dedbe61d996,Gene Expression Quantification,7f1736fb-5630-42a5-a5f0-87f1719569aa,Transcriptome Profiling,RNA-Seq
37939d7d-074b-42b7-8d68-95a8afef4c38,"[{'case_id': '18eb4dfc-556f-4bf3-a411-4780209ed1e0', 'submitter_id': 'TCGA-BH-A0B3'}]",41bdc474-8e6e-4f39-98ec-6d73ee41837c.rna_seq.augmented_star_gene_counts.tsv,37939d7d-074b-42b7-8d68-95a8afef4c38,Gene Expression Quantification,8face5ee-4482-4ebb-8086-efc5643c2008,Transcriptome Profiling,RNA-Seq
41e96cc6-43d5-4eea-bbd3-23fb389d5532,"[{'case_id': '195b6731-6ae6-416e-a345-0eb8874a0ca2', 'submitter_id': 'TCGA-AN-A0XO'}]",b9e82597-fdf2-4479-a764-29193ddbd58f.rna_seq.augmented_star_gene_counts.tsv,41e96cc6-43d5-4eea-bbd3-23fb389d5532,Gene Expression Quantification,56067fed-5332-4bd2-b413-5654cad30a7e,Transcriptome Profiling,RNA-Seq
59f472a7-ce4f-4d3a-9193-8b3a4500d52b,"[{'case_id': '189e1f27-7738-413a-a4d4-97d41d592a13', 'submitter_id': 'TCGA-A2-A3XV'}]",b73f749f-eafa-460d-b921-f12e7f8d6609.rna_seq.augmented_star_gene_counts.tsv,59f472a7-ce4f-4d3a-9193-8b3a4500d52b,Gene Expression Quantification,b87e23ac-acdd-4796-ad51-bfdee5b47117,Transcriptome Profiling,RNA-Seq
4b558a24-b10c-4d59-a921-10e6a3a9fb35,"[{'case_id': '9fefbe7c-f66a-4940-843e-285cb7b392c1', 'submitter_id': 'TCGA-AR-A24Z'}]",3621ce2e-a1eb-4a45-ac06-779a780b0b99.rna_seq.augmented_star_gene_counts.tsv,4b558a24-b10c-4d59-a921-10e6a3a9fb35,Gene Expression Quantification,e83790f7-523c-4d4d-b4d6-95270f12e397,Transcriptome Profiling,RNA-Seq
4004cdd0-51fa-4330-bd03-5448f6c7b787,"[{'case_id': '1a18974d-967c-4727-b42e-12ae7be66589', 'submitter_id': 'TCGA-B6-A0I5'}]",bce4dcd7-d9e8-408a-8ab0-f993f9297a68.rna_seq.augmented_star_gene_counts.tsv,4004cdd0-51fa-4330-bd03-5448f6c7b787,Gene Expression Quantification,2ca50d00-1f43-4e8c-9c65-7b06e512bc3b,Transcriptome Profiling,RNA-Seq
f9418a79-3614-41a1-8ab0-c2b4313c6fd4,"[{'case_id': '1a679332-30a3-4495-a2e5-39d299e14333', 'submitter_id': 'TCGA-S3-A6ZG'}]",78142fe5-7a8a-49dd-87b5-6a1e6427893e.rna_seq.augmented_star_gene_counts.tsv,f9418a79-3614-41a1-8ab0-c2b4313c6fd4,Gene Expression Quantification,df4d6105-b7cf-4455-91b9-b80c3da71fc9,Transcriptome Profiling,RNA-Seq
927604f9-a38e-4c3f-b50f-3e0db4daf5ec,"[{'case_id': '55262fcb-1b01-4480-b322-36570430c917', 'submitter_id': 'TCGA-3C-AALI'}]",1be6a56c-a7b1-45e5-b96c-db20337073b8.rna_seq.augmented_star_gene_counts.tsv,927604f9-a38e-4c3f-b50f-3e0db4daf5ec,Gene Expression Quantification,965a0ee2-b260-484e-9f9f-2504bc0b2c2a,Transcriptome Profiling,RNA-Seq
c3bab823-4bf2-40ea-903c-fb342067c893,"[{'case_id': 'a1093598-d3a8-4ffe-83fc-bc7d1faff7e5', 'submitter_id': 'TCGA-BH-A1EU'}]",187f14ba-0002-4f99-9eb1-af93cbfdd4c2.rna_seq.augmented_star_gene_counts.tsv,c3bab823-4bf2-40ea-903c-fb342067c893,Gene Expression Quantification,204c1f53-5f71-4a07-b4dc-6b7a8af2888e,Transcriptome Profiling,RNA-Seq
c1f6f39f-db8f-4449-bfb2-d1f3f2a95d22,"[{'case_id': 'a12fd22a-7f84-4b6e-b6d8-012e38eb73d7', 'submitter_id': 'TCGA-AR-A1AW'}]",d4bca8f9-f63e-43bb-ab6b-7529a86afac5.rna_seq.augmented_star_gene_counts.tsv,c1f6f39f-db8f-4449-bfb2-d1f3f2a95d22,Gene Expression Quantification,f66a2ac1-4d1f-486e-873f-1846fd2d2f82,Transcriptome Profiling,RNA-Seq
a2f1fa8f-26d6-4b3e-8816-33f42e3f9209,"[{'case_id': '557cb0a3-6f1b-4faf-8296-0a15c24158f9', 'submitter_id': 'TCGA-BH-A18P'}]",99df3cc9-683b-449b-bcf4-94bbff09c90e.rna_seq.augmented_star_gene_counts.tsv,a2f1fa8f-26d6-4b3e-8816-33f42e3f9209,Gene Expression Quantification,bca46bce-4b07-4e94-9111-4433d5c4a686,Transcriptome Profiling,RNA-Seq
511ca25f-0b7f-4912-9b79-ed551721a420,"[{'case_id': '546248b0-22a0-4b70-a437-76fb0a238a0d', 'submitter_id': 'TCGA-AN-A0FJ'}]",b3ea108e-0ab7-4340-9da9-b7a8bc3b942c.rna_seq.augmented_star_gene_counts.tsv,511ca25f-0b7f-4912-9b79-ed551721a420,Gene Expression Quantification,7cf82e4e-81cb-4749-b2fd-e07d947587b3,Transcriptome Profiling,RNA-Seq
69bb06b6-74b3-441b-82d7-c6783aa88cdd,"[{'case_id': 'd3d4d709-ab34-4617-aa8c-51a3d0a3efe6', 'submitter_id': 'TCGA-BH-A0DO'}]",b44d9209-0e37-4ffe-9c27-a969a421b3ab.rna_seq.augmented_star_gene_counts.tsv,69bb06b6-74b3-441b-82d7-c6783aa88cdd,Gene Expression Quantification,9ee60a44-1c29-4d6a-b61d-02d13fb7b02b,Transcriptome Profiling,RNA-Seq
f3746445-b2d0-4455-a6c0-46562188c056,"[{'case_id': 'd4a1ecdc-399c-4f82-aa7a-68a0c82ded3f', 'submitter_id': 'TCGA-E9-A243'}]",d89a84a4-4f45-4aab-ab6a-131bf3b359bd.rna_seq.augmented_star_gene_counts.tsv,f3746445-b2d0-4455-a6c0-46562188c056,Gene Expression Quantification,7bc9b0b4-791d-4cf3-9b48-4559f3fac6a8,Transcriptome Profiling,RNA-Seq
a9f49b86-3801-420d-915c-0e09a15c6e59,"[{'case_id': 'd6f911b5-e895-43f8-8f86-0ac2f1bc6fae', 'submitter_id': 'TCGA-BH-A0BJ'}]",1b87d18e-4b47-47d0-a6de-1bb9eedb04c9.rna_seq.augmented_star_gene_counts.tsv,a9f49b86-3801-420d-915c-0e09a15c6e59,Gene Expression Quantification,ede98aab-8bc8-4bef-a3e9-cc5ce7e364ed,Transcriptome Profiling,RNA-Seq
11a64d0e-1dd1-471e-87bf-9e2a7fc13f09,"[{'case_id': 'd7308344-5bab-4073-bb4f-4d8cd8d7bd17', 'submitter_id': 'TCGA-E2-A159'}]",4ba90a73-b2e0-415b-9cd2-fad805840aff.rna_seq.augmented_star_gene_counts.tsv,11a64d0e-1dd1-471e-87bf-9e2a7fc13f09,Gene Expression Quantification,a25adee9-0c68-40e9-8dc3-1dafd3b3e0ec,Transcriptome Profiling,RNA-Seq
5b92e1c6-6265-46b5-bcf7-0c0bafe6f390,"[{'case_id': 'd7808cbc-4b8c-467b-b2c3-f48d05b9ecab', 'submitter_id': 'TCGA-A8-A08Z'}]",74d50556-5de8-4eff-82e6-a3ad9c70020a.rna_seq.augmented_star_gene_counts.tsv,5b92e1c6-6265-46b5-bcf7-0c0bafe6f390,Gene Expression Quantification,c283253b-1683-4d48-89be-685c72225e38,Transcriptome Profiling,RNA-Seq
18b0bd2d-505f-4ecb-9bea-b52e6a74cebd,"[{'case_id': 'd8ecba6a-9fff-4993-a799-9a8d2aea524e', 'submitter_id': 'TCGA-E2-A1LH'}]",678aa892-0631-47cc-b19e-cdcef42cecb3.rna_seq.augmented_star_gene_counts.tsv,18b0bd2d-505f-4ecb-9bea-b52e6a74cebd,Gene Expression Quantification,9f109de1-d78d-47d7-8adf-6fc940b92328,Transcriptome Profiling,RNA-Seq
89409cf3-e710-47fd-af3c-6f8f0dec7c90,"[{'case_id': '011b9b2d-ebe5-42bf-9662-d922faccc7a1', 'submitter_id': 'TCGA-A7-A26E'}]",e6bad6ec-c178-4684-99e8-2504781a022b.rna_seq.augmented_star_gene_counts.tsv,89409cf3-e710-47fd-af3c-6f8f0dec7c90,Gene Expression Quantification,e7f438b1-23bb-4330-ad43-432d600b314c,Transcriptome Profiling,RNA-Seq
a5c799bc-1332-4127-8fda-84da04084d25,"[{'case_id': '011b9b2d-ebe5-42bf-9662-d922faccc7a1', 'submitter_id': 'TCGA-A7-A26E'}]",de01516e-43f0-4f96-8ac6-ab543a314829.rna_seq.augmented_star_gene_counts.tsv,a5c799bc-1332-4127-8fda-84da04084d25,Gene Expression Quantification,162ed5c3-add6-4485-8d99-37c02751bd36,Transcriptome Profiling,RNA-Seq
03a1a105-4856-4e5c-b537-508bdbda50b5,"[{'case_id': 'd9dc3b59-613d-469e-8b4f-6c5a557eb26a', 'submitter_id': 'TCGA-EW-A3U0'}]",02bbe1b1-44ff-426b-a40e-47a01bc4cf7d.rna_seq.augmented_star_gene_counts.tsv,03a1a105-4856-4e5c-b537-508bdbda50b5,Gene Expression Quantification,eac4ed1a-0b4e-4a45-bb9f-ea5be0f99876,Transcriptome Profiling,RNA-Seq
461fda5d-d6e6-4354-b035-c302cc43b03f,"[{'case_id': 'dd67408e-46ba-4573-9415-d4814e9f84de', 'submitter_id': 'TCGA-E9-A226'}]",30285113-d411-475a-a8ed-1fb66be72f28.rna_seq.augmented_star_gene_counts.tsv,461fda5d-d6e6-4354-b035-c302cc43b03f,Gene Expression Quantification,dbf87563-f680-43e1-afe7-dd26dbc2857f,Transcriptome Profiling,RNA-Seq
5a827399-307b-412b-a2ce-f6c81d2750a6,"[{'case_id': 'da1c58a7-c6bd-47d9-95c2-8d2ac70e20e4', 'submitter_id': 'TCGA-AR-A0TY'}]",af58b506-df1d-4221-964d-76dbade6ab85.rna_seq.augmented_star_gene_counts.tsv,5a827399-307b-412b-a2ce-f6c81d2750a6,Gene Expression Quantification,cc6faa04-b981-4b8f-a6df-62463d3c1400,Transcriptome Profiling,RNA-Seq
0b4cae8e-1a2c-4ba9-b126-5abf35f73b36,"[{'case_id': 'da70cf7e-0e61-4c72-b4c5-c408569d11b8', 'submitter_id': 'TCGA-A7-A3J0'}]",d38b6aba-7bfd-43f0-98f7-f669323e6da1.rna_seq.augmented_star_gene_counts.tsv,0b4cae8e-1a2c-4ba9-b126-5abf35f73b36,Gene Expression Quantification,8d85ce26-8d17-44eb-9d7b-19e3de4702be,Transcriptome Profiling,RNA-Seq
aa89d193-05a1-4f7f-9291-b9cf646656de,"[{'case_id': '01263518-5f7c-49dc-8d7e-84b0c03a6a63', 'submitter_id': 'TCGA-A8-A07W'}]",e06580e9-0b4a-48f7-9522-d54229aefb2d.rna_seq.augmented_star_gene_counts.tsv,aa89d193-05a1-4f7f-9291-b9cf646656de,Gene Expression Quantification,f3442321-08bd-40ba-a8ba-ad8113952f72,Transcriptome Profiling,RNA-Seq
4ef3b472-5fce-4e6a-a835-659cc3fee694,"[{'case_id': '26573441-eedb-4364-966c-e7f803deef19', 'submitter_id': 'TCGA-BH-A0BO'}]",cf122ae0-0be8-43dd-a0b9-01fff585186f.rna_seq.augmented_star_gene_counts.tsv,4ef3b472-5fce-4e6a-a835-659cc3fee694,Gene Expression Quantification,c70e18fa-f5af-4208-86b2-df6c6e0a6186,Transcriptome Profiling,RNA-Seq
7e035247-3586-443f-a94c-0addbaf3b17f,"[{'case_id': 'db62d9c7-8343-4771-84fc-146d2e307bb8', 'submitter_id': 'TCGA-AR-A24R'}]",5bd46a5d-2390-421c-a7aa-90ba77fed60d.rna_seq.augmented_star_gene_counts.tsv,7e035247-3586-443f-a94c-0addbaf3b17f,Gene Expression Quantification,f779f447-3a96-4922-b925-f7a53da63c9e,Transcriptome Profiling,RNA-Seq
e914127b-20a0-4ef1-a614-06b697da648c,"[{'case_id': '02bbb632-0f7f-439d-b8f0-c86a06237424', 'submitter_id': 'TCGA-AC-A2FB'}]",526d20dd-9df1-44c4-ab04-82109fafd3a3.rna_seq.augmented_star_gene_counts.tsv,e914127b-20a0-4ef1-a614-06b697da648c,Gene Expression Quantification,4b07568c-8f6e-458e-a723-6f9db82aa691,Transcriptome Profiling,RNA-Seq
79f97f73-b650-49cf-8654-53038a6c0de7,"[{'case_id': '1174f6e4-ffbe-4e59-a000-8d861c968369', 'submitter_id': 'TCGA-AO-A03L'}]",be880db8-920f-4bd8-9f67-34e3ddd61f2c.rna_seq.augmented_star_gene_counts.tsv,79f97f73-b650-49cf-8654-53038a6c0de7,Gene Expression Quantification,5cb4455f-838f-428b-8d1d-0be4cdf1efa4,Transcriptome Profiling,RNA-Seq
7125229a-2fc6-402d-bd87-ad0d3195fd49,"[{'case_id': '124b693c-77dc-4fa8-b703-54e8b5054a92', 'submitter_id': 'TCGA-HN-A2NL'}]",c024ea4d-8f0e-4fba-b793-5d2e767744db.rna_seq.augmented_star_gene_counts.tsv,7125229a-2fc6-402d-bd87-ad0d3195fd49,Gene Expression Quantification,2c8710f3-2ae5-4e41-a997-5fd0e60ae1e2,Transcriptome Profiling,RNA-Seq
28c03f8f-7f7a-4a53-a840-db0f4052ed26,"[{'case_id': '3e637872-f5e5-49d3-bb0d-9c16b8713382', 'submitter_id': 'TCGA-LL-A73Z'}]",2d4c2aed-34ae-4232-9b42-29b1a821f791.rna_seq.augmented_star_gene_counts.tsv,28c03f8f-7f7a-4a53-a840-db0f4052ed26,Gene Expression Quantification,f86f1689-9a4a-4511-bddb-9554fdd3a3cd,Transcriptome Profiling,RNA-Seq
f52fccc4-745f-4e5d-bff8-8d2009b6588d,"[{'case_id': '3e9f93c0-aa79-4b4c-bd6c-b3325912362a', 'submitter_id': 'TCGA-AN-A0AL'}]",458ad47a-9fbc-4508-8ff5-5a8e5c71ae6a.rna_seq.augmented_star_gene_counts.tsv,f52fccc4-745f-4e5d-bff8-8d2009b6588d,Gene Expression Quantification,c818c157-4d1f-4caa-bad4-5b8ecac1dfe2,Transcriptome Profiling,RNA-Seq
f0107961-a5e1-46ec-b232-a47f0049bc5f,"[{'case_id': '125b0a9a-6cbe-4207-9178-e7ff03487e87', 'submitter_id': 'TCGA-AR-A24O'}]",a2744918-6659-412c-a5e3-a02b9712890e.rna_seq.augmented_star_gene_counts.tsv,f0107961-a5e1-46ec-b232-a47f0049bc5f,Gene Expression Quantification,3b866a33-4cf6-4d26-95f1-ef03b7700374,Transcriptome Profiling,RNA-Seq
b96a8979-77c1-41b5-a247-0342262d30f7,"[{'case_id': '6e6408d6-6c48-4dfc-9f1c-28b7386e87b4', 'submitter_id': 'TCGA-B6-A0I8'}]",b2868132-6476-4eec-9032-2a668d894baa.rna_seq.augmented_star_gene_counts.tsv,b96a8979-77c1-41b5-a247-0342262d30f7,Gene Expression Quantification,0f0eb7b1-12a9-4e9a-bcce-32dc62dd2b40,Transcriptome Profiling,RNA-Seq
584eef35-12c2-4aac-be09-175a9f9c5dfc,"[{'case_id': '05af737d-89aa-49b6-97b2-28b8ac8bd2cf', 'submitter_id': 'TCGA-AC-A62Y'}]",2639c1a0-fcae-4abd-aff7-9a8988a26c3c.rna_seq.augmented_star_gene_counts.tsv,584eef35-12c2-4aac-be09-175a9f9c5dfc,Gene Expression Quantification,e03ed0dc-7d05-460b-b53b-ecadd5030b66,Transcriptome Profiling,RNA-Seq
7806768a-e8c6-48b0-a241-c036c230e78b,"[{'case_id': '0685edd2-ce1c-4e0e-8dda-393139af4223', 'submitter_id': 'TCGA-AO-A03U'}]",341e11ea-c1b6-4d66-999c-76ebb9c8b342.rna_seq.augmented_star_gene_counts.tsv,7806768a-e8c6-48b0-a241-c036c230e78b,Gene Expression Quantification,e4c26561-d8a2-4b6f-bed6-baf9ea6a3c25,Transcriptome Profiling,RNA-Seq
a73c6624-c462-4c25-94bf-58769257c6dc,"[{'case_id': '08306ede-e74b-4be9-b768-7fd98647b6ac', 'submitter_id': 'TCGA-A2-A0T6'}]",34a0c8c5-8086-4f33-9ecb-7518035a4a7f.rna_seq.augmented_star_gene_counts.tsv,a73c6624-c462-4c25-94bf-58769257c6dc,Gene Expression Quantification,3a63cf57-fd59-4892-ba19-dda75af50c76,Transcriptome Profiling,RNA-Seq
1737104f-367e-4098-a068-12f8ece492bf,"[{'case_id': '08740d7f-5a5e-4dfa-bd48-7fbf228a7a28', 'submitter_id': 'TCGA-B6-A0WZ'}]",b4a9422c-ed5b-435f-aa13-e8a8f2484e97.rna_seq.augmented_star_gene_counts.tsv,1737104f-367e-4098-a068-12f8ece492bf,Gene Expression Quantification,81edff02-c1c1-4b6e-8dc0-355d7c2ccfc9,Transcriptome Profiling,RNA-Seq
d8a94ea1-68a3-43be-8a30-d690541a23aa,"[{'case_id': '0a2a3529-f645-4967-9a58-89ee20b8bb62', 'submitter_id': 'TCGA-E2-A15E'}]",acb1bf8e-f597-4f67-b19d-bb737109d9cd.rna_seq.augmented_star_gene_counts.tsv,d8a94ea1-68a3-43be-8a30-d690541a23aa,Gene Expression Quantification,b73d9337-5c7b-4a30-afb9-489878cc10b0,Transcriptome Profiling,RNA-Seq
1b98fd3e-d3e3-4ecc-9fe3-02600177efed,"[{'case_id': '2a84997d-ccee-4f46-bea2-752534f26416', 'submitter_id': 'TCGA-E2-A1LL'}]",acb208ab-def4-4b55-b1c7-abe2130e61c9.rna_seq.augmented_star_gene_counts.tsv,1b98fd3e-d3e3-4ecc-9fe3-02600177efed,Gene Expression Quantification,6c98d31d-e33b-4047-bcab-ba617e4dc6f2,Transcriptome Profiling,RNA-Seq
aedc877a-f4b9-4657-b5c9-b7768b5751c9,"[{'case_id': '2b36853f-34d3-47c5-ba6a-e5a93233d2b1', 'submitter_id': 'TCGA-AC-A7VC'}]",ac792e04-54f4-4c6c-9cb5-23a7c1a4ed0b.rna_seq.augmented_star_gene_counts.tsv,aedc877a-f4b9-4657-b5c9-b7768b5751c9,Gene Expression Quantification,ae0e1f3d-3afe-41d8-a73d-8ac5b4197182,Transcriptome Profiling,RNA-Seq
4ed31cce-6d4f-4c79-a4e4-80eaedd1c4d2,"[{'case_id': '09a5e9fd-d816-4f8c-baa9-0e40ba607b16', 'submitter_id': 'TCGA-LL-A7SZ'}]",5b6b8058-474f-4a6a-84c6-0eab99e3b2d3.rna_seq.augmented_star_gene_counts.tsv,4ed31cce-6d4f-4c79-a4e4-80eaedd1c4d2,Gene Expression Quantification,48c3e831-9f16-479b-b92c-28e73995b378,Transcriptome Profiling,RNA-Seq
c7f1e894-f50d-437c-ad42-4a35f531c795,"[{'case_id': '2bcacfd1-6a45-4b96-9b80-2ad569b1ab45', 'submitter_id': 'TCGA-S3-AA12'}]",b656d5d9-3bd0-4d76-b7ad-6440cc706048.rna_seq.augmented_star_gene_counts.tsv,c7f1e894-f50d-437c-ad42-4a35f531c795,Gene Expression Quantification,3a7b6f05-f764-40f0-8f7b-db61af12b4e7,Transcriptome Profiling,RNA-Seq
6c7f9fc6-3dba-4605-9f0c-d4f00095352f,"[{'case_id': '09d6e904-7184-4788-8a19-04f8c46cb13f', 'submitter_id': 'TCGA-BH-AB28'}]",4ee78309-dea3-486f-95a8-ca283a1b70d9.rna_seq.augmented_star_gene_counts.tsv,6c7f9fc6-3dba-4605-9f0c-d4f00095352f,Gene Expression Quantification,d15ad5dd-1bbc-4055-a99c-9309e0fec068,Transcriptome Profiling,RNA-Seq
778642d9-e4e2-4ae8-a900-b2e663c9d5b9,"[{'case_id': '048549cf-d0a5-4743-a0a1-2004f7cc2b08', 'submitter_id': 'TCGA-AC-A3BB'}]",1c9253df-acb7-492c-aaa8-7718fc778f13.rna_seq.augmented_star_gene_counts.tsv,778642d9-e4e2-4ae8-a900-b2e663c9d5b9,Gene Expression Quantification,6de5da39-a486-4df8-8826-c962e2289bde,Transcriptome Profiling,RNA-Seq
e9fe2319-2624-4ac1-9c41-d0ac44608f02,"[{'case_id': 'de75d0b9-0f47-4732-8df5-05c350cfcd32', 'submitter_id': 'TCGA-AN-A0FY'}]",04ed1bfb-533f-4d97-a7e4-3e7bab103485.rna_seq.augmented_star_gene_counts.tsv,e9fe2319-2624-4ac1-9c41-d0ac44608f02,Gene Expression Quantification,29d9ce27-104e-44f4-a965-30187899b0e7,Transcriptome Profiling,RNA-Seq
4c2bb8e3-2527-466b-a3bb-0f36c3b2a3e7,"[{'case_id': '2cf68894-168b-458b-af4f-53cad72989a8', 'submitter_id': 'TCGA-A7-A13F'}]",2d1e176a-adc9-4d8a-92cf-5cba5ab8e486.rna_seq.augmented_star_gene_counts.tsv,4c2bb8e3-2527-466b-a3bb-0f36c3b2a3e7,Gene Expression Quantification,f3f21600-1205-4441-8d2b-91d14818c0f4,Transcriptome Profiling,RNA-Seq
02e08315-4d34-421c-acc0-129b1e1de38b,"[{'case_id': '2d0d7ff4-7866-4ae1-9cf1-a3c7f4cbe48d', 'submitter_id': 'TCGA-E2-A1IE'}]",4a88d54f-c88c-4ffd-84c9-069b53f2cb28.rna_seq.augmented_star_gene_counts.tsv,02e08315-4d34-421c-acc0-129b1e1de38b,Gene Expression Quantification,186d31a5-86d5-4cf8-8418-b53ea596f4f3,Transcriptome Profiling,RNA-Seq
fdd73b76-517e-4554-ba4d-1c67b1b758f8,"[{'case_id': '2199b7a1-bd47-4bb5-b36a-a3e291e3e259', 'submitter_id': 'TCGA-B6-A0RN'}]",fc5b682e-c00d-4840-8c11-f17abe059fa8.rna_seq.augmented_star_gene_counts.tsv,fdd73b76-517e-4554-ba4d-1c67b1b758f8,Gene Expression Quantification,1604f04b-5aac-4ab9-9d82-885b04d7d4b5,Transcriptome Profiling,RNA-Seq
ea1fadc2-1cdc-4658-9619-eeb26ae09da8,"[{'case_id': '2021ed1f-dc75-4701-b8b8-1386466e4802', 'submitter_id': 'TCGA-BH-A0H7'}]",9ee600fe-20c7-4b1f-b08f-15d3d38a5c52.rna_seq.augmented_star_gene_counts.tsv,ea1fadc2-1cdc-4658-9619-eeb26ae09da8,Gene Expression Quantification,4a41ab86-3fe8-434d-96d7-2f904d994ede,Transcriptome Profiling,RNA-Seq
cc12e7a8-e384-47f5-94b8-3e472925cc87,"[{'case_id': '2d29a4ac-98e7-4663-9dd6-5681bc32ac2e', 'submitter_id': 'TCGA-A2-A3KC'}]",05e15869-61fd-420f-b0e4-a2faaa814aca.rna_seq.augmented_star_gene_counts.tsv,cc12e7a8-e384-47f5-94b8-3e472925cc87,Gene Expression Quantification,975e0bb5-560e-4421-9cf2-e126d44f8556,Transcriptome Profiling,RNA-Seq
1eca5ea8-093a-494d-968b-2ffcfe2b4604,"[{'case_id': 'de531604-bd1a-49df-96c2-6de3ae703f1d', 'submitter_id': 'TCGA-D8-A1XG'}]",1cb7f73e-af63-4d6a-b6a1-fe289435a93f.rna_seq.augmented_star_gene_counts.tsv,1eca5ea8-093a-494d-968b-2ffcfe2b4604,Gene Expression Quantification,7a8ed80b-3289-49df-a13c-eedf0776229e,Transcriptome Profiling,RNA-Seq
7882ff91-e415-48ae-9151-26b55f1cfc57,"[{'case_id': '20e8106b-1290-4735-abe4-7621e08e3dc8', 'submitter_id': 'TCGA-BH-A0E0'}]",2b5864c9-7577-4e93-8d22-1f45a98267f1.rna_seq.augmented_star_gene_counts.tsv,7882ff91-e415-48ae-9151-26b55f1cfc57,Gene Expression Quantification,65c11baf-4534-4e86-b1dc-ba2e0ce24e45,Transcriptome Profiling,RNA-Seq
21f16535-a7bb-4bbd-affe-bff937467374,"[{'case_id': '20e8106b-1290-4735-abe4-7621e08e3dc8', 'submitter_id': 'TCGA-BH-A0E0'}]",930d7c02-c230-4d19-9247-74fb0e02d524.rna_seq.augmented_star_gene_counts.tsv,21f16535-a7bb-4bbd-affe-bff937467374,Gene Expression Quantification,cd66349f-6a3e-4898-86b8-3786f856f5e1,Transcriptome Profiling,RNA-Seq
b4ac6e06-8760-4cb2-883c-c829eaefdc4c,"[{'case_id': '214a4507-d974-4b3e-8525-7408fccc6a0f', 'submitter_id': 'TCGA-BH-A0B7'}]",96668a75-e21b-482f-b699-0b5282909a9a.rna_seq.augmented_star_gene_counts.tsv,b4ac6e06-8760-4cb2-883c-c829eaefdc4c,Gene Expression Quantification,c729e28a-6a6d-4e72-9592-04de7e102fdd,Transcriptome Profiling,RNA-Seq
b88daf3f-645d-4d11-a2be-2295e186747f,"[{'case_id': '233b02f3-c4f0-4a67-9db5-e68d5cdaccb6', 'submitter_id': 'TCGA-BH-A18U'}]",98b5b7d9-7f5d-48e0-ad50-7b22f379fef6.rna_seq.augmented_star_gene_counts.tsv,b88daf3f-645d-4d11-a2be-2295e186747f,Gene Expression Quantification,6c8e9e76-bc95-415a-9128-7f140f6d549b,Transcriptome Profiling,RNA-Seq
1db8a1bb-fef2-4e06-9cd5-a1f6579573a5,"[{'case_id': '233b02f3-c4f0-4a67-9db5-e68d5cdaccb6', 'submitter_id': 'TCGA-BH-A18U'}]",c24618ee-27b7-4760-99d1-fa9b338f05c4.rna_seq.augmented_star_gene_counts.tsv,1db8a1bb-fef2-4e06-9cd5-a1f6579573a5,Gene Expression Quantification,348d402b-e2a2-454e-a5df-40229413a35f,Transcriptome Profiling,RNA-Seq
28ecd88f-6249-425c-99e1-9055989feff8,"[{'case_id': '23e7a78a-1d56-4ad1-9bb4-72ec0178aff2', 'submitter_id': 'TCGA-AR-A1AJ'}]",768e0380-9183-4600-849b-0d315ba502fc.rna_seq.augmented_star_gene_counts.tsv,28ecd88f-6249-425c-99e1-9055989feff8,Gene Expression Quantification,82d64d83-9d85-4846-9ba9-e224b0cc98b1,Transcriptome Profiling,RNA-Seq
d889e5ea-58f5-4d2f-ad1e-6ab5d3217642,"[{'case_id': '24046547-d038-4616-b190-52ac93f4965f', 'submitter_id': 'TCGA-E9-A1RE'}]",0f669396-2dc4-4305-aa35-c6fbd82ee7df.rna_seq.augmented_star_gene_counts.tsv,d889e5ea-58f5-4d2f-ad1e-6ab5d3217642,Gene Expression Quantification,cbbf4316-9f99-4372-931d-d4c25ad92e5d,Transcriptome Profiling,RNA-Seq
0081f507-b104-4214-9ea1-31dd69130991,"[{'case_id': '23b7aaea-1119-4b10-aa1a-0ae255d2f2a6', 'submitter_id': 'TCGA-E2-A14U'}]",b321a3f5-043d-42c6-8c9d-5784d45cb85c.rna_seq.augmented_star_gene_counts.tsv,0081f507-b104-4214-9ea1-31dd69130991,Gene Expression Quantification,77fd98ce-44d4-4130-86f5-1eb1562cb7b1,Transcriptome Profiling,RNA-Seq
09385f52-e4ad-4ae0-9f09-91e8dd5fc953,"[{'case_id': 'a2db9dd1-44d5-48b5-817c-a21a85fadb21', 'submitter_id': 'TCGA-A1-A0SJ'}]",6542e1dd-afee-40e9-a16e-aa9a448963b3.rna_seq.augmented_star_gene_counts.tsv,09385f52-e4ad-4ae0-9f09-91e8dd5fc953,Gene Expression Quantification,022be850-9d5f-4544-8140-56c506e73b6f,Transcriptome Profiling,RNA-Seq
391a3465-d22e-424b-af09-3e6342159bbb,"[{'case_id': '23dabeef-8e3c-44bc-9a12-a9522d17be5c', 'submitter_id': 'TCGA-A8-A076'}]",ed1fa4ae-5e58-465c-b106-379f7456656e.rna_seq.augmented_star_gene_counts.tsv,391a3465-d22e-424b-af09-3e6342159bbb,Gene Expression Quantification,17d905f7-36c8-463a-9847-d096ade299d1,Transcriptome Profiling,RNA-Seq
35fd75aa-21e8-49c0-8b40-159839c3cc19,"[{'case_id': 'a32cb96a-78bf-456e-a6ab-2d47b2c67ad4', 'submitter_id': 'TCGA-BH-A0BT'}]",7de22a44-8f58-4a73-90a3-a16d161160e8.rna_seq.augmented_star_gene_counts.tsv,35fd75aa-21e8-49c0-8b40-159839c3cc19,Gene Expression Quantification,be2d9ebc-3cea-431f-9e6a-592aa83ce398,Transcriptome Profiling,RNA-Seq
a2f902f5-2413-4698-b53b-446df6409d61,"[{'case_id': 'a45d296e-efc0-479e-b2f6-bad834668cdf', 'submitter_id': 'TCGA-AC-A3YI'}]",79f139fe-fecb-4b0e-b668-3407c13748d8.rna_seq.augmented_star_gene_counts.tsv,a2f902f5-2413-4698-b53b-446df6409d61,Gene Expression Quantification,b2452898-c7ce-442c-8873-cb747093ae11,Transcriptome Profiling,RNA-Seq
34d68427-f4e7-4c9e-97ee-c853519961fb,"[{'case_id': 'a4c59287-1ad5-46a5-8040-e591e6ce064f', 'submitter_id': 'TCGA-E9-A244'}]",f3eb5b26-5414-454f-a01f-a282b0369596.rna_seq.augmented_star_gene_counts.tsv,34d68427-f4e7-4c9e-97ee-c853519961fb,Gene Expression Quantification,bdc48345-ccc9-41a9-b31d-c4e3e7a9ec62,Transcriptome Profiling,RNA-Seq
4cce67eb-0cb7-4c8f-a81e-0e521c2b0168,"[{'case_id': '518f231c-f5f9-4a39-a97b-7fd5666d3e50', 'submitter_id': 'TCGA-BH-A0AZ'}]",05f4836a-8db8-4dbc-a996-090887bf8a64.rna_seq.augmented_star_gene_counts.tsv,4cce67eb-0cb7-4c8f-a81e-0e521c2b0168,Gene Expression Quantification,95ed8366-fb94-469b-b690-d7276c1cb782,Transcriptome Profiling,RNA-Seq
1dd5828f-8e81-4196-992f-70b8203c915f,"[{'case_id': '539bbbed-43fb-4fef-9c67-6406f58b186a', 'submitter_id': 'TCGA-E9-A248'}]",e4e983eb-2aa3-4858-b67f-9cc70452768c.rna_seq.augmented_star_gene_counts.tsv,1dd5828f-8e81-4196-992f-70b8203c915f,Gene Expression Quantification,5eed6044-2bee-451d-8d92-5566e7ca0f02,Transcriptome Profiling,RNA-Seq
86b68671-beef-4a15-aabb-89d79396fd9d,"[{'case_id': '521e2140-ae5b-456f-8699-97398d009687', 'submitter_id': 'TCGA-EW-A1P4'}]",493a8b0a-11ea-4f37-8149-3825aaa04fe4.rna_seq.augmented_star_gene_counts.tsv,86b68671-beef-4a15-aabb-89d79396fd9d,Gene Expression Quantification,f02c40d5-d43e-45b3-bf9d-a12dab420cbb,Transcriptome Profiling,RNA-Seq
742a677b-e99b-4916-bb92-3536c55ee5e3,"[{'case_id': '4f608829-ffc4-4527-886e-6bc764ab29f5', 'submitter_id': 'TCGA-BH-A0BG'}]",594263d2-e787-4e14-a2de-8f57727de001.rna_seq.augmented_star_gene_counts.tsv,742a677b-e99b-4916-bb92-3536c55ee5e3,Gene Expression Quantification,2d2268dd-1b92-4a3a-9d5b-91f72cb4d782,Transcriptome Profiling,RNA-Seq
48847088-1303-4b23-8902-c0ca4ea5ae80,"[{'case_id': '5362cbc4-cd28-4afd-a8ac-1a4c2c33cad2', 'submitter_id': 'TCGA-B6-A409'}]",ff93cbad-7bdf-4e5d-81c7-95aacaa3bee9.rna_seq.augmented_star_gene_counts.tsv,48847088-1303-4b23-8902-c0ca4ea5ae80,Gene Expression Quantification,bb57f8fd-c072-4f68-b470-88925e2173c2,Transcriptome Profiling,RNA-Seq
1d7e99d8-052d-491a-8088-91cb0790cb17,"[{'case_id': '13ca97a1-75bb-4a49-b8c3-181e5b2c9e86', 'submitter_id': 'TCGA-AR-A0TT'}]",a37d7ef3-0840-4114-acec-ce9e29bb54e9.rna_seq.augmented_star_gene_counts.tsv,1d7e99d8-052d-491a-8088-91cb0790cb17,Gene Expression Quantification,27e3a95d-c46d-4aa0-a7df-aeb73025294e,Transcriptome Profiling,RNA-Seq
69aebf68-5357-4269-84fb-ee91a6bd67fd,"[{'case_id': '17baef7c-d97d-4b98-ab53-503ef856523d', 'submitter_id': 'TCGA-A7-A0D9'}]",8f4d89ea-3207-4fa7-9898-9b78cb971577.rna_seq.augmented_star_gene_counts.tsv,69aebf68-5357-4269-84fb-ee91a6bd67fd,Gene Expression Quantification,564ae340-ee65-4389-9c72-0e571bb81866,Transcriptome Profiling,RNA-Seq
9b03a281-22c7-4ad4-b1c8-ba7eed0e8c5b,"[{'case_id': '161917b8-88ad-407b-ade6-d6b98478b359', 'submitter_id': 'TCGA-E9-A22H'}]",6e8eeaae-cc26-4db8-85f6-5c975b06bf45.rna_seq.augmented_star_gene_counts.tsv,9b03a281-22c7-4ad4-b1c8-ba7eed0e8c5b,Gene Expression Quantification,423aa3b2-e1d5-4975-98ec-bfe83fbc1c62,Transcriptome Profiling,RNA-Seq
baec6a46-7c48-41ed-a8a9-eef52d32cba3,"[{'case_id': '17baef7c-d97d-4b98-ab53-503ef856523d', 'submitter_id': 'TCGA-A7-A0D9'}]",eb17c782-c3a1-458d-8e2d-cadb58c7655a.rna_seq.augmented_star_gene_counts.tsv,baec6a46-7c48-41ed-a8a9-eef52d32cba3,Gene Expression Quantification,5fb9d962-1c85-4aa1-857f-fd41e7b40c52,Transcriptome Profiling,RNA-Seq
ae72486a-e98c-4d72-b172-085d5b79df2c,"[{'case_id': '14d1d84e-99e1-41ad-8892-3b4da3d4f948', 'submitter_id': 'TCGA-BH-A1FL'}]",b5e84055-487f-467a-9bc4-bd59ec82f183.rna_seq.augmented_star_gene_counts.tsv,ae72486a-e98c-4d72-b172-085d5b79df2c,Gene Expression Quantification,a84fa2f6-0b62-4483-b25f-f28f8100e670,Transcriptome Profiling,RNA-Seq
f979b428-649b-42ac-9eae-31ff4daa7b8f,"[{'case_id': '16a8d916-ad46-4690-b1a5-3b2b323f4336', 'submitter_id': 'TCGA-B6-A0IN'}]",2429f1fd-8612-4944-a405-296a52daec57.rna_seq.augmented_star_gene_counts.tsv,f979b428-649b-42ac-9eae-31ff4daa7b8f,Gene Expression Quantification,248fead0-1944-4c34-8567-b0a876834fa8,Transcriptome Profiling,RNA-Seq
76cff555-d8a3-46d1-ac93-12d856adb445,"[{'case_id': '17c1d42c-cb84-4655-a4cd-b54bae17ecaf', 'submitter_id': 'TCGA-E2-A15K'}]",dbd18198-74a5-410d-bf38-08a0ca2fb207.rna_seq.augmented_star_gene_counts.tsv,76cff555-d8a3-46d1-ac93-12d856adb445,Gene Expression Quantification,60d5d259-1ed3-4f2c-b95e-3d73f7e7caf3,Transcriptome Profiling,RNA-Seq
e0ec172b-4ad3-43a5-aa90-6d64ebca1a76,"[{'case_id': '17c1d42c-cb84-4655-a4cd-b54bae17ecaf', 'submitter_id': 'TCGA-E2-A15K'}]",24747d11-c715-48f3-821b-f6dbd6a890fb.rna_seq.augmented_star_gene_counts.tsv,e0ec172b-4ad3-43a5-aa90-6d64ebca1a76,Gene Expression Quantification,624dfbba-b5e1-478c-9f07-021a279b2e90,Transcriptome Profiling,RNA-Seq
6e112ec6-1791-4764-8a62-7ad4dfea2d3b,"[{'case_id': '18d35983-ea6a-4b70-a209-9bef37595956', 'submitter_id': 'TCGA-A2-A0SX'}]",216e4f8a-be1a-41d6-b413-fa4645423caa.rna_seq.augmented_star_gene_counts.tsv,6e112ec6-1791-4764-8a62-7ad4dfea2d3b,Gene Expression Quantification,c49e5659-5407-4b71-83e4-af4817839dc9,Transcriptome Profiling,RNA-Seq
87d5686a-5d57-4ce2-b06a-dee5c2926ebf,"[{'case_id': '18eb4dfc-556f-4bf3-a411-4780209ed1e0', 'submitter_id': 'TCGA-BH-A0B3'}]",d920c232-82ae-48f9-98d1-b94bf4a45d8d.rna_seq.augmented_star_gene_counts.tsv,87d5686a-5d57-4ce2-b06a-dee5c2926ebf,Gene Expression Quantification,4dba0354-96c2-4bed-8049-f6fb7fc6f172,Transcriptome Profiling,RNA-Seq
5e789924-9d98-4765-a348-90a27349d906,"[{'case_id': '9f6be944-83de-42ab-8738-f0022f475e61', 'submitter_id': 'TCGA-GI-A2C9'}]",d83bb114-c175-4fd5-aac0-5dc04b9218b0.rna_seq.augmented_star_gene_counts.tsv,5e789924-9d98-4765-a348-90a27349d906,Gene Expression Quantification,81c105ff-e3d9-4f10-8487-73a5b29ea098,Transcriptome Profiling,RNA-Seq
36e4ffb0-0bab-4035-88f1-a181b195fce1,"[{'case_id': '9f93ea0a-1687-44e0-9e8a-eeb4097d471c', 'submitter_id': 'TCGA-A2-A0CZ'}]",d78126ec-68b1-4d77-bf7a-19a47678a5fb.rna_seq.augmented_star_gene_counts.tsv,36e4ffb0-0bab-4035-88f1-a181b195fce1,Gene Expression Quantification,ce26f6e0-a9b6-4c42-89eb-9f220393e09c,Transcriptome Profiling,RNA-Seq
45bf52c6-b1a3-4f01-8345-a224fc195e18,"[{'case_id': '197428f7-bd77-4c5f-8119-87157b5c35b9', 'submitter_id': 'TCGA-A2-A04N'}]",5020cd67-6bd9-420c-bc6a-1cc8f2f78bde.rna_seq.augmented_star_gene_counts.tsv,45bf52c6-b1a3-4f01-8345-a224fc195e18,Gene Expression Quantification,9a12b627-6f82-41f0-84e8-c2bf704353e5,Transcriptome Profiling,RNA-Seq
d923e06d-c747-419d-bd40-b05eb3e13edb,"[{'case_id': 'a1674d7b-787a-45c4-bf16-1b7d0efce207', 'submitter_id': 'TCGA-E2-A15P'}]",914508e1-ccc8-47ff-a225-7aca326a54dd.rna_seq.augmented_star_gene_counts.tsv,d923e06d-c747-419d-bd40-b05eb3e13edb,Gene Expression Quantification,c7f22f92-b2df-4649-b5bc-ed8cb0402839,Transcriptome Profiling,RNA-Seq
130343f0-62f4-4400-8002-e596edb3c02a,"[{'case_id': '64975923-d032-4182-8565-59fc37127d8d', 'submitter_id': 'TCGA-D8-A1XT'}]",fcc2a5c0-ec23-43b5-b616-9b03c8ff4129.rna_seq.augmented_star_gene_counts.tsv,130343f0-62f4-4400-8002-e596edb3c02a,Gene Expression Quantification,87708d16-becb-4f6c-95cc-fc67a6492327,Transcriptome Profiling,RNA-Seq
67347e29-6d43-4234-8b04-188be7e6440b,"[{'case_id': 'a0576d44-9add-429b-9eeb-f7b234b7385f', 'submitter_id': 'TCGA-E2-A14Y'}]",85caaa0e-2811-46d2-b934-d9f9f006afc6.rna_seq.augmented_star_gene_counts.tsv,67347e29-6d43-4234-8b04-188be7e6440b,Gene Expression Quantification,f347763d-8fa7-4d70-bb4c-33489ab68cc5,Transcriptome Profiling,RNA-Seq
206804c1-e5be-4076-9793-406d11094266,"[{'case_id': 'a0963e93-b63e-4de2-86c1-81302e271d3e', 'submitter_id': 'TCGA-AR-A250'}]",57d2c12f-e3ae-457b-b92c-22002aecdba0.rna_seq.augmented_star_gene_counts.tsv,206804c1-e5be-4076-9793-406d11094266,Gene Expression Quantification,0168fb72-a630-424b-aa5b-c00347c0c1d8,Transcriptome Profiling,RNA-Seq
136df0c2-a2a4-42e9-9cc6-9051d4f4c13d,"[{'case_id': '64f67506-f2df-4f0a-b7be-29b4949e986a', 'submitter_id': 'TCGA-A2-A04V'}]",7faebca5-c36a-4a24-b785-5e673cf5a0ed.rna_seq.augmented_star_gene_counts.tsv,136df0c2-a2a4-42e9-9cc6-9051d4f4c13d,Gene Expression Quantification,ef34f01f-f195-4e74-9122-910133ded177,Transcriptome Profiling,RNA-Seq
8a84b9a5-d453-416b-b481-f15402c2eb54,"[{'case_id': 'a1093598-d3a8-4ffe-83fc-bc7d1faff7e5', 'submitter_id': 'TCGA-BH-A1EU'}]",8c0d18d4-98f5-4a66-b62e-7cede666c49f.rna_seq.augmented_star_gene_counts.tsv,8a84b9a5-d453-416b-b481-f15402c2eb54,Gene Expression Quantification,a4d30d11-37bc-4ff8-8f41-6902d6a598f3,Transcriptome Profiling,RNA-Seq
f1934efb-1c8a-4c72-ba94-d263ef0d0cd4,"[{'case_id': '5562455d-bbb8-46eb-a510-e8c6e1e26789', 'submitter_id': 'TCGA-B6-A0RL'}]",35da5f48-1c64-488b-8330-01e5fcbd9801.rna_seq.augmented_star_gene_counts.tsv,f1934efb-1c8a-4c72-ba94-d263ef0d0cd4,Gene Expression Quantification,497032e0-fce1-492a-baa4-5073b87cd49e,Transcriptome Profiling,RNA-Seq
207ea988-6795-460c-bfeb-382d8c758f31,"[{'case_id': '659b0170-e914-45ff-aa55-fcb8d3dc7b8a', 'submitter_id': 'TCGA-E9-A1NG'}]",2c555b4c-f219-40f9-95a4-bf96122b9c1c.rna_seq.augmented_star_gene_counts.tsv,207ea988-6795-460c-bfeb-382d8c758f31,Gene Expression Quantification,8e7b58e8-f8cf-4429-9295-f1233bdd487c,Transcriptome Profiling,RNA-Seq
8d87fbd5-8ca7-4ff6-b8b1-79f098dbca9f,"[{'case_id': '8d5fe6e8-d2cc-481f-a6a1-9cb6e7982cde', 'submitter_id': 'TCGA-A2-A0EW'}]",bc1ed706-3abf-407c-9133-18169a4cf0e2.rna_seq.augmented_star_gene_counts.tsv,8d87fbd5-8ca7-4ff6-b8b1-79f098dbca9f,Gene Expression Quantification,cd17855e-f194-44a6-b19b-734b3df816d4,Transcriptome Profiling,RNA-Seq
78805478-bf7a-4d7b-8c4f-15e334430efd,"[{'case_id': '5580b21a-2cdb-4777-ad79-6e06654144f5', 'submitter_id': 'TCGA-E2-A15H'}]",ed9b3b6b-c2c2-41a2-ac61-dd2cfbb321ba.rna_seq.augmented_star_gene_counts.tsv,78805478-bf7a-4d7b-8c4f-15e334430efd,Gene Expression Quantification,ebb533d0-0a2c-459c-9e84-d2c3e08f1978,Transcriptome Profiling,RNA-Seq
4df2233b-3bbc-4d20-9abc-2a09b3f37383,"[{'case_id': 'd3d4d709-ab34-4617-aa8c-51a3d0a3efe6', 'submitter_id': 'TCGA-BH-A0DO'}]",eb0f8bc7-5f47-4174-8e85-678bd011bc3c.rna_seq.augmented_star_gene_counts.tsv,4df2233b-3bbc-4d20-9abc-2a09b3f37383,Gene Expression Quantification,5b0ea085-b3d6-4f53-b97e-e97ba519caa7,Transcriptome Profiling,RNA-Seq
37af19f9-56f9-48ec-97a9-5b0b6e364293,"[{'case_id': '8db69f1d-72e2-40ba-ad8a-cf228499840d', 'submitter_id': 'TCGA-C8-A8HP'}]",a37efe02-9662-4b90-8251-003ccb96aed4.rna_seq.augmented_star_gene_counts.tsv,37af19f9-56f9-48ec-97a9-5b0b6e364293,Gene Expression Quantification,fa03f783-137d-4e0e-8b5a-8da3ed6c1e90,Transcriptome Profiling,RNA-Seq
fe7c2cdd-7c3f-4d76-ad78-2a676116f464,"[{'case_id': '56230e4a-29ca-4f37-a0f9-730dbdfb6fa2', 'submitter_id': 'TCGA-AC-A7VB'}]",97a50d88-e662-43d5-9cef-2915545e8968.rna_seq.augmented_star_gene_counts.tsv,fe7c2cdd-7c3f-4d76-ad78-2a676116f464,Gene Expression Quantification,48608d0e-7098-4c55-a83c-e1229ec7f717,Transcriptome Profiling,RNA-Seq
12959673-a8ec-4223-a5fe-0648276db5fc,"[{'case_id': 'd1fd8ed2-be13-4272-b31e-df86911db3b1', 'submitter_id': 'TCGA-AR-A24P'}]",ba2e1bd2-56f5-4dfb-94b5-92c50c58b31e.rna_seq.augmented_star_gene_counts.tsv,12959673-a8ec-4223-a5fe-0648276db5fc,Gene Expression Quantification,82ee0375-fd0f-442f-9d0c-d6f99dc2b923,Transcriptome Profiling,RNA-Seq
398fa6bf-78af-473b-8f2c-a2b3b605131f,"[{'case_id': 'd3d545b3-457f-4389-821f-704cb24aff7f', 'submitter_id': 'TCGA-AR-A256'}]",a852a227-c31f-410f-baee-81135917a7d2.rna_seq.augmented_star_gene_counts.tsv,398fa6bf-78af-473b-8f2c-a2b3b605131f,Gene Expression Quantification,8fceedfa-a893-4a33-877a-c621932e4d1d,Transcriptome Profiling,RNA-Seq
b1d29048-b913-40d9-bb58-97c107b95e8d,"[{'case_id': 'd48e9f25-f083-4f88-a92d-c12d9f765ba6', 'submitter_id': 'TCGA-A7-A426'}]",3719879b-e7b9-42b4-974c-f69735086cad.rna_seq.augmented_star_gene_counts.tsv,b1d29048-b913-40d9-bb58-97c107b95e8d,Gene Expression Quantification,9ad47805-b90f-4a19-9c50-aff9b0ff9c58,Transcriptome Profiling,RNA-Seq
5b4ec1fd-516d-4c32-a233-0699e591df1a,"[{'case_id': 'd5e9a403-88ce-40fc-bb85-80cf3f8ff6bc', 'submitter_id': 'TCGA-D8-A1J9'}]",4331397f-eaf9-4e43-8fa2-e30ad3643aca.rna_seq.augmented_star_gene_counts.tsv,5b4ec1fd-516d-4c32-a233-0699e591df1a,Gene Expression Quantification,be0f9446-a4fb-4340-8552-5f8eb2d3369e,Transcriptome Profiling,RNA-Seq
9dc09c86-c728-4bd9-b2b6-2d9962dad662,"[{'case_id': 'd34471a1-b367-4f8a-b35a-c5901c4f5503', 'submitter_id': 'TCGA-EW-A2FS'}]",d1f1743c-5fd9-4ae8-90c2-8c3e2d475d1b.rna_seq.augmented_star_gene_counts.tsv,9dc09c86-c728-4bd9-b2b6-2d9962dad662,Gene Expression Quantification,da44e611-ff43-4958-bf7e-cca4ad82e9a8,Transcriptome Profiling,RNA-Seq
aa9179e0-a44c-440a-a150-a9d5727579ea,"[{'case_id': 'd3a75976-67d3-40fa-9f6f-cf2a3d7b773c', 'submitter_id': 'TCGA-BH-A0B8'}]",144d0f39-feff-4dcd-a07d-abcc400e901f.rna_seq.augmented_star_gene_counts.tsv,aa9179e0-a44c-440a-a150-a9d5727579ea,Gene Expression Quantification,8ef4c646-ddee-47d5-ad6f-39f2b75f6b35,Transcriptome Profiling,RNA-Seq
77e51e8b-b21e-458a-9d00-217baa96d771,"[{'case_id': 'd3b9d925-ae04-4721-8bfc-50b41225bc74', 'submitter_id': 'TCGA-BH-A0E7'}]",28f3a34c-f73a-4d10-8c0a-23e578866289.rna_seq.augmented_star_gene_counts.tsv,77e51e8b-b21e-458a-9d00-217baa96d771,Gene Expression Quantification,60891b29-885e-4a52-ad10-89338ecb8ba4,Transcriptome Profiling,RNA-Seq
4660cd29-08ac-452c-9bb8-10e9d9e906ab,"[{'case_id': 'd6f911b5-e895-43f8-8f86-0ac2f1bc6fae', 'submitter_id': 'TCGA-BH-A0BJ'}]",45f837c9-6b9e-4eed-ba56-9715b4a0356d.rna_seq.augmented_star_gene_counts.tsv,4660cd29-08ac-452c-9bb8-10e9d9e906ab,Gene Expression Quantification,69f73625-dcd9-4747-85ed-11326f96b692,Transcriptome Profiling,RNA-Seq
83eeba96-e3dc-44a3-846c-43dcc2ff9806,"[{'case_id': 'd5d8e76e-2f2a-49bc-ba0a-d51283611b16', 'submitter_id': 'TCGA-AO-A0JL'}]",631a9df0-9d81-4b15-9ee6-3ae9f31dcba6.rna_seq.augmented_star_gene_counts.tsv,83eeba96-e3dc-44a3-846c-43dcc2ff9806,Gene Expression Quantification,6924d773-5e54-453d-90e5-f0f05da233fd,Transcriptome Profiling,RNA-Seq
2a73e390-7415-486e-8d15-d9ea6ede09ba,"[{'case_id': 'd9627184-b972-4e00-8c11-b0b946ac357a', 'submitter_id': 'TCGA-AC-A5XS'}]",5b875575-24fd-40c1-910c-38775c73004e.rna_seq.augmented_star_gene_counts.tsv,2a73e390-7415-486e-8d15-d9ea6ede09ba,Gene Expression Quantification,5c672c57-0930-438b-8c89-f6b198496f62,Transcriptome Profiling,RNA-Seq
c6a4afd8-8044-475f-b4fd-a1b4cb922976,"[{'case_id': 'd8492ebd-3d94-4a4b-8de7-386526691cc2', 'submitter_id': 'TCGA-E2-A1BC'}]",58bcabc9-6f6b-43c0-bf40-fa9396c6c9d7.rna_seq.augmented_star_gene_counts.tsv,c6a4afd8-8044-475f-b4fd-a1b4cb922976,Gene Expression Quantification,1d2a5e1b-f07b-422b-8f90-0e5bcf16a785,Transcriptome Profiling,RNA-Seq
fcb1b40a-85c0-498c-881e-7161edcf39e6,"[{'case_id': 'dba9beec-5e51-48c0-9229-0ee286a02a1a', 'submitter_id': 'TCGA-BH-A0DD'}]",fd98106a-a2c6-4f23-86f5-66436c2501e5.rna_seq.augmented_star_gene_counts.tsv,fcb1b40a-85c0-498c-881e-7161edcf39e6,Gene Expression Quantification,fe769a47-a1a9-47f3-a37d-4da44bbe2c5a,Transcriptome Profiling,RNA-Seq
a260d9e5-d88e-44eb-8431-4266c1baf68a,"[{'case_id': 'd9fd2724-7db0-4af3-ac14-217bdfa5203f', 'submitter_id': 'TCGA-AC-A2QJ'}]",9c20991b-fb37-4984-8b57-2c1fa8112d1a.rna_seq.augmented_star_gene_counts.tsv,a260d9e5-d88e-44eb-8431-4266c1baf68a,Gene Expression Quantification,15f27716-6a10-4b6f-8322-75fb0f9c46e0,Transcriptome Profiling,RNA-Seq
a542178a-a338-40d4-be52-b9a71af89b58,"[{'case_id': 'dd6b64a8-d546-4fd1-bbbd-ac9703791cae', 'submitter_id': 'TCGA-AO-A03T'}]",1a3e846b-4c7f-4aac-8c26-bb5e25f226ae.rna_seq.augmented_star_gene_counts.tsv,a542178a-a338-40d4-be52-b9a71af89b58,Gene Expression Quantification,4edb9219-6a5c-4203-bcc6-6f8fec2fcc26,Transcriptome Profiling,RNA-Seq
8e60d7c9-0fee-415f-b7bd-072f1bcd0fac,"[{'case_id': '0b0f9938-ce1e-4814-8821-0132d137eb9e', 'submitter_id': 'TCGA-LD-A7W6'}]",bf67d13e-231c-4cb7-8381-fb19c4fe90ed.rna_seq.augmented_star_gene_counts.tsv,8e60d7c9-0fee-415f-b7bd-072f1bcd0fac,Gene Expression Quantification,a2f5309a-8d2c-4517-b700-c219cb88af45,Transcriptome Profiling,RNA-Seq
d27acb8c-2551-4ea7-8c09-f211cb4a9ec0,"[{'case_id': 'daf62b56-6dd2-4ab7-adaa-f296bb86a0a5', 'submitter_id': 'TCGA-AR-A1AV'}]",1cc7480c-76e1-42d1-8593-49b356ef624e.rna_seq.augmented_star_gene_counts.tsv,d27acb8c-2551-4ea7-8c09-f211cb4a9ec0,Gene Expression Quantification,a6802b4f-aec9-4cc9-bd7d-ec496e416573,Transcriptome Profiling,RNA-Seq
427a04c9-9b48-49de-8a47-2adc4e1dd32a,"[{'case_id': '0dca98b0-f43e-45b6-9a02-00092c78678c', 'submitter_id': 'TCGA-D8-A27H'}]",fead73ce-2e66-4647-8b6c-b8bbdaaf30fe.rna_seq.augmented_star_gene_counts.tsv,427a04c9-9b48-49de-8a47-2adc4e1dd32a,Gene Expression Quantification,9248dd2f-3745-480a-bb5c-1fb361a0a301,Transcriptome Profiling,RNA-Seq
95668f0b-130d-44d4-94c0-ba7a4e7798e6,"[{'case_id': 'db3e1ce8-4a05-4bfc-b5ae-13cf789369e1', 'submitter_id': 'TCGA-OL-A6VR'}]",6365a756-2e65-42cb-be4f-1f726915ca94.rna_seq.augmented_star_gene_counts.tsv,95668f0b-130d-44d4-94c0-ba7a4e7798e6,Gene Expression Quantification,06cd79cd-aa0d-4da4-a579-db76867b41a6,Transcriptome Profiling,RNA-Seq
c7aeba7e-b78e-4586-a4dd-8a04cc440737,"[{'case_id': 'db4bc6aa-2e7d-4bcb-8519-a455f624d33b', 'submitter_id': 'TCGA-BH-A18Q'}]",f48956a3-c821-429f-b1ad-a27133d739bd.rna_seq.augmented_star_gene_counts.tsv,c7aeba7e-b78e-4586-a4dd-8a04cc440737,Gene Expression Quantification,dc622a2b-3329-41ab-9449-2f8edade5ae2,Transcriptome Profiling,RNA-Seq
e5016a2d-c839-4962-aa12-16b6c0e1328b,"[{'case_id': '04af44fc-c487-4005-b3cb-cb64815824a2', 'submitter_id': 'TCGA-B6-A0IO'}]",9634f770-bc93-4dfa-949c-98a6da30a102.rna_seq.augmented_star_gene_counts.tsv,e5016a2d-c839-4962-aa12-16b6c0e1328b,Gene Expression Quantification,a79567bf-a5d9-41cf-aa9e-58b85150ca95,Transcriptome Profiling,RNA-Seq
da7f48b2-3bed-4824-8de7-187d0b22f54d,"[{'case_id': 'a2453bcb-90f2-4505-949d-a89cf4bfc9b8', 'submitter_id': 'TCGA-C8-A1HF'}]",0a72c39e-889a-4990-bf96-6c7b9b8c1124.rna_seq.augmented_star_gene_counts.tsv,da7f48b2-3bed-4824-8de7-187d0b22f54d,Gene Expression Quantification,d14528fe-617f-4702-9be4-daf7ff7319d2,Transcriptome Profiling,RNA-Seq
c9230a1c-9844-43ef-a2c3-95ea6061000b,"[{'case_id': 'dba9beec-5e51-48c0-9229-0ee286a02a1a', 'submitter_id': 'TCGA-BH-A0DD'}]",2a612640-5c9e-42b2-ac52-02a44b46d429.rna_seq.augmented_star_gene_counts.tsv,c9230a1c-9844-43ef-a2c3-95ea6061000b,Gene Expression Quantification,bd39c0dc-08df-4f96-96c0-fe641977cf5d,Transcriptome Profiling,RNA-Seq
19520ee7-658f-4e16-8a24-291beed9f0af,"[{'case_id': '08de63a2-7b76-43c3-80dc-df748b1d81bc', 'submitter_id': 'TCGA-A1-A0SQ'}]",40a31ab3-71fa-4f7b-a3b1-22e15ff0f358.rna_seq.augmented_star_gene_counts.tsv,19520ee7-658f-4e16-8a24-291beed9f0af,Gene Expression Quantification,131bda35-27c3-4e31-9b71-ff604dd38264,Transcriptome Profiling,RNA-Seq
f0a63361-78bb-4a7f-9d78-31f7b2980ba2,"[{'case_id': '03ab1e9f-4918-404d-b178-3a4fd929c5e8', 'submitter_id': 'TCGA-C8-A137'}]",1008e8d8-a93c-4779-80b6-1272322e7c52.rna_seq.augmented_star_gene_counts.tsv,f0a63361-78bb-4a7f-9d78-31f7b2980ba2,Gene Expression Quantification,5337aa2f-0867-4189-ba8d-5eb22c78b2a0,Transcriptome Profiling,RNA-Seq
0b829610-f28e-418e-b79d-d3351e13e1fe,"[{'case_id': '2c86c3ea-d926-4d39-a5ae-39ece4774287', 'submitter_id': 'TCGA-B6-A0IJ'}]",98f3d2d7-edc4-40aa-b09a-63f8abd2b528.rna_seq.augmented_star_gene_counts.tsv,0b829610-f28e-418e-b79d-d3351e13e1fe,Gene Expression Quantification,a2c0f0a7-441e-4496-bfbf-1d38bc5eeaee,Transcriptome Profiling,RNA-Seq
afedbcf7-d427-4371-9c2a-f349b03de522,"[{'case_id': '2cbeadff-a8a3-4787-9d4e-f6b74c3ab5d9', 'submitter_id': 'TCGA-AO-A12E'}]",6e209f42-3c0f-4f05-83d7-c982448ccb87.rna_seq.augmented_star_gene_counts.tsv,afedbcf7-d427-4371-9c2a-f349b03de522,Gene Expression Quantification,b93f9a61-ff20-454b-b5eb-3af778048fe4,Transcriptome Profiling,RNA-Seq
621b0997-70e5-415b-8d8c-1e5f90d0d4aa,"[{'case_id': '2c90d5e3-ac8c-4c86-a06f-42ccc064eb49', 'submitter_id': 'TCGA-D8-A1XZ'}]",0a430a9a-7e63-41d6-8cd0-1dda1e1df975.rna_seq.augmented_star_gene_counts.tsv,621b0997-70e5-415b-8d8c-1e5f90d0d4aa,Gene Expression Quantification,bb91e4c6-dedc-4617-b745-fbe2c3ccfa54,Transcriptome Profiling,RNA-Seq
9c87ef50-5854-4f69-820b-9e0b4d46c982,"[{'case_id': '2cf68894-168b-458b-af4f-53cad72989a8', 'submitter_id': 'TCGA-A7-A13F'}]",b3861080-a052-4432-82f8-193122ab29d4.rna_seq.augmented_star_gene_counts.tsv,9c87ef50-5854-4f69-820b-9e0b4d46c982,Gene Expression Quantification,c3542f29-dffb-476a-ad4c-ca3c87bc08f9,Transcriptome Profiling,RNA-Seq
8437bf97-2354-40cf-8dc4-631c5d7ae63a,"[{'case_id': '1fef9454-b3e8-4d9d-a9aa-aa1f1a32b80c', 'submitter_id': 'TCGA-E2-A15J'}]",723ed50c-2c78-4a3a-9f6e-9f9e8e264f6b.rna_seq.augmented_star_gene_counts.tsv,8437bf97-2354-40cf-8dc4-631c5d7ae63a,Gene Expression Quantification,92d8a9bf-3080-4f29-a01f-fefa33e56c7d,Transcriptome Profiling,RNA-Seq
0525bcb6-d206-46c8-b37d-b9b7cc90fef6,"[{'case_id': '21ef1730-e5a7-47ce-b419-d000bb59ae15', 'submitter_id': 'TCGA-BH-A1F0'}]",46cdbe65-5610-4903-9452-518fd6d5787d.rna_seq.augmented_star_gene_counts.tsv,0525bcb6-d206-46c8-b37d-b9b7cc90fef6,Gene Expression Quantification,c016321f-3e6a-4ed3-85a8-7f442ca2a0e4,Transcriptome Profiling,RNA-Seq
15f5f60a-13f0-41a2-8711-171d19c2903a,"[{'case_id': '2021ed1f-dc75-4701-b8b8-1386466e4802', 'submitter_id': 'TCGA-BH-A0H7'}]",9c706e45-00da-42cd-933f-1f42f0b6942e.rna_seq.augmented_star_gene_counts.tsv,15f5f60a-13f0-41a2-8711-171d19c2903a,Gene Expression Quantification,b82ef4a8-6598-4ada-85af-e9b65151a36d,Transcriptome Profiling,RNA-Seq
ad18b7e0-57ec-41c5-99a1-0c9d8740e0f1,"[{'case_id': '22eaba28-be67-4730-9846-860bc1fca29a', 'submitter_id': 'TCGA-A8-A0AB'}]",fd2f42a3-d79c-466b-98c2-5f4d0a4a64e9.rna_seq.augmented_star_gene_counts.tsv,ad18b7e0-57ec-41c5-99a1-0c9d8740e0f1,Gene Expression Quantification,aa204850-62e7-4d03-8c62-88d37ff1c911,Transcriptome Profiling,RNA-Seq
3071e512-94ea-4820-9573-668235188e34,"[{'case_id': '214a4507-d974-4b3e-8525-7408fccc6a0f', 'submitter_id': 'TCGA-BH-A0B7'}]",da549530-7ba5-4302-acd2-40a766860216.rna_seq.augmented_star_gene_counts.tsv,3071e512-94ea-4820-9573-668235188e34,Gene Expression Quantification,e52ec135-e527-4008-9e8a-5d2542c78491,Transcriptome Profiling,RNA-Seq
502fcba1-9d3c-4117-86fb-70a26c090692,"[{'case_id': '2399caeb-ead2-4003-af38-809db4ac2e2b', 'submitter_id': 'TCGA-A8-A06Z'}]",36998e69-e955-49da-b859-2092caff19cb.rna_seq.augmented_star_gene_counts.tsv,502fcba1-9d3c-4117-86fb-70a26c090692,Gene Expression Quantification,0ebad5a1-ba52-47df-ba3a-3f1d10427c67,Transcriptome Profiling,RNA-Seq
bb3c5c27-7e75-43cc-8dfd-eab290e2f9da,"[{'case_id': '1cc30842-4a5b-4f07-b36f-5b84ceaa5662', 'submitter_id': 'TCGA-BH-A8FZ'}]",f58dd06b-ab52-42e5-8603-cde9c4eb7fed.rna_seq.augmented_star_gene_counts.tsv,bb3c5c27-7e75-43cc-8dfd-eab290e2f9da,Gene Expression Quantification,9eb497ca-fff1-431f-a926-cf111edbc59a,Transcriptome Profiling,RNA-Seq
189f1a1b-96d6-4cb9-9000-001e08dca1ba,"[{'case_id': '1d27253f-b036-44e7-a04d-8da5bbf57419', 'submitter_id': 'TCGA-E2-A1LK'}]",1044dff3-e077-4086-8d78-e3c125ec0c84.rna_seq.augmented_star_gene_counts.tsv,189f1a1b-96d6-4cb9-9000-001e08dca1ba,Gene Expression Quantification,e43c866b-f2d5-42d3-98ac-a030c8f9106f,Transcriptome Profiling,RNA-Seq
0e3cf07b-2cea-4ce7-a8f0-c8dc7d3db7a7,"[{'case_id': '1d75e89d-4b01-443c-be54-749c7a667bf4', 'submitter_id': 'TCGA-LL-A5YL'}]",c469b31e-857a-4ac6-9a45-978c99391d9d.rna_seq.augmented_star_gene_counts.tsv,0e3cf07b-2cea-4ce7-a8f0-c8dc7d3db7a7,Gene Expression Quantification,f329d693-fff9-45a0-b704-8cff8492006a,Transcriptome Profiling,RNA-Seq
da84f488-af86-4472-bf87-063a9137e1db,"[{'case_id': 'a32cb96a-78bf-456e-a6ab-2d47b2c67ad4', 'submitter_id': 'TCGA-BH-A0BT'}]",8aed99b7-de49-4e7e-8fb3-17d897c03e00.rna_seq.augmented_star_gene_counts.tsv,da84f488-af86-4472-bf87-063a9137e1db,Gene Expression Quantification,830258ed-6d7c-4be1-88d5-6fb139e0db24,Transcriptome Profiling,RNA-Seq
a4fc84b0-29ff-4994-b493-1102a044838d,"[{'case_id': '1e68e760-a4cf-4100-bf9c-e50fa8d126f6', 'submitter_id': 'TCGA-B6-A0X0'}]",4d54d278-9d82-4681-9b6a-247e79a9a83e.rna_seq.augmented_star_gene_counts.tsv,a4fc84b0-29ff-4994-b493-1102a044838d,Gene Expression Quantification,14f8444d-3c51-470d-b731-db1062566896,Transcriptome Profiling,RNA-Seq
a37587aa-2e1f-42f5-a691-c4a41ae79ea9,"[{'case_id': '50619f8c-10aa-464a-a227-90a7aa6ffd43', 'submitter_id': 'TCGA-BH-A18K'}]",922ac2aa-8619-47ef-99d8-160e19861f57.rna_seq.augmented_star_gene_counts.tsv,a37587aa-2e1f-42f5-a691-c4a41ae79ea9,Gene Expression Quantification,4bd23519-6ece-4d0a-b45d-de5e70843d14,Transcriptome Profiling,RNA-Seq
c6fd0f95-d74a-49e3-9a70-fec12e63ff1a,"[{'case_id': '50619f8c-10aa-464a-a227-90a7aa6ffd43', 'submitter_id': 'TCGA-BH-A18K'}]",a17d056c-59ee-4c93-9357-19d57f108144.rna_seq.augmented_star_gene_counts.tsv,c6fd0f95-d74a-49e3-9a70-fec12e63ff1a,Gene Expression Quantification,ca2a8557-6df3-45e8-9de9-4fb4f8ddd205,Transcriptome Profiling,RNA-Seq
5dfadec2-3a10-40a9-99be-4984e917ba88,"[{'case_id': '518f231c-f5f9-4a39-a97b-7fd5666d3e50', 'submitter_id': 'TCGA-BH-A0AZ'}]",a90d3b2d-38f9-455c-88cd-73d5b3729491.rna_seq.augmented_star_gene_counts.tsv,5dfadec2-3a10-40a9-99be-4984e917ba88,Gene Expression Quantification,c09fd577-7624-4ac3-98fd-2dceb447dbaf,Transcriptome Profiling,RNA-Seq
c9bc7edd-c545-4d76-9246-1bfa043a966c,"[{'case_id': '523e24a2-51b9-4658-be2f-42e5fccebb17', 'submitter_id': 'TCGA-A7-A5ZW'}]",a95ecb1b-9dd9-4916-9b73-b967278f3d85.rna_seq.augmented_star_gene_counts.tsv,c9bc7edd-c545-4d76-9246-1bfa043a966c,Gene Expression Quantification,69b77bd5-4cd7-4ca6-8c5f-68bf077e066c,Transcriptome Profiling,RNA-Seq
5aaaf8b5-a75f-4070-93e8-f5b982144638,"[{'case_id': '1347c23d-8d6e-4c15-9461-640249838c96', 'submitter_id': 'TCGA-LL-A6FR'}]",0c311d42-5038-4408-ac4a-5ffbb02817e4.rna_seq.augmented_star_gene_counts.tsv,5aaaf8b5-a75f-4070-93e8-f5b982144638,Gene Expression Quantification,cf4a2047-c97a-40d3-9994-f2cb3d43d2ee,Transcriptome Profiling,RNA-Seq
0e2a0a41-fc0f-40d0-a0e7-d3eecac3cfd7,"[{'case_id': '15ff4b02-bb69-4d24-8a07-b82f428e428d', 'submitter_id': 'TCGA-A7-A3IZ'}]",80afd34a-fc20-46be-85c5-088951628194.rna_seq.augmented_star_gene_counts.tsv,0e2a0a41-fc0f-40d0-a0e7-d3eecac3cfd7,Gene Expression Quantification,cc3c424a-bd3c-43dd-b566-66372a922cd9,Transcriptome Profiling,RNA-Seq
7d8935d4-33df-4a11-a352-e4e1acc563a4,"[{'case_id': '13b860c3-8048-4dc9-9eb0-7480bc660837', 'submitter_id': 'TCGA-AN-A0FX'}]",8f51e90d-f617-4ed2-bbc7-7bcd92d1963d.rna_seq.augmented_star_gene_counts.tsv,7d8935d4-33df-4a11-a352-e4e1acc563a4,Gene Expression Quantification,9a41649a-da86-49f2-9e3a-d25a5f18c49a,Transcriptome Profiling,RNA-Seq
7493bcbc-658d-4789-a25c-9a990dcd44b8,"[{'case_id': '530ad151-703d-4638-851f-0b5111ff318b', 'submitter_id': 'TCGA-D8-A1JD'}]",62aa3903-4f3b-4693-b5e5-fc5abce184de.rna_seq.augmented_star_gene_counts.tsv,7493bcbc-658d-4789-a25c-9a990dcd44b8,Gene Expression Quantification,c168de7d-d997-4e78-8e7f-dd4fa910ce29,Transcriptome Profiling,RNA-Seq
c5baa506-f18b-42d8-bafd-4e9b85e1d390,"[{'case_id': '174850b4-5ec2-462b-a890-89bd1716b3c2', 'submitter_id': 'TCGA-A2-A3Y0'}]",54022a08-1016-45a7-ac33-5a40b4b5e6b3.rna_seq.augmented_star_gene_counts.tsv,c5baa506-f18b-42d8-bafd-4e9b85e1d390,Gene Expression Quantification,56625a27-264c-47c6-8b25-848d7c354d70,Transcriptome Profiling,RNA-Seq
e22bc31b-332f-45a1-b17c-c747179abe61,"[{'case_id': '17c1d42c-cb84-4655-a4cd-b54bae17ecaf', 'submitter_id': 'TCGA-E2-A15K'}]",b1366128-6ab0-4205-ae2b-a854e8ad45bf.rna_seq.augmented_star_gene_counts.tsv,e22bc31b-332f-45a1-b17c-c747179abe61,Gene Expression Quantification,05a86ced-2ab0-42f6-9f70-2ba48a48d568,Transcriptome Profiling,RNA-Seq
9985bb0b-d1cc-455b-80d9-f8007669cd5c,"[{'case_id': '1783cac1-253a-40af-a9ac-48dfb20e1ab8', 'submitter_id': 'TCGA-BH-A1FH'}]",b3435d9e-fb7f-4748-9a0b-2b532875c87e.rna_seq.augmented_star_gene_counts.tsv,9985bb0b-d1cc-455b-80d9-f8007669cd5c,Gene Expression Quantification,b5a4e70a-73fe-4754-bc05-ecc031ce65bf,Transcriptome Profiling,RNA-Seq
c1d62c39-f3ab-47d3-b654-8b6285cd97a3,"[{'case_id': '17ca61a2-607a-45ff-88fa-ef72e80bf891', 'submitter_id': 'TCGA-BH-A0HF'}]",5a3d1b74-f904-44ef-94a0-b38291e30be6.rna_seq.augmented_star_gene_counts.tsv,c1d62c39-f3ab-47d3-b654-8b6285cd97a3,Gene Expression Quantification,401f7c4b-e356-4155-91c8-a6e33c496ff7,Transcriptome Profiling,RNA-Seq
451ecdf8-433f-4d38-8ab6-3cc8d428ed95,"[{'case_id': '1783cac1-253a-40af-a9ac-48dfb20e1ab8', 'submitter_id': 'TCGA-BH-A1FH'}]",d7eb3fb0-7bfe-4f69-b298-41dde09902e6.rna_seq.augmented_star_gene_counts.tsv,451ecdf8-433f-4d38-8ab6-3cc8d428ed95,Gene Expression Quantification,ecff32de-dd7f-4586-948f-4e6bdefb589b,Transcriptome Profiling,RNA-Seq
440bdce7-eb0c-4661-b96a-e90d10e230d6,"[{'case_id': '178b2c48-c07d-422e-ae17-8bcfd996ad51', 'submitter_id': 'TCGA-B6-A0X1'}]",d76cd13a-0481-442a-bfe6-ad322fc3851a.rna_seq.augmented_star_gene_counts.tsv,440bdce7-eb0c-4661-b96a-e90d10e230d6,Gene Expression Quantification,5d434ae2-f997-4e55-9c25-51d478502ba3,Transcriptome Profiling,RNA-Seq
4c2a67aa-54ef-405d-a498-45c1790380da,"[{'case_id': '17f275c1-a0d4-487d-8f02-ea279584b4cd', 'submitter_id': 'TCGA-D8-A13Y'}]",4e75f67b-99df-4ad5-a2ca-1877a3d45655.rna_seq.augmented_star_gene_counts.tsv,4c2a67aa-54ef-405d-a498-45c1790380da,Gene Expression Quantification,6e224f39-41d4-4986-8f83-0400363978a6,Transcriptome Profiling,RNA-Seq
3e0c80d6-5091-454c-ad27-eb513cf6f45d,"[{'case_id': '9f6be944-83de-42ab-8738-f0022f475e61', 'submitter_id': 'TCGA-GI-A2C9'}]",b161c26d-64b1-4e03-94da-4f9b9de25e88.rna_seq.augmented_star_gene_counts.tsv,3e0c80d6-5091-454c-ad27-eb513cf6f45d,Gene Expression Quantification,20b6e579-41d8-4bd2-b20b-f78ff4257c82,Transcriptome Profiling,RNA-Seq
c47a7c89-551d-4115-94e4-7ba4b938e88b,"[{'case_id': '197741de-a098-4f04-bb37-8ea8b3bb39bc', 'submitter_id': 'TCGA-B6-A0WS'}]",698e64da-61aa-4d7b-9f33-21d627cb4721.rna_seq.augmented_star_gene_counts.tsv,c47a7c89-551d-4115-94e4-7ba4b938e88b,Gene Expression Quantification,a23e70a2-6378-45f4-af32-80c96c5e1c8c,Transcriptome Profiling,RNA-Seq
7d1c40bf-6119-4f2b-bb33-3ba23546799f,"[{'case_id': 'a06ff6ae-b0dd-4516-a75c-0db71694b46b', 'submitter_id': 'TCGA-LD-A7W5'}]",b0a1f575-657f-4277-95dd-0e02e77279fe.rna_seq.augmented_star_gene_counts.tsv,7d1c40bf-6119-4f2b-bb33-3ba23546799f,Gene Expression Quantification,c5ebdb1d-4855-4233-98a7-6ca7db2e3df7,Transcriptome Profiling,RNA-Seq
c587bd27-778a-4729-b614-e0631bb3717b,"[{'case_id': '64d4dfae-8d91-464b-adc3-80ba7caf54ae', 'submitter_id': 'TCGA-E9-A22E'}]",f79d6a7e-eaaa-4382-a5ed-600cf8d45824.rna_seq.augmented_star_gene_counts.tsv,c587bd27-778a-4729-b614-e0631bb3717b,Gene Expression Quantification,ce4b2b48-8b17-47b1-b431-09e9f620e15b,Transcriptome Profiling,RNA-Seq
8e063797-856c-491a-b702-1a37ebf6b6a8,"[{'case_id': '659b0170-e914-45ff-aa55-fcb8d3dc7b8a', 'submitter_id': 'TCGA-E9-A1NG'}]",d8edd309-518d-4358-8245-9e92d7af4441.rna_seq.augmented_star_gene_counts.tsv,8e063797-856c-491a-b702-1a37ebf6b6a8,Gene Expression Quantification,ab65bed5-30fa-45f6-aa01-0c91d5bcaf31,Transcriptome Profiling,RNA-Seq
70f7e473-4a58-4186-aedd-1bab29bef4f3,"[{'case_id': '53d0af48-d7ea-42c9-8695-c614b89b415b', 'submitter_id': 'TCGA-EW-A1P5'}]",abb411d3-1474-4e6e-afa9-23b974d9a557.rna_seq.augmented_star_gene_counts.tsv,70f7e473-4a58-4186-aedd-1bab29bef4f3,Gene Expression Quantification,5a36ebd4-401f-4257-a7e1-671ee1f4a41c,Transcriptome Profiling,RNA-Seq
fd94a0ed-37d8-49a5-af96-e2160a9e6096,"[{'case_id': '557cb0a3-6f1b-4faf-8296-0a15c24158f9', 'submitter_id': 'TCGA-BH-A18P'}]",f8cfabf6-dc25-4141-be6c-817dd439a74b.rna_seq.augmented_star_gene_counts.tsv,fd94a0ed-37d8-49a5-af96-e2160a9e6096,Gene Expression Quantification,50dc8ca3-d4d8-4f81-80a7-2b0bd11a03cb,Transcriptome Profiling,RNA-Seq
97c68557-c395-40bb-aaa3-a16514da3644,"[{'case_id': '53ff5893-7d5e-4bcb-be9c-665fa34b7824', 'submitter_id': 'TCGA-EW-A1OY'}]",19afe60a-30a2-45f6-b4fb-de935154027c.rna_seq.augmented_star_gene_counts.tsv,97c68557-c395-40bb-aaa3-a16514da3644,Gene Expression Quantification,e2940062-7625-4ba2-91a4-f6256bb60743,Transcriptome Profiling,RNA-Seq
56cc8f11-ba1c-48c9-8455-1f73640f9cf5,"[{'case_id': '8d9b50d1-139b-4447-ae9c-e54764d9e2a7', 'submitter_id': 'TCGA-AC-A6NO'}]",e22c6b51-c27e-468f-883c-f71918330eb0.rna_seq.augmented_star_gene_counts.tsv,56cc8f11-ba1c-48c9-8455-1f73640f9cf5,Gene Expression Quantification,bbab75c7-8ddd-43a1-a164-3493209b49bb,Transcriptome Profiling,RNA-Seq
06598222-e18b-45b1-9e4b-407aa120442c,"[{'case_id': '56203436-8634-4fd0-96b5-ba6be9d87857', 'submitter_id': 'TCGA-D8-A1JK'}]",a5ecc76e-a696-4e90-8bb4-7a9965e2f8a8.rna_seq.augmented_star_gene_counts.tsv,06598222-e18b-45b1-9e4b-407aa120442c,Gene Expression Quantification,191ce35d-94f2-4077-823b-37324c3ebe2b,Transcriptome Profiling,RNA-Seq
ed1497db-7c6f-4bd2-83ed-ee05fa286f8b,"[{'case_id': '8cf54607-01ce-42b0-9bd9-8627edd9f3b7', 'submitter_id': 'TCGA-C8-A130'}]",ca701a41-b397-48b7-bad4-09ef8b4eb462.rna_seq.augmented_star_gene_counts.tsv,ed1497db-7c6f-4bd2-83ed-ee05fa286f8b,Gene Expression Quantification,b3d38744-da96-488d-a85c-7c5530675b07,Transcriptome Profiling,RNA-Seq
62e7008b-f4ca-40e3-88b3-7354ba2585ac,"[{'case_id': 'd2f2560c-ec80-4fea-9474-c47a2e85ea95', 'submitter_id': 'TCGA-AO-A0J2'}]",93cc1307-7138-4547-a9a2-8a5398815c01.rna_seq.augmented_star_gene_counts.tsv,62e7008b-f4ca-40e3-88b3-7354ba2585ac,Gene Expression Quantification,f2fa8a80-c82c-487f-83d9-5f2357b58629,Transcriptome Profiling,RNA-Seq
41e79241-b5a4-4541-848b-e20e693e8ee3,"[{'case_id': '001cef41-ff86-4d3f-a140-a647ac4b10a1', 'submitter_id': 'TCGA-E2-A1IU'}]",22c2b380-799e-4fad-ae38-46a916c592d5.rna_seq.augmented_star_gene_counts.tsv,41e79241-b5a4-4541-848b-e20e693e8ee3,Gene Expression Quantification,868150f4-4022-4a48-98bc-b720d606dfc7,Transcriptome Profiling,RNA-Seq
c55e6460-fea1-468e-951e-bf45bbddd7a6,"[{'case_id': 'd69e59a8-b10b-46f5-b859-b6c178d90506', 'submitter_id': 'TCGA-A7-A0CJ'}]",d0d2b8fc-6915-49fe-ae4a-f80e2d090cf5.rna_seq.augmented_star_gene_counts.tsv,c55e6460-fea1-468e-951e-bf45bbddd7a6,Gene Expression Quantification,e1c196d0-ba6d-482b-998c-de13355e0ade,Transcriptome Profiling,RNA-Seq
e67bbc10-91cf-406e-8d5f-8d44c77315f1,"[{'case_id': 'd4e7426c-9739-4585-9114-e564b13c7c02', 'submitter_id': 'TCGA-BH-A1FG'}]",cbf0063b-68e5-42ee-9292-dfbf918a7b08.rna_seq.augmented_star_gene_counts.tsv,e67bbc10-91cf-406e-8d5f-8d44c77315f1,Gene Expression Quantification,8acc0e63-8404-4e49-a95f-eb2b7303dc3c,Transcriptome Profiling,RNA-Seq
e6f927ef-840f-438a-9559-863cc64f71e0,"[{'case_id': '00b11ca8-8540-4a3d-b602-ec754b00230b', 'submitter_id': 'TCGA-LL-A440'}]",98447eef-e5af-4bfa-a215-7a1edd601c46.rna_seq.augmented_star_gene_counts.tsv,e6f927ef-840f-438a-9559-863cc64f71e0,Gene Expression Quantification,39473636-d469-4b46-88d7-74b4028fb1b0,Transcriptome Profiling,RNA-Seq
b2c326d7-25ab-42dc-afc2-bc93381062ea,"[{'case_id': 'd5e655fe-3fbc-47b0-ba23-1d1dd01d591c', 'submitter_id': 'TCGA-AC-A8OS'}]",defae193-bf7c-417c-b68a-57963eb454ef.rna_seq.augmented_star_gene_counts.tsv,b2c326d7-25ab-42dc-afc2-bc93381062ea,Gene Expression Quantification,7ef418e8-8aa2-4df5-8fbb-ae4488a557be,Transcriptome Profiling,RNA-Seq
65bc2a34-2355-4193-b20e-439f2d7f6df2,"[{'case_id': 'd7ce6b79-f7c0-481e-9dbd-6273f01c9786', 'submitter_id': 'TCGA-E2-A14Z'}]",88d14d8e-cbbe-4157-b3ae-f1ddcb5e9551.rna_seq.augmented_star_gene_counts.tsv,65bc2a34-2355-4193-b20e-439f2d7f6df2,Gene Expression Quantification,6a46fae2-ee5b-45d1-a51f-e405583e54c6,Transcriptome Profiling,RNA-Seq
ee39aea6-23f8-470f-863c-545ef6c5ea77,"[{'case_id': 'd9a1c06f-7b50-46b0-878e-89e8c31863ae', 'submitter_id': 'TCGA-B6-A400'}]",b44be803-b398-4e93-b459-40ecdf2cb130.rna_seq.augmented_star_gene_counts.tsv,ee39aea6-23f8-470f-863c-545ef6c5ea77,Gene Expression Quantification,b156f8ac-b009-4ec9-bba5-4c0deea4c04b,Transcriptome Profiling,RNA-Seq
8d558ae5-f3a1-49fa-aa44-5abc6244b57a,"[{'case_id': 'dbb2da92-99dd-400c-bc05-e87d7273656c', 'submitter_id': 'TCGA-E2-A1B4'}]",59c3ac05-7a99-4817-ae14-1584f2b7bf36.rna_seq.augmented_star_gene_counts.tsv,8d558ae5-f3a1-49fa-aa44-5abc6244b57a,Gene Expression Quantification,42dc1009-278d-4552-b6a0-b7cb5c66b075,Transcriptome Profiling,RNA-Seq
97dbbbc5-cd1a-4bb8-99c5-600870ccd35d,"[{'case_id': 'dd43ffd9-da18-4ad3-abe7-6f443c76a717', 'submitter_id': 'TCGA-GM-A2DC'}]",c23d56d0-f27a-48db-b10a-f572b50ef245.rna_seq.augmented_star_gene_counts.tsv,97dbbbc5-cd1a-4bb8-99c5-600870ccd35d,Gene Expression Quantification,3d35865a-8471-43e4-a8aa-b94a1f7723e2,Transcriptome Profiling,RNA-Seq
87b7171a-7340-4e1e-849b-c52351f23ab0,"[{'case_id': 'dbf6f981-15cc-40ad-91ac-a66360405fbd', 'submitter_id': 'TCGA-A7-A4SE'}]",43c4bdc2-b3fc-4fb0-9f11-f45394c4256b.rna_seq.augmented_star_gene_counts.tsv,87b7171a-7340-4e1e-849b-c52351f23ab0,Gene Expression Quantification,7af9b5cc-a272-49f9-878b-8b75e15e320c,Transcriptome Profiling,RNA-Seq
03891509-3109-450d-8564-77b024a6128e,"[{'case_id': 'dc15a8ae-991e-421c-bc70-70e94f79dd17', 'submitter_id': 'TCGA-E2-A10E'}]",75668632-f0c7-495b-ba34-cd4b00aa9450.rna_seq.augmented_star_gene_counts.tsv,03891509-3109-450d-8564-77b024a6128e,Gene Expression Quantification,2915485e-973a-48cc-9a1c-58e1829a2ada,Transcriptome Profiling,RNA-Seq
7300d49e-2e8c-42e0-873a-1674a19b71e6,"[{'case_id': 'dcd5e079-813a-4c1a-b320-0931468d2bbc', 'submitter_id': 'TCGA-D8-A1JF'}]",fb27491d-a418-4957-a387-9a4e4de84b06.rna_seq.augmented_star_gene_counts.tsv,7300d49e-2e8c-42e0-873a-1674a19b71e6,Gene Expression Quantification,fb6bc3e0-0fef-46be-951b-a52912fcc375,Transcriptome Profiling,RNA-Seq
57a43ef5-102a-4cd9-833d-00a2daf4e56a,"[{'case_id': '0e1d0d46-7a7b-4538-95dd-b9fc20a15aec', 'submitter_id': 'TCGA-E2-A1BD'}]",ac175796-57dc-4de1-b6a2-eb71416e4c47.rna_seq.augmented_star_gene_counts.tsv,57a43ef5-102a-4cd9-833d-00a2daf4e56a,Gene Expression Quantification,6f7a204c-23c8-4f0a-a7de-174b830eb73a,Transcriptome Profiling,RNA-Seq
336f0e3e-878e-4ee8-b2aa-cc536f3432f3,"[{'case_id': 'db4bc6aa-2e7d-4bcb-8519-a455f624d33b', 'submitter_id': 'TCGA-BH-A18Q'}]",0a950719-ca7a-4dbf-8755-262cabf3d4b7.rna_seq.augmented_star_gene_counts.tsv,336f0e3e-878e-4ee8-b2aa-cc536f3432f3,Gene Expression Quantification,54aeffd1-cb94-4274-83a4-488fe18207a4,Transcriptome Profiling,RNA-Seq
16b9a021-447f-44d8-a1f9-ad45edc73bc9,"[{'case_id': '0130d616-885e-4a6c-9d03-2f17dd692a05', 'submitter_id': 'TCGA-D8-A1XY'}]",13d6ae6d-1662-4e0a-a10b-a733efc216b2.rna_seq.augmented_star_gene_counts.tsv,16b9a021-447f-44d8-a1f9-ad45edc73bc9,Gene Expression Quantification,f697cf64-325c-46b4-a06e-b99bfc439e54,Transcriptome Profiling,RNA-Seq
30ff778c-844b-4140-9025-7ab1938f10a9,"[{'case_id': 'db8d38ab-cc61-49ee-863d-40060112f2af', 'submitter_id': 'TCGA-A8-A08H'}]",5167da8c-2b1c-4139-a2c4-355e9f07d0be.rna_seq.augmented_star_gene_counts.tsv,30ff778c-844b-4140-9025-7ab1938f10a9,Gene Expression Quantification,7c7193d8-7503-4006-8de8-dc6b454b5847,Transcriptome Profiling,RNA-Seq
dbdaac00-02bf-41e0-8d54-734273e10baa,"[{'case_id': '01674b2c-5cf2-478f-84a1-f69c39f47bd4', 'submitter_id': 'TCGA-EW-A1P7'}]",bf858293-b533-4a73-ac9b-568109ba05d4.rna_seq.augmented_star_gene_counts.tsv,dbdaac00-02bf-41e0-8d54-734273e10baa,Gene Expression Quantification,e4473f93-46f5-43b0-8585-0f6c3eedde94,Transcriptome Profiling,RNA-Seq
b5f2a171-35a3-4b7f-9221-199c589f3147,"[{'case_id': '271e8024-a008-4bf0-9f6e-177f60096b1b', 'submitter_id': 'TCGA-E2-A15G'}]",6d1979a2-956e-42d3-a192-01d872e36d22.rna_seq.augmented_star_gene_counts.tsv,b5f2a171-35a3-4b7f-9221-199c589f3147,Gene Expression Quantification,1773ac25-300c-41e7-b817-1b646a60cf78,Transcriptome Profiling,RNA-Seq
09f1c0ee-ee22-435f-88c9-d9f5c936c45c,"[{'case_id': '27b05b15-a44b-45ed-a6e3-e7d1ca488ea9', 'submitter_id': 'TCGA-A8-A09X'}]",e55a506c-870f-4011-adfc-37eccbf5f17e.rna_seq.augmented_star_gene_counts.tsv,09f1c0ee-ee22-435f-88c9-d9f5c936c45c,Gene Expression Quantification,12d41711-dd74-4ef4-82dc-99e49a24d219,Transcriptome Profiling,RNA-Seq
c441b2f1-d5ad-4aae-a37e-946579ff604f,"[{'case_id': 'a82d0a57-4383-473d-b334-d13b278404b1', 'submitter_id': 'TCGA-OL-A5RW'}]",5c957f54-8c46-4f13-a22b-49c175e8af3a.rna_seq.augmented_star_gene_counts.tsv,c441b2f1-d5ad-4aae-a37e-946579ff604f,Gene Expression Quantification,e9f8117f-f2e4-4f0e-8268-e1e00e2482e6,Transcriptome Profiling,RNA-Seq
9d61e56d-690b-4d66-891a-f8d010d704cf,"[{'case_id': '02bed00f-bef7-4fb7-b243-540354990e45', 'submitter_id': 'TCGA-A2-A0T1'}]",ed13eb3a-17ab-4781-bc60-13797148c7c4.rna_seq.augmented_star_gene_counts.tsv,9d61e56d-690b-4d66-891a-f8d010d704cf,Gene Expression Quantification,aabc9f55-c800-40e7-a448-4ec2647fca90,Transcriptome Profiling,RNA-Seq
287a036d-5b2d-4faf-93a0-cf0be006fa6b,"[{'case_id': '96b9c7db-1be1-4b60-b47c-26b654c3d64c', 'submitter_id': 'TCGA-BH-A0DV'}]",52ff2501-c6d1-4469-a2b7-c458d98cfc8e.rna_seq.augmented_star_gene_counts.tsv,287a036d-5b2d-4faf-93a0-cf0be006fa6b,Gene Expression Quantification,9dbbb459-54a5-4b3d-b8d1-d092ce5acc88,Transcriptome Profiling,RNA-Seq
1dd898ab-3b85-4932-b889-0eb0a494f2b6,"[{'case_id': '332423a7-8866-4ee3-b08f-3c8d7c16af80', 'submitter_id': 'TCGA-A2-A0CU'}]",e0e050cc-5e2a-41fc-8394-b4816a9dc8a2.rna_seq.augmented_star_gene_counts.tsv,1dd898ab-3b85-4932-b889-0eb0a494f2b6,Gene Expression Quantification,95f3a1dc-5651-4ff8-965b-3d6820385cf0,Transcriptome Profiling,RNA-Seq
46933fec-1800-4da5-814c-30cce4ae2fb5,"[{'case_id': '97677fd7-8523-48c5-a8ce-614fd4010551', 'submitter_id': 'TCGA-AC-A5XU'}]",afd15ee9-ef38-4d14-b1c1-7f4267fe6a04.rna_seq.augmented_star_gene_counts.tsv,46933fec-1800-4da5-814c-30cce4ae2fb5,Gene Expression Quantification,ed42483e-5921-4d43-81c0-e5c58e513d14,Transcriptome Profiling,RNA-Seq
7d496f9f-8a04-496a-ad25-68b1b72f864a,"[{'case_id': '97943d87-fed7-4f14-a0a7-c5bfee64c392', 'submitter_id': 'TCGA-D8-A1XK'}]",c07a2fe2-d51d-4fd6-a36e-9f04fc3b6c05.rna_seq.augmented_star_gene_counts.tsv,7d496f9f-8a04-496a-ad25-68b1b72f864a,Gene Expression Quantification,ba524385-879b-4d91-aeeb-6a894002b7fc,Transcriptome Profiling,RNA-Seq
3728cb73-4a8a-4392-8140-f027ad876cf2,"[{'case_id': '34a74805-300c-4773-ab59-2085fcc2e6cc', 'submitter_id': 'TCGA-D8-A1X9'}]",61325789-0b1e-473d-8b71-5ec13ec1dcb7.rna_seq.augmented_star_gene_counts.tsv,3728cb73-4a8a-4392-8140-f027ad876cf2,Gene Expression Quantification,801c23e6-5259-4720-8ca4-9cc426bac4dc,Transcriptome Profiling,RNA-Seq
f24d6e88-634e-4d86-b993-76a40f1190d0,"[{'case_id': '360d1d6d-cf3e-4c78-b36f-ef5e3160aa6b', 'submitter_id': 'TCGA-BH-A0AU'}]",f201e2e9-dfb0-4a53-bd68-56f4e87604d3.rna_seq.augmented_star_gene_counts.tsv,f24d6e88-634e-4d86-b993-76a40f1190d0,Gene Expression Quantification,e5e662f4-82ec-4cb0-9be6-34a190eb094b,Transcriptome Profiling,RNA-Seq
3f44f7ab-7299-4b8e-b2b9-16ed5291e727,"[{'case_id': '35bd694d-1dd2-466f-ab27-03320614b40e', 'submitter_id': 'TCGA-OL-A66I'}]",5ea12b9b-56ac-4d0c-8761-bf172b2f23e0.rna_seq.augmented_star_gene_counts.tsv,3f44f7ab-7299-4b8e-b2b9-16ed5291e727,Gene Expression Quantification,74a0e311-8875-42f9-aee9-20448b5d62a9,Transcriptome Profiling,RNA-Seq
f7e414a0-c2ca-40c7-a7a0-282d80247fa0,"[{'case_id': '376ffe63-efd7-42af-90e1-261255b28bb7', 'submitter_id': 'TCGA-AR-A2LH'}]",ee27259c-1aa7-4f5a-a4e6-0b49be4ad051.rna_seq.augmented_star_gene_counts.tsv,f7e414a0-c2ca-40c7-a7a0-282d80247fa0,Gene Expression Quantification,79071349-73ad-4448-9165-17373bf66f60,Transcriptome Profiling,RNA-Seq
a6f9b537-d843-4181-9ba8-712c44986581,"[{'case_id': '38a631a1-6875-4216-a335-ee93c90a86d6', 'submitter_id': 'TCGA-D8-A1Y1'}]",f3d3848c-9ff7-4e84-a35c-f6b6e3a57605.rna_seq.augmented_star_gene_counts.tsv,a6f9b537-d843-4181-9ba8-712c44986581,Gene Expression Quantification,29bd46d0-70f6-4631-b824-1171c24d5a34,Transcriptome Profiling,RNA-Seq
c7db3ef0-0440-4fcf-a18b-c70b3f88e327,"[{'case_id': '38a8b734-9acc-42f9-b5b7-e51b0dfc6504', 'submitter_id': 'TCGA-A8-A092'}]",fc801acd-4b1f-46e7-bc1e-47752fb08779.rna_seq.augmented_star_gene_counts.tsv,c7db3ef0-0440-4fcf-a18b-c70b3f88e327,Gene Expression Quantification,24668cef-cdca-437e-ae45-fe3851204c5d,Transcriptome Profiling,RNA-Seq
59858555-bc6a-4286-8280-0f8341123cac,"[{'case_id': 'a6e11b30-3ae8-4dd1-b04c-a730c6a79746', 'submitter_id': 'TCGA-AR-A1AH'}]",deba354e-fcc8-4a00-aa1b-63afc9cf2861.rna_seq.augmented_star_gene_counts.tsv,59858555-bc6a-4286-8280-0f8341123cac,Gene Expression Quantification,bde99916-cefd-4a8d-bb00-0f38d9f78b45,Transcriptome Profiling,RNA-Seq
4a2ad226-ed26-4f81-af7d-9d8b6db7cdd4,"[{'case_id': '398fb71b-ca83-44e7-bf0d-b1ca464b0283', 'submitter_id': 'TCGA-OL-A6VO'}]",f9683515-b944-4c7b-b41d-ea105bd37a5a.rna_seq.augmented_star_gene_counts.tsv,4a2ad226-ed26-4f81-af7d-9d8b6db7cdd4,Gene Expression Quantification,299f26a5-509d-4f87-b44f-e4043c0f8aa3,Transcriptome Profiling,RNA-Seq
58764dda-7c61-4705-a834-4d654c60ef2b,"[{'case_id': '5fd9552a-c742-4388-940d-295d1107ae00', 'submitter_id': 'TCGA-AR-A1AY'}]",4d4d40f2-1f96-4d31-81aa-d44b17a217ed.rna_seq.augmented_star_gene_counts.tsv,58764dda-7c61-4705-a834-4d654c60ef2b,Gene Expression Quantification,f74234c9-9860-40df-8309-3a099a884ef0,Transcriptome Profiling,RNA-Seq
5d720a05-3673-45be-9163-08e0fc332f80,"[{'case_id': '39cde586-df95-435f-b9a6-73b0c0ee5e92', 'submitter_id': 'TCGA-AO-A0J3'}]",853013f2-fee7-4489-a2a2-fa36112a1c73.rna_seq.augmented_star_gene_counts.tsv,5d720a05-3673-45be-9163-08e0fc332f80,Gene Expression Quantification,2d582a91-ed1d-4676-9972-2d4ca1840c18,Transcriptome Profiling,RNA-Seq
bdee019c-38ae-4686-84fe-2454ba4c70dc,"[{'case_id': '6014a582-d22e-46e1-9000-c8e2fbad7acf', 'submitter_id': 'TCGA-AR-A254'}]",504f8320-62f8-4205-926a-a54d042d0e98.rna_seq.augmented_star_gene_counts.tsv,bdee019c-38ae-4686-84fe-2454ba4c70dc,Gene Expression Quantification,07957fe5-f529-4e6a-ab3f-819598951d2c,Transcriptome Profiling,RNA-Seq
6f3bd40b-98b5-431b-a0b3-c7767b479d7d,"[{'case_id': '5fc7ff35-d3f7-4687-8759-3542bd58e988', 'submitter_id': 'TCGA-EW-A1OX'}]",053442de-6d8a-4811-b03c-be1c7a3f207c.rna_seq.augmented_star_gene_counts.tsv,6f3bd40b-98b5-431b-a0b3-c7767b479d7d,Gene Expression Quantification,46704d77-6c46-441a-b834-c26d8b5b1ae4,Transcriptome Profiling,RNA-Seq
26702590-872f-4e36-a631-ee6cb3f61ec4,"[{'case_id': '6020d1b4-ee20-4cc9-82a3-340b5e3122f1', 'submitter_id': 'TCGA-D8-A27L'}]",09cf8de3-bb0f-434d-8cb3-9f5eeb264b6b.rna_seq.augmented_star_gene_counts.tsv,26702590-872f-4e36-a631-ee6cb3f61ec4,Gene Expression Quantification,316893ed-f8df-461e-b890-5bb0515cdb25,Transcriptome Profiling,RNA-Seq
7e0c78b6-4020-47b6-a8bf-46cf290c5c85,"[{'case_id': 'bac4b268-c781-4408-96d8-43a48fec7418', 'submitter_id': 'TCGA-BH-A2L8'}]",ce9d6d3a-9ab8-4586-a587-3d4bf00445a5.rna_seq.augmented_star_gene_counts.tsv,7e0c78b6-4020-47b6-a8bf-46cf290c5c85,Gene Expression Quantification,616da008-56c8-4871-bf8e-7c5318a765e8,Transcriptome Profiling,RNA-Seq
c1ac2f8b-9ff2-47b9-a685-6cf10a7a925f,"[{'case_id': '606fbc6a-b41b-441d-9401-51e54912bf5e', 'submitter_id': 'TCGA-BH-A0E1'}]",4eee2055-ed1f-4958-b214-4cff055c87bd.rna_seq.augmented_star_gene_counts.tsv,c1ac2f8b-9ff2-47b9-a685-6cf10a7a925f,Gene Expression Quantification,2ea67e3a-ed5b-43fd-aba2-efb3fbba1c72,Transcriptome Profiling,RNA-Seq
18340589-696e-4f56-80c2-dc7d7428c471,"[{'case_id': '61204cdf-3b1c-44a1-bda6-0fef1ac4a333', 'submitter_id': 'TCGA-HN-A2OB'}]",2b00c53b-e257-4305-a0cc-3dfa9ac10d12.rna_seq.augmented_star_gene_counts.tsv,18340589-696e-4f56-80c2-dc7d7428c471,Gene Expression Quantification,feb04404-a524-4031-9d87-6301d913da96,Transcriptome Profiling,RNA-Seq
74b16304-eb3f-4311-9b2e-dbf5eac89b44,"[{'case_id': 'b95eef8a-205f-4cf8-9d3c-ae51d406e1e0', 'submitter_id': 'TCGA-E9-A228'}]",96cd848e-50fc-4244-beec-8d18b1703fff.rna_seq.augmented_star_gene_counts.tsv,74b16304-eb3f-4311-9b2e-dbf5eac89b44,Gene Expression Quantification,0a483063-fa22-45e2-878b-0b4e5ef66466,Transcriptome Profiling,RNA-Seq
b3eb0ef4-66e8-48df-9acc-fd252dc2ac61,"[{'case_id': '6429c443-8ac3-407f-bb9c-66420b904bbf', 'submitter_id': 'TCGA-E2-A573'}]",f084874a-f9a8-4858-a858-d9b80871755b.rna_seq.augmented_star_gene_counts.tsv,b3eb0ef4-66e8-48df-9acc-fd252dc2ac61,Gene Expression Quantification,9a10752a-1752-42c9-a49e-622ba6648073,Transcriptome Profiling,RNA-Seq
318c3a49-64bc-4704-8739-d4cf31cef51f,"[{'case_id': '97b5f490-1cd9-4833-b903-5f4c6e45670d', 'submitter_id': 'TCGA-C8-A12U'}]",1d18e4b7-83a5-4c40-94ef-f77c1ba2fdbb.rna_seq.augmented_star_gene_counts.tsv,318c3a49-64bc-4704-8739-d4cf31cef51f,Gene Expression Quantification,e8f8ae2a-54f1-4981-8a10-b617cba8658e,Transcriptome Profiling,RNA-Seq
51948358-b1bb-46d7-a25c-8d3fe81557f0,"[{'case_id': '42621dfa-abfd-4c7d-8bc5-a02a09d1c2b4', 'submitter_id': 'TCGA-C8-A12Z'}]",2cfbc50e-e38d-41ad-8809-a3ed9685ddf1.rna_seq.augmented_star_gene_counts.tsv,51948358-b1bb-46d7-a25c-8d3fe81557f0,Gene Expression Quantification,b8036631-9ec7-4209-b52a-33503c4a6133,Transcriptome Profiling,RNA-Seq
ef181439-d071-40e0-a185-f29343085f8c,"[{'case_id': '98e0b4de-52fc-4945-9bf5-11e29368f939', 'submitter_id': 'TCGA-AR-A1AQ'}]",287f70d5-cb97-459f-963b-68408f92c0f3.rna_seq.augmented_star_gene_counts.tsv,ef181439-d071-40e0-a185-f29343085f8c,Gene Expression Quantification,b7c20653-96c4-4ca0-8b2f-c6bb33b470a1,Transcriptome Profiling,RNA-Seq
1af79ae6-8b40-40ae-8f68-195d8367ac38,"[{'case_id': 'f81ac8a2-4ce6-439e-b027-1c0bfc88ceaa', 'submitter_id': 'TCGA-OL-A66P'}]",f0bc4292-6662-460a-8bf8-a3c9fa2fd7be.rna_seq.augmented_star_gene_counts.tsv,1af79ae6-8b40-40ae-8f68-195d8367ac38,Gene Expression Quantification,6215b423-5bc2-4886-b2f5-875fd96f89c0,Transcriptome Profiling,RNA-Seq
115d8b96-f3ac-4e6f-a975-60b71b32531a,"[{'case_id': 'f83b866b-0b2e-4bba-9367-be6dccf56232', 'submitter_id': 'TCGA-E2-A2P6'}]",b6a8beee-f393-4d3b-943e-1c44fad65526.rna_seq.augmented_star_gene_counts.tsv,115d8b96-f3ac-4e6f-a975-60b71b32531a,Gene Expression Quantification,38ae85c4-b38a-4320-bbd9-aad0f4bbc0ef,Transcriptome Profiling,RNA-Seq
a9b2ff1a-3b37-4388-a1e6-826e2edea49b,"[{'case_id': '81b70c58-4a12-448c-a594-2ade44f6a0ae', 'submitter_id': 'TCGA-AC-A3TN'}]",aae81240-6757-42b9-8dce-9936f8574f19.rna_seq.augmented_star_gene_counts.tsv,a9b2ff1a-3b37-4388-a1e6-826e2edea49b,Gene Expression Quantification,e49557c4-2e80-433e-a617-205f1cbb1c23,Transcriptome Profiling,RNA-Seq
e0cb738d-854a-4033-b370-79fa28d7cef8,"[{'case_id': 'f89588e9-ca73-4465-a7fb-7246edb45e3a', 'submitter_id': 'TCGA-XX-A899'}]",69118aea-1784-49a0-9932-082f87fdec62.rna_seq.augmented_star_gene_counts.tsv,e0cb738d-854a-4033-b370-79fa28d7cef8,Gene Expression Quantification,49e89739-abce-48ad-9114-6ab65d55a7fe,Transcriptome Profiling,RNA-Seq
76d94448-4fd0-4476-af15-3c845d70851d,"[{'case_id': 'fb3607eb-858e-4ecd-8477-95140658c6d2', 'submitter_id': 'TCGA-E9-A249'}]",692ea666-b4ac-4e92-b712-96a67edaef56.rna_seq.augmented_star_gene_counts.tsv,76d94448-4fd0-4476-af15-3c845d70851d,Gene Expression Quantification,56c03ff3-bfb2-4419-affe-154aebd1cb77,Transcriptome Profiling,RNA-Seq
d9126541-4eb3-48fc-88ed-2e0ecea0d9d4,"[{'case_id': 'f954de05-1b44-4087-8933-6cc72d81028d', 'submitter_id': 'TCGA-E9-A1N5'}]",1880f86a-77c8-4eac-a3e7-a62f5edad8fb.rna_seq.augmented_star_gene_counts.tsv,d9126541-4eb3-48fc-88ed-2e0ecea0d9d4,Gene Expression Quantification,3ee6459b-e3a2-44e3-9236-9f71e980744b,Transcriptome Profiling,RNA-Seq
3974a62d-d399-42f3-b550-336e793b0cfe,"[{'case_id': 'fe7f74b8-20f4-4471-91dc-4cca8c68e5c0', 'submitter_id': 'TCGA-A2-A3XZ'}]",081b4937-85e7-44b3-9124-a612f4f2e0ca.rna_seq.augmented_star_gene_counts.tsv,3974a62d-d399-42f3-b550-336e793b0cfe,Gene Expression Quantification,d5860af2-8bef-4bd9-9228-86e531ef17d0,Transcriptome Profiling,RNA-Seq
9b980569-4da2-43ee-a06a-18ee09baf41d,"[{'case_id': 'fe15c48b-116d-461e-9b40-68514730fd18', 'submitter_id': 'TCGA-A2-A0CP'}]",d6450e34-ebf4-4749-a27e-8e3139960afb.rna_seq.augmented_star_gene_counts.tsv,9b980569-4da2-43ee-a06a-18ee09baf41d,Gene Expression Quantification,1c2db141-105b-4524-b8a8-ba0c6f440669,Transcriptome Profiling,RNA-Seq
c7646bc5-436b-4ad5-b5ae-894b2e843cda,"[{'case_id': 'bef7b135-a727-45e8-850a-cc4cd56c49aa', 'submitter_id': 'TCGA-AO-A0JJ'}]",158ab1d9-8925-4a05-95da-b2e0ca297474.rna_seq.augmented_star_gene_counts.tsv,c7646bc5-436b-4ad5-b5ae-894b2e843cda,Gene Expression Quantification,cede3da7-94c9-4e91-94e7-bb211f4eb6ac,Transcriptome Profiling,RNA-Seq
1deadf31-dc7d-4361-8041-ab0a27edebb3,"[{'case_id': '844ad251-3ee4-42f6-ad00-59a7a1670eea', 'submitter_id': 'TCGA-BH-A0HY'}]",01661d94-fc16-4456-95cf-a5fa4e1e196c.rna_seq.augmented_star_gene_counts.tsv,1deadf31-dc7d-4361-8041-ab0a27edebb3,Gene Expression Quantification,0e22f2b2-feb9-474d-8473-f5f6f68b93ae,Transcriptome Profiling,RNA-Seq
56081713-6249-4a3f-8498-277e688d1ec9,"[{'case_id': 'bf3b1481-ae31-4406-b084-b6cc1d7163e3', 'submitter_id': 'TCGA-BH-A1FR'}]",db5f53f3-6438-4f23-9683-ee16244d98b9.rna_seq.augmented_star_gene_counts.tsv,56081713-6249-4a3f-8498-277e688d1ec9,Gene Expression Quantification,70a6f6a5-e525-4e03-aacd-dd1289a40c5b,Transcriptome Profiling,RNA-Seq
ac7c3a38-5d88-488e-86f7-1c72a26fe5ef,"[{'case_id': 'bfd49783-1767-469b-9d79-7822301c5efc', 'submitter_id': 'TCGA-BH-A18F'}]",11ed8e05-8f30-460a-b502-01ae09504315.rna_seq.augmented_star_gene_counts.tsv,ac7c3a38-5d88-488e-86f7-1c72a26fe5ef,Gene Expression Quantification,730f7b80-60ed-408d-a8e4-40d220eb7f93,Transcriptome Profiling,RNA-Seq
f90e51cb-b862-4a76-acb0-cc882bfb4ee6,"[{'case_id': '848773a3-2f4a-4186-ab3f-de667129accf', 'submitter_id': 'TCGA-EW-A1PF'}]",22aac1ce-7a45-481b-b3f6-6393deeadcd6.rna_seq.augmented_star_gene_counts.tsv,f90e51cb-b862-4a76-acb0-cc882bfb4ee6,Gene Expression Quantification,d78296ff-2df3-45ae-a439-c0c0ac29eb5e,Transcriptome Profiling,RNA-Seq
90e074a0-ca6d-4031-aa26-f79e5c662ba7,"[{'case_id': '8332806e-f547-4aae-89af-6d5bec831fd2', 'submitter_id': 'TCGA-BH-A0HO'}]",9c2ed2bb-8ee1-441e-9f3b-ffbb4def2673.rna_seq.augmented_star_gene_counts.tsv,90e074a0-ca6d-4031-aa26-f79e5c662ba7,Gene Expression Quantification,50a6509a-806b-4a6f-adf3-4b04dd64cf43,Transcriptome Profiling,RNA-Seq
f11c5295-697a-46f7-91fe-b760dc9f1029,"[{'case_id': '327a2395-85c8-42e1-9638-8e037a1723ed', 'submitter_id': 'TCGA-BH-A0BC'}]",e619b307-4391-48ab-9282-7f22b14f5afe.rna_seq.augmented_star_gene_counts.tsv,f11c5295-697a-46f7-91fe-b760dc9f1029,Gene Expression Quantification,cdb2f9c4-907b-4f23-be6b-c74caa899327,Transcriptome Profiling,RNA-Seq
898920ea-31b3-4244-a413-4b957e93594f,"[{'case_id': 'a8f5c479-8685-4e2d-bb60-63f1cc651083', 'submitter_id': 'TCGA-A7-A425'}]",3d804011-ba3a-4999-9305-71b4680819b9.rna_seq.augmented_star_gene_counts.tsv,898920ea-31b3-4244-a413-4b957e93594f,Gene Expression Quantification,41911bcb-02d3-492e-bcf9-0aff5a7ad747,Transcriptome Profiling,RNA-Seq
7af23ba7-e5bf-41b9-b91f-5709321dadb7,"[{'case_id': '241fffc8-4250-4cfa-b2e7-e68c33ae07dc', 'submitter_id': 'TCGA-AR-A24U'}]",073939c1-c857-4340-8a5f-a7b87d2349c3.rna_seq.augmented_star_gene_counts.tsv,7af23ba7-e5bf-41b9-b91f-5709321dadb7,Gene Expression Quantification,edae3400-4efe-4317-9b2d-6b97db1e74a5,Transcriptome Profiling,RNA-Seq
75182885-7501-49b1-bb0d-8a88da1080a3,"[{'case_id': '24334ac1-28a3-4b61-b590-3f51e375b247', 'submitter_id': 'TCGA-BH-A0HK'}]",0965a7ff-1a9f-4cc6-a822-970390b2de58.rna_seq.augmented_star_gene_counts.tsv,75182885-7501-49b1-bb0d-8a88da1080a3,Gene Expression Quantification,f2d175e3-5229-41f7-b4fb-0ee1f18024f2,Transcriptome Profiling,RNA-Seq
25c20f52-1031-4cd1-a9ed-4b2049b01a3e,"[{'case_id': '24334ac1-28a3-4b61-b590-3f51e375b247', 'submitter_id': 'TCGA-BH-A0HK'}]",87568e73-7eac-4243-9d74-03efb86b6f29.rna_seq.augmented_star_gene_counts.tsv,25c20f52-1031-4cd1-a9ed-4b2049b01a3e,Gene Expression Quantification,55446875-851f-470f-aa0a-1d0c4f88b16f,Transcriptome Profiling,RNA-Seq
84e36620-ae1e-4221-84c9-3a6f1d11606d,"[{'case_id': '24e39609-9645-43e5-960b-db5446eaea65', 'submitter_id': 'TCGA-E2-A154'}]",13fc37db-3160-4e82-bd63-52fc295e0e19.rna_seq.augmented_star_gene_counts.tsv,84e36620-ae1e-4221-84c9-3a6f1d11606d,Gene Expression Quantification,5cbac6ff-e708-43b9-aebe-bc987dc1a036,Transcriptome Profiling,RNA-Seq
870fb4d4-8366-4bfa-b4c1-04d55eded427,"[{'case_id': '86b7b206-8e69-432d-acc9-bccce710955e', 'submitter_id': 'TCGA-AO-A0JA'}]",3ef3fd4b-ed5b-41e1-8096-c573cf609bd3.rna_seq.augmented_star_gene_counts.tsv,870fb4d4-8366-4bfa-b4c1-04d55eded427,Gene Expression Quantification,22421c08-2205-48cc-8217-44e1fae6de85,Transcriptome Profiling,RNA-Seq
a1a6d1dd-a1c6-4c5c-b54d-42de80680bc3,"[{'case_id': '86c6f993-327f-4525-9983-29c55625593a', 'submitter_id': 'TCGA-5L-AAT0'}]",dc857517-6b3d-4008-85a4-a2b35efb1e7a.rna_seq.augmented_star_gene_counts.tsv,a1a6d1dd-a1c6-4c5c-b54d-42de80680bc3,Gene Expression Quantification,af65fa37-7bd1-4cd6-b7cd-39f115786d24,Transcriptome Profiling,RNA-Seq
04024f75-7405-4ccc-8976-91d0a3035b3a,"[{'case_id': 'eadb0562-2165-4adb-ad58-018e73f82780', 'submitter_id': 'TCGA-E2-A14W'}]",e6f4bdc7-ab3f-4a62-aa6d-5223b25bbc89.rna_seq.augmented_star_gene_counts.tsv,04024f75-7405-4ccc-8976-91d0a3035b3a,Gene Expression Quantification,6f1c9047-9420-484e-86b5-60114a5b2312,Transcriptome Profiling,RNA-Seq
5bee33e8-6c0e-4b47-b5b4-a82bf5784d81,"[{'case_id': 'f6eebd4b-b63a-4a9c-92d3-0d954a8a6655', 'submitter_id': 'TCGA-AC-A2FE'}]",9cb6482e-6f20-4aad-986c-7ccea66b7cc8.rna_seq.augmented_star_gene_counts.tsv,5bee33e8-6c0e-4b47-b5b4-a82bf5784d81,Gene Expression Quantification,5fcdc020-3f69-4787-a9f3-ddb67ca68b3e,Transcriptome Profiling,RNA-Seq
77f150b1-5f40-442d-91c5-6d3571513513,"[{'case_id': 'e828455d-4680-41b2-8a1c-1582e3790d62', 'submitter_id': 'TCGA-BH-A0RX'}]",1fc52882-bc89-4a45-a96e-5e051420c513.rna_seq.augmented_star_gene_counts.tsv,77f150b1-5f40-442d-91c5-6d3571513513,Gene Expression Quantification,79d70a15-490f-4d3d-b8ee-0b513f0a959c,Transcriptome Profiling,RNA-Seq
1581b466-9502-491e-828b-dd9b721690cb,"[{'case_id': 'ec0155ab-1b14-498d-8fa9-9f63e3ccb990', 'submitter_id': 'TCGA-E2-A1IH'}]",51bced11-ff98-4338-8e54-0b1a35a6d982.rna_seq.augmented_star_gene_counts.tsv,1581b466-9502-491e-828b-dd9b721690cb,Gene Expression Quantification,7d3aa377-906d-4b6e-9be9-7a8407e8b3bf,Transcriptome Profiling,RNA-Seq
a217c1ab-e2cb-487c-982a-8241da38272f,"[{'case_id': 'ec0ab947-9341-4fff-bda4-fdfb9434d508', 'submitter_id': 'TCGA-A7-A4SC'}]",e4443a5a-144f-434e-b1e0-3139e1e5ed23.rna_seq.augmented_star_gene_counts.tsv,a217c1ab-e2cb-487c-982a-8241da38272f,Gene Expression Quantification,d171032e-bcff-4567-b60d-374a47ee9812,Transcriptome Profiling,RNA-Seq
f55eb7a0-34e6-4d0d-9427-7d7896ddf060,"[{'case_id': '3af31fcf-ad0c-4fd9-a8e3-10f9176b5e9d', 'submitter_id': 'TCGA-AR-A5QQ'}]",8a7a2dda-c92e-425c-9c18-5f50aaeba203.rna_seq.augmented_star_gene_counts.tsv,f55eb7a0-34e6-4d0d-9427-7d7896ddf060,Gene Expression Quantification,76709329-a715-493c-accf-9a6eff5792e3,Transcriptome Profiling,RNA-Seq
659f84a0-df18-44a4-8b82-ebaec356153d,"[{'case_id': 'ec461eaf-f5cb-4225-a9a0-59d8e6c17ea6', 'submitter_id': 'TCGA-S3-A6ZH'}]",e6ac5ada-4358-4ca3-b1cf-05d3e0cf0597.rna_seq.augmented_star_gene_counts.tsv,659f84a0-df18-44a4-8b82-ebaec356153d,Gene Expression Quantification,ea82908c-a338-49d9-bb35-80bc5daf7fa6,Transcriptome Profiling,RNA-Seq
4ef4f9f1-7883-4fff-91c0-223cac5f1887,"[{'case_id': '3b01d064-8c00-4972-9f07-407eac8e7534', 'submitter_id': 'TCGA-BH-A0HX'}]",dbb3747a-aafe-421c-bb21-84a0b82c6a75.rna_seq.augmented_star_gene_counts.tsv,4ef4f9f1-7883-4fff-91c0-223cac5f1887,Gene Expression Quantification,d99f48c9-9f9b-45eb-b770-316ac83dbe78,Transcriptome Profiling,RNA-Seq
469c052c-d2c8-4626-af1c-7276653168fe,"[{'case_id': 'f04dca9e-409b-4300-b11d-12243e5d361d', 'submitter_id': 'TCGA-E2-A576'}]",f738acc1-0445-49e0-a279-3469620c8d4a.rna_seq.augmented_star_gene_counts.tsv,469c052c-d2c8-4626-af1c-7276653168fe,Gene Expression Quantification,d9154327-a0e7-42a2-94e5-c072c6e1b282,Transcriptome Profiling,RNA-Seq
ec9437c2-dad0-471a-bd2c-faa61846af57,"[{'case_id': 'f05d314c-5ec5-4e2a-b785-9a702716f111', 'submitter_id': 'TCGA-E2-A156'}]",fb120cb4-2cee-4848-a60e-6c1fba723dc9.rna_seq.augmented_star_gene_counts.tsv,ec9437c2-dad0-471a-bd2c-faa61846af57,Gene Expression Quantification,b5c8bbf8-66f4-40bc-8dd0-36bdbbb6166d,Transcriptome Profiling,RNA-Seq
430184b1-040d-4b3a-863d-1e6c71009d93,"[{'case_id': 'f062cbd0-2426-40ac-a4be-e74ac61fa2a7', 'submitter_id': 'TCGA-A7-A56D'}]",73729b89-4802-4780-9e7f-cb160a04bb17.rna_seq.augmented_star_gene_counts.tsv,430184b1-040d-4b3a-863d-1e6c71009d93,Gene Expression Quantification,547d2221-9ea7-4c3f-8104-cc8d9e1e9b22,Transcriptome Profiling,RNA-Seq
d7a48283-c113-4745-be6b-553966e6b457,"[{'case_id': 'f130f376-5801-40f9-975d-a7e2f7b5670d', 'submitter_id': 'TCGA-A7-A0DB'}]",151af32a-7367-4e35-a575-f6da31aa256a.rna_seq.augmented_star_gene_counts.tsv,d7a48283-c113-4745-be6b-553966e6b457,Gene Expression Quantification,b456d9bb-da20-47a9-827a-62a8eeb912e3,Transcriptome Profiling,RNA-Seq
1936440a-9cfc-4b04-af40-3fbc22fe87f6,"[{'case_id': 'a8015490-9740-45c9-8bd2-eb6d1beefc2e', 'submitter_id': 'TCGA-E2-A152'}]",7dc54973-bfae-4811-b947-f98a6ac24b25.rna_seq.augmented_star_gene_counts.tsv,1936440a-9cfc-4b04-af40-3fbc22fe87f6,Gene Expression Quantification,179c9254-f999-4878-b500-81d82a1086b6,Transcriptome Profiling,RNA-Seq
6efd37a6-1669-4cdd-95b6-60c688e1e236,"[{'case_id': 'f130f376-5801-40f9-975d-a7e2f7b5670d', 'submitter_id': 'TCGA-A7-A0DB'}]",304b7293-0a76-4028-9a18-58c87c751ceb.rna_seq.augmented_star_gene_counts.tsv,6efd37a6-1669-4cdd-95b6-60c688e1e236,Gene Expression Quantification,43461f8d-2566-4001-9f87-3af1efde29f4,Transcriptome Profiling,RNA-Seq
a8898537-0afa-4655-b123-78c11b90c53a,"[{'case_id': 'f130f376-5801-40f9-975d-a7e2f7b5670d', 'submitter_id': 'TCGA-A7-A0DB'}]",b4aad532-f92b-43d9-820c-f3c98e382225.rna_seq.augmented_star_gene_counts.tsv,a8898537-0afa-4655-b123-78c11b90c53a,Gene Expression Quantification,d221b92c-2f8f-435e-b35f-b6991bdb5bfe,Transcriptome Profiling,RNA-Seq
c89590e8-8b74-4c05-a022-e21eab5cffdd,"[{'case_id': 'f130f376-5801-40f9-975d-a7e2f7b5670d', 'submitter_id': 'TCGA-A7-A0DB'}]",9079bad4-9d01-4eb9-999d-35ad734be2e8.rna_seq.augmented_star_gene_counts.tsv,c89590e8-8b74-4c05-a022-e21eab5cffdd,Gene Expression Quantification,ea8328d9-9049-4806-b61c-00fd515c2716,Transcriptome Profiling,RNA-Seq
0b798fe4-1c51-4c36-afc8-5bee39fd6077,"[{'case_id': 'f2da1d3f-f226-4c99-a97e-9b26f67d7a5d', 'submitter_id': 'TCGA-E9-A1R0'}]",e3142cf7-334f-4f34-a5da-53ffa4e1ba33.rna_seq.augmented_star_gene_counts.tsv,0b798fe4-1c51-4c36-afc8-5bee39fd6077,Gene Expression Quantification,c84dd1e8-75ec-4147-ade8-adb4473d61a2,Transcriptome Profiling,RNA-Seq
14edb678-3b6c-4a58-aabf-0f9d1f7d9bdc,"[{'case_id': 'f251cb6c-d18e-4691-9c82-24ed1ac0abf9', 'submitter_id': 'TCGA-BH-A0BP'}]",f5b3a6d0-3b56-4ad2-b520-8bcaadb6bd0e.rna_seq.augmented_star_gene_counts.tsv,14edb678-3b6c-4a58-aabf-0f9d1f7d9bdc,Gene Expression Quantification,ae96b30f-78cb-4246-b1c0-bc4f38d5c9e9,Transcriptome Profiling,RNA-Seq
27f4c9d4-d6ba-4fea-9f0b-fb06066e69a8,"[{'case_id': 'a6edb6ca-ae9f-4da7-8ebe-92d83d2987fb', 'submitter_id': 'TCGA-E2-A158'}]",dd1d9d28-3929-4361-a6ff-0ac781fb0ac3.rna_seq.augmented_star_gene_counts.tsv,27f4c9d4-d6ba-4fea-9f0b-fb06066e69a8,Gene Expression Quantification,d4739e9d-1e99-4a02-8488-05fa103d94b4,Transcriptome Profiling,RNA-Seq
7e915086-4926-4670-9f43-e35e2d04d6c5,"[{'case_id': 'f2622cdb-ac92-42b3-a1ca-67e133c3dd4a', 'submitter_id': 'TCGA-AC-A3OD'}]",a091a049-ebb1-465c-bf2e-b2abd72e4901.rna_seq.augmented_star_gene_counts.tsv,7e915086-4926-4670-9f43-e35e2d04d6c5,Gene Expression Quantification,78487d6f-eb7c-44db-977c-5978c389f61a,Transcriptome Profiling,RNA-Seq
89ece3f8-e2db-4ed6-b5b8-dd4df34d6224,"[{'case_id': 'a721dac6-0126-476c-b2d4-2dbf7406454b', 'submitter_id': 'TCGA-AC-A23G'}]",b1eae07c-4bc8-4b5c-9d33-d85f10214663.rna_seq.augmented_star_gene_counts.tsv,89ece3f8-e2db-4ed6-b5b8-dd4df34d6224,Gene Expression Quantification,d5716eb8-c864-4b5b-a097-9912bad750a0,Transcriptome Profiling,RNA-Seq
14979d31-e8b1-4948-beea-f913dfefa200,"[{'case_id': 'a78b04b4-2380-4803-963e-e4e633cd69ab', 'submitter_id': 'TCGA-A2-A3XS'}]",deb14c1d-474c-4d6f-bb8a-2b6df5dce5c9.rna_seq.augmented_star_gene_counts.tsv,14979d31-e8b1-4948-beea-f913dfefa200,Gene Expression Quantification,2596a9d3-894b-4466-80ed-3181500b9a5c,Transcriptome Profiling,RNA-Seq
fb397586-1b5b-40e0-a885-8663f9c76f6d,"[{'case_id': '4d26dada-5eb7-4d4e-8eb8-f5465c5c3428', 'submitter_id': 'TCGA-AR-A1AT'}]",706fb35c-d467-4f93-b5ea-0cd841533655.rna_seq.augmented_star_gene_counts.tsv,fb397586-1b5b-40e0-a885-8663f9c76f6d,Gene Expression Quantification,a9ce97e5-4e09-445a-9881-21800a53f349,Transcriptome Profiling,RNA-Seq
99367019-5583-4bcc-aa62-25916515fe17,"[{'case_id': 'd13fb44b-291b-4ea4-920c-142daa8d1989', 'submitter_id': 'TCGA-AC-A5EH'}]",c28b080d-8eb9-46b7-9e40-c37409820e17.rna_seq.augmented_star_gene_counts.tsv,99367019-5583-4bcc-aa62-25916515fe17,Gene Expression Quantification,5029f586-c5ef-4675-aae2-316271d160f4,Transcriptome Profiling,RNA-Seq
c1f3f326-e99f-4811-9665-d15d6d8a1c33,"[{'case_id': 'e3935ce4-64d3-4a66-ba11-d308b844b410', 'submitter_id': 'TCGA-E9-A5FL'}]",8b0bdebf-7292-4b66-bcf2-fcb0a06c24e3.rna_seq.augmented_star_gene_counts.tsv,c1f3f326-e99f-4811-9665-d15d6d8a1c33,Gene Expression Quantification,f08468fc-6ce3-44f7-89af-72d9b01b67e6,Transcriptome Profiling,RNA-Seq
90452523-0f9a-4c14-9d5f-e44f7079fb18,"[{'case_id': 'c07b122e-ac50-4db2-add2-5617a5d0e976', 'submitter_id': 'TCGA-GM-A2DA'}]",38387a4f-c65d-4075-8133-fdf259e919ed.rna_seq.augmented_star_gene_counts.tsv,90452523-0f9a-4c14-9d5f-e44f7079fb18,Gene Expression Quantification,2de7039a-b8cf-465c-8337-e89f564bd424,Transcriptome Profiling,RNA-Seq
cc7f30ec-5369-45ec-80cb-68534838a655,"[{'case_id': 'c0892598-1f7b-4f23-9cd8-731f797753d5', 'submitter_id': 'TCGA-A2-A0YG'}]",cc66d11a-33c0-4247-9072-6e7c0d0b6112.rna_seq.augmented_star_gene_counts.tsv,cc7f30ec-5369-45ec-80cb-68534838a655,Gene Expression Quantification,3be7564b-4cee-4b37-a1b5-d3baf2f427e6,Transcriptome Profiling,RNA-Seq
cde8361d-ade2-4103-b092-3ee9cbf85ea1,"[{'case_id': 'c1e704d6-a33b-4891-90bd-992b0040c075', 'submitter_id': 'TCGA-C8-A3M8'}]",4b42e241-a674-4d6c-b217-dcea51e6cc4f.rna_seq.augmented_star_gene_counts.tsv,cde8361d-ade2-4103-b092-3ee9cbf85ea1,Gene Expression Quantification,9f2de3f8-ddc9-4e00-8258-5919b0ad97f4,Transcriptome Profiling,RNA-Seq
d240cdef-e1a3-481f-a0d5-895d7cc5cabd,"[{'case_id': 'c25898b4-eb33-42f4-bf3f-bf532a929e7d', 'submitter_id': 'TCGA-AO-A1KO'}]",f7df28a8-81d0-434a-bfcf-0ffff4ac9ede.rna_seq.augmented_star_gene_counts.tsv,d240cdef-e1a3-481f-a0d5-895d7cc5cabd,Gene Expression Quantification,4bef78ae-1d67-45d2-98cc-e8768c415607,Transcriptome Profiling,RNA-Seq
0022cd20-f64f-4773-b9ff-a3de0b71b259,"[{'case_id': 'c2a742fe-3e8b-4210-85a6-7191a1123609', 'submitter_id': 'TCGA-AN-A0FN'}]",8d1641ea-7552-4d23-9298-094e0056386a.rna_seq.augmented_star_gene_counts.tsv,0022cd20-f64f-4773-b9ff-a3de0b71b259,Gene Expression Quantification,3cc5526f-19c4-4ff3-9c3b-2e2e5332984c,Transcriptome Profiling,RNA-Seq
4d27c8ac-375b-414a-8f88-75092f03bdd8,"[{'case_id': 'c836951b-3ffb-4e20-8504-0eccb7d50dd4', 'submitter_id': 'TCGA-A2-A25F'}]",3f94086c-9e16-403e-b191-e03e9b6e3ce2.rna_seq.augmented_star_gene_counts.tsv,4d27c8ac-375b-414a-8f88-75092f03bdd8,Gene Expression Quantification,c94404d4-5005-45d9-8866-c30af8c4f8c7,Transcriptome Profiling,RNA-Seq
cc7ea1eb-4947-4030-ace5-673e9441a9a8,"[{'case_id': 'c85f080a-1075-41df-959f-1b514a11b3c4', 'submitter_id': 'TCGA-E2-A15D'}]",952e9924-3a48-4572-bf4c-95e5049e452d.rna_seq.augmented_star_gene_counts.tsv,cc7ea1eb-4947-4030-ace5-673e9441a9a8,Gene Expression Quantification,5e50c734-f800-4837-93f9-dd8f65155f7b,Transcriptome Profiling,RNA-Seq
577dde85-20c6-44c0-bf77-bda22a7f58c0,"[{'case_id': 'cb0a2055-2168-4454-8755-47dd613db36f', 'submitter_id': 'TCGA-A8-A09R'}]",dda806cc-67a1-406b-8957-ffdb5f9087c8.rna_seq.augmented_star_gene_counts.tsv,577dde85-20c6-44c0-bf77-bda22a7f58c0,Gene Expression Quantification,f49de3fd-92cf-432f-8419-fc36f6652acc,Transcriptome Profiling,RNA-Seq
561bb38a-f9b8-4a0a-b03b-fbe70859869a,"[{'case_id': 'cc074b7f-d3b2-4880-902e-bf10e667b665', 'submitter_id': 'TCGA-BH-A18J'}]",cab9ff29-e575-45e2-a411-1bfdc2e2610c.rna_seq.augmented_star_gene_counts.tsv,561bb38a-f9b8-4a0a-b03b-fbe70859869a,Gene Expression Quantification,bfec4696-4b1a-4fbd-9dc4-0ab2d1b0d4b1,Transcriptome Profiling,RNA-Seq
83707590-e4c8-4e06-98d5-f6c5dc710d1b,"[{'case_id': '8744733a-7b46-43aa-bdef-64876816adbb', 'submitter_id': 'TCGA-E9-A1RG'}]",85237b9e-67a3-46a2-9c19-3818522994b2.rna_seq.augmented_star_gene_counts.tsv,83707590-e4c8-4e06-98d5-f6c5dc710d1b,Gene Expression Quantification,43d3a982-4ed1-403a-9d1c-02f2690d774b,Transcriptome Profiling,RNA-Seq
1300bf72-ead0-4c03-b140-fca26302b43c,"[{'case_id': 'cc348a26-ee11-47a4-8b51-de922967e175', 'submitter_id': 'TCGA-A8-A09V'}]",2f21d781-2df5-4de1-a595-a61507cfe610.rna_seq.augmented_star_gene_counts.tsv,1300bf72-ead0-4c03-b140-fca26302b43c,Gene Expression Quantification,dd44bec8-bc88-40a2-9b9a-2aeeab042687,Transcriptome Profiling,RNA-Seq
50c7c034-fccb-4eb1-b8db-e0a5d9e50172,"[{'case_id': '8785012f-f73e-4d68-87cf-1d804af32782', 'submitter_id': 'TCGA-A7-A13D'}]",d820ac02-a30e-437b-b20a-3e92705b7b81.rna_seq.augmented_star_gene_counts.tsv,50c7c034-fccb-4eb1-b8db-e0a5d9e50172,Gene Expression Quantification,3d55e3dd-49b0-49d9-8da4-be89cfc3ffd9,Transcriptome Profiling,RNA-Seq
f8e5691a-e24d-4dba-873e-9ffa3ca12bb6,"[{'case_id': '3c612e12-6de8-44fa-a095-805c45474821', 'submitter_id': 'TCGA-BH-A0W3'}]",80de2366-cd3c-4b51-9957-06ac3e152cf0.rna_seq.augmented_star_gene_counts.tsv,f8e5691a-e24d-4dba-873e-9ffa3ca12bb6,Gene Expression Quantification,4e527da6-3f2b-4f93-ae1c-752947e7ff3d,Transcriptome Profiling,RNA-Seq
d01e4cd5-3c52-4655-8b7c-ef6070d58090,"[{'case_id': '3cb06c7a-f2a8-448b-91a8-dd201bbf2ddd', 'submitter_id': 'TCGA-AR-A24V'}]",d9666e09-51bb-49a4-b289-0e6b69636858.rna_seq.augmented_star_gene_counts.tsv,d01e4cd5-3c52-4655-8b7c-ef6070d58090,Gene Expression Quantification,9a599423-abdd-4424-adde-f07206239f3c,Transcriptome Profiling,RNA-Seq
09a491b5-1bfb-47d9-963f-69f6c7e6c1e5,"[{'case_id': 'abdc76db-f85e-4337-a57e-6d098789da03', 'submitter_id': 'TCGA-C8-A12P'}]",bae57be0-48af-438d-88fa-cbaaf16b3d33.rna_seq.augmented_star_gene_counts.tsv,09a491b5-1bfb-47d9-963f-69f6c7e6c1e5,Gene Expression Quantification,cc52239c-ed2f-4735-b744-4e8eef8b18b8,Transcriptome Profiling,RNA-Seq
e52108ad-c4ab-4ab4-8636-caaeaae7ea62,"[{'case_id': 'dfaabd03-2d40-4422-b210-caf112ff4229', 'submitter_id': 'TCGA-AC-A8OQ'}]",b02ec16a-9dff-4b98-9960-73175454082a.rna_seq.augmented_star_gene_counts.tsv,e52108ad-c4ab-4ab4-8636-caaeaae7ea62,Gene Expression Quantification,15b57b81-9168-449f-a95d-4ef9c1804fb3,Transcriptome Profiling,RNA-Seq
57044315-cc7f-4677-90fa-2e959740bd9c,"[{'case_id': 'ac68d219-5670-4ddd-8df6-8aa7ad59e5c7', 'submitter_id': 'TCGA-EW-A1OV'}]",857c6778-f94c-4b61-9df0-7ee340fb88bf.rna_seq.augmented_star_gene_counts.tsv,57044315-cc7f-4677-90fa-2e959740bd9c,Gene Expression Quantification,15e191cd-987b-4b0f-9da2-edd341f40517,Transcriptome Profiling,RNA-Seq
e4744b03-e390-43f2-a14b-86bddceaf9ae,"[{'case_id': 'af0acaa9-a61c-4e57-bc0d-453ad5bf193a', 'submitter_id': 'TCGA-OL-A66L'}]",c32e3393-3a51-4d72-aa60-e8e6e8c083f0.rna_seq.augmented_star_gene_counts.tsv,e4744b03-e390-43f2-a14b-86bddceaf9ae,Gene Expression Quantification,c357c111-7870-473f-a8d4-2cbaeb453ab4,Transcriptome Profiling,RNA-Seq
8f1fa5b0-7b8b-41ae-9ba4-9bce8776e5a8,"[{'case_id': 'ac6d3ba9-f84f-4657-aa85-4d66fb7c09da', 'submitter_id': 'TCGA-A2-A1FX'}]",b1e1ae0d-4558-4d30-9b20-79aa40fa5a2a.rna_seq.augmented_star_gene_counts.tsv,8f1fa5b0-7b8b-41ae-9ba4-9bce8776e5a8,Gene Expression Quantification,aa15c869-65d2-4354-bf06-c5118900b467,Transcriptome Profiling,RNA-Seq
67eceef4-f870-47a0-82d8-b39aa3282bd3,"[{'case_id': 'af2a8e2f-2ae1-48bc-bba5-0e2c077c4e48', 'submitter_id': 'TCGA-D8-A1JU'}]",8087339c-4fdc-42e4-94ff-299a59ae88a3.rna_seq.augmented_star_gene_counts.tsv,67eceef4-f870-47a0-82d8-b39aa3282bd3,Gene Expression Quantification,4473dfd9-b268-4345-a447-4c17bbe63001,Transcriptome Profiling,RNA-Seq
f7619693-b880-408e-8be5-f266f61a403e,"[{'case_id': 'ad0fa961-c085-4f38-b3db-5fc0cbf6b64f', 'submitter_id': 'TCGA-AR-A2LO'}]",a2b566c2-bdbc-41c0-a9dc-8207582e1a51.rna_seq.augmented_star_gene_counts.tsv,f7619693-b880-408e-8be5-f266f61a403e,Gene Expression Quantification,a5648bed-331b-4f7a-9d33-be57ad8eae93,Transcriptome Profiling,RNA-Seq
ecf9996e-0cba-4394-9f5a-51fceab1ac56,"[{'case_id': 'af5453a9-cf1f-40de-aec4-0e0710908fb7', 'submitter_id': 'TCGA-A8-A0AD'}]",47bdf86d-922f-4615-b7dc-8b19a0cbcf60.rna_seq.augmented_star_gene_counts.tsv,ecf9996e-0cba-4394-9f5a-51fceab1ac56,Gene Expression Quantification,3f72f8ad-ab95-4293-8f97-8ebc5307f1cd,Transcriptome Profiling,RNA-Seq
b3b9ae66-e8d1-4a32-a2a9-46931b753527,"[{'case_id': 'ae65baeb-6b78-492a-8c63-bb7e93e83dc2', 'submitter_id': 'TCGA-D8-A27M'}]",e627254f-65f9-4939-add4-bb77bfd92e16.rna_seq.augmented_star_gene_counts.tsv,b3b9ae66-e8d1-4a32-a2a9-46931b753527,Gene Expression Quantification,3751c6c9-e624-4e33-8474-f3156ac94b1f,Transcriptome Profiling,RNA-Seq
e5f6e803-fc44-4f0f-9f6e-562b4e7d77ca,"[{'case_id': 'b0700958-5f90-4546-b35f-635cd506889b', 'submitter_id': 'TCGA-PE-A5DD'}]",360280b4-a4eb-40f0-ac1a-35d6858f4aeb.rna_seq.augmented_star_gene_counts.tsv,e5f6e803-fc44-4f0f-9f6e-562b4e7d77ca,Gene Expression Quantification,ded2f877-b74d-4efe-b910-2904e06e02f5,Transcriptome Profiling,RNA-Seq
2e60bad2-2dd2-4dc3-aa45-dfc36ef4884b,"[{'case_id': 'b0bcb829-cee0-4247-bb75-093a5bea89ee', 'submitter_id': 'TCGA-E2-A105'}]",e1ef10f3-a1e2-4391-bfec-ac6b0231ae5d.rna_seq.augmented_star_gene_counts.tsv,2e60bad2-2dd2-4dc3-aa45-dfc36ef4884b,Gene Expression Quantification,424aab4d-cbe2-49bb-b05b-4ef3d25c3713,Transcriptome Profiling,RNA-Seq
762adf07-6d7a-4d02-98fb-16fffd548a93,"[{'case_id': 'b205bba0-1870-4458-9088-8817e20389fe', 'submitter_id': 'TCGA-A8-A09A'}]",f518ad50-78d8-4b0f-a6b0-07bad20462ce.rna_seq.augmented_star_gene_counts.tsv,762adf07-6d7a-4d02-98fb-16fffd548a93,Gene Expression Quantification,e481f07c-ade0-4206-9a04-f629272cbdce,Transcriptome Profiling,RNA-Seq
da29bf10-4629-4234-8e49-43a4513fe579,"[{'case_id': 'b304302a-f2b9-4cd7-ab14-c21edf7778ea', 'submitter_id': 'TCGA-E9-A5FK'}]",7f2a1bd4-9b71-4e12-ae92-6aaaf247ebca.rna_seq.augmented_star_gene_counts.tsv,da29bf10-4629-4234-8e49-43a4513fe579,Gene Expression Quantification,816b2d4a-c8b3-4269-a16b-65dbff2c6f15,Transcriptome Profiling,RNA-Seq
4bf6ebc1-575d-49e4-9f66-068b537373c0,"[{'case_id': 'b3264748-947a-43aa-b227-b294fbcc8447', 'submitter_id': 'TCGA-BH-A203'}]",767425eb-9fa2-45bc-a3ad-ca8dbafd373f.rna_seq.augmented_star_gene_counts.tsv,4bf6ebc1-575d-49e4-9f66-068b537373c0,Gene Expression Quantification,9aee9bec-de31-4c83-a80b-ed22e2403c1e,Transcriptome Profiling,RNA-Seq
3e5dce7b-3f1e-4b43-b83e-8c0fc654e9c4,"[{'case_id': 'b2ecbc0f-2c30-4200-8d5e-7b95424bcadb', 'submitter_id': 'TCGA-A7-A26I'}]",1b392450-2b27-4dce-9205-7de33a64ba42.rna_seq.augmented_star_gene_counts.tsv,3e5dce7b-3f1e-4b43-b83e-8c0fc654e9c4,Gene Expression Quantification,ab42cdb3-f775-4c36-99f1-8ab3ebd2162d,Transcriptome Profiling,RNA-Seq
e3cfb618-5ed2-4841-b7c1-a9f049ac8f9d,"[{'case_id': 'b343bfe0-7c23-4c6a-8c84-9ee39db2ecda', 'submitter_id': 'TCGA-GM-A2DD'}]",021d9e06-9d27-400c-8776-08e89c817b46.rna_seq.augmented_star_gene_counts.tsv,e3cfb618-5ed2-4841-b7c1-a9f049ac8f9d,Gene Expression Quantification,2c9bcc48-b848-4dd5-8c53-4881dc7f8d09,Transcriptome Profiling,RNA-Seq
0fef4f4a-1c4e-4035-acff-af12febbaf1e,"[{'case_id': 'f30eb65f-fb44-4062-ac39-a38d072f655f', 'submitter_id': 'TCGA-B6-A1KF'}]",f383e1a0-2847-49e0-bede-abe5ce5147ce.rna_seq.augmented_star_gene_counts.tsv,0fef4f4a-1c4e-4035-acff-af12febbaf1e,Gene Expression Quantification,06af429f-2cfe-4001-b0eb-05a225536a6b,Transcriptome Profiling,RNA-Seq
a9b5ab37-10c2-4fb6-9c4e-3fcd5ea26526,"[{'case_id': 'f357fe19-5359-4662-8ce9-aa996132283b', 'submitter_id': 'TCGA-AO-A0JF'}]",dbc4f72a-3937-4092-92b8-d52c6b0c3340.rna_seq.augmented_star_gene_counts.tsv,a9b5ab37-10c2-4fb6-9c4e-3fcd5ea26526,Gene Expression Quantification,f42a9669-90b7-4e23-a701-8d0e88608b17,Transcriptome Profiling,RNA-Seq
2fa144d0-2776-46d9-a7d4-41f68a1d3727,"[{'case_id': 'f3a058b9-fb7f-4098-8f0e-83c2acfa1ed5', 'submitter_id': 'TCGA-A2-A04R'}]",89424841-6b5a-4f5f-b5c2-209630c6f597.rna_seq.augmented_star_gene_counts.tsv,2fa144d0-2776-46d9-a7d4-41f68a1d3727,Gene Expression Quantification,41fc9198-be2f-495e-bfc1-1fab0c03b12b,Transcriptome Profiling,RNA-Seq
28b84c2b-6524-46ee-9d1e-24e7d6379af4,"[{'case_id': 'f3b86c02-09a5-4e97-aa7a-86f13f7cda4b', 'submitter_id': 'TCGA-EW-A1PE'}]",b55e91d5-8675-4f6e-b9f0-cef4c82b7323.rna_seq.augmented_star_gene_counts.tsv,28b84c2b-6524-46ee-9d1e-24e7d6379af4,Gene Expression Quantification,79d2bc9e-f1a2-4384-83e1-88cba5154036,Transcriptome Profiling,RNA-Seq
d9ea5bde-aa1a-4210-976f-b2f67c6d0191,"[{'case_id': 'b6633c36-7ce4-4b69-9bf6-30b64d46c66f', 'submitter_id': 'TCGA-A8-A07C'}]",5b858b45-79a5-4857-b59e-8c56a8b04320.rna_seq.augmented_star_gene_counts.tsv,d9ea5bde-aa1a-4210-976f-b2f67c6d0191,Gene Expression Quantification,22b70954-50d4-4c19-9b6f-caabf7331cd7,Transcriptome Profiling,RNA-Seq
2081a155-9d2d-41f6-b243-68a12e9b342a,"[{'case_id': '88db1340-e4bf-451a-87c0-6e9168296f5e', 'submitter_id': 'TCGA-EW-A1PB'}]",62ca3ce8-77f9-4e02-ace4-af79519b53fd.rna_seq.augmented_star_gene_counts.tsv,2081a155-9d2d-41f6-b243-68a12e9b342a,Gene Expression Quantification,a94013bf-969c-4bcb-a0fc-17e73864fe82,Transcriptome Profiling,RNA-Seq
ed797859-4d7e-40e6-bae3-54ef15ad0f0a,"[{'case_id': '89128dba-403f-4a96-bb3b-23ed0d5e2147', 'submitter_id': 'TCGA-E2-A1AZ'}]",22190dbc-a176-4f26-96d8-c2d2667b64ae.rna_seq.augmented_star_gene_counts.tsv,ed797859-4d7e-40e6-bae3-54ef15ad0f0a,Gene Expression Quantification,dedc6d77-6c12-4d31-b666-abfdeb9fd4cd,Transcriptome Profiling,RNA-Seq
812eeeed-1222-4add-b6d1-f53ae2669218,"[{'case_id': 'f4b69043-4a67-48e3-a4d1-72a21ae2d175', 'submitter_id': 'TCGA-A8-A090'}]",f04a6a90-d4d9-4b17-afaa-f97044ff4b6a.rna_seq.augmented_star_gene_counts.tsv,812eeeed-1222-4add-b6d1-f53ae2669218,Gene Expression Quantification,ea9e460a-7a04-49ec-8b62-64357be2f62b,Transcriptome Profiling,RNA-Seq
7fa9ad2e-67a7-449f-be73-9e18dc46b529,"[{'case_id': 'a9b7d7fe-be31-4f71-afee-c1bfdf511888', 'submitter_id': 'TCGA-AO-A0J4'}]",5d5bb9d2-2244-4673-99db-653609cf5de2.rna_seq.augmented_star_gene_counts.tsv,7fa9ad2e-67a7-449f-be73-9e18dc46b529,Gene Expression Quantification,e704539f-0739-4683-b2c9-26062899103a,Transcriptome Profiling,RNA-Seq
12f8a326-1417-478e-a45e-abdff8b44266,"[{'case_id': 'f5539207-6534-4edc-a5a5-7666b5d16ba4', 'submitter_id': 'TCGA-A8-A08X'}]",3ccab1b1-39f2-4947-bbac-1c25750f0464.rna_seq.augmented_star_gene_counts.tsv,12f8a326-1417-478e-a45e-abdff8b44266,Gene Expression Quantification,8c6f3e02-4292-4fb0-ab5b-d40db0cf2295,Transcriptome Profiling,RNA-Seq
7b738087-65b1-4c6e-94c4-d0ba6bb17098,"[{'case_id': 'f55dd73d-8c36-440b-84e5-9aae53107775', 'submitter_id': 'TCGA-EW-A1OW'}]",c8c213fe-4ab7-4671-81cb-fe09b11fcbe7.rna_seq.augmented_star_gene_counts.tsv,7b738087-65b1-4c6e-94c4-d0ba6bb17098,Gene Expression Quantification,a70f758f-7ed0-431e-8d67-a6f0149c2f93,Transcriptome Profiling,RNA-Seq
95f4620f-f9b0-4533-bb13-f412d774244a,"[{'case_id': 'ab89bb2e-da84-4116-a8cd-49aad7bbfd4d', 'submitter_id': 'TCGA-AR-A0TP'}]",d8d139e8-6e6f-4771-b624-69518f847b85.rna_seq.augmented_star_gene_counts.tsv,95f4620f-f9b0-4533-bb13-f412d774244a,Gene Expression Quantification,9106a20d-ef51-4c48-b213-d071425631ac,Transcriptome Profiling,RNA-Seq
586d9c21-e58a-4171-9755-30c0e8b16293,"[{'case_id': 'f5d4c2d3-cc69-4b38-8551-0917e3622a68', 'submitter_id': 'TCGA-AC-A2FO'}]",3ffa2cdf-4a54-4362-a6cf-b0567ef69551.rna_seq.augmented_star_gene_counts.tsv,586d9c21-e58a-4171-9755-30c0e8b16293,Gene Expression Quantification,85fdc9b8-8383-429e-88b2-e3c170d651b4,Transcriptome Profiling,RNA-Seq
9b5bdd89-05ac-4cde-beee-66739a903939,"[{'case_id': 'aba5f46a-e67a-4cd2-9c52-c0686968ff04', 'submitter_id': 'TCGA-EW-A6SA'}]",27d65db7-ad41-46f0-bfd1-61c693073e19.rna_seq.augmented_star_gene_counts.tsv,9b5bdd89-05ac-4cde-beee-66739a903939,Gene Expression Quantification,b3c733c3-78f9-426d-bfd3-2e6d967edfa1,Transcriptome Profiling,RNA-Seq
373e0f41-a47e-4f4e-88fe-9703d16a840c,"[{'case_id': 'f6e1ec78-5ad9-4879-9b7e-262d17b166ad', 'submitter_id': 'TCGA-BH-A18R'}]",e869b178-9abe-44ca-ae6b-a6caae1834fb.rna_seq.augmented_star_gene_counts.tsv,373e0f41-a47e-4f4e-88fe-9703d16a840c,Gene Expression Quantification,c6d41ba5-bb1f-4db4-a59b-5b4eb4ba81cf,Transcriptome Profiling,RNA-Seq
bd239a8e-56e2-45ca-bc44-bff98b72c1d6,"[{'case_id': 'f6e1ec78-5ad9-4879-9b7e-262d17b166ad', 'submitter_id': 'TCGA-BH-A18R'}]",d28a7c02-2f33-46e2-bff9-5ed518ea6fb6.rna_seq.augmented_star_gene_counts.tsv,bd239a8e-56e2-45ca-bc44-bff98b72c1d6,Gene Expression Quantification,c221e8b4-1713-4067-b273-ec953aab3215,Transcriptome Profiling,RNA-Seq
94ae90d4-16a8-4922-b6b6-e5fcec9d0ae6,"[{'case_id': 'ea8dbc7a-54c6-469c-865e-f49d00b0223d', 'submitter_id': 'TCGA-D8-A73W'}]",f1d01b35-7a63-48c1-82ae-a9684906ef65.rna_seq.augmented_star_gene_counts.tsv,94ae90d4-16a8-4922-b6b6-e5fcec9d0ae6,Gene Expression Quantification,2ee88ef3-f64a-471b-8683-4b738ea5701e,Transcriptome Profiling,RNA-Seq
6a89e8a2-577e-4531-98e8-ba6fc6cfe525,"[{'case_id': 'e7a00d67-2c26-4d1f-bd17-35f659e88bc1', 'submitter_id': 'TCGA-BH-A202'}]",2bbbdb50-4486-473c-a158-6b1656bdb242.rna_seq.augmented_star_gene_counts.tsv,6a89e8a2-577e-4531-98e8-ba6fc6cfe525,Gene Expression Quantification,cbe26e9a-7b3f-4df1-b1da-aa7eff0977e4,Transcriptome Profiling,RNA-Seq
8fb0660c-fb39-47f0-8450-1f7abff3b656,"[{'case_id': 'eb2dbb4f-66b6-4525-8323-431970f7a64e', 'submitter_id': 'TCGA-A2-A0CM'}]",3334577a-8045-4613-9a1b-e79fd62d5d6d.rna_seq.augmented_star_gene_counts.tsv,8fb0660c-fb39-47f0-8450-1f7abff3b656,Gene Expression Quantification,a3709057-a325-494c-b450-88456c4b649d,Transcriptome Profiling,RNA-Seq
4c46a463-f0e3-4e19-ad95-5dab0231d1c6,"[{'case_id': 'f72c1d69-da35-459f-8542-59bfd6c09c23', 'submitter_id': 'TCGA-AR-A1AX'}]",f2ab4258-222d-4a08-a805-3628048ebf1c.rna_seq.augmented_star_gene_counts.tsv,4c46a463-f0e3-4e19-ad95-5dab0231d1c6,Gene Expression Quantification,bef105f5-9f26-4122-bf53-762a2c5243e1,Transcriptome Profiling,RNA-Seq
679ba4c3-49da-47d1-bef2-ce25fd862758,"[{'case_id': 'e7db08a7-b439-4230-8dc4-1b54af4736c4', 'submitter_id': 'TCGA-WT-AB41'}]",cd40e8d1-b307-4840-bba6-fd2f71d0c26d.rna_seq.augmented_star_gene_counts.tsv,679ba4c3-49da-47d1-bef2-ce25fd862758,Gene Expression Quantification,3718b9a8-48b5-43b8-a98f-fedbc04a8036,Transcriptome Profiling,RNA-Seq
26466526-2d6e-4869-a06a-c33344e5fab2,"[{'case_id': 'eb93df3d-9e25-4e4c-9a5d-350f296e5acf', 'submitter_id': 'TCGA-D8-A1X5'}]",586df577-513d-4d43-ac47-89c52f322d30.rna_seq.augmented_star_gene_counts.tsv,26466526-2d6e-4869-a06a-c33344e5fab2,Gene Expression Quantification,60ca8324-d7be-4f4e-b052-1cea4925b33a,Transcriptome Profiling,RNA-Seq
ccd1dcec-f3c1-42ca-b3e8-a73a7d2237ff,"[{'case_id': 'e9002f4e-ba0b-4738-9368-dd9614a5da8a', 'submitter_id': 'TCGA-OL-A66N'}]",032e5aa7-8028-48ad-8fe4-6a5cc6aee5cb.rna_seq.augmented_star_gene_counts.tsv,ccd1dcec-f3c1-42ca-b3e8-a73a7d2237ff,Gene Expression Quantification,33d5efa2-d2cc-4363-b3f9-225e25894c06,Transcriptome Profiling,RNA-Seq
37bf6454-a4e7-4e00-9562-57ba6fd58b6d,"[{'case_id': 'ebd1512a-4865-4193-97b3-f599d555759a', 'submitter_id': 'TCGA-AR-A1AM'}]",7fe106c5-4235-4930-83cd-84dc5250db89.rna_seq.augmented_star_gene_counts.tsv,37bf6454-a4e7-4e00-9562-57ba6fd58b6d,Gene Expression Quantification,5060a26f-8ac3-412f-b098-90261df30056,Transcriptome Profiling,RNA-Seq
59d61414-a337-4e45-9e89-4526dde82786,"[{'case_id': 'e89a9deb-6321-4e61-b412-b4993d4277dd', 'submitter_id': 'TCGA-A8-A07L'}]",fe8166b9-08e8-477b-9122-0e9194f34818.rna_seq.augmented_star_gene_counts.tsv,59d61414-a337-4e45-9e89-4526dde82786,Gene Expression Quantification,3670f371-2712-4f83-98bd-6ca5adab7125,Transcriptome Profiling,RNA-Seq
cdf2bc60-591c-4219-bf96-40dd8b6c8459,"[{'case_id': 'ef1b3332-cd7f-41bb-a2d3-2538e7becc5c', 'submitter_id': 'TCGA-LL-A5YN'}]",6a8e570e-dd05-4c06-9ed0-52ba0727faec.rna_seq.augmented_star_gene_counts.tsv,cdf2bc60-591c-4219-bf96-40dd8b6c8459,Gene Expression Quantification,103dccc5-2c54-4b03-ae12-0f8f94a2bf33,Transcriptome Profiling,RNA-Seq
15e249cf-4c45-4006-84fd-899f9927e376,"[{'case_id': 'ec77a23d-84f5-47e4-bf2a-fa1c03baf3db', 'submitter_id': 'TCGA-E2-A15F'}]",4796719b-2fa2-40ee-9fa9-6a8caa703823.rna_seq.augmented_star_gene_counts.tsv,15e249cf-4c45-4006-84fd-899f9927e376,Gene Expression Quantification,c34ed9b7-d09a-48f8-a92a-c1c3045aa11e,Transcriptome Profiling,RNA-Seq
5422b305-6411-4a01-b371-dc74c9e351e4,"[{'case_id': '3b1f7e48-216d-47de-ba79-db350f52bff0', 'submitter_id': 'TCGA-C8-A27A'}]",be8e200c-dced-4b24-a70d-6b6baecb7300.rna_seq.augmented_star_gene_counts.tsv,5422b305-6411-4a01-b371-dc74c9e351e4,Gene Expression Quantification,507f6cb5-1ee4-426b-a937-9ab5f8fe4dca,Transcriptome Profiling,RNA-Seq
9e4b6ad6-99f7-4244-8f1b-20b7b36c457f,"[{'case_id': 'eff2360e-399a-4167-ab2b-798e27bef739', 'submitter_id': 'TCGA-E2-A107'}]",51c66f38-afcb-423c-9004-708081b729f6.rna_seq.augmented_star_gene_counts.tsv,9e4b6ad6-99f7-4244-8f1b-20b7b36c457f,Gene Expression Quantification,2ab951e8-15a2-43a3-8e16-c0e5f04a1a89,Transcriptome Profiling,RNA-Seq
e4732dd4-002a-4b37-9a56-d01d551e9cc3,"[{'case_id': 'f02931f8-d72a-481d-b532-8b141dab115f', 'submitter_id': 'TCGA-B6-A0WW'}]",9c1779d3-6e10-413b-9df9-a9378862d8c4.rna_seq.augmented_star_gene_counts.tsv,e4732dd4-002a-4b37-9a56-d01d551e9cc3,Gene Expression Quantification,ade4ece3-152f-47fc-bfed-34903e6b93ab,Transcriptome Profiling,RNA-Seq
86ce8513-c2a6-4b5c-9811-904f0eee21a0,"[{'case_id': 'ed6cef77-1bd9-4e3b-b576-550a91e4253a', 'submitter_id': 'TCGA-EW-A1J1'}]",8b7eaa6a-3ea9-4bf4-b814-7b2e7dbb3528.rna_seq.augmented_star_gene_counts.tsv,86ce8513-c2a6-4b5c-9811-904f0eee21a0,Gene Expression Quantification,6282feca-d6ce-4f6f-a8f4-93094353bea1,Transcriptome Profiling,RNA-Seq
eea8e274-7b23-444d-999d-1741d7a928d2,"[{'case_id': 'f0787165-6f58-4d67-b510-928eea2c4882', 'submitter_id': 'TCGA-E2-A109'}]",20ef7196-2274-44e1-a105-0761f80c893c.rna_seq.augmented_star_gene_counts.tsv,eea8e274-7b23-444d-999d-1741d7a928d2,Gene Expression Quantification,560d08aa-63c6-4122-8056-1c599a8e7adf,Transcriptome Profiling,RNA-Seq
2b64d9ef-56fc-4362-99c7-d0cc6011c2a4,"[{'case_id': 'ee5744c0-a8dc-43f2-abdd-0b5529a3e9fb', 'submitter_id': 'TCGA-EW-A1P6'}]",68bf0c2e-f2ad-48f3-b29d-b2a3c5d1c568.rna_seq.augmented_star_gene_counts.tsv,2b64d9ef-56fc-4362-99c7-d0cc6011c2a4,Gene Expression Quantification,f0f7e4a0-5909-41e0-933a-26bb4d8cf832,Transcriptome Profiling,RNA-Seq
526d750f-3cab-4379-9b3e-1b7f9fa84528,"[{'case_id': 'f0de67ff-8967-4fce-9c12-0e07193285cd', 'submitter_id': 'TCGA-E2-A2P5'}]",8909b639-c15f-4935-a698-6de79c3d0433.rna_seq.augmented_star_gene_counts.tsv,526d750f-3cab-4379-9b3e-1b7f9fa84528,Gene Expression Quantification,73bcfd15-3326-4068-bbe3-663401ed4c48,Transcriptome Profiling,RNA-Seq
2bf56d2d-8c5e-4579-847b-03fd0ba46143,"[{'case_id': 'f2bbfa9d-9a9d-4f46-9fde-378e4c44e2ad', 'submitter_id': 'TCGA-BH-A0DK'}]",fb3713b9-fad5-4d66-b419-8f53530b14cd.rna_seq.augmented_star_gene_counts.tsv,2bf56d2d-8c5e-4579-847b-03fd0ba46143,Gene Expression Quantification,82009aec-37ac-4d49-b464-2ce8f7eaf913,Transcriptome Profiling,RNA-Seq
de5e449b-bc57-4836-89e4-73a3ba24abdf,"[{'case_id': '4dfc233b-ed03-4825-8089-e04cdee99996', 'submitter_id': 'TCGA-EW-A1PD'}]",748e4eaa-2b96-4dce-a903-c7df733d7f50.rna_seq.augmented_star_gene_counts.tsv,de5e449b-bc57-4836-89e4-73a3ba24abdf,Gene Expression Quantification,62faa455-eb73-4f50-a8a3-b77f66f528d9,Transcriptome Profiling,RNA-Seq
1341b934-ead3-4c4a-bd84-09084895fa83,"[{'case_id': '4e3699da-4367-4a43-9d66-a117d3ad460d', 'submitter_id': 'TCGA-AN-A0XN'}]",6ddab78f-8bf5-43ef-847b-f68c15475d46.rna_seq.augmented_star_gene_counts.tsv,1341b934-ead3-4c4a-bd84-09084895fa83,Gene Expression Quantification,608f1791-18ef-4b83-9c1b-3370f5b526a1,Transcriptome Profiling,RNA-Seq
c440cfb1-33ec-4be4-a4a4-4aea9a66d021,"[{'case_id': 'a6edb6ca-ae9f-4da7-8ebe-92d83d2987fb', 'submitter_id': 'TCGA-E2-A158'}]",484b85c7-1102-4d34-89b8-8ce458b55d2b.rna_seq.augmented_star_gene_counts.tsv,c440cfb1-33ec-4be4-a4a4-4aea9a66d021,Gene Expression Quantification,6f041f94-58cb-4c69-be5b-d71dbe204a39,Transcriptome Profiling,RNA-Seq
50e8fce6-5775-41d6-bcaa-73773db999e2,"[{'case_id': '2d4c778c-7f77-4f0a-8261-2086accf15fd', 'submitter_id': 'TCGA-AO-A03P'}]",ea55206b-29c6-4a8b-9219-cfd28c29117a.rna_seq.augmented_star_gene_counts.tsv,50e8fce6-5775-41d6-bcaa-73773db999e2,Gene Expression Quantification,9aafc1ab-748b-4add-b3fa-65f8a8ee2e20,Transcriptome Profiling,RNA-Seq
04a7cce8-c3b3-4994-9dac-c0e53099f37d,"[{'case_id': 'd1703dbd-5c93-4cf2-a4d1-0d90640882bd', 'submitter_id': 'TCGA-AR-A0TR'}]",676cce88-9f6e-4490-8e73-c0e88bd00075.rna_seq.augmented_star_gene_counts.tsv,04a7cce8-c3b3-4994-9dac-c0e53099f37d,Gene Expression Quantification,6e4366eb-cedd-413c-a0de-391643dc278a,Transcriptome Profiling,RNA-Seq
3396edba-0d2a-4485-ad0a-5114b38c1abe,"[{'case_id': 'a76774fe-7298-4d68-a2b2-c1bad93f0c31', 'submitter_id': 'TCGA-GM-A2DL'}]",2e64abe2-6024-4d28-9e09-560ce2a9fd15.rna_seq.augmented_star_gene_counts.tsv,3396edba-0d2a-4485-ad0a-5114b38c1abe,Gene Expression Quantification,f7c166d0-fb1c-467f-a6b4-c0dcd6a539e9,Transcriptome Profiling,RNA-Seq
4382bb60-997e-4a1a-9cdb-3d8738806379,"[{'case_id': 'd111c4ab-b39a-4a7c-8d8e-cb342bc10627', 'submitter_id': 'TCGA-A2-A4RX'}]",790ea932-848f-40cf-ab94-673eea700aa2.rna_seq.augmented_star_gene_counts.tsv,4382bb60-997e-4a1a-9cdb-3d8738806379,Gene Expression Quantification,d70c64bb-8fb0-4421-bba3-2beff5e68379,Transcriptome Profiling,RNA-Seq
793d3caa-8353-4536-83e5-711215bd51e9,"[{'case_id': '4d1bf9e6-5837-4aed-b568-92f014ed5a4b', 'submitter_id': 'TCGA-D8-A1JH'}]",6fb7c578-dec9-4fe8-a9bf-3888bb765658.rna_seq.augmented_star_gene_counts.tsv,793d3caa-8353-4536-83e5-711215bd51e9,Gene Expression Quantification,cc135b20-3ba7-4bb6-9485-fee80b382ec0,Transcriptome Profiling,RNA-Seq
d67d6fbf-50fa-485e-8ac7-a3c7ac33b3b2,"[{'case_id': 'f3cb557d-23e4-4fd1-81ca-db1a3f56d56e', 'submitter_id': 'TCGA-E9-A3QA'}]",63eff205-4fd4-4148-a596-2f7c17da328f.rna_seq.augmented_star_gene_counts.tsv,d67d6fbf-50fa-485e-8ac7-a3c7ac33b3b2,Gene Expression Quantification,ef9eac40-9e8d-4e45-aa21-38e3b39f86cd,Transcriptome Profiling,RNA-Seq
871d28f4-09d5-4f16-8c29-4aa7d247f3e3,"[{'case_id': 'e3b555aa-7f0a-49c6-9b13-182c61a144c1', 'submitter_id': 'TCGA-A2-A1G4'}]",ba00c48c-c33e-4dab-beb6-0575ee076dfd.rna_seq.augmented_star_gene_counts.tsv,871d28f4-09d5-4f16-8c29-4aa7d247f3e3,Gene Expression Quantification,27994dad-a5b4-481a-8ce0-85dbd614e277,Transcriptome Profiling,RNA-Seq
bc0a4326-63d2-4ec4-9af6-7b421aa8aa49,"[{'case_id': '87e09544-eddb-473b-8617-212407ce644e', 'submitter_id': 'TCGA-E2-A106'}]",650319bc-20e1-4451-bcb5-a35c360060ef.rna_seq.augmented_star_gene_counts.tsv,bc0a4326-63d2-4ec4-9af6-7b421aa8aa49,Gene Expression Quantification,86e7b19e-41f3-48f9-b4f3-a1b86ebbb9f9,Transcriptome Profiling,RNA-Seq
56a26df4-d9c1-4f43-bb44-8afd34eea927,"[{'case_id': 'c65b835a-2d38-4250-a173-0780d2c2cf58', 'submitter_id': 'TCGA-E9-A1NI'}]",95e77e5a-9963-4d65-935d-893a5dbe702e.rna_seq.augmented_star_gene_counts.tsv,56a26df4-d9c1-4f43-bb44-8afd34eea927,Gene Expression Quantification,2849f29c-9c6c-4bdb-ad3b-5e59f668b9e9,Transcriptome Profiling,RNA-Seq
3b9e620f-a661-4a1d-ac46-ab4c56a4b241,"[{'case_id': 'c462e422-eb8d-4daf-9897-2a9c6cbd783a', 'submitter_id': 'TCGA-A1-A0SD'}]",04c428b5-d0b9-4ecf-86e8-8a42dc4cbb5e.rna_seq.augmented_star_gene_counts.tsv,3b9e620f-a661-4a1d-ac46-ab4c56a4b241,Gene Expression Quantification,245c9fd5-73c0-4371-82f3-4fb43d7baad8,Transcriptome Profiling,RNA-Seq
b93b04d3-7526-4d65-bc15-0148e75ac225,"[{'case_id': 'c54d5507-bba5-4a1e-8885-3c3b1eed13c1', 'submitter_id': 'TCGA-D8-A27P'}]",2244c5e8-a873-4e29-abb7-e869a7d79e3f.rna_seq.augmented_star_gene_counts.tsv,b93b04d3-7526-4d65-bc15-0148e75ac225,Gene Expression Quantification,0dabe5c7-d4bd-4110-8685-119716d86367,Transcriptome Profiling,RNA-Seq
e0bd84f0-9524-4bd2-aa92-7205357596e5,"[{'case_id': 'c694615c-b1c6-499c-8058-995633ebf948', 'submitter_id': 'TCGA-E9-A1RF'}]",083eb05f-0af4-4f73-bf09-3806eb3b71bb.rna_seq.augmented_star_gene_counts.tsv,e0bd84f0-9524-4bd2-aa92-7205357596e5,Gene Expression Quantification,67c100e2-dc82-446e-8dc4-e105308350be,Transcriptome Profiling,RNA-Seq
b0fc63c9-c4aa-4206-8636-47245f510cff,"[{'case_id': 'c5891c7a-fd24-4891-8f51-373967e4a6dd', 'submitter_id': 'TCGA-BH-A0AW'}]",8d66b5ac-4ceb-40a3-b2b9-4d0c24be01a7.rna_seq.augmented_star_gene_counts.tsv,b0fc63c9-c4aa-4206-8636-47245f510cff,Gene Expression Quantification,da36be47-09f5-4c31-b4c0-e0c353746df7,Transcriptome Profiling,RNA-Seq
b9eb33d4-1017-42cf-b72c-f917de5425e7,"[{'case_id': 'c694615c-b1c6-499c-8058-995633ebf948', 'submitter_id': 'TCGA-E9-A1RF'}]",8fe92722-33b4-421a-9229-7d82e8af0ce2.rna_seq.augmented_star_gene_counts.tsv,b9eb33d4-1017-42cf-b72c-f917de5425e7,Gene Expression Quantification,462a8103-29f2-469d-9f42-d1a93c436b27,Transcriptome Profiling,RNA-Seq
41a97024-43f7-41b8-8755-94cd29105a5f,"[{'case_id': 'c8f39325-5382-447c-9291-a6915fc978b8', 'submitter_id': 'TCGA-OL-A5D7'}]",62e41b20-5f83-43c2-9887-809e97794f04.rna_seq.augmented_star_gene_counts.tsv,41a97024-43f7-41b8-8755-94cd29105a5f,Gene Expression Quantification,80dc8681-bf70-4ebe-a7b0-c09f84f1a361,Transcriptome Profiling,RNA-Seq
6b62d6dd-bb6f-4f39-9041-992c47b875f3,"[{'case_id': 'c3148e68-1739-4334-abda-1dcbc2166846', 'submitter_id': 'TCGA-B6-A0RH'}]",d1f7678a-8106-46c9-95b7-5ec5d940f08c.rna_seq.augmented_star_gene_counts.tsv,6b62d6dd-bb6f-4f39-9041-992c47b875f3,Gene Expression Quantification,6ab4f450-9e80-4910-a9f6-2c8a2070fc2a,Transcriptome Profiling,RNA-Seq
3bb2e240-9cea-4dd2-be32-6bc6976a79b1,"[{'case_id': 'c744fc13-3aca-4245-9e24-abd368cc8bef', 'submitter_id': 'TCGA-A2-A0CX'}]",ce362483-60b7-4654-b201-834c60e38690.rna_seq.augmented_star_gene_counts.tsv,3bb2e240-9cea-4dd2-be32-6bc6976a79b1,Gene Expression Quantification,9cf7d85a-17fa-453b-9377-3b3e50d26f8f,Transcriptome Profiling,RNA-Seq
e6cbdcab-7fd1-43a6-be43-68b6a0fb4fe9,"[{'case_id': '3b963d72-ba5c-467b-83c9-fbdb462510a3', 'submitter_id': 'TCGA-A2-A25D'}]",e548b6da-7025-48ef-bac6-50dcf66abe71.rna_seq.augmented_star_gene_counts.tsv,e6cbdcab-7fd1-43a6-be43-68b6a0fb4fe9,Gene Expression Quantification,8a8888c3-e2fa-4585-8bfd-b3e069548164,Transcriptome Profiling,RNA-Seq
9415696a-44d9-477f-aba3-0a30ded48778,"[{'case_id': '3bf81a9f-abb4-4495-a514-fd3865e13a03', 'submitter_id': 'TCGA-BH-A201'}]",3c3c4741-8eda-46fe-8d36-2cd683f4a987.rna_seq.augmented_star_gene_counts.tsv,9415696a-44d9-477f-aba3-0a30ded48778,Gene Expression Quantification,10cf9ccb-de23-4458-b4ea-d7f17debb899,Transcriptome Profiling,RNA-Seq
8644d07c-979f-4ec6-928a-afe9229fb9f1,"[{'case_id': '3c08aabd-d5b5-4bbe-857c-38a7527b2163', 'submitter_id': 'TCGA-A8-A085'}]",38b11e1f-1db0-4733-bdf6-fb64664027d4.rna_seq.augmented_star_gene_counts.tsv,8644d07c-979f-4ec6-928a-afe9229fb9f1,Gene Expression Quantification,ab329af5-cbfa-4583-9df5-6cf16ba31b8f,Transcriptome Profiling,RNA-Seq
61f32a8d-4649-4ea8-8374-00ab281464bf,"[{'case_id': '3c275152-d04b-440c-9621-2fc05ea977b6', 'submitter_id': 'TCGA-AR-A5QP'}]",0d9db3d9-8f0a-41f8-bf2b-5de447d676b8.rna_seq.augmented_star_gene_counts.tsv,61f32a8d-4649-4ea8-8374-00ab281464bf,Gene Expression Quantification,6531fe70-2c94-4bdc-9f84-cdc3146ca5d4,Transcriptome Profiling,RNA-Seq
b3d19aa0-af01-4998-b234-81f313b7a6f0,"[{'case_id': '3d676bba-154b-4d22-ab59-d4d4da051b94', 'submitter_id': 'TCGA-E9-A1NE'}]",8c22f448-940a-46f4-a192-f389d1931f0a.rna_seq.augmented_star_gene_counts.tsv,b3d19aa0-af01-4998-b234-81f313b7a6f0,Gene Expression Quantification,316f4a56-920c-4522-9fb5-63916385fd0b,Transcriptome Profiling,RNA-Seq
4b445a8f-b60b-44c3-b501-de93010172f7,"[{'case_id': 'ac075bc0-1b59-4557-beea-541694faee03', 'submitter_id': 'TCGA-E9-A1N8'}]",ce098c6d-1b12-48df-bbbb-4f1ea8788942.rna_seq.augmented_star_gene_counts.tsv,4b445a8f-b60b-44c3-b501-de93010172f7,Gene Expression Quantification,869adb7a-b8bb-45cc-8a26-3f334c20df41,Transcriptome Profiling,RNA-Seq
ec67e25e-9cc6-45a7-a7c0-8dc778ae14c1,"[{'case_id': 'dfd0b7ba-c7d3-498e-b455-346301865452', 'submitter_id': 'TCGA-AC-A23C'}]",a068f661-e689-4e30-9572-3103039981aa.rna_seq.augmented_star_gene_counts.tsv,ec67e25e-9cc6-45a7-a7c0-8dc778ae14c1,Gene Expression Quantification,1e4d394b-7b4c-41a9-b63e-eea2c4a9c556,Transcriptome Profiling,RNA-Seq
5dee4a6f-9cf4-4360-a37b-e7b94aa70dac,"[{'case_id': 'ae8c77fe-e6c8-44d5-8265-4a38c637bbef', 'submitter_id': 'TCGA-A2-A0YF'}]",5ef81653-adf0-4286-9f43-218490539508.rna_seq.augmented_star_gene_counts.tsv,5dee4a6f-9cf4-4360-a37b-e7b94aa70dac,Gene Expression Quantification,330f0b04-85d4-43cc-9ba5-3e5fcf8fddef,Transcriptome Profiling,RNA-Seq
debafec8-b9f4-45f3-aa4c-8e48e58e6a49,"[{'case_id': 'ac18b3a3-8d52-4e35-8625-673171a7fd92', 'submitter_id': 'TCGA-AN-A0XV'}]",4fb42c7e-2a7e-4641-ae7c-e92fd9c2be11.rna_seq.augmented_star_gene_counts.tsv,debafec8-b9f4-45f3-aa4c-8e48e58e6a49,Gene Expression Quantification,10f1c0f1-d1a4-462e-9eef-0551861b1fe0,Transcriptome Profiling,RNA-Seq
4af55932-ab7a-41e5-aa7f-fb16ab18c629,"[{'case_id': 'aeb6a3a6-b57a-4c53-90e6-e833777dd2a1', 'submitter_id': 'TCGA-BH-A0H6'}]",668e1e67-cc4f-40fd-b921-23aec5078635.rna_seq.augmented_star_gene_counts.tsv,4af55932-ab7a-41e5-aa7f-fb16ab18c629,Gene Expression Quantification,1ff32166-e79b-4608-8f38-afbce61db031,Transcriptome Profiling,RNA-Seq
1d0878a6-5c7c-40b9-8eab-64981d783b71,"[{'case_id': 'ad6d26ab-6568-40db-bfb0-394d40e801cf', 'submitter_id': 'TCGA-D8-A27V'}]",44df0b54-867f-4aef-8769-5d3fa8887b94.rna_seq.augmented_star_gene_counts.tsv,1d0878a6-5c7c-40b9-8eab-64981d783b71,Gene Expression Quantification,58bfd383-4d2b-47c1-b356-19b2e39c0ab1,Transcriptome Profiling,RNA-Seq
9568dc22-f91c-44dd-95ec-370466ee64c3,"[{'case_id': 'af97e043-88cb-4f99-8f8b-9bcbcccdf842', 'submitter_id': 'TCGA-EW-A2FR'}]",17985496-652a-4034-997b-b888d97316e3.rna_seq.augmented_star_gene_counts.tsv,9568dc22-f91c-44dd-95ec-370466ee64c3,Gene Expression Quantification,bf2f397e-22f9-4574-a76e-b2fd5052b29c,Transcriptome Profiling,RNA-Seq
7d5e390d-86f3-4988-9606-aeedabd31b52,"[{'case_id': 'b0f8d698-a30e-4d8d-b0a2-a5a01fac8406', 'submitter_id': 'TCGA-A2-A0T4'}]",fd5d7370-2c7c-4f6e-a236-e25366e463a8.rna_seq.augmented_star_gene_counts.tsv,7d5e390d-86f3-4988-9606-aeedabd31b52,Gene Expression Quantification,242dbd72-ef8d-4b3d-8c4a-2afa859c4583,Transcriptome Profiling,RNA-Seq
404cea41-efa9-44c0-84a1-5dd603d7a2a4,"[{'case_id': 'b1d44c81-747d-471f-9093-aeb262a17975', 'submitter_id': 'TCGA-Z7-A8R6'}]",69ed2c6f-9495-475c-b8d6-c1db8f4b0537.rna_seq.augmented_star_gene_counts.tsv,404cea41-efa9-44c0-84a1-5dd603d7a2a4,Gene Expression Quantification,8ef68e58-2037-4c00-8ece-d014c0185a41,Transcriptome Profiling,RNA-Seq
c4afcca9-94e4-4ecd-98d1-0aab86de8685,"[{'case_id': 'b205c89f-af62-4186-acad-ed23d243fa98', 'submitter_id': 'TCGA-A2-A0YL'}]",7dfcf573-5004-4c46-a269-8a07e303f873.rna_seq.augmented_star_gene_counts.tsv,c4afcca9-94e4-4ecd-98d1-0aab86de8685,Gene Expression Quantification,dc505433-8289-44ac-8a6b-f1b76852b6bd,Transcriptome Profiling,RNA-Seq
5223fb98-dd63-4c20-a7c0-02e0b13ccb33,"[{'case_id': 'b26d41cd-393b-4cd4-8925-a9488f7de576', 'submitter_id': 'TCGA-C8-A1HE'}]",7b7c91b5-0358-4d09-af89-26a791d7a23a.rna_seq.augmented_star_gene_counts.tsv,5223fb98-dd63-4c20-a7c0-02e0b13ccb33,Gene Expression Quantification,cab15b6f-1bf9-4dd2-9339-ff134435851e,Transcriptome Profiling,RNA-Seq
699e47b8-5396-43eb-927d-8d05b0e79644,"[{'case_id': 'b3264748-947a-43aa-b227-b294fbcc8447', 'submitter_id': 'TCGA-BH-A203'}]",1dd6852b-2456-4576-9b22-f7604277c955.rna_seq.augmented_star_gene_counts.tsv,699e47b8-5396-43eb-927d-8d05b0e79644,Gene Expression Quantification,6dfb3413-17c1-4198-802b-4e41370123a9,Transcriptome Profiling,RNA-Seq
11e658a7-64e3-47ac-8993-eea0d17fc949,"[{'case_id': 'b2aac45b-2073-4c7a-adb9-769a4fdcc111', 'submitter_id': 'TCGA-E9-A1NH'}]",36e48370-2ecb-4d2c-91ab-7f7426647213.rna_seq.augmented_star_gene_counts.tsv,11e658a7-64e3-47ac-8993-eea0d17fc949,Gene Expression Quantification,2dd531b1-5032-4771-b6e3-d76bbaa5dfbb,Transcriptome Profiling,RNA-Seq
148fc636-0b7b-4f10-b513-45edcf71a79e,"[{'case_id': 'b2ecbc0f-2c30-4200-8d5e-7b95424bcadb', 'submitter_id': 'TCGA-A7-A26I'}]",ec2e3ab8-18a2-4d4e-b0dc-36411ce35357.rna_seq.augmented_star_gene_counts.tsv,148fc636-0b7b-4f10-b513-45edcf71a79e,Gene Expression Quantification,3d780b5f-21dd-48b1-b786-de53e90cfadb,Transcriptome Profiling,RNA-Seq
d32a2386-8747-4f9f-84b2-130a2c948342,"[{'case_id': 'b6b1dc9a-91f4-4b0a-afd5-62c9a90c0d5e', 'submitter_id': 'TCGA-AC-A2FM'}]",7e11de5c-487d-4fc2-845e-efab7a39e031.rna_seq.augmented_star_gene_counts.tsv,d32a2386-8747-4f9f-84b2-130a2c948342,Gene Expression Quantification,9c02771b-945b-4b54-a33f-54805ce4b762,Transcriptome Profiling,RNA-Seq
52151eca-7819-496e-bf31-4875b68d429d,"[{'case_id': 'b6b1dc9a-91f4-4b0a-afd5-62c9a90c0d5e', 'submitter_id': 'TCGA-AC-A2FM'}]",34478743-530d-4d71-a124-90ad54ded5c1.rna_seq.augmented_star_gene_counts.tsv,52151eca-7819-496e-bf31-4875b68d429d,Gene Expression Quantification,3150ef18-485c-430b-b567-5559f38a333e,Transcriptome Profiling,RNA-Seq
d144a154-2dcb-484f-b50d-1b65ab9eb19e,"[{'case_id': 'b35fbe19-0e6d-427e-b9be-ee3527b5fca6', 'submitter_id': 'TCGA-E9-A2JT'}]",0fb8ee34-b7c8-4ea6-987a-b69c00baa53a.rna_seq.augmented_star_gene_counts.tsv,d144a154-2dcb-484f-b50d-1b65ab9eb19e,Gene Expression Quantification,9888e580-3a66-4b26-9081-9ee2c0d065c5,Transcriptome Profiling,RNA-Seq
cee943a8-ea26-4b2f-b8a4-66300ccacfb5,"[{'case_id': 'b43e41af-1d82-4b5f-b8f1-add0510e6b86', 'submitter_id': 'TCGA-A8-A07B'}]",7eb5f037-355b-4a38-b22b-a5e1f41ff1e9.rna_seq.augmented_star_gene_counts.tsv,cee943a8-ea26-4b2f-b8a4-66300ccacfb5,Gene Expression Quantification,d42ef8d2-588e-4786-bf00-5e6b15a4d6ee,Transcriptome Profiling,RNA-Seq
cf801232-8aa2-4ede-80b0-8c5b9876941b,"[{'case_id': 'f31c21b6-0f7f-435b-9e24-97c909755c36', 'submitter_id': 'TCGA-BH-A0HQ'}]",c861f2ac-61fd-45cc-9e14-f775f9eed494.rna_seq.augmented_star_gene_counts.tsv,cf801232-8aa2-4ede-80b0-8c5b9876941b,Gene Expression Quantification,e8cc16bf-1e2a-4bef-b02d-e1e6a4dd0bc0,Transcriptome Profiling,RNA-Seq
a701ab46-0745-4f23-8723-df5846e8806f,"[{'case_id': 'b58ad350-5140-4fa8-bc2c-24bca8395f3a', 'submitter_id': 'TCGA-A2-A04T'}]",29246ea5-44e5-43d3-be04-c038c20db027.rna_seq.augmented_star_gene_counts.tsv,a701ab46-0745-4f23-8723-df5846e8806f,Gene Expression Quantification,aedeb3d2-883c-40bb-be36-b2d48956783b,Transcriptome Profiling,RNA-Seq
26caf8b1-0202-4656-9bb9-4a80ffc94118,"[{'case_id': 'b63391a0-73f8-4544-9e94-f6529245ca2a', 'submitter_id': 'TCGA-E2-A1IL'}]",1516c4ec-98c0-41dc-9ad1-86cc05305fc1.rna_seq.augmented_star_gene_counts.tsv,26caf8b1-0202-4656-9bb9-4a80ffc94118,Gene Expression Quantification,90718590-788f-4d0e-a598-2193c2e5bf46,Transcriptome Profiling,RNA-Seq
e7789185-2581-4846-bafd-8b920edc0973,"[{'case_id': '887b9e5b-99db-44ac-9c30-c0dc6877b41c', 'submitter_id': 'TCGA-D8-A1XW'}]",a29c8616-0f82-4515-870e-68887a628c92.rna_seq.augmented_star_gene_counts.tsv,e7789185-2581-4846-bafd-8b920edc0973,Gene Expression Quantification,a818a318-3904-4b51-a9ee-2379b5d2b71d,Transcriptome Profiling,RNA-Seq
a2837f64-2441-4d31-befc-514f8526b1f7,"[{'case_id': '88cd6ccc-70f7-436e-a99c-039b9d31e335', 'submitter_id': 'TCGA-AN-A03X'}]",1729f18b-f4d7-4e1c-af9f-2c651023e7fc.rna_seq.augmented_star_gene_counts.tsv,a2837f64-2441-4d31-befc-514f8526b1f7,Gene Expression Quantification,0807e212-9893-4a01-9e0b-b17e409026f5,Transcriptome Profiling,RNA-Seq
4d2cc90a-574f-4184-9a1c-86af222e9bb6,"[{'case_id': 'f45aa0b2-f3de-4db5-9730-e5c6c4e2ed3a', 'submitter_id': 'TCGA-EW-A2FV'}]",15933e60-dee1-493a-a4f9-d5791dd15325.rna_seq.augmented_star_gene_counts.tsv,4d2cc90a-574f-4184-9a1c-86af222e9bb6,Gene Expression Quantification,b1194531-000f-490d-908d-b7ad2bece2bd,Transcriptome Profiling,RNA-Seq
41a87746-ec8e-47e3-986c-d1a119e7c96b,"[{'case_id': '89414e79-7f89-42d9-8228-101b5bf2f31f', 'submitter_id': 'TCGA-C8-A26V'}]",628501d9-94e5-440e-b39f-df0e3ea09986.rna_seq.augmented_star_gene_counts.tsv,41a87746-ec8e-47e3-986c-d1a119e7c96b,Gene Expression Quantification,f5d8f54a-4214-427f-bb06-2cf70252a8e7,Transcriptome Profiling,RNA-Seq
fd7a6cfc-0ebe-4b79-b93d-d70b9bf533bc,"[{'case_id': 'f51af6db-2655-47fb-9ffc-83a503a728ea', 'submitter_id': 'TCGA-AN-A0XR'}]",8997a81b-4046-4c31-91f6-7c1519f1d2ec.rna_seq.augmented_star_gene_counts.tsv,fd7a6cfc-0ebe-4b79-b93d-d70b9bf533bc,Gene Expression Quantification,94ec75fa-c20e-4cc3-8033-16c9da6a7d7f,Transcriptome Profiling,RNA-Seq
5fe2671d-4314-444b-adc1-64bbc6a85aab,"[{'case_id': 'aa4244a8-0454-4247-a1c3-357fd51746fa', 'submitter_id': 'TCGA-D8-A1JL'}]",548b1967-fca4-4238-8d59-ae5405122c90.rna_seq.augmented_star_gene_counts.tsv,5fe2671d-4314-444b-adc1-64bbc6a85aab,Gene Expression Quantification,c48a09d0-9a94-47e6-8270-52498c286104,Transcriptome Profiling,RNA-Seq
1ca86ab0-2f8a-4cd3-81b8-d19e8579b1d6,"[{'case_id': 'aaea5f9c-b35b-47f8-93cb-bdc7b81844ff', 'submitter_id': 'TCGA-A2-A25A'}]",b9bfdf3b-d23e-433b-892f-1b61e24abdfa.rna_seq.augmented_star_gene_counts.tsv,1ca86ab0-2f8a-4cd3-81b8-d19e8579b1d6,Gene Expression Quantification,27337e9a-bef6-4494-9d29-7d950edd3a73,Transcriptome Profiling,RNA-Seq
00b13ccf-ad7c-4613-8366-7c583a399691,"[{'case_id': 'f63722c1-a0bb-4bf9-8a10-1d76a8e1a0ba', 'submitter_id': 'TCGA-BH-A18M'}]",c763a483-415e-4cb4-9cdf-4e6c31e8a9c9.rna_seq.augmented_star_gene_counts.tsv,00b13ccf-ad7c-4613-8366-7c583a399691,Gene Expression Quantification,9d9083d4-3e2f-486e-a584-8e5e70896a05,Transcriptome Profiling,RNA-Seq
ddb8fb65-cf53-41a0-8acd-a538a8754fa5,"[{'case_id': 'f63722c1-a0bb-4bf9-8a10-1d76a8e1a0ba', 'submitter_id': 'TCGA-BH-A18M'}]",69ef0b4d-aa36-46a4-9c7f-96711a51e461.rna_seq.augmented_star_gene_counts.tsv,ddb8fb65-cf53-41a0-8acd-a538a8754fa5,Gene Expression Quantification,cca01dba-1dcd-4f2b-b9d0-223e7e8c2a0e,Transcriptome Profiling,RNA-Seq
e84b9f1a-0def-425b-86c1-c143b27509b5,"[{'case_id': 'f6581eee-61b9-43d4-ab0d-ce5ce3ba1c74', 'submitter_id': 'TCGA-BH-A1FJ'}]",4497500a-5721-4d7a-8ed9-1ba7b42fb6ab.rna_seq.augmented_star_gene_counts.tsv,e84b9f1a-0def-425b-86c1-c143b27509b5,Gene Expression Quantification,0ecda501-c13e-486e-9dbd-4b58b0c321eb,Transcriptome Profiling,RNA-Seq
8f4d34b3-5dd0-4ff2-b017-0cfa6e5c5f6b,"[{'case_id': 'f6581eee-61b9-43d4-ab0d-ce5ce3ba1c74', 'submitter_id': 'TCGA-BH-A1FJ'}]",95e450bd-ff88-4498-9418-e09883c94988.rna_seq.augmented_star_gene_counts.tsv,8f4d34b3-5dd0-4ff2-b017-0cfa6e5c5f6b,Gene Expression Quantification,44fd8973-6683-4b32-ae9f-1678978e2f26,Transcriptome Profiling,RNA-Seq
0f0b1a31-1f88-40e0-bd25-320046de4970,"[{'case_id': 'e9f4f373-37a5-48ad-a1a0-b0d47820111a', 'submitter_id': 'TCGA-AO-A0J6'}]",9eb69ff7-492b-4ed3-8762-c25c3dffa1fe.rna_seq.augmented_star_gene_counts.tsv,0f0b1a31-1f88-40e0-bd25-320046de4970,Gene Expression Quantification,89a50272-ea9e-414a-bde5-3b0f29ef15aa,Transcriptome Profiling,RNA-Seq
8ca36e25-aabc-4bd9-9ced-a8d432ca0260,"[{'case_id': 'ea645243-df49-4466-a255-9f3d4321e357', 'submitter_id': 'TCGA-LL-A73Y'}]",6e6eeb9a-6437-4e53-9fb7-c283f738d3bd.rna_seq.augmented_star_gene_counts.tsv,8ca36e25-aabc-4bd9-9ced-a8d432ca0260,Gene Expression Quantification,72e7bfef-184c-49fe-a107-c5c0fbffcfd0,Transcriptome Profiling,RNA-Seq
3782bc2e-5a29-4380-9b44-735ca1ac8896,"[{'case_id': 'f6ed684f-ee7a-496c-80d5-6eacd494d16a', 'submitter_id': 'TCGA-AO-A12B'}]",ffe82e73-0990-4d3d-a4d1-7d4e169dfdf5.rna_seq.augmented_star_gene_counts.tsv,3782bc2e-5a29-4380-9b44-735ca1ac8896,Gene Expression Quantification,fdf614bc-bfbc-4d05-bb27-6f8280592e7d,Transcriptome Profiling,RNA-Seq
578022ab-5178-4440-8996-73e8826dd74d,"[{'case_id': 'f7064d01-29d8-49a2-ad60-1e0c5f148f3e', 'submitter_id': 'TCGA-GM-A5PX'}]",840ce2d8-5bf8-4a2c-9739-e7dff5d7cb21.rna_seq.augmented_star_gene_counts.tsv,578022ab-5178-4440-8996-73e8826dd74d,Gene Expression Quantification,cd3cae54-28f6-4ed4-be69-27aa43765bc1,Transcriptome Profiling,RNA-Seq
99502a82-c77e-482b-8589-82d9ef82d5d1,"[{'case_id': 'eafa45a4-2fd1-4fa3-860c-9d52ed382b7d', 'submitter_id': 'TCGA-E2-A15O'}]",79beb4e0-5066-481f-b432-94d69219bfe8.rna_seq.augmented_star_gene_counts.tsv,99502a82-c77e-482b-8589-82d9ef82d5d1,Gene Expression Quantification,775ac1fc-7314-4077-807a-099449dc2997,Transcriptome Profiling,RNA-Seq
422ef158-74dd-4a5e-88a6-5b0da33004d1,"[{'case_id': 'ebc460c2-df88-4dc0-a2c0-aca8072b75ad', 'submitter_id': 'TCGA-AN-A0AR'}]",9b7c81c7-d03c-446c-9d25-8c966058b0e3.rna_seq.augmented_star_gene_counts.tsv,422ef158-74dd-4a5e-88a6-5b0da33004d1,Gene Expression Quantification,542dde3c-25e6-4826-b7a8-dc579aacdef4,Transcriptome Profiling,RNA-Seq
072cae2e-f4c1-4a3f-85e1-6f7e35a65108,"[{'case_id': 'e98b69bc-766a-485f-b5e8-9166b8d457b3', 'submitter_id': 'TCGA-A8-A099'}]",91941243-48d2-4416-b104-0affb8c46316.rna_seq.augmented_star_gene_counts.tsv,072cae2e-f4c1-4a3f-85e1-6f7e35a65108,Gene Expression Quantification,c101669e-9bb1-4688-9f33-e86b76ae7572,Transcriptome Profiling,RNA-Seq
4af2ea24-60fe-4fc1-858b-68ed98855082,"[{'case_id': 'e9a12df9-024e-4cbc-b6bf-e4e87485fa90', 'submitter_id': 'TCGA-LL-A5YM'}]",8f1c0479-48ac-46e7-a2c2-973a8a6c4747.rna_seq.augmented_star_gene_counts.tsv,4af2ea24-60fe-4fc1-858b-68ed98855082,Gene Expression Quantification,2b55d7fd-b0fc-4691-88ee-f91f090fdc4c,Transcriptome Profiling,RNA-Seq
f5e5f153-f422-4c2a-ae54-fc11f416c637,"[{'case_id': '2585edbd-3488-4100-a4ab-a161252a31ee', 'submitter_id': 'TCGA-D8-A140'}]",343c349a-57ce-4599-8185-3ed2e15c6fdd.rna_seq.augmented_star_gene_counts.tsv,f5e5f153-f422-4c2a-ae54-fc11f416c637,Gene Expression Quantification,161b1cac-22f6-43a7-ae13-82e8d9153603,Transcriptome Profiling,RNA-Seq
1b8dddf2-89d9-43aa-84c7-1d18e8865106,"[{'case_id': 'ef4cbd38-bc79-4d60-a715-647edd2ebe9e', 'submitter_id': 'TCGA-E2-A1LG'}]",02a50d1b-ff62-4936-a0ce-ac0e22a5b41c.rna_seq.augmented_star_gene_counts.tsv,1b8dddf2-89d9-43aa-84c7-1d18e8865106,Gene Expression Quantification,da6c0384-e378-496c-89c8-7c5dd9657911,Transcriptome Profiling,RNA-Seq
ddb7443e-0dda-40f1-9652-adc025804c85,"[{'case_id': 'ec6930e5-2d83-435a-9a57-a2c5c22caf02', 'submitter_id': 'TCGA-BH-A0EB'}]",4c6f18b9-eb4c-4b7f-90ee-0c3194407be7.rna_seq.augmented_star_gene_counts.tsv,ddb7443e-0dda-40f1-9652-adc025804c85,Gene Expression Quantification,0b3991ae-d5e4-4281-9ca0-20ae1fd384ce,Transcriptome Profiling,RNA-Seq
8b000fae-e6de-4038-8486-45316cae622d,"[{'case_id': 'f06f09f3-8133-4a92-ac86-fbe64295e0d8', 'submitter_id': 'TCGA-E9-A1ND'}]",7be7033e-db49-45cd-8ea5-827266707b1e.rna_seq.augmented_star_gene_counts.tsv,8b000fae-e6de-4038-8486-45316cae622d,Gene Expression Quantification,553cba5b-3e9c-4e29-832c-00b2f6efabe9,Transcriptome Profiling,RNA-Seq
98320692-9c1c-4ed3-9ea1-72f098c03049,"[{'case_id': 'f06f09f3-8133-4a92-ac86-fbe64295e0d8', 'submitter_id': 'TCGA-E9-A1ND'}]",7880b3ba-9f39-4744-be72-b87dbd8eb425.rna_seq.augmented_star_gene_counts.tsv,98320692-9c1c-4ed3-9ea1-72f098c03049,Gene Expression Quantification,ece3e66e-4b90-4cff-94a9-6c97665a67d4,Transcriptome Profiling,RNA-Seq
7235fd65-e9cb-45f1-ac78-cad80823325e,"[{'case_id': 'eda6d2d5-4199-4f76-a45b-1d0401b4e54c', 'submitter_id': 'TCGA-AR-A1AR'}]",b021039d-26c3-4851-9641-ddd81e408339.rna_seq.augmented_star_gene_counts.tsv,7235fd65-e9cb-45f1-ac78-cad80823325e,Gene Expression Quantification,b461331c-8e9a-4cb5-8768-1f556aeddde0,Transcriptome Profiling,RNA-Seq
4ec56a4e-a3ce-4511-a517-199e2a535b1a,"[{'case_id': 'f0d8a1fe-e313-44f1-99cc-b965cbeeff0e', 'submitter_id': 'TCGA-C8-A27B'}]",d898e588-a74d-435c-b930-b96c266ff580.rna_seq.augmented_star_gene_counts.tsv,4ec56a4e-a3ce-4511-a517-199e2a535b1a,Gene Expression Quantification,befc89d0-4f53-4343-aca2-a978354cbc14,Transcriptome Profiling,RNA-Seq
0f1cf3a6-6e68-440a-9744-85e44d88b61f,"[{'case_id': 'eebad74f-5961-4e91-b0eb-157a2f6f952b', 'submitter_id': 'TCGA-E2-A1L8'}]",e6b6dada-24d1-4020-b5c0-3824670d079e.rna_seq.augmented_star_gene_counts.tsv,0f1cf3a6-6e68-440a-9744-85e44d88b61f,Gene Expression Quantification,e417edc2-2c88-4f13-a802-d442d8b0aee5,Transcriptome Profiling,RNA-Seq
a629c407-5141-454c-bb69-ba7e58d1febc,"[{'case_id': 'f2bbfa9d-9a9d-4f46-9fde-378e4c44e2ad', 'submitter_id': 'TCGA-BH-A0DK'}]",5a277308-f1bc-47b3-a397-aeabe9db8dc6.rna_seq.augmented_star_gene_counts.tsv,a629c407-5141-454c-bb69-ba7e58d1febc,Gene Expression Quantification,778db925-e0a7-4b0b-bf1a-da8c86316da3,Transcriptome Profiling,RNA-Seq
d0654d2d-37ef-4d93-996e-c68cfedea376,"[{'case_id': 'f2e28af9-c40e-41c4-9e82-205cca38f26a', 'submitter_id': 'TCGA-EW-A1P1'}]",f266f0c7-53aa-43bc-bbef-b9af0054391f.rna_seq.augmented_star_gene_counts.tsv,d0654d2d-37ef-4d93-996e-c68cfedea376,Gene Expression Quantification,7c2cc604-c34c-4649-94c7-b797007967d9,Transcriptome Profiling,RNA-Seq
ce53c8d2-5655-4fde-b134-1ef5a269e569,"[{'case_id': 'f2622cdb-ac92-42b3-a1ca-67e133c3dd4a', 'submitter_id': 'TCGA-AC-A3OD'}]",078420d8-5079-4a98-81d7-3a4b84e9d0ad.rna_seq.augmented_star_gene_counts.tsv,ce53c8d2-5655-4fde-b134-1ef5a269e569,Gene Expression Quantification,a0c474c3-b636-4cd7-8a2a-5d9667c5a3dc,Transcriptome Profiling,RNA-Seq
3eb2d652-73f5-41c0-bf73-f40e85e1ecae,"[{'case_id': 'a991644b-3ee6-4cda-acf0-e37de48a49fc', 'submitter_id': 'TCGA-AN-A03Y'}]",eecb45f4-ea57-4aea-814e-9895d42034e9.rna_seq.augmented_star_gene_counts.tsv,3eb2d652-73f5-41c0-bf73-f40e85e1ecae,Gene Expression Quantification,fc6f5b79-5b42-4831-ba3c-c3a5a2633c67,Transcriptome Profiling,RNA-Seq
7915bbbc-7e5b-4439-bea4-12fc7f639d6d,"[{'case_id': '4d120899-9a80-4736-b097-285e9e261bcb', 'submitter_id': 'TCGA-AQ-A1H2'}]",e1edc70f-0307-4283-9efc-77feb465c9df.rna_seq.augmented_star_gene_counts.tsv,7915bbbc-7e5b-4439-bea4-12fc7f639d6d,Gene Expression Quantification,0ec8504f-a7db-4d10-a875-74a76a2ab6b1,Transcriptome Profiling,RNA-Seq
5fbbee45-08b5-4cd0-83c6-c18bc4e89d99,"[{'case_id': 'd10a4887-373b-4726-a61d-126f950e4a06', 'submitter_id': 'TCGA-BH-A0C1'}]",034f8d01-f664-494b-bc04-77485000611f.rna_seq.augmented_star_gene_counts.tsv,5fbbee45-08b5-4cd0-83c6-c18bc4e89d99,Gene Expression Quantification,60d9bf33-2e66-4b7b-9408-39eba0120fe5,Transcriptome Profiling,RNA-Seq
59c3cb45-ca6e-40ad-a3f0-9b496b934aa5,"[{'case_id': 'e36e985d-2c44-4e14-854a-7dbca4bb0304', 'submitter_id': 'TCGA-E9-A3Q9'}]",7abc395f-72e4-4835-8aef-aaca2f8a34b0.rna_seq.augmented_star_gene_counts.tsv,59c3cb45-ca6e-40ad-a3f0-9b496b934aa5,Gene Expression Quantification,436f88c2-0a82-40ec-8f5b-5b68b49c46aa,Transcriptome Profiling,RNA-Seq
90eefb33-6808-45c3-9ab1-6eca0decdc9d,"[{'case_id': 'c348a9b3-c901-4384-a222-144387bac0c5', 'submitter_id': 'TCGA-BH-A1FU'}]",71c9a6fc-0538-4533-af51-f7c9defe7770.rna_seq.augmented_star_gene_counts.tsv,90eefb33-6808-45c3-9ab1-6eca0decdc9d,Gene Expression Quantification,bcb74e54-aef7-4d57-96e6-a39441a99ae9,Transcriptome Profiling,RNA-Seq
eddb2dc6-2b72-43a8-a7fc-3dd09dde68af,"[{'case_id': 'c348a9b3-c901-4384-a222-144387bac0c5', 'submitter_id': 'TCGA-BH-A1FU'}]",316d8a79-9084-4355-9de7-e29503bf0864.rna_seq.augmented_star_gene_counts.tsv,eddb2dc6-2b72-43a8-a7fc-3dd09dde68af,Gene Expression Quantification,f5255393-b9c0-4088-9b7a-beaa7dc01c36,Transcriptome Profiling,RNA-Seq
eb166054-ff70-4a86-883b-9c25a7d2b0e5,"[{'case_id': 'c364e81c-eb1e-4870-ab37-9c661f5f2e3d', 'submitter_id': 'TCGA-AR-A0TX'}]",6cc59c3f-0de5-4232-ab7a-7195a92e7d89.rna_seq.augmented_star_gene_counts.tsv,eb166054-ff70-4a86-883b-9c25a7d2b0e5,Gene Expression Quantification,89bf5389-8e23-4c50-b634-e24a2e8c8532,Transcriptome Profiling,RNA-Seq
fb32f0b1-4fb7-43d5-8091-dc13a1f6d9e8,"[{'case_id': 'f3ba71f9-25f3-4784-bf2d-3aa522a0cba8', 'submitter_id': 'TCGA-A8-A06R'}]",1d468785-141d-40ca-acb1-d6d85a8c9d7b.rna_seq.augmented_star_gene_counts.tsv,fb32f0b1-4fb7-43d5-8091-dc13a1f6d9e8,Gene Expression Quantification,70ea5a0a-27ed-4b05-8d98-57b93e54103f,Transcriptome Profiling,RNA-Seq
f66aace4-01a4-4def-8e71-26d9aaf13d49,"[{'case_id': 'c397e6c2-ba3a-4f5e-a258-c140611192fe', 'submitter_id': 'TCGA-A1-A0SE'}]",9db2f825-0d02-4437-9107-a6b92ef4e2cc.rna_seq.augmented_star_gene_counts.tsv,f66aace4-01a4-4def-8e71-26d9aaf13d49,Gene Expression Quantification,3f5646bd-deb5-42a3-bcb8-89defd7f7a5b,Transcriptome Profiling,RNA-Seq
055f6138-ea7a-468d-90c2-87a473486867,"[{'case_id': 'c632675e-e8af-43cd-8744-5be3754c1c14', 'submitter_id': 'TCGA-A2-A0SU'}]",43d15c49-f348-48a8-b00f-7f6a7b605a04.rna_seq.augmented_star_gene_counts.tsv,055f6138-ea7a-468d-90c2-87a473486867,Gene Expression Quantification,60fc1541-9be5-4aca-8e59-a7396186bf56,Transcriptome Profiling,RNA-Seq
9c55de9c-a13e-4772-9a5d-4cde38f75cf3,"[{'case_id': 'c0f88fc5-56b0-4255-bbd1-9a21ced8b37b', 'submitter_id': 'TCGA-EW-A1IZ'}]",9899646e-d5be-4429-a7f2-0251bed9721d.rna_seq.augmented_star_gene_counts.tsv,9c55de9c-a13e-4772-9a5d-4cde38f75cf3,Gene Expression Quantification,9e510e5e-4ae6-4a67-bc5c-a719e9d5243a,Transcriptome Profiling,RNA-Seq
ff5f8ada-17c5-497e-9182-63a05e3ab4c5,"[{'case_id': 'c3a981c7-f148-4252-bd50-af8a49ec0df8', 'submitter_id': 'TCGA-OL-A5D6'}]",64b12ba7-a481-4fdb-9c74-38c94c7ef3c9.rna_seq.augmented_star_gene_counts.tsv,ff5f8ada-17c5-497e-9182-63a05e3ab4c5,Gene Expression Quantification,95a40bcc-7025-4543-b8ca-e0bfc6ae781c,Transcriptome Profiling,RNA-Seq
d2e2915c-125e-45c6-b7f3-6a815b3d2859,"[{'case_id': 'c57835be-77ab-4cf5-9b23-62c11a7b2eaf', 'submitter_id': 'TCGA-AC-A2QI'}]",96a45a70-d4b5-4090-b603-73b7379679d6.rna_seq.augmented_star_gene_counts.tsv,d2e2915c-125e-45c6-b7f3-6a815b3d2859,Gene Expression Quantification,b67c7992-8357-41d8-86c3-b71c8ada37ef,Transcriptome Profiling,RNA-Seq
bdef0c66-0755-4581-b813-87c8512754ba,"[{'case_id': 'c70ee5e1-4703-4996-bb5c-f4cca0fb53ba', 'submitter_id': 'TCGA-AO-A129'}]",2e36839f-3155-4e05-9ed3-404522fdb04f.rna_seq.augmented_star_gene_counts.tsv,bdef0c66-0755-4581-b813-87c8512754ba,Gene Expression Quantification,f484366e-c5a5-4b5b-88de-1a3515335ba5,Transcriptome Profiling,RNA-Seq
7b188e2a-4a56-49f9-b527-cd61a646f6c7,"[{'case_id': 'ca76c6fc-ff30-4833-884d-3a94fe53ff17', 'submitter_id': 'TCGA-BH-A0EE'}]",cd215363-3f4a-4928-9dbb-60735f4c27ce.rna_seq.augmented_star_gene_counts.tsv,7b188e2a-4a56-49f9-b527-cd61a646f6c7,Gene Expression Quantification,90a68c8b-edad-4516-a22b-1b3673e86b16,Transcriptome Profiling,RNA-Seq
5fcd0660-3e77-4a56-af19-01045301708c,"[{'case_id': 'caa9b533-24b4-4ecd-9159-c165de049f6a', 'submitter_id': 'TCGA-B6-A0RQ'}]",60e5b5de-ba65-46c7-82ee-8181628f0cbd.rna_seq.augmented_star_gene_counts.tsv,5fcd0660-3e77-4a56-af19-01045301708c,Gene Expression Quantification,9a908c32-a3e0-4d14-b751-4f97b4d8d6f2,Transcriptome Profiling,RNA-Seq
9765934d-d954-485c-abfe-b9db59f18193,"[{'case_id': 'c7c34fd9-3021-45b7-b6ff-30b4196585a8', 'submitter_id': 'TCGA-AR-A0TZ'}]",956570e5-7ed4-4d17-a830-f1bc67a7af15.rna_seq.augmented_star_gene_counts.tsv,9765934d-d954-485c-abfe-b9db59f18193,Gene Expression Quantification,ca75b6b1-b7f1-46ea-bd2e-20d865295708,Transcriptome Profiling,RNA-Seq
9f06e9cd-8184-4b66-a2e0-96da9a7159e8,"[{'case_id': 'e8ea576b-eb16-44f7-b241-daefc1375388', 'submitter_id': 'TCGA-A7-A6VY'}]",352ec91a-6c0a-4d6e-b6bd-4237f5eebde9.rna_seq.augmented_star_gene_counts.tsv,9f06e9cd-8184-4b66-a2e0-96da9a7159e8,Gene Expression Quantification,f108460f-c815-4b28-9af9-3d82b2800c28,Transcriptome Profiling,RNA-Seq
6d17023b-03fd-4e66-9c7e-72395f09e87f,"[{'case_id': '86cf879e-3b40-44dd-aaa7-6f49f54a15d9', 'submitter_id': 'TCGA-AC-A3YJ'}]",4591685a-dc4c-4049-aced-8278c715c890.rna_seq.augmented_star_gene_counts.tsv,6d17023b-03fd-4e66-9c7e-72395f09e87f,Gene Expression Quantification,c55762d0-539a-4574-82b2-e100d6f8d4ae,Transcriptome Profiling,RNA-Seq
d7e1d1f4-3189-401d-91dc-048ab13ce5df,"[{'case_id': '87281a89-91d2-44f7-9f80-668567ad5c72', 'submitter_id': 'TCGA-EW-A1J6'}]",7ca1746b-d6cc-4207-b1ed-738520928744.rna_seq.augmented_star_gene_counts.tsv,d7e1d1f4-3189-401d-91dc-048ab13ce5df,Gene Expression Quantification,fc775b5b-758c-4578-b3f2-5f3eeae11d7d,Transcriptome Profiling,RNA-Seq
456bc30b-59f8-4427-b798-5b113ca635a0,"[{'case_id': 'cc074b7f-d3b2-4880-902e-bf10e667b665', 'submitter_id': 'TCGA-BH-A18J'}]",653ddf67-d2ac-4fc7-8e95-b4a078e27806.rna_seq.augmented_star_gene_counts.tsv,456bc30b-59f8-4427-b798-5b113ca635a0,Gene Expression Quantification,daeace81-c01c-42b8-bd53-7c320ff2ca6d,Transcriptome Profiling,RNA-Seq
3841a099-bf19-4891-9b12-5db1d699e922,"[{'case_id': 'cc0902fd-a2fc-4327-929e-d4219e32e1d7', 'submitter_id': 'TCGA-AO-A126'}]",c2628a29-fe4e-493b-a324-ed402ad54a26.rna_seq.augmented_star_gene_counts.tsv,3841a099-bf19-4891-9b12-5db1d699e922,Gene Expression Quantification,f66f6915-73d5-4631-96de-d600517afc01,Transcriptome Profiling,RNA-Seq
25352bc8-c94c-4542-a7da-d4423adf72cf,"[{'case_id': '8785012f-f73e-4d68-87cf-1d804af32782', 'submitter_id': 'TCGA-A7-A13D'}]",1e742dad-8e44-452a-bf2b-9b8ae1ed8bb2.rna_seq.augmented_star_gene_counts.tsv,25352bc8-c94c-4542-a7da-d4423adf72cf,Gene Expression Quantification,55ba2d3a-8803-46fb-a001-f83247e75429,Transcriptome Profiling,RNA-Seq
bf6e2b60-d65b-4963-8e8e-49ab3f93c3e1,"[{'case_id': '8785012f-f73e-4d68-87cf-1d804af32782', 'submitter_id': 'TCGA-A7-A13D'}]",c9f641bc-d9fe-4cd6-8e73-bbf6935aee52.rna_seq.augmented_star_gene_counts.tsv,bf6e2b60-d65b-4963-8e8e-49ab3f93c3e1,Gene Expression Quantification,457a52d6-3bca-4ba9-92b3-be49403bd54f,Transcriptome Profiling,RNA-Seq
18022491-5c13-4a17-aed9-ea85e1088267,"[{'case_id': '8624354c-af25-423c-9c71-48a5dd821097', 'submitter_id': 'TCGA-D8-A1X8'}]",5a1c17e7-53a2-472a-b4de-8f60522a8c6e.rna_seq.augmented_star_gene_counts.tsv,18022491-5c13-4a17-aed9-ea85e1088267,Gene Expression Quantification,da2c5c1c-61f7-457d-8451-1751aaf57214,Transcriptome Profiling,RNA-Seq
dcf2138e-b0f7-4b2e-b535-d463819f1b24,"[{'case_id': '843c8f16-5e59-40d4-9ecc-8a75375156f6', 'submitter_id': 'TCGA-A2-A4S1'}]",1d9d65b8-5af4-40e6-a01f-236f45cfecb4.rna_seq.augmented_star_gene_counts.tsv,dcf2138e-b0f7-4b2e-b535-d463819f1b24,Gene Expression Quantification,cb87b868-b022-47f3-acdc-5eddfa4ef796,Transcriptome Profiling,RNA-Seq
7d904415-9887-4738-99ae-66dcd60084ac,"[{'case_id': '4a16429b-884f-4c95-8683-feeedf0d6a55', 'submitter_id': 'TCGA-A2-A0D3'}]",063a4886-ee4d-43a9-95c1-25a0c0b2d85d.rna_seq.augmented_star_gene_counts.tsv,7d904415-9887-4738-99ae-66dcd60084ac,Gene Expression Quantification,a3172020-5b8b-4233-af77-82f05b10429a,Transcriptome Profiling,RNA-Seq
8b885bee-44ab-40ce-bc3e-18ef36fa35ae,"[{'case_id': '4cfef7f9-f1ee-401c-a2a3-c225d4adc3b6', 'submitter_id': 'TCGA-EW-A1PA'}]",1406cfa1-39b8-4ab6-a960-ed6f38bc0f0d.rna_seq.augmented_star_gene_counts.tsv,8b885bee-44ab-40ce-bc3e-18ef36fa35ae,Gene Expression Quantification,47359143-bd78-460b-b0fc-5d3e7d65e1cf,Transcriptome Profiling,RNA-Seq
80563e43-422f-458b-a543-6b1dad9171e5,"[{'case_id': '316e021c-5175-4ab3-bdb6-2bf9683f657a', 'submitter_id': 'TCGA-AN-A041'}]",e619e3c8-f6eb-4b0a-bf17-005ccbe269bb.rna_seq.augmented_star_gene_counts.tsv,80563e43-422f-458b-a543-6b1dad9171e5,Gene Expression Quantification,25161cbe-d239-4ef6-b0cd-ff30397754c4,Transcriptome Profiling,RNA-Seq
7860a938-e43a-4c3a-83b4-6578cea95df8,"[{'case_id': '4ac693e9-10f3-46b3-9d46-df3af7b0d259', 'submitter_id': 'TCGA-E2-A150'}]",a0ea30b4-a6e0-4f46-a0ee-5d552c8b6d68.rna_seq.augmented_star_gene_counts.tsv,7860a938-e43a-4c3a-83b4-6578cea95df8,Gene Expression Quantification,f5a0ac38-35a3-4699-9fcc-8432ade3e3d8,Transcriptome Profiling,RNA-Seq
b4d6811f-cb5c-4ad9-8f13-5d58f0b6afd4,"[{'case_id': '4b0d295c-e185-4b52-9752-178e5bc1d47d', 'submitter_id': 'TCGA-A8-A0A6'}]",2df3cde4-5d53-4e2c-829a-e609f1d92a7b.rna_seq.augmented_star_gene_counts.tsv,b4d6811f-cb5c-4ad9-8f13-5d58f0b6afd4,Gene Expression Quantification,5646cdf1-41df-4fba-afff-d522152f144a,Transcriptome Profiling,RNA-Seq
7cf427fc-2c7c-434b-84c5-9ea118da110f,"[{'case_id': '8986a141-eae7-4157-b695-02cc6fc3b071', 'submitter_id': 'TCGA-BH-A1ET'}]",75e67bb5-098c-4b48-8f5d-badc72dc4c47.rna_seq.augmented_star_gene_counts.tsv,7cf427fc-2c7c-434b-84c5-9ea118da110f,Gene Expression Quantification,74920d50-1f41-4153-bba4-2407e2ea3646,Transcriptome Profiling,RNA-Seq
7baccc3d-54ba-4a3f-8ec0-b54ccd92df45,"[{'case_id': '4b4e4ea8-6eb9-49ad-b880-c5065fe6517f', 'submitter_id': 'TCGA-E9-A1RA'}]",3d2bf709-b8ab-41c5-a8a0-dd42e7846c25.rna_seq.augmented_star_gene_counts.tsv,7baccc3d-54ba-4a3f-8ec0-b54ccd92df45,Gene Expression Quantification,e759d126-7506-4375-a71e-6271b858549f,Transcriptome Profiling,RNA-Seq
386ce911-e1c2-4d68-b0a3-aac157e1a555,"[{'case_id': '89c128b9-1c6b-4c04-a4af-7066772e783c', 'submitter_id': 'TCGA-PE-A5DE'}]",c456f144-7f26-4f58-b4f0-4d91ddfec18e.rna_seq.augmented_star_gene_counts.tsv,386ce911-e1c2-4d68-b0a3-aac157e1a555,Gene Expression Quantification,b746c073-2495-475e-b705-7d0564468b10,Transcriptome Profiling,RNA-Seq
4b8ef410-8612-4c64-839f-47770deba446,"[{'case_id': '8c09f413-e938-4f2e-a414-84f0e7fcfe41', 'submitter_id': 'TCGA-A7-A4SD'}]",9e785594-f00c-4805-8901-66c73fe2588d.rna_seq.augmented_star_gene_counts.tsv,4b8ef410-8612-4c64-839f-47770deba446,Gene Expression Quantification,1c04ae13-48aa-4f76-9076-e1a53c66dfdd,Transcriptome Profiling,RNA-Seq
635084ad-0b62-4217-bc6f-e2a8c1326aee,"[{'case_id': '2fd36838-5a83-433e-ac80-b1f77448e5aa', 'submitter_id': 'TCGA-5T-A9QA'}]",516fdfb1-7662-4524-9bcd-23ccbbec6a86.rna_seq.augmented_star_gene_counts.tsv,635084ad-0b62-4217-bc6f-e2a8c1326aee,Gene Expression Quantification,b191af3b-76fa-4c33-8030-5e2aca23abcf,Transcriptome Profiling,RNA-Seq
7c196890-04a5-496b-ae10-43b95be57d58,"[{'case_id': '1be375fe-5ae5-4e75-a729-69f86a661d9a', 'submitter_id': 'TCGA-D8-A73X'}]",1742c1d9-a359-4d9e-b1e4-1d162472e67a.rna_seq.augmented_star_gene_counts.tsv,7c196890-04a5-496b-ae10-43b95be57d58,Gene Expression Quantification,3a0025bf-bf3b-4984-bdcd-fdb67116edc6,Transcriptome Profiling,RNA-Seq
0ed77a2e-a2c9-4557-8ba3-2c8bade9b792,"[{'case_id': '1c3610f7-e0aa-48d7-9a27-0dbaf6e244f9', 'submitter_id': 'TCGA-A2-A04U'}]",5842a066-d158-474e-a4db-034f5797d865.rna_seq.augmented_star_gene_counts.tsv,0ed77a2e-a2c9-4557-8ba3-2c8bade9b792,Gene Expression Quantification,f54886f4-2ae3-4e7a-97c2-ec2af99cf2a3,Transcriptome Profiling,RNA-Seq
39b28d5e-fc51-4dfc-bcbe-0285c3bad830,"[{'case_id': '0bc5744c-5fa3-45bb-87d0-70a02068b392', 'submitter_id': 'TCGA-BH-A0DG'}]",3129e1d1-9844-4df4-b30e-29b1c438983b.rna_seq.augmented_star_gene_counts.tsv,39b28d5e-fc51-4dfc-bcbe-0285c3bad830,Gene Expression Quantification,9f836b86-7e0b-43db-98b8-946dc9b2618a,Transcriptome Profiling,RNA-Seq
1479c033-ebe7-423d-8460-bbe84fd5ffb6,"[{'case_id': '0bc5744c-5fa3-45bb-87d0-70a02068b392', 'submitter_id': 'TCGA-BH-A0DG'}]",967fde0b-9c38-4c69-97f2-9640ebe1dc9a.rna_seq.augmented_star_gene_counts.tsv,1479c033-ebe7-423d-8460-bbe84fd5ffb6,Gene Expression Quantification,5ca7058b-4606-4f51-a23b-d1b871c4f2bb,Transcriptome Profiling,RNA-Seq
519039a7-141e-4367-a6eb-e9307136daf3,"[{'case_id': '0c1023c0-d2ce-4940-8047-7642f1dc3965', 'submitter_id': 'TCGA-BH-A0HB'}]",4b9da1a6-923c-4bc8-922a-620ac43e6f9b.rna_seq.augmented_star_gene_counts.tsv,519039a7-141e-4367-a6eb-e9307136daf3,Gene Expression Quantification,79caca76-0674-4040-8f7c-bf46cf8c180a,Transcriptome Profiling,RNA-Seq
c1778b3c-5649-4e26-b937-fd00ffd58387,"[{'case_id': 'dcfd0b1d-5707-44a6-b225-5e8f7cea5ca1', 'submitter_id': 'TCGA-A8-A097'}]",1dd10557-4e50-4af0-87c6-b4b3f6fa3a15.rna_seq.augmented_star_gene_counts.tsv,c1778b3c-5649-4e26-b937-fd00ffd58387,Gene Expression Quantification,512e3762-e36f-4bc8-9a66-55b511cab3e6,Transcriptome Profiling,RNA-Seq
0d669e80-cb31-4afb-bd3f-07d69f10eb3f,"[{'case_id': '0c23c380-363c-474d-b64c-b47f612a8225', 'submitter_id': 'TCGA-C8-A1HG'}]",27f20469-cbf5-417f-922a-19cf9e8b790c.rna_seq.augmented_star_gene_counts.tsv,0d669e80-cb31-4afb-bd3f-07d69f10eb3f,Gene Expression Quantification,4e2434a5-3c6e-496b-bd82-cd0173acbeda,Transcriptome Profiling,RNA-Seq
86d6bd3f-d1a8-4b12-bd4f-009cd707ad8b,"[{'case_id': '2680da86-c977-4611-b75f-df015283c023', 'submitter_id': 'TCGA-E9-A1R7'}]",7d30a479-6d2f-431e-b15c-26736994b2f5.rna_seq.augmented_star_gene_counts.tsv,86d6bd3f-d1a8-4b12-bd4f-009cd707ad8b,Gene Expression Quantification,69feec27-86e2-4abe-97e4-e86e3718c610,Transcriptome Profiling,RNA-Seq
d5664879-53a0-490a-a3cb-47c551b6bf34,"[{'case_id': '6dd0dd7b-62ff-4fd1-a99a-b265f1a91dca', 'submitter_id': 'TCGA-BH-A1FN'}]",cf5fba05-4996-4f62-adcf-a2ee1f4c65d3.rna_seq.augmented_star_gene_counts.tsv,d5664879-53a0-490a-a3cb-47c551b6bf34,Gene Expression Quantification,a12bc909-5c5f-4828-b630-36cc89b72adc,Transcriptome Profiling,RNA-Seq
798e4669-4ca3-4af1-b713-be2b1f30e4dc,"[{'case_id': '6ddaee34-46eb-490c-bd13-f0ab963c4322', 'submitter_id': 'TCGA-GM-A3NW'}]",09c3168a-9886-4095-a5ef-8bdcd0988dea.rna_seq.augmented_star_gene_counts.tsv,798e4669-4ca3-4af1-b713-be2b1f30e4dc,Gene Expression Quantification,684c401d-ab05-455d-86a4-27f09357eed7,Transcriptome Profiling,RNA-Seq
fecd341d-a370-4092-be40-e07fc44500e5,"[{'case_id': '6d4860b2-21c6-4b7b-9093-2f32700d0612', 'submitter_id': 'TCGA-OL-A5D8'}]",fe00aecb-7b06-4e76-b999-99ee41ad20ea.rna_seq.augmented_star_gene_counts.tsv,fecd341d-a370-4092-be40-e07fc44500e5,Gene Expression Quantification,f70abf82-cebc-4aea-b4cd-cdb077b641a6,Transcriptome Profiling,RNA-Seq
808f4ac6-9bc9-402f-be36-b7ec8658c150,"[{'case_id': '2680da86-c977-4611-b75f-df015283c023', 'submitter_id': 'TCGA-E9-A1R7'}]",769dff27-1f9c-422d-8ba0-703136a9d5ca.rna_seq.augmented_star_gene_counts.tsv,808f4ac6-9bc9-402f-be36-b7ec8658c150,Gene Expression Quantification,925e3bc3-4bff-4e5c-82e3-72a956fb3f35,Transcriptome Profiling,RNA-Seq
ab06e3b7-52ef-45e4-8fc6-dbb4f63b110e,"[{'case_id': '6dd0dd7b-62ff-4fd1-a99a-b265f1a91dca', 'submitter_id': 'TCGA-BH-A1FN'}]",3daf8160-42c5-41bf-b251-77fce23a4aab.rna_seq.augmented_star_gene_counts.tsv,ab06e3b7-52ef-45e4-8fc6-dbb4f63b110e,Gene Expression Quantification,97c079ee-577e-44be-b5ba-bb942bf97903,Transcriptome Profiling,RNA-Seq
235a9719-23a6-48b5-bbb1-248dbec23a35,"[{'case_id': '271404de-24e8-43f6-806b-fb510c1124c4', 'submitter_id': 'TCGA-B6-A1KN'}]",689ba70a-9664-459e-aee5-fd16b3b993a8.rna_seq.augmented_star_gene_counts.tsv,235a9719-23a6-48b5-bbb1-248dbec23a35,Gene Expression Quantification,540d7050-87cf-4b3b-824b-09b745e10870,Transcriptome Profiling,RNA-Seq
f6392b6f-24d9-4768-8269-c7c647f8ff8c,"[{'case_id': '298d33da-15af-48cb-b30f-eaf54e7baa43', 'submitter_id': 'TCGA-A2-A0YH'}]",0e062eef-29b8-4622-afd9-0d3f0d1c37d6.rna_seq.augmented_star_gene_counts.tsv,f6392b6f-24d9-4768-8269-c7c647f8ff8c,Gene Expression Quantification,5cf7e991-f923-4828-9b8c-a75e08b66895,Transcriptome Profiling,RNA-Seq
987d401a-3e68-414e-8067-afe277b02fad,"[{'case_id': 'a2934508-3daf-49e2-b14f-ed9b7693f96f', 'submitter_id': 'TCGA-A2-A0ES'}]",f6f90b5a-51c6-4402-aab5-081f5e2931a0.rna_seq.augmented_star_gene_counts.tsv,987d401a-3e68-414e-8067-afe277b02fad,Gene Expression Quantification,165c81a7-8c3c-4378-9208-599b6f65bcbe,Transcriptome Profiling,RNA-Seq
fde3b574-b9be-4dc2-a5ae-aaab8a0bbd26,"[{'case_id': '02bbb632-0f7f-439d-b8f0-c86a06237424', 'submitter_id': 'TCGA-AC-A2FB'}]",ca9d1ab5-ea78-46f4-9225-8147639d013c.rna_seq.augmented_star_gene_counts.tsv,fde3b574-b9be-4dc2-a5ae-aaab8a0bbd26,Gene Expression Quantification,c58e07e3-4ca9-4cf9-b246-dad5a2d0b739,Transcriptome Profiling,RNA-Seq
3293a2fa-d57c-448e-a336-a92def5dd92a,"[{'case_id': '3afa1e93-1df8-4e4c-aaa4-557463f4bb77', 'submitter_id': 'TCGA-A7-A0DA'}]",acda1855-14ba-4e05-89f7-50f7823f38b3.rna_seq.augmented_star_gene_counts.tsv,3293a2fa-d57c-448e-a336-a92def5dd92a,Gene Expression Quantification,140ae26f-0cb8-4fb6-bbc1-c8ab20a89b6b,Transcriptome Profiling,RNA-Seq
885098b3-2e01-4039-ad15-f3dda5c29dc6,"[{'case_id': 'dbcad60f-86c7-41e3-b0ae-baa39c9f83dd', 'submitter_id': 'TCGA-C8-A274'}]",784a9c63-9b40-4f6c-8147-93d0ed523867.rna_seq.augmented_star_gene_counts.tsv,885098b3-2e01-4039-ad15-f3dda5c29dc6,Gene Expression Quantification,498ae863-9bf5-4098-bcca-e86395589c11,Transcriptome Profiling,RNA-Seq
f2842246-b121-48f0-a8c5-474a8fb47036,"[{'case_id': '0491063c-14a7-4104-8002-1459126332f3', 'submitter_id': 'TCGA-B6-A0IK'}]",09f906ba-fa4b-487f-9631-fbd97d9db8f9.rna_seq.augmented_star_gene_counts.tsv,f2842246-b121-48f0-a8c5-474a8fb47036,Gene Expression Quantification,fd40229e-7514-4776-aa66-54a7123832e8,Transcriptome Profiling,RNA-Seq
097a38f3-a6c5-4267-8648-cd04e2bd9984,"[{'case_id': '636b0a90-c8c2-4ad6-a77d-6cd428a826d1', 'submitter_id': 'TCGA-E9-A247'}]",265fc9bf-8f99-4422-b78d-78ecf09b0e53.rna_seq.augmented_star_gene_counts.tsv,097a38f3-a6c5-4267-8648-cd04e2bd9984,Gene Expression Quantification,9d1ab64b-fa48-4b15-959d-b65a1b51b7a1,Transcriptome Profiling,RNA-Seq
e267a6fb-3d15-4658-b464-25438bd41330,"[{'case_id': '84b7ccf2-8ab3-4b21-96de-800d231bc072', 'submitter_id': 'TCGA-BH-A28O'}]",48c63209-a387-4045-8a24-7b9792db7623.rna_seq.augmented_star_gene_counts.tsv,e267a6fb-3d15-4658-b464-25438bd41330,Gene Expression Quantification,25abb51e-6e9e-4766-9614-8c9eef832813,Transcriptome Profiling,RNA-Seq
7002e8cb-0d64-4d4b-a483-bf6dec3c2abb,"[{'case_id': '67c5f371-3fa9-47c5-8b15-c2dd9acc8519', 'submitter_id': 'TCGA-AC-A2QH'}]",08a14e13-810a-4862-9de9-16b4fea25625.rna_seq.augmented_star_gene_counts.tsv,7002e8cb-0d64-4d4b-a483-bf6dec3c2abb,Gene Expression Quantification,a14bffa3-3145-49df-bced-9d2b6d853f00,Transcriptome Profiling,RNA-Seq
d2007230-83cb-4f12-bec5-e42afc4a58cd,"[{'case_id': '9e894662-b718-40f8-8899-b5e036cfbd76', 'submitter_id': 'TCGA-AN-A0AK'}]",9e94e2ce-f6a9-4358-b96e-266207b9ce34.rna_seq.augmented_star_gene_counts.tsv,d2007230-83cb-4f12-bec5-e42afc4a58cd,Gene Expression Quantification,214a64e4-5c9c-468e-bb57-e40c4612176d,Transcriptome Profiling,RNA-Seq
28aa7b6c-d5ec-4aa1-9c39-70d571efe6fb,"[{'case_id': '670f5022-5066-48f1-8472-5670129a1e0f', 'submitter_id': 'TCGA-A2-A0EP'}]",8408e231-e0d2-4650-b269-9a7f7ff4a597.rna_seq.augmented_star_gene_counts.tsv,28aa7b6c-d5ec-4aa1-9c39-70d571efe6fb,Gene Expression Quantification,67a0cbd9-412d-4af3-a005-2b0e715c3506,Transcriptome Profiling,RNA-Seq
17b87e41-8f42-48d8-90f8-d2c9b8553481,"[{'case_id': '2b22db1d-54a1-4b9e-a86e-a174cf51d95c', 'submitter_id': 'TCGA-BH-A0BS'}]",b35809ed-747b-46b9-9921-e14d859e5b5d.rna_seq.augmented_star_gene_counts.tsv,17b87e41-8f42-48d8-90f8-d2c9b8553481,Gene Expression Quantification,2ee5953a-c4dc-494e-80d6-634240bdac52,Transcriptome Profiling,RNA-Seq
176e739b-87e2-49b7-80e1-c27a6a632576,"[{'case_id': 'd2694b09-7844-4496-865c-5d3d8cd03330', 'submitter_id': 'TCGA-D8-A1XB'}]",48077485-61e6-4d16-a74c-ee216a9455f1.rna_seq.augmented_star_gene_counts.tsv,176e739b-87e2-49b7-80e1-c27a6a632576,Gene Expression Quantification,317dfb33-bb1d-4e0f-b14f-ea9a116a7a89,Transcriptome Profiling,RNA-Seq
4081fb70-afcd-4be3-a071-6df014f4fa52,"[{'case_id': 'f1692f4b-ce1b-4fc5-ac55-1022ecae0d1e', 'submitter_id': 'TCGA-C8-A134'}]",0d71189d-6801-4d6b-b306-22efcaa2564a.rna_seq.augmented_star_gene_counts.tsv,4081fb70-afcd-4be3-a071-6df014f4fa52,Gene Expression Quantification,9cbcfdd7-24bc-4a0e-a31a-de8b861e0b10,Transcriptome Profiling,RNA-Seq
192d2e5c-31a1-45aa-8bb5-b33e4f873077,"[{'case_id': '5f90d955-bbb0-4b44-a5ac-ba6fda9ca0fb', 'submitter_id': 'TCGA-A8-A06P'}]",e96b0282-8ff5-4390-9466-119534a50628.rna_seq.augmented_star_gene_counts.tsv,192d2e5c-31a1-45aa-8bb5-b33e4f873077,Gene Expression Quantification,5953ef54-dc0c-4764-b2a0-70a433535730,Transcriptome Profiling,RNA-Seq
ad1ea8c5-ca8b-49e9-a650-6012d71daf24,"[{'case_id': '972447aa-4332-47e7-bddd-2eb699dbb664', 'submitter_id': 'TCGA-AR-A0TS'}]",69d12077-db51-4a74-a090-9b26e0368ee8.rna_seq.augmented_star_gene_counts.tsv,ad1ea8c5-ca8b-49e9-a650-6012d71daf24,Gene Expression Quantification,0e637c68-66c2-4373-a91b-58a123e20b4c,Transcriptome Profiling,RNA-Seq
7afb1455-c2b6-4ae2-95ec-682ae7df34a2,"[{'case_id': '32861b48-83f5-43a3-bb54-45215ad2c5d6', 'submitter_id': 'TCGA-BH-A28Q'}]",7b3d0a19-0cbc-4e8a-be16-76693e100e4c.rna_seq.augmented_star_gene_counts.tsv,7afb1455-c2b6-4ae2-95ec-682ae7df34a2,Gene Expression Quantification,43da0969-4d09-4e8e-a1c4-bbc56a0c16d4,Transcriptome Profiling,RNA-Seq
3aad7b0b-9f82-41d0-b3e5-5614afcac6a8,"[{'case_id': 'e666081b-caaf-4e8b-9446-807be71201a5', 'submitter_id': 'TCGA-BH-A0HA'}]",7aac48b4-dbb0-49a5-a3e0-04916a9270b8.rna_seq.augmented_star_gene_counts.tsv,3aad7b0b-9f82-41d0-b3e5-5614afcac6a8,Gene Expression Quantification,afda81b8-b728-4bdc-aae8-9cc40a796af2,Transcriptome Profiling,RNA-Seq
fed5e108-cb1a-45b8-88e8-c5ea6a6bd61a,"[{'case_id': '4d0fec97-e024-4608-a0cc-426a3decc7b1', 'submitter_id': 'TCGA-AR-A252'}]",967f7008-e212-4114-ab43-dc2a6295f80c.rna_seq.augmented_star_gene_counts.tsv,fed5e108-cb1a-45b8-88e8-c5ea6a6bd61a,Gene Expression Quantification,90043e9d-5b1d-4451-a06a-212854b0faa7,Transcriptome Profiling,RNA-Seq
e3e859ed-2cc7-4842-a9dd-72938cd2170c,"[{'case_id': '9e3de467-fb0d-4021-89f8-b34968a7c7bc', 'submitter_id': 'TCGA-AR-A24T'}]",a1ba2be6-2ba6-4be5-9cc8-6db7950601c9.rna_seq.augmented_star_gene_counts.tsv,e3e859ed-2cc7-4842-a9dd-72938cd2170c,Gene Expression Quantification,dc1c5927-ef8b-465a-b008-fc8ae1191b39,Transcriptome Profiling,RNA-Seq
cd002ab8-a52b-4d20-9089-11b3e1dbaeb7,"[{'case_id': '06ef6e83-5583-45b9-a0bd-edea68943083', 'submitter_id': 'TCGA-E2-A572'}]",597c71b0-5c49-409d-84ff-cc31b185c620.rna_seq.augmented_star_gene_counts.tsv,cd002ab8-a52b-4d20-9089-11b3e1dbaeb7,Gene Expression Quantification,9699b234-621f-4963-bc43-162b9c070b5e,Transcriptome Profiling,RNA-Seq
a6f96d96-c761-4e98-9120-25138aa43e67,"[{'case_id': '33b7bf50-53f4-4839-aa83-9665f85671d8', 'submitter_id': 'TCGA-E2-A15R'}]",d0dc0f54-e23f-40fb-a0ac-56fbd55108f0.rna_seq.augmented_star_gene_counts.tsv,a6f96d96-c761-4e98-9120-25138aa43e67,Gene Expression Quantification,fdf247ed-b372-4898-9c28-b1d4be2dd8fe,Transcriptome Profiling,RNA-Seq
e45b755d-1df6-446a-aa05-59ae1960b442,"[{'case_id': '0adf59c6-581a-475d-a2f4-40aa40060b5b', 'submitter_id': 'TCGA-A8-A09T'}]",9d025af7-ba40-4329-9308-d039aaad900b.rna_seq.augmented_star_gene_counts.tsv,e45b755d-1df6-446a-aa05-59ae1960b442,Gene Expression Quantification,823b5b34-a009-4fbd-9db5-c41db6e3332f,Transcriptome Profiling,RNA-Seq
425a82ae-e0bf-48ae-946f-58ccc2571bfd,"[{'case_id': '71fc8941-4cfb-47ea-a533-873d38f8c95c', 'submitter_id': 'TCGA-E2-A1IO'}]",c5bb9834-a08f-4729-9aec-22f9a2816184.rna_seq.augmented_star_gene_counts.tsv,425a82ae-e0bf-48ae-946f-58ccc2571bfd,Gene Expression Quantification,18e99bd5-2428-49eb-8dec-941fa339e9ab,Transcriptome Profiling,RNA-Seq
65582670-1c71-4606-91b5-a886144fdfa6,"[{'case_id': 'af577366-0258-49e7-b6af-e70056c081a4', 'submitter_id': 'TCGA-E9-A1NA'}]",5c4f28b0-b83c-4b52-8545-2f26c9d0734f.rna_seq.augmented_star_gene_counts.tsv,65582670-1c71-4606-91b5-a886144fdfa6,Gene Expression Quantification,cde0733e-a7f0-4666-946c-6378d8a4ffc5,Transcriptome Profiling,RNA-Seq
08671bd5-f67a-46fa-979d-4aa40fb6575a,"[{'case_id': 'af577366-0258-49e7-b6af-e70056c081a4', 'submitter_id': 'TCGA-E9-A1NA'}]",ad01e71e-ed1f-4de6-81b5-8ef60f7a38d0.rna_seq.augmented_star_gene_counts.tsv,08671bd5-f67a-46fa-979d-4aa40fb6575a,Gene Expression Quantification,a73b8bcc-a987-4c18-afbd-611d32ad739f,Transcriptome Profiling,RNA-Seq
69f5df3f-273f-4e02-934b-af9c9ec52067,"[{'case_id': '3fc3755d-a3f8-4e2c-813f-ff124f2a75c1', 'submitter_id': 'TCGA-A2-A259'}]",92e1baff-0f43-4841-aab9-fdda0078673a.rna_seq.augmented_star_gene_counts.tsv,69f5df3f-273f-4e02-934b-af9c9ec52067,Gene Expression Quantification,4426256f-0b09-4758-8fb4-9e981c1fddb6,Transcriptome Profiling,RNA-Seq
9b5b1b38-58b8-47c9-badf-086676e44c1a,"[{'case_id': '0dd8dbc1-c48b-4e7c-b401-57101f724967', 'submitter_id': 'TCGA-S3-AA11'}]",4541a5e4-240b-466d-bbc4-3904581490f3.rna_seq.augmented_star_gene_counts.tsv,9b5b1b38-58b8-47c9-badf-086676e44c1a,Gene Expression Quantification,e57c2040-7744-4922-85f9-b6249b926774,Transcriptome Profiling,RNA-Seq
f78dec09-cb25-49c1-828c-6a88cf2be7d3,"[{'case_id': '57a1604c-60b7-4b30-a75e-f70939532c5c', 'submitter_id': 'TCGA-BH-A0B2'}]",c355cc80-6344-44b2-82e0-79d701fef03c.rna_seq.augmented_star_gene_counts.tsv,f78dec09-cb25-49c1-828c-6a88cf2be7d3,Gene Expression Quantification,95b7a357-9882-46e4-bade-1cc3636691a4,Transcriptome Profiling,RNA-Seq
16ffdede-3d07-431a-a4ed-318c7a66c096,"[{'case_id': '0a229f95-0ea1-4d63-953e-74f5ec2f3028', 'submitter_id': 'TCGA-AO-A0JD'}]",42ed2e82-e41d-4e2e-8bf3-8dfc324b040f.rna_seq.augmented_star_gene_counts.tsv,16ffdede-3d07-431a-a4ed-318c7a66c096,Gene Expression Quantification,011acaea-0b1a-48c6-8676-319d23145131,Transcriptome Profiling,RNA-Seq
c38adc46-f0f2-4c71-91b6-da2159dcb190,"[{'case_id': '8da3d6cf-381b-4d1b-93fa-41fd9d2b2e66', 'submitter_id': 'TCGA-AR-A0TW'}]",0f9b8032-b21a-4480-8434-d174760a7ddd.rna_seq.augmented_star_gene_counts.tsv,c38adc46-f0f2-4c71-91b6-da2159dcb190,Gene Expression Quantification,7f71bbe6-9bb1-41f9-b971-0f84ad4f1ee9,Transcriptome Profiling,RNA-Seq
c5e46ae9-c4c1-4afd-a772-392ede15808d,"[{'case_id': '8240c4ae-f878-4882-aa07-7857c7ac52cf', 'submitter_id': 'TCGA-AN-A0FZ'}]",490dfd10-0c85-48a9-b4ce-22b4445ed504.rna_seq.augmented_star_gene_counts.tsv,c5e46ae9-c4c1-4afd-a772-392ede15808d,Gene Expression Quantification,5eac47e3-0351-412f-9e54-be017090cfd5,Transcriptome Profiling,RNA-Seq
9dc47384-64df-48c7-9d41-921d6021ef9c,"[{'case_id': 'd3a75976-67d3-40fa-9f6f-cf2a3d7b773c', 'submitter_id': 'TCGA-BH-A0B8'}]",8e6bbb91-f5de-4615-8a29-37c8f401dbe9.rna_seq.augmented_star_gene_counts.tsv,9dc47384-64df-48c7-9d41-921d6021ef9c,Gene Expression Quantification,6b26cbfa-d7d4-49a7-8170-343c61e075bd,Transcriptome Profiling,RNA-Seq
c32d5451-815d-4451-97b1-e61801574c22,"[{'case_id': 'd4e7426c-9739-4585-9114-e564b13c7c02', 'submitter_id': 'TCGA-BH-A1FG'}]",dcd8e56d-d2a0-403b-89c9-351c7aae47ad.rna_seq.augmented_star_gene_counts.tsv,c32d5451-815d-4451-97b1-e61801574c22,Gene Expression Quantification,69fb5eee-f339-414e-a34b-364103d7f6a3,Transcriptome Profiling,RNA-Seq
94468afc-faea-4091-af0f-d2df8aec37da,"[{'case_id': '00807dae-9f4a-4fd1-aac2-82eb11bf2afb', 'submitter_id': 'TCGA-A2-A04W'}]",0781a18f-ce2a-478f-945e-49b2b8d7d941.rna_seq.augmented_star_gene_counts.tsv,94468afc-faea-4091-af0f-d2df8aec37da,Gene Expression Quantification,e3eee1cc-0d54-4894-abee-c0b88a3a7ad7,Transcriptome Profiling,RNA-Seq
f33b0d9c-486b-482d-b4a6-c2885072db7b,"[{'case_id': 'd5be2ab3-f748-480d-954b-385cf01b4c81', 'submitter_id': 'TCGA-D8-A27N'}]",ab3b04d0-d1fb-48f4-aae2-9ef96c9f5fb2.rna_seq.augmented_star_gene_counts.tsv,f33b0d9c-486b-482d-b4a6-c2885072db7b,Gene Expression Quantification,183255c6-25f4-4a29-91e5-531589cabd4c,Transcriptome Profiling,RNA-Seq
e99a371e-14fa-46f7-89c1-ad36bcd82994,"[{'case_id': 'd8ecba6a-9fff-4993-a799-9a8d2aea524e', 'submitter_id': 'TCGA-E2-A1LH'}]",28b12d43-f858-458b-9305-6581a9498e59.rna_seq.augmented_star_gene_counts.tsv,e99a371e-14fa-46f7-89c1-ad36bcd82994,Gene Expression Quantification,71beddde-d151-4808-8e3d-7e850a7c5f54,Transcriptome Profiling,RNA-Seq
e14858ca-8bb5-4d6d-906c-5d62722d90f8,"[{'case_id': '00a2d166-78c9-4687-a195-3d6315c27574', 'submitter_id': 'TCGA-AN-A0AM'}]",fd6f4c9b-ee43-4939-8cfa-2e447aedbcf3.rna_seq.augmented_star_gene_counts.tsv,e14858ca-8bb5-4d6d-906c-5d62722d90f8,Gene Expression Quantification,7eb41837-274a-4e75-ae1d-9add1c4c219a,Transcriptome Profiling,RNA-Seq
515f8866-8744-44d8-9e4b-0e734d0c201b,"[{'case_id': 'd8f8064f-02ef-4fed-942b-714cbe5e8455', 'submitter_id': 'TCGA-LL-A7T0'}]",c5d73777-b7f3-4107-9efc-afde92f70469.rna_seq.augmented_star_gene_counts.tsv,515f8866-8744-44d8-9e4b-0e734d0c201b,Gene Expression Quantification,02a3d96b-5f6d-4635-a3a3-03dd8007e10a,Transcriptome Profiling,RNA-Seq
774133e2-dfca-4918-9be9-8727fc99fe26,"[{'case_id': 'd7cac141-9269-4733-83ce-e1bc0b503254', 'submitter_id': 'TCGA-A8-A096'}]",666548b5-7b80-42af-80f3-207063c35b3b.rna_seq.augmented_star_gene_counts.tsv,774133e2-dfca-4918-9be9-8727fc99fe26,Gene Expression Quantification,e49569d9-4c26-40a6-9d15-9c2fd8a8e9f8,Transcriptome Profiling,RNA-Seq
2b519fff-dd2a-458e-ac2b-573167aeb7f2,"[{'case_id': '011b9b2d-ebe5-42bf-9662-d922faccc7a1', 'submitter_id': 'TCGA-A7-A26E'}]",a02fb212-a6cc-40b2-9d31-481fc1ce0911.rna_seq.augmented_star_gene_counts.tsv,2b519fff-dd2a-458e-ac2b-573167aeb7f2,Gene Expression Quantification,860e99df-71d4-45cf-a0cb-8490aa992ce3,Transcriptome Profiling,RNA-Seq
4d0dcaac-cf91-4737-931d-f308fb20df9d,"[{'case_id': 'd8492ebd-3d94-4a4b-8de7-386526691cc2', 'submitter_id': 'TCGA-E2-A1BC'}]",a0baf653-6f10-46fe-959c-54268fbc670e.rna_seq.augmented_star_gene_counts.tsv,4d0dcaac-cf91-4737-931d-f308fb20df9d,Gene Expression Quantification,393cb40e-bc86-4f03-a46a-9cdda5db03d6,Transcriptome Profiling,RNA-Seq
cd2dcf58-da3a-4070-b42f-07d0102a342e,"[{'case_id': 'da286247-e8bb-4941-a2af-2453fe61cd02', 'submitter_id': 'TCGA-EW-A1PG'}]",24eddfec-08a0-48fa-bef3-a4b9bd740170.rna_seq.augmented_star_gene_counts.tsv,cd2dcf58-da3a-4070-b42f-07d0102a342e,Gene Expression Quantification,3946efa9-b1ed-45e9-b3bb-0568bce5a8cb,Transcriptome Profiling,RNA-Seq
39e5a93f-7474-44f8-974a-7ce44f909002,"[{'case_id': 'dc11b1c7-1f00-4813-b4b5-ecf776b2eb37', 'submitter_id': 'TCGA-C8-A26Z'}]",e88a6a51-24b3-4b52-bd5a-f306f1c9e0d9.rna_seq.augmented_star_gene_counts.tsv,39e5a93f-7474-44f8-974a-7ce44f909002,Gene Expression Quantification,c925b941-df07-4d42-baad-9a9f5210a98b,Transcriptome Profiling,RNA-Seq
35f78d43-917b-4a7b-b992-d004056a370f,"[{'case_id': 'da840a22-8d30-4682-bbd0-8fa87bd40528', 'submitter_id': 'TCGA-E2-A15C'}]",87c074cd-bcd8-4280-a12e-b205f50e139c.rna_seq.augmented_star_gene_counts.tsv,35f78d43-917b-4a7b-b992-d004056a370f,Gene Expression Quantification,dffe2886-7c52-4613-99be-808368b8f278,Transcriptome Profiling,RNA-Seq
5978f5bd-575c-4b95-9265-654af1127685,"[{'case_id': 'dc657ca8-98e8-4ec4-a513-1b848be0e85d', 'submitter_id': 'TCGA-BH-A0HU'}]",096761b0-f4ca-448d-b78f-58469a508798.rna_seq.augmented_star_gene_counts.tsv,5978f5bd-575c-4b95-9265-654af1127685,Gene Expression Quantification,ecc5adda-936d-4827-9b30-c4fc06bdd027,Transcriptome Profiling,RNA-Seq
20110ed9-8b45-4a62-bd13-e0281915a06b,"[{'case_id': '0d03055c-186b-418a-b614-e2035757bc3b', 'submitter_id': 'TCGA-D8-A1JS'}]",c6151c87-ab96-49c3-a250-b56211cd20e5.rna_seq.augmented_star_gene_counts.tsv,20110ed9-8b45-4a62-bd13-e0281915a06b,Gene Expression Quantification,2484b5db-eadf-4861-b2e6-1b2a04bb1f86,Transcriptome Profiling,RNA-Seq
d80334e2-0ee0-432a-aa78-3d6ca1f017e5,"[{'case_id': 'dcb68327-1537-4ca6-81de-3910d0663cb8', 'submitter_id': 'TCGA-C8-A8HR'}]",87e5aef9-f493-4e46-bb5b-7cd18d5e30fc.rna_seq.augmented_star_gene_counts.tsv,d80334e2-0ee0-432a-aa78-3d6ca1f017e5,Gene Expression Quantification,45631a33-8bbd-42d1-8723-784fb4658525,Transcriptome Profiling,RNA-Seq
89fa8a0c-e046-4fbf-97c5-4ed5cc4e5e4c,"[{'case_id': '0ec70e40-07df-461d-8ff9-351240a0d454', 'submitter_id': 'TCGA-A7-A5ZV'}]",68a74e5b-649e-4568-8616-d2292a4eca19.rna_seq.augmented_star_gene_counts.tsv,89fa8a0c-e046-4fbf-97c5-4ed5cc4e5e4c,Gene Expression Quantification,11571dbe-f404-49b7-ab1b-12f1e4d8dc2e,Transcriptome Profiling,RNA-Seq
84ab5edd-38bf-4987-b9af-fa4d1cbdef2c,"[{'case_id': 'a272171b-44f5-47a5-89be-7520413c01ad', 'submitter_id': 'TCGA-A8-A07Z'}]",774f5688-bad0-4a78-b26a-7aceb353e603.rna_seq.augmented_star_gene_counts.tsv,84ab5edd-38bf-4987-b9af-fa4d1cbdef2c,Gene Expression Quantification,7345109f-7de3-4249-a213-b925862bb315,Transcriptome Profiling,RNA-Seq
f30b7e3e-f26d-47f7-a87f-6c1a4f074f65,"[{'case_id': '01eef340-598c-4205-a990-cec190ac2ca5', 'submitter_id': 'TCGA-B6-A0IQ'}]",a7bca7c2-8c54-4ad1-9deb-7f77c962bb07.rna_seq.augmented_star_gene_counts.tsv,f30b7e3e-f26d-47f7-a87f-6c1a4f074f65,Gene Expression Quantification,a9e71460-c547-42c9-8625-e798af04b153,Transcriptome Profiling,RNA-Seq
d796de5e-4512-4b3a-93d4-2a006e79084f,"[{'case_id': '791c5768-f0f5-4ab6-86eb-998e5c4b49e3', 'submitter_id': 'TCGA-E2-A1L7'}]",da752364-731c-4e77-8d6e-9c91a5b7f68f.rna_seq.augmented_star_gene_counts.tsv,d796de5e-4512-4b3a-93d4-2a006e79084f,Gene Expression Quantification,34e7884b-b4f7-4124-98d9-e7cf81f2daa4,Transcriptome Profiling,RNA-Seq
5c33730b-be75-452a-ad2f-02eb726d4eae,"[{'case_id': 'e6f527a2-38eb-457e-bb39-3c5b9c0bcbec', 'submitter_id': 'TCGA-EW-A2FW'}]",ba3f32ca-85e0-467a-a733-99ea832ff1c3.rna_seq.augmented_star_gene_counts.tsv,5c33730b-be75-452a-ad2f-02eb726d4eae,Gene Expression Quantification,d4ad49a6-200a-444b-9e50-42372816eff2,Transcriptome Profiling,RNA-Seq
15f0e499-8d53-4e97-a392-334875d25cf4,"[{'case_id': '7875018b-91dc-4ab1-83b0-ee3883e2816e', 'submitter_id': 'TCGA-BH-A0C0'}]",467bd108-f391-4dd1-92de-43879822400d.rna_seq.augmented_star_gene_counts.tsv,15f0e499-8d53-4e97-a392-334875d25cf4,Gene Expression Quantification,522725ff-1370-4ca6-9437-d8c9d06e2f28,Transcriptome Profiling,RNA-Seq
76267112-851f-4f5b-af40-f3c90af1b2ce,"[{'case_id': '39de7761-e762-4811-b95c-8216b79ae06b', 'submitter_id': 'TCGA-AN-A0XW'}]",bd35c087-9a96-4f86-99f2-1a2a8936471a.rna_seq.augmented_star_gene_counts.tsv,76267112-851f-4f5b-af40-f3c90af1b2ce,Gene Expression Quantification,c883ff34-c12c-447d-8e79-50b73e203bc9,Transcriptome Profiling,RNA-Seq
ff570f9a-a252-496d-a452-344063851a7b,"[{'case_id': '67c5f371-3fa9-47c5-8b15-c2dd9acc8519', 'submitter_id': 'TCGA-AC-A2QH'}]",574d0a5f-8cb7-4783-8d5e-b07c1b3460dc.rna_seq.augmented_star_gene_counts.tsv,ff570f9a-a252-496d-a452-344063851a7b,Gene Expression Quantification,e8212703-ed98-4c09-8665-317fffd4c6c5,Transcriptome Profiling,RNA-Seq
7ba3b335-cd4c-4b44-a4da-44fa1109a6f0,"[{'case_id': '75113445-d2d6-44a0-866c-c9175e6d214b', 'submitter_id': 'TCGA-A2-A0D4'}]",824f5b0a-44d4-4ccf-9277-1ef752462bb3.rna_seq.augmented_star_gene_counts.tsv,7ba3b335-cd4c-4b44-a4da-44fa1109a6f0,Gene Expression Quantification,330834dc-625d-4236-9d78-572f21c26dd7,Transcriptome Profiling,RNA-Seq
db5aadbb-3042-4c20-8235-ccd19634d9d3,"[{'case_id': 'd5f2b85a-94a9-4168-bbe8-149ec71342b0', 'submitter_id': 'TCGA-AC-A62V'}]",9692b4cc-6c7f-4f88-8854-769568f088ae.rna_seq.augmented_star_gene_counts.tsv,db5aadbb-3042-4c20-8235-ccd19634d9d3,Gene Expression Quantification,3bc61a14-b495-48b1-abf4-b8b465c2ef02,Transcriptome Profiling,RNA-Seq
67d73608-5dfb-41c1-85d3-52f1eba7daa2,"[{'case_id': 'd2219a3f-4c55-4dee-9b08-c6f330dd1acf', 'submitter_id': 'TCGA-AO-A1KQ'}]",c33e4a5e-f54e-48e0-bcbf-4e019e63a352.rna_seq.augmented_star_gene_counts.tsv,67d73608-5dfb-41c1-85d3-52f1eba7daa2,Gene Expression Quantification,f66d14e7-e94d-4fcf-bd98-80f8e1ccebc5,Transcriptome Profiling,RNA-Seq
a1516cec-76ec-4a05-97a0-a56ef8490e60,"[{'case_id': '281f70c5-876f-44b3-84fb-f2302f85e74c', 'submitter_id': 'TCGA-A8-A06Q'}]",3a814d3d-749f-4066-b33b-3faf503d84bb.rna_seq.augmented_star_gene_counts.tsv,a1516cec-76ec-4a05-97a0-a56ef8490e60,Gene Expression Quantification,b4ee82d4-8e1d-427e-a805-0ab9d3cc8d64,Transcriptome Profiling,RNA-Seq
2700aca8-b120-4655-87ab-a9f8f7f633db,"[{'case_id': 'a947a945-4721-45cc-bc45-13b8ea41c10e', 'submitter_id': 'TCGA-A7-A4SB'}]",8c92ecf0-5d81-48c3-ad9f-9adf51860962.rna_seq.augmented_star_gene_counts.tsv,2700aca8-b120-4655-87ab-a9f8f7f633db,Gene Expression Quantification,8707c7c9-57c6-4a13-accf-2374607cb82f,Transcriptome Profiling,RNA-Seq
84225715-14a6-423c-a6d6-15558e151f56,"[{'case_id': '6e7d5ec6-a469-467c-b748-237353c23416', 'submitter_id': 'TCGA-3C-AAAU'}]",253aa5dc-9853-462a-9bcd-c2e44817833b.rna_seq.augmented_star_gene_counts.tsv,84225715-14a6-423c-a6d6-15558e151f56,Gene Expression Quantification,57982a48-af50-4e75-8e5f-240c3ae571c0,Transcriptome Profiling,RNA-Seq
573241d2-e298-426a-84a0-2c3889bae923,"[{'case_id': '4a032bad-e726-48f2-8f39-e3acc109cc91', 'submitter_id': 'TCGA-BH-A0BZ'}]",b1e03953-263f-4331-b386-487cdc897425.rna_seq.augmented_star_gene_counts.tsv,573241d2-e298-426a-84a0-2c3889bae923,Gene Expression Quantification,3511f242-8b8a-499e-bb65-fc46c5720a18,Transcriptome Profiling,RNA-Seq
1ab2be1b-4a61-480e-aa1b-eafab958f1f7,"[{'case_id': '5d1d00c6-fcae-479e-ae1e-de76efd41d98', 'submitter_id': 'TCGA-BH-A0BW'}]",aeee03c3-20b3-4f96-b686-52111ce99a63.rna_seq.augmented_star_gene_counts.tsv,1ab2be1b-4a61-480e-aa1b-eafab958f1f7,Gene Expression Quantification,476f3aa8-91d7-47cf-b105-6ce9e541744d,Transcriptome Profiling,RNA-Seq
e86f9f1b-4e5c-4743-8158-14ec2e83b6f1,"[{'case_id': '0807435a-e75e-4e04-8e45-ed0cd49a841a', 'submitter_id': 'TCGA-B6-A0IA'}]",91d22570-2889-46c5-9efe-5c40a4f84e5b.rna_seq.augmented_star_gene_counts.tsv,e86f9f1b-4e5c-4743-8158-14ec2e83b6f1,Gene Expression Quantification,79068653-b8a7-4f8d-ad02-68f44fa28587,Transcriptome Profiling,RNA-Seq
2e9902c2-e171-465e-ae13-45c413f7515f,"[{'case_id': 'a6a863d9-b39d-4965-b47f-79a1bcf3c976', 'submitter_id': 'TCGA-A1-A0SH'}]",95bb2613-9194-434c-801b-fd18aa183f6a.rna_seq.augmented_star_gene_counts.tsv,2e9902c2-e171-465e-ae13-45c413f7515f,Gene Expression Quantification,66d6d4e0-a2e8-4f23-ace0-2e681c795656,Transcriptome Profiling,RNA-Seq
2d148c3a-7bbd-414f-872e-dd916d0e3ccf,"[{'case_id': '858652b8-c4c2-41d8-be32-fdc88e1a7bb0', 'submitter_id': 'TCGA-BH-A1EN'}]",bd1f12ab-ee49-4e7e-aad4-14924c49d306.rna_seq.augmented_star_gene_counts.tsv,2d148c3a-7bbd-414f-872e-dd916d0e3ccf,Gene Expression Quantification,09613430-f25c-4c9b-bba2-becd126eb88b,Transcriptome Profiling,RNA-Seq
a2cb26d9-70e7-47ca-b019-a5fa136b42f7,"[{'case_id': 'baf1207d-7d1a-4cad-ba58-62c26be2415e', 'submitter_id': 'TCGA-AN-A0FL'}]",fefb685b-91fc-4837-b612-73be3c4d941e.rna_seq.augmented_star_gene_counts.tsv,a2cb26d9-70e7-47ca-b019-a5fa136b42f7,Gene Expression Quantification,068c376f-3c67-44f0-ba45-c339d3d0649b,Transcriptome Profiling,RNA-Seq
62c0cac5-05eb-46ea-b165-a2e9e342a259,"[{'case_id': 'f45210d3-9e66-4f5e-bef1-5ee5547cc893', 'submitter_id': 'TCGA-EW-A1PC'}]",d702ead2-f1df-43e1-b1a4-c506902b14df.rna_seq.augmented_star_gene_counts.tsv,62c0cac5-05eb-46ea-b165-a2e9e342a259,Gene Expression Quantification,5aa5ade5-a157-4ca2-98ad-891dc6ed6b96,Transcriptome Profiling,RNA-Seq
31e1dbf5-8c97-4e4d-a488-d6737ab304c2,"[{'case_id': 'bf88ddf5-a6d4-498c-bf7f-db9bfabff72d', 'submitter_id': 'TCGA-A2-A0EO'}]",6e24acde-7dd0-46b9-b3c5-b0b617912910.rna_seq.augmented_star_gene_counts.tsv,31e1dbf5-8c97-4e4d-a488-d6737ab304c2,Gene Expression Quantification,cac1e4fc-bd4f-4a99-8b06-406dccbd9366,Transcriptome Profiling,RNA-Seq
3c70b5af-2238-4fbe-991b-dc68975cc7f1,"[{'case_id': '3b7b9c1e-a84c-47ed-983c-9e4b00cbf01a', 'submitter_id': 'TCGA-A7-A26F'}]",7050a8f4-f7f5-41ba-9bda-942d369cf317.rna_seq.augmented_star_gene_counts.tsv,3c70b5af-2238-4fbe-991b-dc68975cc7f1,Gene Expression Quantification,dd35a489-0e2b-41e1-9a76-df4094366c24,Transcriptome Profiling,RNA-Seq
64657d41-17ad-4692-8a13-0cf55c55f11d,"[{'case_id': '9de678e5-67ed-4453-a98b-7ac351d5d0f1', 'submitter_id': 'TCGA-A7-A0CH'}]",6f73500d-4b23-4f14-911b-fbc69bd38f4b.rna_seq.augmented_star_gene_counts.tsv,64657d41-17ad-4692-8a13-0cf55c55f11d,Gene Expression Quantification,6f95887c-4ba5-40ce-8682-ea581084ee5b,Transcriptome Profiling,RNA-Seq
bbff7857-30a2-41ad-b2f7-5a6ffc59fe0c,"[{'case_id': '66fa504c-4ae4-49ac-9355-1e063776dc0d', 'submitter_id': 'TCGA-GM-A2DI'}]",0db633a3-b1da-4caf-8e2c-89c0bc422869.rna_seq.augmented_star_gene_counts.tsv,bbff7857-30a2-41ad-b2f7-5a6ffc59fe0c,Gene Expression Quantification,1df56e6d-db81-4656-bd4c-5da924c6ac63,Transcriptome Profiling,RNA-Seq
94db1456-e7f2-4f5f-92e3-b8faa801097d,"[{'case_id': '6b4e0262-f589-4532-b578-9f2d76c19d90', 'submitter_id': 'TCGA-A7-A3IY'}]",d635a6e8-ecb3-4f9c-a56a-af1d0c714d7a.rna_seq.augmented_star_gene_counts.tsv,94db1456-e7f2-4f5f-92e3-b8faa801097d,Gene Expression Quantification,c3b7970f-6bd7-4684-b046-3f1e41005a62,Transcriptome Profiling,RNA-Seq
90617797-d2c7-4c49-bffe-b2bea96a7cf1,"[{'case_id': '6cd9baf5-bbe0-4c1e-a87f-c53b3af22890', 'submitter_id': 'TCGA-A7-A13G'}]",cf7f5e39-f761-424f-9987-21b328afa0ae.rna_seq.augmented_star_gene_counts.tsv,90617797-d2c7-4c49-bffe-b2bea96a7cf1,Gene Expression Quantification,ceede8c0-7206-4284-8470-56699beb6c65,Transcriptome Profiling,RNA-Seq
87af5cf5-08e6-443b-a23b-6221f7433a65,"[{'case_id': '6b923e30-2ddc-407f-91b1-c202f1373fbb', 'submitter_id': 'TCGA-C8-A12K'}]",3628bc49-6968-47a8-96e4-e47421a7152a.rna_seq.augmented_star_gene_counts.tsv,87af5cf5-08e6-443b-a23b-6221f7433a65,Gene Expression Quantification,151cc6e3-70de-4c7e-af2a-d8d1c65c18e1,Transcriptome Profiling,RNA-Seq
2455f280-a23c-48ec-b4c1-698b56f72a45,"[{'case_id': '10c829ec-fd66-49c4-8afe-ad3ae567372c', 'submitter_id': 'TCGA-BH-A42T'}]",5383a729-554e-4d3e-ba62-449f45b7567d.rna_seq.augmented_star_gene_counts.tsv,2455f280-a23c-48ec-b4c1-698b56f72a45,Gene Expression Quantification,049ac1ec-9e78-429e-910e-41d1e3a1e626,Transcriptome Profiling,RNA-Seq
0e89a7ce-aed2-4c74-9bdf-cf50793c73b6,"[{'case_id': '6cdc0d53-f813-4101-81e5-9bee68270536', 'submitter_id': 'TCGA-BH-A0H3'}]",f3f0919f-f9eb-4baf-aeef-c79fbafef237.rna_seq.augmented_star_gene_counts.tsv,0e89a7ce-aed2-4c74-9bdf-cf50793c73b6,Gene Expression Quantification,7686384c-3c68-4f9b-a7fc-f8d92001dc89,Transcriptome Profiling,RNA-Seq
7bcb3817-31ac-4ef5-9038-a9bfebad5869,"[{'case_id': '1285eb55-415c-494a-aa58-936f0427cdd0', 'submitter_id': 'TCGA-V7-A7HQ'}]",87506e5d-4ebe-4f0c-a124-ea0add72d2ac.rna_seq.augmented_star_gene_counts.tsv,7bcb3817-31ac-4ef5-9038-a9bfebad5869,Gene Expression Quantification,e003374b-693c-4e80-98b3-e984e783a494,Transcriptome Profiling,RNA-Seq
7dace9fc-28bd-44fb-9e97-6319eb30bb05,"[{'case_id': '1026e0bf-5640-4fa5-b65f-4f11e8e76b18', 'submitter_id': 'TCGA-D8-A1XS'}]",0c13d041-ca8d-48cc-ba02-3b7889e5367c.rna_seq.augmented_star_gene_counts.tsv,7dace9fc-28bd-44fb-9e97-6319eb30bb05,Gene Expression Quantification,c325c1b6-eed2-41a9-afe5-26d58fe5fb33,Transcriptome Profiling,RNA-Seq
91060c43-f1e3-49ea-a3c9-96def417716b,"[{'case_id': 'f39edd06-1016-4e8e-a42e-12f7e699ddc5', 'submitter_id': 'TCGA-A8-A091'}]",caf3d917-623d-4e2a-ac0a-521415385763.rna_seq.augmented_star_gene_counts.tsv,91060c43-f1e3-49ea-a3c9-96def417716b,Gene Expression Quantification,5dd8d675-9b02-4e22-a66c-89bb26f44580,Transcriptome Profiling,RNA-Seq
45584684-6082-422f-abe5-ef918f8ee77a,"[{'case_id': '2c04a2f5-321e-4dea-8e00-268325da65cb', 'submitter_id': 'TCGA-A8-A06T'}]",44beea06-28a7-490a-b6bb-4e023230e51c.rna_seq.augmented_star_gene_counts.tsv,45584684-6082-422f-abe5-ef918f8ee77a,Gene Expression Quantification,4dbf7f8f-0c08-4b94-86f5-94ecd7d73fd4,Transcriptome Profiling,RNA-Seq
b54476c3-f6f1-4474-b447-72023ba97687,"[{'case_id': 'c1442467-d618-435f-8792-b1a18f696f1a', 'submitter_id': 'TCGA-AO-A0J5'}]",65c868ba-94ed-43f2-bfd1-814979ee9486.rna_seq.augmented_star_gene_counts.tsv,b54476c3-f6f1-4474-b447-72023ba97687,Gene Expression Quantification,3cb0a23c-34f4-444e-b44e-b63cd8864326,Transcriptome Profiling,RNA-Seq
e12f17ae-dc1f-4e91-93bd-b827ad276dde,"[{'case_id': 'e17c565c-9857-4df3-a352-903b53093c85', 'submitter_id': 'TCGA-AO-A0JI'}]",a854c368-6e81-4ade-9ea9-afbee1c4c448.rna_seq.augmented_star_gene_counts.tsv,e12f17ae-dc1f-4e91-93bd-b827ad276dde,Gene Expression Quantification,e3e938ba-1056-455d-8749-3b3a7bdc67c6,Transcriptome Profiling,RNA-Seq
839a4656-f2ce-4460-858a-8e6b314695ef,"[{'case_id': '03da7a65-fa2f-42cb-a709-5fe8736f21d3', 'submitter_id': 'TCGA-D8-A146'}]",b36c0e8b-a9b1-46ac-8946-88e64a28ff5a.rna_seq.augmented_star_gene_counts.tsv,839a4656-f2ce-4460-858a-8e6b314695ef,Gene Expression Quantification,579927d7-bc17-4092-9859-56845238ba6f,Transcriptome Profiling,RNA-Seq
5c57b96c-909e-468e-bef6-f0375a788fcb,"[{'case_id': '70fc011c-0f22-4026-9d72-87351126203a', 'submitter_id': 'TCGA-AR-A2LL'}]",0b0b23c2-dac8-45cf-ba91-913776b00a33.rna_seq.augmented_star_gene_counts.tsv,5c57b96c-909e-468e-bef6-f0375a788fcb,Gene Expression Quantification,06ae3b8a-773b-44a0-8a60-ffc3b469e816,Transcriptome Profiling,RNA-Seq
104e3cb5-c6df-422b-a55f-6b19408594d4,"[{'case_id': '791c5768-f0f5-4ab6-86eb-998e5c4b49e3', 'submitter_id': 'TCGA-E2-A1L7'}]",2056c543-2f73-4a2f-995e-3af2dda7b514.rna_seq.augmented_star_gene_counts.tsv,104e3cb5-c6df-422b-a55f-6b19408594d4,Gene Expression Quantification,f2557791-b795-4138-984a-218b0328e9b8,Transcriptome Profiling,RNA-Seq
a9527be9-e865-4074-ae57-f3510e70c203,"[{'case_id': '853456d8-2367-404e-abc9-020fe8bbd209', 'submitter_id': 'TCGA-A8-A07E'}]",d6ca3b86-5a26-4467-b9a9-cb7fcc5a7316.rna_seq.augmented_star_gene_counts.tsv,a9527be9-e865-4074-ae57-f3510e70c203,Gene Expression Quantification,ef969b83-3b78-49e7-9a38-34d31ea2a265,Transcriptome Profiling,RNA-Seq
4a5803a6-942a-4992-8b9d-29e1091b10f6,"[{'case_id': '42378dbc-a123-4cf9-8502-165e89fda271', 'submitter_id': 'TCGA-EW-A6SD'}]",2645561c-8313-4196-b321-b4a83879df88.rna_seq.augmented_star_gene_counts.tsv,4a5803a6-942a-4992-8b9d-29e1091b10f6,Gene Expression Quantification,757a337c-81e4-4c19-aab7-6941b0415b90,Transcriptome Profiling,RNA-Seq
0877bc64-fbf4-427f-a889-21a4a9102600,"[{'case_id': '87b85935-a058-44ad-8fb6-8511130eaffe', 'submitter_id': 'TCGA-D8-A1XV'}]",13cc2a80-d6fe-49ff-9868-c9eac6df3c5e.rna_seq.augmented_star_gene_counts.tsv,0877bc64-fbf4-427f-a889-21a4a9102600,Gene Expression Quantification,52d4d039-5ebc-4f18-9c3c-c40ae0996445,Transcriptome Profiling,RNA-Seq
07478a1d-adbe-4fa7-858b-0edb74171eec,"[{'case_id': '8360cec6-daf6-41c9-9a4f-7fc03c958dcc', 'submitter_id': 'TCGA-OL-A5RY'}]",647221bc-8100-4bb5-86a5-973fb67fde0b.rna_seq.augmented_star_gene_counts.tsv,07478a1d-adbe-4fa7-858b-0edb74171eec,Gene Expression Quantification,d5c34f04-1b47-4e0d-b046-f378c2fa1ece,Transcriptome Profiling,RNA-Seq
f3d5f550-311d-4c59-8576-81fde80db315,"[{'case_id': '7317e605-93ba-49a9-8743-20613b02767a', 'submitter_id': 'TCGA-E2-A1LE'}]",1990cbfd-497e-4fcb-ad10-251e410c0d29.rna_seq.augmented_star_gene_counts.tsv,f3d5f550-311d-4c59-8576-81fde80db315,Gene Expression Quantification,bfd4e9d7-a6e0-4dd1-948c-9367c298f57d,Transcriptome Profiling,RNA-Seq
2291d3f5-8269-4f31-adad-4b873c7ac770,"[{'case_id': '3f56d67f-5a9c-4353-9408-e7f60eb6477b', 'submitter_id': 'TCGA-LL-A442'}]",2f3e03a2-8764-4791-b53a-a599c6159e19.rna_seq.augmented_star_gene_counts.tsv,2291d3f5-8269-4f31-adad-4b873c7ac770,Gene Expression Quantification,f4fa19cc-af50-4ca4-94d4-d745142495b8,Transcriptome Profiling,RNA-Seq
268eed55-913e-470b-8940-68daae0b21aa,"[{'case_id': 'f7ab565c-83b5-4988-b9be-8a46f65dca8c', 'submitter_id': 'TCGA-D8-A1JJ'}]",42b32308-71f1-4f21-935f-7e4e5751e332.rna_seq.augmented_star_gene_counts.tsv,268eed55-913e-470b-8940-68daae0b21aa,Gene Expression Quantification,fbe5a597-aab2-41d9-9715-d65d9ff0dc1d,Transcriptome Profiling,RNA-Seq
0437af11-bb89-4901-9764-bb410c2e94c5,"[{'case_id': '3c8b5af9-c34d-43c2-b8c9-39ea11e44fa6', 'submitter_id': 'TCGA-BH-A1FD'}]",5a61d29b-5ae6-41b6-8842-865463f72990.rna_seq.augmented_star_gene_counts.tsv,0437af11-bb89-4901-9764-bb410c2e94c5,Gene Expression Quantification,866f21a5-d30f-45ad-a1b4-a0beca90113c,Transcriptome Profiling,RNA-Seq
d393af6b-de4b-4ca6-bc06-a29068dfe086,"[{'case_id': '4e6edfe6-adcb-4c12-8ff4-38a79f5887e8', 'submitter_id': 'TCGA-B6-A0X5'}]",fb1c09a7-660e-4585-85b8-5acc456563cf.rna_seq.augmented_star_gene_counts.tsv,d393af6b-de4b-4ca6-bc06-a29068dfe086,Gene Expression Quantification,31c537e3-dbde-476e-b430-77d7ab084ab1,Transcriptome Profiling,RNA-Seq
ee89e01e-d54e-4166-a3ae-db9357639523,"[{'case_id': '01f50abf-fc15-446e-9d07-edeecc545a32', 'submitter_id': 'TCGA-E2-A155'}]",207b5c1c-3710-47bd-be2c-e1307631b28f.rna_seq.augmented_star_gene_counts.tsv,ee89e01e-d54e-4166-a3ae-db9357639523,Gene Expression Quantification,088e392b-b9cd-4401-b330-2136f0425017,Transcriptome Profiling,RNA-Seq
bbe70939-24be-4397-a125-510cad51337c,"[{'case_id': 'a20fa2c4-a502-47e3-bfaa-2ec4cce3a859', 'submitter_id': 'TCGA-A8-A07S'}]",870c128f-49d0-462a-8970-5175e791096b.rna_seq.augmented_star_gene_counts.tsv,bbe70939-24be-4397-a125-510cad51337c,Gene Expression Quantification,1e1ab3f8-f06d-45e5-a6a3-feaedc932255,Transcriptome Profiling,RNA-Seq
736fca14-66fb-481a-985e-7253f75243a8,"[{'case_id': '2b22db1d-54a1-4b9e-a86e-a174cf51d95c', 'submitter_id': 'TCGA-BH-A0BS'}]",217558e4-a5f5-4c72-91b7-b430a17f457a.rna_seq.augmented_star_gene_counts.tsv,736fca14-66fb-481a-985e-7253f75243a8,Gene Expression Quantification,6915c9e8-edd6-46de-99b5-9c725218020f,Transcriptome Profiling,RNA-Seq
760131f1-5fbf-469f-9629-43733014953d,"[{'case_id': '22b35927-1c3f-4f98-ba42-deafc56b677a', 'submitter_id': 'TCGA-BH-A0EI'}]",039eaafb-c311-45ff-9df7-30c1b0bab00a.rna_seq.augmented_star_gene_counts.tsv,760131f1-5fbf-469f-9629-43733014953d,Gene Expression Quantification,e2fafd83-2adc-4c02-83f8-faad152acde6,Transcriptome Profiling,RNA-Seq
ea4c3031-5f48-4048-90ff-a525271cfebc,"[{'case_id': 'da9c10ea-c13f-4d88-8b94-a0cbc106d036', 'submitter_id': 'TCGA-BH-A0W5'}]",671bc03b-e3a8-45f6-88e4-ce138c716886.rna_seq.augmented_star_gene_counts.tsv,ea4c3031-5f48-4048-90ff-a525271cfebc,Gene Expression Quantification,5267da1c-84e8-47f6-937f-b1e72b0e1501,Transcriptome Profiling,RNA-Seq
9314aa86-3d8d-4709-a6e1-0aa22b21d6b5,"[{'case_id': '7e9c8d3c-790c-46ad-8f31-b557b7c26f69', 'submitter_id': 'TCGA-E9-A6HE'}]",a410ae33-9070-4d1d-886a-21f04666a6c7.rna_seq.augmented_star_gene_counts.tsv,9314aa86-3d8d-4709-a6e1-0aa22b21d6b5,Gene Expression Quantification,563eb69c-4a34-41d5-9931-deffa117f89c,Transcriptome Profiling,RNA-Seq
e59d6b6e-1a01-4f3f-b298-06f2c6c7b111,"[{'case_id': 'c02699b5-580a-4d55-971e-f4692b2cce57', 'submitter_id': 'TCGA-A2-A3XW'}]",f6ec2075-052d-4677-8423-378ae45593ba.rna_seq.augmented_star_gene_counts.tsv,e59d6b6e-1a01-4f3f-b298-06f2c6c7b111,Gene Expression Quantification,11ec0bac-806e-4899-9205-e3d0007c7788,Transcriptome Profiling,RNA-Seq
f94b47fb-764c-456f-946d-907a2fc154db,"[{'case_id': '14b95463-2108-4921-afc2-e29eef52b18f', 'submitter_id': 'TCGA-A2-A0YT'}]",f72da140-1607-4609-a6bf-ebe538667a8c.rna_seq.augmented_star_gene_counts.tsv,f94b47fb-764c-456f-946d-907a2fc154db,Gene Expression Quantification,12e51296-50c6-4834-a0d1-b774717519dc,Transcriptome Profiling,RNA-Seq
7dcadaff-5d95-4ba6-9ce7-50bb2e5f17aa,"[{'case_id': 'b6c286c6-2755-419b-87d3-59c7feda9653', 'submitter_id': 'TCGA-C8-A138'}]",5ee2f830-f808-4e6c-89c1-6c90859958e1.rna_seq.augmented_star_gene_counts.tsv,7dcadaff-5d95-4ba6-9ce7-50bb2e5f17aa,Gene Expression Quantification,ed137843-b6a6-480e-8cc0-e93ddc691669,Transcriptome Profiling,RNA-Seq
5428e771-3ea8-46d1-842e-50a270d26bd3,"[{'case_id': 'a412b374-4d25-491f-b76f-ddaa989acf59', 'submitter_id': 'TCGA-E9-A5UP'}]",8dc201bf-b152-458f-86ee-347744a1b9bd.rna_seq.augmented_star_gene_counts.tsv,5428e771-3ea8-46d1-842e-50a270d26bd3,Gene Expression Quantification,51fdf677-9bab-4cf8-86d5-4a16bc0b0519,Transcriptome Profiling,RNA-Seq
71ce6854-2231-48ad-ba1b-54bb4ec7d713,"[{'case_id': '7e1673f8-5758-4963-8804-d5e39f06205b', 'submitter_id': 'TCGA-C8-A12V'}]",c50bf088-8ad3-495c-b7b5-1eca9bb546ba.rna_seq.augmented_star_gene_counts.tsv,71ce6854-2231-48ad-ba1b-54bb4ec7d713,Gene Expression Quantification,fe0f0295-0b00-4eef-af65-e29ea31d7072,Transcriptome Profiling,RNA-Seq
d5358d17-4c49-46fa-8a96-4af9ab298ab4,"[{'case_id': 'db55d9d9-dd56-4ca9-b1f1-0d929697b280', 'submitter_id': 'TCGA-BH-A5J0'}]",8afeab3f-89ee-4901-8a32-d13587dbcab5.rna_seq.augmented_star_gene_counts.tsv,d5358d17-4c49-46fa-8a96-4af9ab298ab4,Gene Expression Quantification,ed924716-4e96-4107-8ddf-ba267dc3d8d2,Transcriptome Profiling,RNA-Seq
481c702a-58ee-4fab-9559-434a45615aa5,"[{'case_id': 'a8b1f6e7-2bcf-460d-b1c6-1792a9801119', 'submitter_id': 'TCGA-E9-A1NF'}]",dc3a76a7-bac2-43c0-90e2-e251e459c659.rna_seq.augmented_star_gene_counts.tsv,481c702a-58ee-4fab-9559-434a45615aa5,Gene Expression Quantification,40f8012c-7659-4ad3-8075-ca72e2088084,Transcriptome Profiling,RNA-Seq
86d52d54-1b0d-40b1-99ce-82b4e345acb8,"[{'case_id': '3dbe99d1-e3b8-4ee2-b6a8-2e2e12c6fbe9', 'submitter_id': 'TCGA-A8-A084'}]",02a4ccea-1464-4664-bc44-bb6569a34608.rna_seq.augmented_star_gene_counts.tsv,86d52d54-1b0d-40b1-99ce-82b4e345acb8,Gene Expression Quantification,21a695ee-76b2-4051-a3c1-372cb88b883f,Transcriptome Profiling,RNA-Seq
4c60d168-b545-46a8-8c37-81972a537a83,"[{'case_id': '86a18ae0-dfb1-49c3-b5c4-67ec331d6e40', 'submitter_id': 'TCGA-C8-A1HN'}]",56f3a401-cf18-4d25-b4af-6bacca469041.rna_seq.augmented_star_gene_counts.tsv,4c60d168-b545-46a8-8c37-81972a537a83,Gene Expression Quantification,0c892835-bc8e-4867-b611-dd7dc4c083a6,Transcriptome Profiling,RNA-Seq
ead53b27-6ad9-4b96-b5d4-0d4f06fb2d13,"[{'case_id': 'dfefb76a-ec6b-4cd2-9d45-2e1e4befc7ea', 'submitter_id': 'TCGA-A8-A09E'}]",dadd1789-354a-4abb-8d4e-8556166cf341.rna_seq.augmented_star_gene_counts.tsv,ead53b27-6ad9-4b96-b5d4-0d4f06fb2d13,Gene Expression Quantification,cf05f6ee-9d01-4701-926a-491abd0a2edd,Transcriptome Profiling,RNA-Seq
12c6b269-434e-4a18-aa93-844bc9c5eb4d,"[{'case_id': '602083f0-18d9-48b6-a529-31e165c54b37', 'submitter_id': 'TCGA-BH-A0HL'}]",947967e5-9255-49e1-886b-3dd81909a9da.rna_seq.augmented_star_gene_counts.tsv,12c6b269-434e-4a18-aa93-844bc9c5eb4d,Gene Expression Quantification,8373e3d1-2ada-42d9-9acf-5c0046ec15ac,Transcriptome Profiling,RNA-Seq
dcf2260b-c0bf-4f59-a4da-079a340b1e33,"[{'case_id': 'c5f00132-1c6b-4337-af6f-596c652665cc', 'submitter_id': 'TCGA-AR-A0U3'}]",bb0cccb7-712e-43ad-a3be-cd928a159e0d.rna_seq.augmented_star_gene_counts.tsv,dcf2260b-c0bf-4f59-a4da-079a340b1e33,Gene Expression Quantification,69ace6b7-91bb-464a-805a-be2db3fdbc81,Transcriptome Profiling,RNA-Seq
b5fc7f21-688b-4764-b0ce-c450ad902e06,"[{'case_id': '67c8dc41-edcb-4563-96b3-3f93f9edcbe9', 'submitter_id': 'TCGA-GM-A5PV'}]",eb688a21-10b9-43c3-88d3-2e9a8d30b42b.rna_seq.augmented_star_gene_counts.tsv,b5fc7f21-688b-4764-b0ce-c450ad902e06,Gene Expression Quantification,55041319-a5e1-45f5-b551-4b326a76cb82,Transcriptome Profiling,RNA-Seq
06fc39a9-8059-4ac7-9b2b-64f6c7d3b8a1,"[{'case_id': '4b54e06e-a280-4981-a4e1-9aea154341b4', 'submitter_id': 'TCGA-UL-AAZ6'}]",d826d551-cb0f-4d0e-b21d-a7b0c9010a62.rna_seq.augmented_star_gene_counts.tsv,06fc39a9-8059-4ac7-9b2b-64f6c7d3b8a1,Gene Expression Quantification,9faa0476-e4ed-4517-b790-cb6baf78bcb4,Transcriptome Profiling,RNA-Seq
6b9180f4-bdd0-4118-bff7-0523cad45567,"[{'case_id': 'c4699748-f01d-4b30-9c74-1ca77fb84ac1', 'submitter_id': 'TCGA-D8-A1XD'}]",70532e65-df18-4e1d-beaf-08fbf349bec0.rna_seq.augmented_star_gene_counts.tsv,6b9180f4-bdd0-4118-bff7-0523cad45567,Gene Expression Quantification,4a49a5c2-7deb-4c0f-baca-e9a1c6fbb051,Transcriptome Profiling,RNA-Seq
4c8d0d1a-dbd3-4124-8458-dfb61f61f11c,"[{'case_id': '5c8983f2-9788-4dfa-971c-3ec457b6166e', 'submitter_id': 'TCGA-A2-A0CL'}]",e17707f9-a0db-473f-9dc6-608b62e74689.rna_seq.augmented_star_gene_counts.tsv,4c8d0d1a-dbd3-4124-8458-dfb61f61f11c,Gene Expression Quantification,c53a26a8-ff50-4ccb-9453-f5c5a4f9c565,Transcriptome Profiling,RNA-Seq
20e90b8d-aa05-4918-8e54-1b969488148f,"[{'case_id': '7acf33e7-c386-45fd-8c9a-469600378687', 'submitter_id': 'TCGA-A8-A08I'}]",59fe0f14-0415-43b7-87c7-1098e4b434ea.rna_seq.augmented_star_gene_counts.tsv,20e90b8d-aa05-4918-8e54-1b969488148f,Gene Expression Quantification,39934cb3-58bd-437c-b375-e8c1c6fc695b,Transcriptome Profiling,RNA-Seq
7b9b6f5f-bd99-421a-a22c-d3fbe110ee73,"[{'case_id': '4f04bd10-9902-4a23-b15d-4f4409d79499', 'submitter_id': 'TCGA-E2-A108'}]",2b9e2225-fb4d-4bc5-8c9a-58cd993627f9.rna_seq.augmented_star_gene_counts.tsv,7b9b6f5f-bd99-421a-a22c-d3fbe110ee73,Gene Expression Quantification,14143a0d-3b24-470b-a193-869d99709922,Transcriptome Profiling,RNA-Seq
5db109b6-dbfe-4ec8-8697-bb7fff5beb4b,"[{'case_id': '68177e92-4784-45d9-af14-4ce0c00eae74', 'submitter_id': 'TCGA-A8-A08J'}]",42fe2b41-93aa-4738-988e-66239bef2ec7.rna_seq.augmented_star_gene_counts.tsv,5db109b6-dbfe-4ec8-8697-bb7fff5beb4b,Gene Expression Quantification,8e2f56c6-bf9e-42ed-b9a0-94c383ac00c4,Transcriptome Profiling,RNA-Seq
b0e49ee8-40e0-4edf-bcde-277a0fe1d12f,"[{'case_id': '8159ff7b-89f4-411a-9b9c-491f1cb3eb34', 'submitter_id': 'TCGA-AC-A2BM'}]",31bdedf8-eb1c-48ae-8d96-e06c2b3f27d2.rna_seq.augmented_star_gene_counts.tsv,b0e49ee8-40e0-4edf-bcde-277a0fe1d12f,Gene Expression Quantification,c525f2d3-2c20-4d00-90fa-a328fe7fd925,Transcriptome Profiling,RNA-Seq
0a688b9b-06ea-4b83-bfce-9cee0d866a0c,"[{'case_id': 'dd0f8e5a-383d-4f03-bb71-0e115d4e442c', 'submitter_id': 'TCGA-C8-A12M'}]",b2bcfd01-9662-4730-96de-1e51b4038802.rna_seq.augmented_star_gene_counts.tsv,0a688b9b-06ea-4b83-bfce-9cee0d866a0c,Gene Expression Quantification,0dc52147-3e0a-46de-8c12-f671ca86cfc7,Transcriptome Profiling,RNA-Seq
a8a6308d-04e4-47e9-adb6-c895b605ad69,"[{'case_id': 'b6b932ce-6856-4d94-9e6c-16dfbe51906f', 'submitter_id': 'TCGA-E9-A1QZ'}]",0f168687-6f42-4d92-8f91-13efde785a0c.rna_seq.augmented_star_gene_counts.tsv,a8a6308d-04e4-47e9-adb6-c895b605ad69,Gene Expression Quantification,01355b50-a111-499e-b995-62d108395719,Transcriptome Profiling,RNA-Seq
051a1102-a815-4b39-b903-80d8b4a2348f,"[{'case_id': '02bf5203-f9cd-4c5a-97b4-e5584dc22325', 'submitter_id': 'TCGA-AO-A0J8'}]",7caf8867-7cff-4dbd-b611-4748d86590a8.rna_seq.augmented_star_gene_counts.tsv,051a1102-a815-4b39-b903-80d8b4a2348f,Gene Expression Quantification,6842b6ea-c81d-4c3f-adbe-139e400bed54,Transcriptome Profiling,RNA-Seq
588a95c5-286a-417f-aa76-b4d8b5c055ef,"[{'case_id': 'bfa3dbc0-361c-400e-8c10-0aca7049fce9', 'submitter_id': 'TCGA-D8-A27W'}]",c4ffc907-8632-494f-8030-0dcc74af3d9c.rna_seq.augmented_star_gene_counts.tsv,588a95c5-286a-417f-aa76-b4d8b5c055ef,Gene Expression Quantification,e609c807-ad8e-46df-a156-2eea4901d9e4,Transcriptome Profiling,RNA-Seq
73ac99d6-d01b-45d9-8df2-205610109911,"[{'case_id': 'e7bae6e7-f779-449d-92b9-66996041e00d', 'submitter_id': 'TCGA-AC-A23E'}]",8095ebc6-d293-4668-9d83-8b3f35dd198d.rna_seq.augmented_star_gene_counts.tsv,73ac99d6-d01b-45d9-8df2-205610109911,Gene Expression Quantification,a0887750-f1bd-4b30-ba4c-c98ac042588d,Transcriptome Profiling,RNA-Seq
b26b27b0-5209-483c-a359-9a5d3ae920e9,"[{'case_id': '91b09291-5944-4691-a0d8-7d1ccc649b9b', 'submitter_id': 'TCGA-BH-A6R8'}]",951bac30-0a85-4dd8-8470-c1a3b84817f9.rna_seq.augmented_star_gene_counts.tsv,b26b27b0-5209-483c-a359-9a5d3ae920e9,Gene Expression Quantification,3f7204d4-86d6-4d09-8bb9-b88beb4a628f,Transcriptome Profiling,RNA-Seq
be10214b-9a03-4556-b28b-5775028c782b,"[{'case_id': '2481a671-760b-428c-968d-42e25fd42ac5', 'submitter_id': 'TCGA-AC-A3W7'}]",825c4fa0-4d98-402e-9c1b-9ee0a1a6ce15.rna_seq.augmented_star_gene_counts.tsv,be10214b-9a03-4556-b28b-5775028c782b,Gene Expression Quantification,a0a6f430-4564-462d-acc6-3e181d227027,Transcriptome Profiling,RNA-Seq
9b47ed32-440b-4e50-93f9-5aeb56f03397,"[{'case_id': '599c3701-df7a-4a75-a347-fa9b510dd242', 'submitter_id': 'TCGA-AR-A24K'}]",990f1383-2ef6-426a-a650-e182010a8281.rna_seq.augmented_star_gene_counts.tsv,9b47ed32-440b-4e50-93f9-5aeb56f03397,Gene Expression Quantification,68f61131-c303-4fea-b183-ff9c9f383709,Transcriptome Profiling,RNA-Seq
70ea9273-29f3-425a-ba66-5b75db62c9b7,"[{'case_id': '3f834fa7-6d7b-4b85-98c0-5c55d55b6c95', 'submitter_id': 'TCGA-B6-A0IE'}]",8f6c4058-6bdd-4f85-94ed-874966ffec55.rna_seq.augmented_star_gene_counts.tsv,70ea9273-29f3-425a-ba66-5b75db62c9b7,Gene Expression Quantification,3cdb89c9-bda6-4058-b6f2-640abf53e92c,Transcriptome Profiling,RNA-Seq
81138059-5789-4ea7-84e9-1490aa53a283,"[{'case_id': '0f64edec-0f1f-4025-8a53-75f9534f7828', 'submitter_id': 'TCGA-BH-A0H9'}]",35ded490-54db-46b8-bc62-a5a9314cf0b2.rna_seq.augmented_star_gene_counts.tsv,81138059-5789-4ea7-84e9-1490aa53a283,Gene Expression Quantification,2aa4bac6-d53d-4edd-876a-3a0ad48c22dc,Transcriptome Profiling,RNA-Seq
84df6b33-7f6a-496d-8cd7-f523b07fd0bb,"[{'case_id': 'e6b79d7a-ed6b-459a-b040-d142616e7ab4', 'submitter_id': 'TCGA-BH-A0BF'}]",5b51c204-3342-46d9-86a4-2ed091492318.rna_seq.augmented_star_gene_counts.tsv,84df6b33-7f6a-496d-8cd7-f523b07fd0bb,Gene Expression Quantification,38ded6c1-dc7c-40bf-a6fe-63f20d57a939,Transcriptome Profiling,RNA-Seq
67317cce-4a8c-4313-bb26-4ef7759071b9,"[{'case_id': '4da999a0-ef41-4a0b-b1d1-446b39cc855a', 'submitter_id': 'TCGA-EW-A1PH'}]",3b509602-c9b3-4dba-86a4-13e2a3857bb4.rna_seq.augmented_star_gene_counts.tsv,67317cce-4a8c-4313-bb26-4ef7759071b9,Gene Expression Quantification,1b55b802-162c-4787-9158-aaf39c880d0e,Transcriptome Profiling,RNA-Seq
91e43fc0-1bd1-41e3-a828-43ec6620feb6,"[{'case_id': '9ad603dc-3fd0-44f5-ae4e-64eeb1ae8d6d', 'submitter_id': 'TCGA-AR-A0U2'}]",1453285a-717a-4ae3-a537-57df2b8e65e2.rna_seq.augmented_star_gene_counts.tsv,91e43fc0-1bd1-41e3-a828-43ec6620feb6,Gene Expression Quantification,7879aecd-9d8b-409a-815a-70bae41a5d8e,Transcriptome Profiling,RNA-Seq
587b3262-55f8-4611-8431-0c02a5df652d,"[{'case_id': 'a076f135-be82-40fa-8516-285ed355c965', 'submitter_id': 'TCGA-AR-A2LN'}]",5042d093-d8af-492a-8c40-5aaea17d66e6.rna_seq.augmented_star_gene_counts.tsv,587b3262-55f8-4611-8431-0c02a5df652d,Gene Expression Quantification,4409d912-1b42-4437-af53-e1eaf6b75c5a,Transcriptome Profiling,RNA-Seq
128bf144-f452-48af-941d-f6069e3bb0bb,"[{'case_id': '7d681cc6-689d-41c8-9e84-e13733089ec9', 'submitter_id': 'TCGA-AR-A1AS'}]",550812e9-ad67-4ae6-900e-572a051208a4.rna_seq.augmented_star_gene_counts.tsv,128bf144-f452-48af-941d-f6069e3bb0bb,Gene Expression Quantification,c21ee87a-37f5-4e43-94e9-414c76562624,Transcriptome Profiling,RNA-Seq
68881256-49b8-4a19-87a9-afac4f1841d2,"[{'case_id': 'b3bb8fd6-ee54-4813-b042-2bbe70115382', 'submitter_id': 'TCGA-BH-A0BQ'}]",7b4b9d66-e494-48e8-949f-7cdb42e490f9.rna_seq.augmented_star_gene_counts.tsv,68881256-49b8-4a19-87a9-afac4f1841d2,Gene Expression Quantification,298d6fcd-ebf3-4a53-ac32-34d3c682eff2,Transcriptome Profiling,RNA-Seq
934935ae-037b-451d-a696-0679b07bd401,"[{'case_id': '14267783-5624-4fe5-ba81-9d67f1017474', 'submitter_id': 'TCGA-BH-A0DP'}]",90388468-c622-4114-971e-ab178e487493.rna_seq.augmented_star_gene_counts.tsv,934935ae-037b-451d-a696-0679b07bd401,Gene Expression Quantification,2ac3ee73-1a8f-4f4e-afe6-ae5de22f2581,Transcriptome Profiling,RNA-Seq
e5b0c2dc-c652-40a0-bb80-d7e87830b406,"[{'case_id': '14267783-5624-4fe5-ba81-9d67f1017474', 'submitter_id': 'TCGA-BH-A0DP'}]",8f8c9d55-303c-4099-8038-458e3e96ad4e.rna_seq.augmented_star_gene_counts.tsv,e5b0c2dc-c652-40a0-bb80-d7e87830b406,Gene Expression Quantification,2afa3f2c-f859-49bc-a36b-cec37bc3efdb,Transcriptome Profiling,RNA-Seq
507952aa-23c0-4239-ae19-04d8f862acc2,"[{'case_id': 'a5b44d66-c162-46b5-9df2-86305f0385c5', 'submitter_id': 'TCGA-A1-A0SK'}]",55d29bdf-c959-4eda-ab2b-e09d7abb58fa.rna_seq.augmented_star_gene_counts.tsv,507952aa-23c0-4239-ae19-04d8f862acc2,Gene Expression Quantification,43a47606-038a-43bf-adf4-aac1a10c037f,Transcriptome Profiling,RNA-Seq
59915f69-8e37-44a8-a8f6-feb9e06b6703,"[{'case_id': '9d876f05-5080-4c4e-9bf5-45f631d381e5', 'submitter_id': 'TCGA-A8-A081'}]",e6e7d36e-b6c6-4e54-95ee-ee20e6f1f80e.rna_seq.augmented_star_gene_counts.tsv,59915f69-8e37-44a8-a8f6-feb9e06b6703,Gene Expression Quantification,64378ba8-3a54-46aa-809b-89d3f47498b8,Transcriptome Profiling,RNA-Seq
b01d7dfd-b577-48b8-8bf2-3c74bb617601,"[{'case_id': '9da462b0-93c2-4305-89f6-7199a30399a7', 'submitter_id': 'TCGA-BH-A0B5'}]",6732c6de-0725-4a08-a1d7-211338a4363c.rna_seq.augmented_star_gene_counts.tsv,b01d7dfd-b577-48b8-8bf2-3c74bb617601,Gene Expression Quantification,fe563674-3db6-4218-81f7-0e546786d685,Transcriptome Profiling,RNA-Seq
aa4bc249-100e-4cf6-8356-1dc96b7dbea9,"[{'case_id': '9da462b0-93c2-4305-89f6-7199a30399a7', 'submitter_id': 'TCGA-BH-A0B5'}]",48e1886c-614d-4e2c-bf34-936fd82969c1.rna_seq.augmented_star_gene_counts.tsv,aa4bc249-100e-4cf6-8356-1dc96b7dbea9,Gene Expression Quantification,1138945a-c2e4-4638-b073-bd04bf8ee95a,Transcriptome Profiling,RNA-Seq
00469928-b243-4cae-acd7-134508e99ceb,"[{'case_id': '5b2a4f11-ca46-4974-9420-59b4820920bf', 'submitter_id': 'TCGA-AC-A62X'}]",2f51534b-248b-4999-bc3f-e42a2e98332e.rna_seq.augmented_star_gene_counts.tsv,00469928-b243-4cae-acd7-134508e99ceb,Gene Expression Quantification,89f214d8-a8b5-4ff3-a9cd-8230bacef8af,Transcriptome Profiling,RNA-Seq
b5994562-8eab-43a5-9846-cd3916a9260f,"[{'case_id': 'b5b99291-507e-4b68-a039-9a0f571f55df', 'submitter_id': 'TCGA-AO-A12H'}]",24e5d229-23d1-49c2-bc00-ad3441b324cc.rna_seq.augmented_star_gene_counts.tsv,b5994562-8eab-43a5-9846-cd3916a9260f,Gene Expression Quantification,3b95ab68-59e0-4850-a7c9-8e99a8097c69,Transcriptome Profiling,RNA-Seq
a17d51b5-c397-4591-a227-dc0425948420,"[{'case_id': '3a0775a0-61ae-43f2-b5f6-629a44355c2f', 'submitter_id': 'TCGA-GM-A2DK'}]",3f4afc9c-562a-4ef4-a6cb-ff426357a614.rna_seq.augmented_star_gene_counts.tsv,a17d51b5-c397-4591-a227-dc0425948420,Gene Expression Quantification,57656b90-4841-4fc0-932c-34e94b97cecb,Transcriptome Profiling,RNA-Seq
ec9fb459-42b7-47eb-8c3a-48f492a7b2dc,"[{'case_id': '8e11c5ec-c15a-48d4-85ac-b7b08a9ed827', 'submitter_id': 'TCGA-AC-A6IV'}]",3b1b46e1-f475-46f0-af79-0b9296164be3.rna_seq.augmented_star_gene_counts.tsv,ec9fb459-42b7-47eb-8c3a-48f492a7b2dc,Gene Expression Quantification,234c5740-690f-48d8-99dd-e4414df860c5,Transcriptome Profiling,RNA-Seq
54600389-6de5-44ce-ada1-8a8508b50980,"[{'case_id': '128d198e-9b22-427c-90db-3714455f3a17', 'submitter_id': 'TCGA-A2-A0T2'}]",65ba302c-51a9-4493-8d28-e7bc076bca54.rna_seq.augmented_star_gene_counts.tsv,54600389-6de5-44ce-ada1-8a8508b50980,Gene Expression Quantification,08a6be39-d844-4214-a5d2-2927b008ce41,Transcriptome Profiling,RNA-Seq
76bcf698-d2da-42de-b33c-c5deb721c643,"[{'case_id': 'ad18820b-a804-49c0-ba8a-86c09fa6bce2', 'submitter_id': 'TCGA-BH-A1F6'}]",1a2bc49d-edc6-4b84-88f0-73b6ed250d1b.rna_seq.augmented_star_gene_counts.tsv,76bcf698-d2da-42de-b33c-c5deb721c643,Gene Expression Quantification,e51209fe-5fe7-47c1-9f16-11efa59dd2d5,Transcriptome Profiling,RNA-Seq
1cb0d51d-def6-40ec-9c5f-4a98315b0382,"[{'case_id': '3a711140-1b89-4611-9992-3861e3d0e01a', 'submitter_id': 'TCGA-A8-A06N'}]",a2a798c5-3b1e-4192-8c6a-8c627cd0879e.rna_seq.augmented_star_gene_counts.tsv,1cb0d51d-def6-40ec-9c5f-4a98315b0382,Gene Expression Quantification,8a44b0db-bd03-4161-97d1-94b6698c4efc,Transcriptome Profiling,RNA-Seq
a83dac26-4fdb-4819-be18-a6e03641fb80,"[{'case_id': 'e74aea7c-ca14-49df-b5cf-dacb839ac27a', 'submitter_id': 'TCGA-E9-A1NC'}]",cf3fe851-479f-4d22-9daf-99b163d0ed06.rna_seq.augmented_star_gene_counts.tsv,a83dac26-4fdb-4819-be18-a6e03641fb80,Gene Expression Quantification,cf8ea2f7-83bd-46e1-9ef6-4942b84a59bd,Transcriptome Profiling,RNA-Seq
ece7c643-e0b9-4b65-b6f5-89c414c1bfea,"[{'case_id': '42e47f3a-dff7-41e4-8f84-146d97e8ab72', 'submitter_id': 'TCGA-D8-A1X6'}]",7e6ed4fc-b4bf-46c7-9f31-24a0c32c039e.rna_seq.augmented_star_gene_counts.tsv,ece7c643-e0b9-4b65-b6f5-89c414c1bfea,Gene Expression Quantification,9685921c-bba4-4485-8c11-bf0cb3268fe1,Transcriptome Profiling,RNA-Seq
02a0b95f-ea0f-4c0d-ba2d-9724ed9ad712,"[{'case_id': 'e8614b7d-132e-4b4e-b1ae-df8bb4f2d4d4', 'submitter_id': 'TCGA-EW-A1IX'}]",5fd42405-ebfe-4210-bc2f-d8310e3e14ee.rna_seq.augmented_star_gene_counts.tsv,02a0b95f-ea0f-4c0d-ba2d-9724ed9ad712,Gene Expression Quantification,7cf878d1-e169-474f-89d9-b7f6770437a5,Transcriptome Profiling,RNA-Seq
82004d79-07d3-4a01-b266-4d36353ba561,"[{'case_id': '2e32f31f-9817-4935-b259-96c59936ee33', 'submitter_id': 'TCGA-E2-A1L6'}]",e38d31b7-ad89-4fff-93d5-05f49998727b.rna_seq.augmented_star_gene_counts.tsv,82004d79-07d3-4a01-b266-4d36353ba561,Gene Expression Quantification,de30625c-197f-4db1-9b0f-c004be0122e4,Transcriptome Profiling,RNA-Seq
ddd1c3de-8266-4f56-a982-bcc20b868e90,"[{'case_id': '182c4bdf-2c58-4303-b034-459da86b9d90', 'submitter_id': 'TCGA-E9-A54Y'}]",a33f7e32-cc76-476b-b35c-b03864b72cbb.rna_seq.augmented_star_gene_counts.tsv,ddd1c3de-8266-4f56-a982-bcc20b868e90,Gene Expression Quantification,c1cabba7-301c-43d3-8c37-804058503ad5,Transcriptome Profiling,RNA-Seq
be386ce9-a12f-4c16-80ba-a5d47d5b374e,"[{'case_id': 'fa176764-a76f-44c7-b97a-cd6d21e052be', 'submitter_id': 'TCGA-E2-A1LB'}]",13daffbb-aa53-44f9-a6ed-5fd43ed37471.rna_seq.augmented_star_gene_counts.tsv,be386ce9-a12f-4c16-80ba-a5d47d5b374e,Gene Expression Quantification,7677705c-4297-419e-8547-f2eb5b2cd3ea,Transcriptome Profiling,RNA-Seq
83f2e26b-fefd-4027-ac5e-fa204ec9f084,"[{'case_id': '5c59028f-b8fa-4811-8314-be3eaed5f364', 'submitter_id': 'TCGA-EW-A6SB'}]",a455069c-8869-4af8-949c-edfee0a05f51.rna_seq.augmented_star_gene_counts.tsv,83f2e26b-fefd-4027-ac5e-fa204ec9f084,Gene Expression Quantification,188b2901-2243-4401-85ca-d6b1c6cc8e33,Transcriptome Profiling,RNA-Seq
2a898b49-54b6-4cb6-8af4-fb69d0818562,"[{'case_id': '64089c20-939f-48b4-ae8b-904ad0597145', 'submitter_id': 'TCGA-E2-A15I'}]",69303772-638d-4171-84d2-cfa535256976.rna_seq.augmented_star_gene_counts.tsv,2a898b49-54b6-4cb6-8af4-fb69d0818562,Gene Expression Quantification,2c950c96-964a-4c52-9395-1d48e3716f20,Transcriptome Profiling,RNA-Seq
c3b9e954-9acd-481d-b6d1-86db1e62d037,"[{'case_id': '955d4263-61f7-42e8-8a6e-772a0d6c209d', 'submitter_id': 'TCGA-E9-A1N6'}]",c0285709-159c-46dd-8bd8-50fad06513dd.rna_seq.augmented_star_gene_counts.tsv,c3b9e954-9acd-481d-b6d1-86db1e62d037,Gene Expression Quantification,757fa003-4b90-4eca-908b-230dc7965409,Transcriptome Profiling,RNA-Seq
92431faf-af89-4f25-be07-61ac770b9633,"[{'case_id': '23c21dea-3713-408f-ba56-f7c586e9f206', 'submitter_id': 'TCGA-E9-A1R5'}]",f4bbad06-fb0c-4064-8a05-18b30a16207a.rna_seq.augmented_star_gene_counts.tsv,92431faf-af89-4f25-be07-61ac770b9633,Gene Expression Quantification,828335eb-0c5c-476e-9ada-94be4584c9cf,Transcriptome Profiling,RNA-Seq
b2f5c7b1-96c1-4928-83e9-4f67ace3158e,"[{'case_id': 'b5fba77b-1f50-4e71-95b2-566afba4bdd7', 'submitter_id': 'TCGA-A2-A04Q'}]",3cf6f0ec-e11f-4a59-8d86-3e0bbc01f8e9.rna_seq.augmented_star_gene_counts.tsv,b2f5c7b1-96c1-4928-83e9-4f67ace3158e,Gene Expression Quantification,cd1870ea-b5bd-4683-a060-e534cebcfd20,Transcriptome Profiling,RNA-Seq
a3039f53-9e11-4b53-b65e-ea5e14914ef0,"[{'case_id': 'dc696e3c-f448-468f-a576-f4429be0338a', 'submitter_id': 'TCGA-A2-A0SY'}]",d667391d-a4f9-40b8-9758-4b9246f49dfc.rna_seq.augmented_star_gene_counts.tsv,a3039f53-9e11-4b53-b65e-ea5e14914ef0,Gene Expression Quantification,bdc2fe99-2c64-4ff3-bc44-568f962fb8b2,Transcriptome Profiling,RNA-Seq
70c9af7f-8a58-434f-8f45-098ef0450319,"[{'case_id': '51ccbf1b-7cae-44ba-991a-11eda8b8c404', 'submitter_id': 'TCGA-BH-A1ES'}]",e3c0a094-5504-4b74-9e0d-c73e84dc3901.rna_seq.augmented_star_gene_counts.tsv,70c9af7f-8a58-434f-8f45-098ef0450319,Gene Expression Quantification,a4bbe2ee-d8b3-4475-8697-735f45c49fd9,Transcriptome Profiling,RNA-Seq
c64a0adb-56a8-4966-9dd9-1acd789c1bb3,"[{'case_id': '316625b8-a217-4829-90d1-dfd9cb7e4bc3', 'submitter_id': 'TCGA-A8-A07J'}]",c50adee7-f053-484e-8a2f-f66c94a14fd3.rna_seq.augmented_star_gene_counts.tsv,c64a0adb-56a8-4966-9dd9-1acd789c1bb3,Gene Expression Quantification,d012aab8-baef-46d0-9ff2-96e8865dfed3,Transcriptome Profiling,RNA-Seq
1873c44d-4dcb-41d3-8c3c-dec38f7ac3d1,"[{'case_id': '6ffd1b8c-6f0b-456a-9160-e0c8021e5897', 'submitter_id': 'TCGA-OL-A97C'}]",b69294e4-e359-43b3-b3df-04bf9401fb9e.rna_seq.augmented_star_gene_counts.tsv,1873c44d-4dcb-41d3-8c3c-dec38f7ac3d1,Gene Expression Quantification,fdc85c0e-c890-4ecc-a3ea-4608b00b34aa,Transcriptome Profiling,RNA-Seq
be4d1c31-e925-4eb0-aa96-974b6f6bcc07,"[{'case_id': '70931617-b3df-4a12-8e3f-2b2307602f48', 'submitter_id': 'TCGA-A8-A06X'}]",1babcd23-5abc-4f27-b367-a093590e9f6d.rna_seq.augmented_star_gene_counts.tsv,be4d1c31-e925-4eb0-aa96-974b6f6bcc07,Gene Expression Quantification,3eaa65d9-9393-485c-9f7b-596e24e1ae18,Transcriptome Profiling,RNA-Seq
3448aa6c-0de2-4d47-9bac-19507aee7492,"[{'case_id': '87f03d04-e651-4a6e-aea6-1c946aa46202', 'submitter_id': 'TCGA-BH-A0BV'}]",4da20b00-8ed6-41ed-88d9-9969d15761c7.rna_seq.augmented_star_gene_counts.tsv,3448aa6c-0de2-4d47-9bac-19507aee7492,Gene Expression Quantification,a81d8579-4e4a-45fa-b472-bc31b748d205,Transcriptome Profiling,RNA-Seq
d84ce38f-afb8-4b1a-9a5f-f62d59577b3d,"[{'case_id': '87f03d04-e651-4a6e-aea6-1c946aa46202', 'submitter_id': 'TCGA-BH-A0BV'}]",4066800d-0b9e-4263-ba24-cab271630e41.rna_seq.augmented_star_gene_counts.tsv,d84ce38f-afb8-4b1a-9a5f-f62d59577b3d,Gene Expression Quantification,17e95a1a-7703-43a5-93a3-b8e515b67574,Transcriptome Profiling,RNA-Seq
df176b72-7266-4eeb-a3ed-8f09199c1963,"[{'case_id': '719082cc-1ebe-4a51-a659-85a59db1d77d', 'submitter_id': 'TCGA-A8-A08G'}]",02423743-43b4-494b-acd9-1cd3bcd3d395.rna_seq.augmented_star_gene_counts.tsv,df176b72-7266-4eeb-a3ed-8f09199c1963,Gene Expression Quantification,de8e7a24-8e0f-448a-b6ef-0e789790cd25,Transcriptome Profiling,RNA-Seq
2a3dc057-3c00-405e-a18f-23e8c43494d4,"[{'case_id': '73ccc949-01b7-48d3-a7c4-c4bcd261672a', 'submitter_id': 'TCGA-E2-A15A'}]",6c40b30a-d103-4397-997f-9b2bda66793a.rna_seq.augmented_star_gene_counts.tsv,2a3dc057-3c00-405e-a18f-23e8c43494d4,Gene Expression Quantification,a31755c8-1d4e-451e-adc6-5c73c9a3a14a,Transcriptome Profiling,RNA-Seq
1f5bbb4e-9b0e-4953-a360-83fd7b6a2267,"[{'case_id': '71f97b63-c970-44ee-98c2-e02e663d5a40', 'submitter_id': 'TCGA-AR-A0U4'}]",d61a8ec1-aa99-41c3-8633-018cdb0ccb1a.rna_seq.augmented_star_gene_counts.tsv,1f5bbb4e-9b0e-4953-a360-83fd7b6a2267,Gene Expression Quantification,8e478f4b-5f97-4607-b9a3-1d0193195e49,Transcriptome Profiling,RNA-Seq
152c8e57-1f2f-464c-ad13-de0f4d81dbff,"[{'case_id': '71626753-cc34-4731-abc0-ae188b0964e7', 'submitter_id': 'TCGA-AO-A12C'}]",8d0f534a-a0b1-4d8e-9ca5-042f8a0a4e52.rna_seq.augmented_star_gene_counts.tsv,152c8e57-1f2f-464c-ad13-de0f4d81dbff,Gene Expression Quantification,b6335539-5c39-4c85-a2bc-ba573dd5e4fd,Transcriptome Profiling,RNA-Seq
02a11397-2a9b-4dba-8c6a-6b9f0aa24372,"[{'case_id': '9964f447-92ad-4d1e-af20-11cf84fab7b0', 'submitter_id': 'TCGA-B6-A408'}]",9ccd787f-fde1-4fe6-a11f-d6203eaf9faf.rna_seq.augmented_star_gene_counts.tsv,02a11397-2a9b-4dba-8c6a-6b9f0aa24372,Gene Expression Quantification,334ecd1c-6e8e-463f-a55c-9e29c696a138,Transcriptome Profiling,RNA-Seq
4cac7145-605b-43d2-a1e3-309971cbe173,"[{'case_id': '733a2a0f-b37a-4b81-b49e-3c0f30d1eb37', 'submitter_id': 'TCGA-A2-A04X'}]",94e93460-c9fc-48f9-a2de-3722231f54b6.rna_seq.augmented_star_gene_counts.tsv,4cac7145-605b-43d2-a1e3-309971cbe173,Gene Expression Quantification,ce0fced0-4b22-411a-b846-05905024f513,Transcriptome Profiling,RNA-Seq
11396f70-0482-493b-b64f-60ce00c58837,"[{'case_id': '7486a2b3-b09f-4e9c-9864-8b51b58d9fb3', 'submitter_id': 'TCGA-AC-A6IX'}]",18294571-5fc3-4e68-8b31-5fc6a207639f.rna_seq.augmented_star_gene_counts.tsv,11396f70-0482-493b-b64f-60ce00c58837,Gene Expression Quantification,f9983398-445e-4f0c-b072-420d40acebde,Transcriptome Profiling,RNA-Seq
62a4b965-7aaa-4bd4-b469-57a713b2e9fd,"[{'case_id': '74f31744-0aed-4633-beec-4e203315f0b7', 'submitter_id': 'TCGA-BH-A0DT'}]",064d1578-9fb7-439c-9644-d4cb6389ec9d.rna_seq.augmented_star_gene_counts.tsv,62a4b965-7aaa-4bd4-b469-57a713b2e9fd,Gene Expression Quantification,5d5bf061-bb94-4548-9095-a9607c144d80,Transcriptome Profiling,RNA-Seq
d8ac1c2a-1820-4174-99e3-524b334df490,"[{'case_id': '9d166970-07c8-4ca3-9cfa-ed0049df9ecc', 'submitter_id': 'TCGA-BH-A1EW'}]",078f6959-adcf-44a5-91d2-2581ba3c8e62.rna_seq.augmented_star_gene_counts.tsv,d8ac1c2a-1820-4174-99e3-524b334df490,Gene Expression Quantification,de74732a-e633-475c-99d4-0d15600abc15,Transcriptome Profiling,RNA-Seq
8f79405a-c78e-4a9e-a673-969658a0f90b,"[{'case_id': '9d8702e1-1a36-4bca-85ab-5f11d58d7953', 'submitter_id': 'TCGA-A2-A0EX'}]",c95b28ad-6de7-4494-b88a-7fc00ba9ee0a.rna_seq.augmented_star_gene_counts.tsv,8f79405a-c78e-4a9e-a673-969658a0f90b,Gene Expression Quantification,e7c6aa71-541c-4255-aa89-29c18f6ff347,Transcriptome Profiling,RNA-Seq
0ba26ef1-7b7d-48c8-a593-75504769791c,"[{'case_id': '69fc24fc-cfe2-487a-935f-1a954b30b709', 'submitter_id': 'TCGA-LL-A441'}]",65b4f81a-4439-4d82-ae25-68d63309b053.rna_seq.augmented_star_gene_counts.tsv,0ba26ef1-7b7d-48c8-a593-75504769791c,Gene Expression Quantification,4a5c4ddf-a2d5-4ea5-a1d1-936bcb41280a,Transcriptome Profiling,RNA-Seq
0972f396-9045-4faa-98f8-e8c3e02f9901,"[{'case_id': '6a2972e3-cca9-47e5-aac0-b770f2399eeb', 'submitter_id': 'TCGA-BH-A1F2'}]",37157138-01ef-49a5-bc74-c45feaf411e2.rna_seq.augmented_star_gene_counts.tsv,0972f396-9045-4faa-98f8-e8c3e02f9901,Gene Expression Quantification,2cc0d8da-e6f6-4ffd-b2c0-ba33925da227,Transcriptome Profiling,RNA-Seq
773071d4-438a-4da7-b833-d2d172c4c4e2,"[{'case_id': '6a2972e3-cca9-47e5-aac0-b770f2399eeb', 'submitter_id': 'TCGA-BH-A1F2'}]",358a0311-c6aa-456d-a52b-6b6b08b0a863.rna_seq.augmented_star_gene_counts.tsv,773071d4-438a-4da7-b833-d2d172c4c4e2,Gene Expression Quantification,f24b7ef6-c7db-4fdf-a94c-eafea61e2d6e,Transcriptome Profiling,RNA-Seq
5997bdf5-2741-42c5-a01c-807864504c55,"[{'case_id': '6951fe6a-d7d1-4f41-85af-76655b5d1f62', 'submitter_id': 'TCGA-C8-A8HQ'}]",675732d7-23c5-436b-b21a-104081feb1be.rna_seq.augmented_star_gene_counts.tsv,5997bdf5-2741-42c5-a01c-807864504c55,Gene Expression Quantification,bf69faa6-faa8-4ea0-9496-726ec7fdaacd,Transcriptome Profiling,RNA-Seq
e5363f56-84fa-4b66-a005-1e7cdcb84c2f,"[{'case_id': '6cb6f179-defd-4661-af0a-c353b74c0c49', 'submitter_id': 'TCGA-A7-A26J'}]",7d787768-efb1-462d-b5aa-5cbf6fc543d4.rna_seq.augmented_star_gene_counts.tsv,e5363f56-84fa-4b66-a005-1e7cdcb84c2f,Gene Expression Quantification,ca86115e-fc75-4701-8377-93a1c1bf603d,Transcriptome Profiling,RNA-Seq
ae7a394e-b030-46d3-8cf2-c378c0afdc81,"[{'case_id': '6adca853-1b09-47ff-814c-47b732a76d96', 'submitter_id': 'TCGA-C8-A12W'}]",c48d2d0e-5626-42b3-b508-75b3cceb053f.rna_seq.augmented_star_gene_counts.tsv,ae7a394e-b030-46d3-8cf2-c378c0afdc81,Gene Expression Quantification,402bd933-d0a0-4d32-9dde-bcadc8a03dfb,Transcriptome Profiling,RNA-Seq
452e9e11-5545-4e7a-abfb-2486e70206bd,"[{'case_id': '67526f5a-3a30-45b2-aeab-2b21a855063e', 'submitter_id': 'TCGA-AR-A24W'}]",f9203ebe-d6c3-423b-ad65-28db38612f89.rna_seq.augmented_star_gene_counts.tsv,452e9e11-5545-4e7a-abfb-2486e70206bd,Gene Expression Quantification,09a2fb7e-2d4a-4dc9-8169-52b6c2e85ad8,Transcriptome Profiling,RNA-Seq
b1ad91fb-fb78-4896-83cd-dad028a1d297,"[{'case_id': '6cb6f179-defd-4661-af0a-c353b74c0c49', 'submitter_id': 'TCGA-A7-A26J'}]",e49fbda2-881a-43c1-9c16-0b07fdd281a7.rna_seq.augmented_star_gene_counts.tsv,b1ad91fb-fb78-4896-83cd-dad028a1d297,Gene Expression Quantification,35096afa-8bfe-4719-9b5a-0cf9f9311096,Transcriptome Profiling,RNA-Seq
ac70b1a2-ff7d-49db-a962-4c07479d50b6,"[{'case_id': '69a68fbc-e43d-4652-85ee-693211bded47', 'submitter_id': 'TCGA-E9-A1N4'}]",89f7da93-c1fd-410b-8479-64ad9bed850e.rna_seq.augmented_star_gene_counts.tsv,ac70b1a2-ff7d-49db-a962-4c07479d50b6,Gene Expression Quantification,59baa69c-b2a8-40d3-973a-b5f782afd839,Transcriptome Profiling,RNA-Seq
216378aa-8619-43fb-8a23-7db2fd71b441,"[{'case_id': '6b960b58-28e1-41c6-bd6e-7e669c6aa4ef', 'submitter_id': 'TCGA-BH-A18V'}]",cc3ac2f0-9d26-407d-a8ff-d78170062983.rna_seq.augmented_star_gene_counts.tsv,216378aa-8619-43fb-8a23-7db2fd71b441,Gene Expression Quantification,c163d729-eb3d-4fb2-b970-1b01e0b5228c,Transcriptome Profiling,RNA-Seq
19baf63b-8488-4b90-83b7-a6c671da0095,"[{'case_id': '6b960b58-28e1-41c6-bd6e-7e669c6aa4ef', 'submitter_id': 'TCGA-BH-A18V'}]",9440b088-b04e-4417-9543-5001b0a2b217.rna_seq.augmented_star_gene_counts.tsv,19baf63b-8488-4b90-83b7-a6c671da0095,Gene Expression Quantification,26780740-86f2-4ae3-bb3c-94709113e4cd,Transcriptome Profiling,RNA-Seq
d2b6c967-b505-4f52-a4f7-91b6e8acbd1f,"[{'case_id': '6cd9baf5-bbe0-4c1e-a87f-c53b3af22890', 'submitter_id': 'TCGA-A7-A13G'}]",56c85bd5-c353-457a-94a9-91a3cc0ac4e0.rna_seq.augmented_star_gene_counts.tsv,d2b6c967-b505-4f52-a4f7-91b6e8acbd1f,Gene Expression Quantification,3264464e-3342-462d-b0b3-f760d2fb686f,Transcriptome Profiling,RNA-Seq
d4943f66-388e-4c86-b61a-5ef9fef34eff,"[{'case_id': '6cd9baf5-bbe0-4c1e-a87f-c53b3af22890', 'submitter_id': 'TCGA-A7-A13G'}]",240a1e61-5188-4249-b6dd-d6e0d7935d8d.rna_seq.augmented_star_gene_counts.tsv,d4943f66-388e-4c86-b61a-5ef9fef34eff,Gene Expression Quantification,33ab593e-8ece-42e2-b323-96589c1ba552,Transcriptome Profiling,RNA-Seq
bc23716d-70e8-486e-b512-8c45654d5d83,"[{'case_id': '6c0066e3-96df-4870-bcd3-98cda64082e9', 'submitter_id': 'TCGA-BH-A0E6'}]",8411b896-9d24-47d3-8a28-1c9cd6313939.rna_seq.augmented_star_gene_counts.tsv,bc23716d-70e8-486e-b512-8c45654d5d83,Gene Expression Quantification,a16de59a-30b4-4871-b9ea-3a48d9f7d4af,Transcriptome Profiling,RNA-Seq
fae4edd8-db77-4937-94c4-3b16d39fb8c9,"[{'case_id': '1133b8a9-6b11-4511-b70a-f200e3b8b5db', 'submitter_id': 'TCGA-GM-A2D9'}]",aa3cbc51-b74d-44b1-9043-cb2b9855a72b.rna_seq.augmented_star_gene_counts.tsv,fae4edd8-db77-4937-94c4-3b16d39fb8c9,Gene Expression Quantification,484933a8-4599-4ad9-b46f-f5e3debc1070,Transcriptome Profiling,RNA-Seq
236805b9-ea89-43b4-ba51-c09276778e90,"[{'case_id': '6d24e675-2fa4-4102-861f-7516650b3049', 'submitter_id': 'TCGA-LL-A5YP'}]",0bceb3fb-af69-4427-8ce1-767da4b31c37.rna_seq.augmented_star_gene_counts.tsv,236805b9-ea89-43b4-ba51-c09276778e90,Gene Expression Quantification,de25f2a4-43f9-45d3-a550-1551e5eea4bf,Transcriptome Profiling,RNA-Seq
b9220098-f6f9-4732-8e94-3c9eeb4b8479,"[{'case_id': '0fe1419e-a005-407c-8ae7-15c4c1579539', 'submitter_id': 'TCGA-E2-A1II'}]",c84dbd50-ff69-4824-afe5-1eaec5780d27.rna_seq.augmented_star_gene_counts.tsv,b9220098-f6f9-4732-8e94-3c9eeb4b8479,Gene Expression Quantification,b929b77f-af5c-4a25-88fd-3925f12d3532,Transcriptome Profiling,RNA-Seq
f377c267-d5eb-4542-bd0d-e87f957f3154,"[{'case_id': '115bc72c-116f-40c1-be9b-e3dd7650efae', 'submitter_id': 'TCGA-D8-A1JE'}]",eed349c6-a5ed-4543-ae8d-67b394b26c7a.rna_seq.augmented_star_gene_counts.tsv,f377c267-d5eb-4542-bd0d-e87f957f3154,Gene Expression Quantification,020a8d1b-2e68-40ce-8726-0753e628fbca,Transcriptome Profiling,RNA-Seq
435f3fbf-5c8f-4800-bff4-3b4d5f9daf2e,"[{'case_id': '65cac997-4d39-4501-85ec-4fcb328a8eb5', 'submitter_id': 'TCGA-GM-A3XL'}]",8563d0ce-646e-4992-897d-5634f023ecba.rna_seq.augmented_star_gene_counts.tsv,435f3fbf-5c8f-4800-bff4-3b4d5f9daf2e,Gene Expression Quantification,d382c007-e2a6-48f6-b254-0b6f9bed65f8,Transcriptome Profiling,RNA-Seq
