,0,1,2,3,4,5,6,7,8,9,10,11,12,13,14,15,16,17,18,19,20,21,22,23,24,25,26,27,28,29,30,31,32,33,34,35,36,37,38,39,40,41,42,43,44,45,46,47,48,49,50,51,52,53,54,55,56,57,58,59,60,61,62,63,64,65,66,67,68,69,70,71,72,73,74,75,76,77,78,79,80,81,82,83,84,85,86,87,88,89,90,91,92,93,94,95,96,97,98,99,100,101,102,103,104,105,106,107,108,109,110,111,112,113,114,115,116,117,118,119,120,121,122,123,124,125,126,127,Cluster
00063026-2a67-41de-b105-f80dca277978.rna_seq.augmented_star_gene_counts,-0.23937114,1.0003473,-0.2252362,-0.4400997,-0.22711284,-0.63079447,-0.70747256,-0.38918036,0.39378425,-0.38890576,-0.45772898,-0.2692,0.7168745,1.2656237,-0.5874087,0.06253444,0.935771,-1.1983159,0.24391957,-0.30423695,0.93517244,0.11758691,0.07363935,0.80780643,0.91591215,-0.07887217,0.8739802,0.13994226,-0.98732865,0.035954762,0.43778184,0.6993346,-0.46441996,-0.9061477,-0.45125967,-0.8400941,-0.2647581,-1.7127098,0.91545105,0.115673,0.37235954,-0.30467132,0.056796946,0.3212739,-0.5004564,0.40439725,-1.1169896,-0.07540196,1.3999224,1.2358422,1.4204952,0.2541181,-2.2129755,-0.11565497,1.5504848,0.11011509,0.33640447,-0.035644352,0.19814159,0.36980894,-0.30837598,1.1929829,0.21332598,0.7124639,-0.10869128,-0.4928229,0.702387,-0.7164322,-1.8103914,1.05643,0.8793396,-1.0879474,0.5816554,0.67648447,-0.13073544,0.2754192,0.52960765,-0.5431682,0.81143016,1.7507261,0.25531057,0.9751392,-1.6071622,1.1231858,1.0423981,-0.9758067,-0.57490706,0.67713,1.4708623,1.3075676,-1.3365412,0.8347087,0.98322666,-1.2569044,-0.49476206,-1.3346651,0.08441841,0.26139998,0.598674,1.0086246,-0.07330683,1.3735178,0.4906543,-0.36439154,0.59047055,-0.1364211,-0.7094235,-0.5491313,-0.019522538,-0.7176539,1.7337428,0.6916937,-0.25586012,0.56216776,-0.7148863,0.36432064,-1.265146,-0.7400669,0.2001256,0.40725037,0.8299119,-2.0268269,1.0177866,1.9648771,0.17192069,-1.3630276,-0.003996453,0.616735,0
01900aab-4c12-4198-b41f-ff638e5abe3b.rna_seq.augmented_star_gene_counts,-0.0734909,-0.36488485,-0.043595117,-0.031050174,-0.04252433,-0.118700035,-0.20201103,-0.101330966,-0.06540352,0.04502034,-0.02307671,0.16892424,0.3796807,0.20430806,-0.03558546,0.046992578,-0.08711966,-0.26557875,-0.0029574689,-0.4149109,0.08221686,0.23118225,0.1450488,-0.10317013,0.16123624,-0.32974604,-0.20993116,-0.3387399,-0.0021472217,-0.032978717,-0.020378677,-0.25890404,-0.08361195,0.013160161,0.03057217,-0.16013491,-0.011069388,-0.38094798,0.11040103,0.22552826,0.00035002484,0.12785648,0.08809488,0.11438397,-0.1495255,0.17462651,-0.085243285,0.08003702,0.6519524,0.10134528,0.1323211,-0.30225345,-0.24908043,-0.032265667,-0.10917284,0.10032222,-0.096220054,-0.14822465,0.14702196,0.103992105,-0.21436355,0.3269198,-0.009882878,0.05597433,-0.043298114,-0.09988484,0.3007052,-0.15976736,0.08864686,-0.21685852,0.26588657,-0.33927634,0.13643487,0.4571872,-0.13933717,0.02535433,0.027020363,-0.09385712,0.046437766,0.020504702,-0.26997158,0.29627147,-0.08233215,0.16612282,0.055855338,-0.14131975,0.11550161,-0.0038272452,0.4196718,0.26765734,-0.2432281,0.19192272,0.5716505,-0.01868134,-0.33855563,-0.04304237,0.07818121,-0.46307525,0.36576086,-0.16393296,0.12151659,0.27125254,0.14977911,0.23819755,0.1113835,0.0683231,-0.1877616,-0.026931925,-0.25201938,0.046904873,0.3132823,-0.06370684,0.48564413,0.40395868,0.44077983,0.060398415,0.1492586,-0.33546424,-0.42263028,-0.002002209,-0.14425206,-0.27331546,0.36343956,0.28154466,-0.15105712,-0.1457662,0.39323285,0.0697426,0
0394cdb2-85e8-4cea-b572-4cb4ed779774.rna_seq.augmented_star_gene_counts,0.23487502,-0.16131765,-0.10842194,-0.17324448,-0.31727806,-0.3645703,0.5922709,0.50295883,-0.45906916,0.38227037,-0.05007539,0.028985726,-0.24189758,-0.35151586,-0.56795776,-0.045138985,-0.003916908,-0.85118574,0.56325626,0.24440895,-0.34918958,-0.002762878,-0.14500737,-0.1868613,0.38792804,0.5719017,0.36560634,-0.23829204,-0.59382164,0.2747968,0.10586437,0.035124484,-0.70900553,-0.99742585,-0.49891213,-0.0307749,-0.65291107,-0.00058336614,0.24309939,0.4196115,0.19641614,-0.017594116,-0.5944495,0.092538446,0.8043852,0.44809902,0.5311427,-0.0671418,0.7188139,0.67680013,0.85028946,-0.024874005,0.08616702,-0.4310344,0.009620406,-0.1325793,-0.092759825,-0.13817823,-0.55745363,-0.013655538,0.04561766,0.013590588,0.4006146,0.5504163,0.15334101,-0.06575365,-0.021946084,-0.030905416,-0.30411127,-0.06605163,0.20570108,0.100680016,0.49211684,-0.45055112,-0.51689565,-0.29618877,0.15567216,-0.05737858,-0.06861603,0.26435274,-0.090184405,-0.27390876,-0.35731,-0.035312153,0.58559585,0.3710359,0.20219453,-0.3691792,0.8771407,-0.92628914,-0.44469208,-0.3663094,0.4863846,-0.05899868,-0.16259636,-0.9218346,-0.0235438,-0.49858207,0.9473108,0.047464427,0.6239902,0.21339718,-0.34562704,-0.5591151,-0.31284204,-0.27741033,0.10304487,0.1258145,0.32729542,-0.4065095,0.5639259,0.06154674,-0.51852924,0.32468686,0.5101364,0.21459436,0.5966071,-0.17359623,-0.08537815,-0.10818465,0.057098858,-1.0737605,1.1975553,0.2332404,-0.43295082,0.07459991,-0.43796864,-0.04410553,2
03d891b3-8faf-4384-94ce-2015f1ca5df0.rna_seq.augmented_star_gene_counts,-1.3474077,3.0919664,-2.4313,-2.0997536,1.4163989,-1.1158758,-2.445801,-4.0653915,1.7881094,-0.8358692,-3.9945028,-1.6231409,2.5634732,2.6344512,0.45133948,0.47868708,1.9248979,-1.6315794,-3.6294334,-1.9038596,2.3029866,-1.2934757,-0.17044039,0.79968625,1.3737346,-2.502168,0.9135885,1.5732077,0.17985897,-0.82022655,3.3203847,0.9696983,3.145123,-0.25296748,1.025293,-2.9793315,2.1974113,-5.2575765,0.7440456,-0.551446,0.42403483,-2.0022247,2.0230067,0.3720787,-3.296063,-0.81077284,-2.4538198,-0.13839932,-1.6340054,0.7961828,-0.39639086,2.2436407,-3.79936,2.321869,4.2446938,2.3464234,1.1848981,1.1163654,1.9568192,-0.37906817,-2.7288215,3.0379276,-2.0813456,-0.47918147,1.5119507,-2.4567482,3.1534371,-1.591358,1.1162136,0.5175915,5.3112245,-0.79429126,-1.4351854,1.9177659,0.28729087,0.5275701,-0.84057826,-1.0413393,0.28190225,4.2162576,0.63038814,1.6960602,-3.4642441,0.40134615,0.9503072,-3.6256588,-0.90318936,3.166632,1.6858435,2.5473416,2.0132506,1.9408549,1.1419388,-0.51553524,-2.2544115,-0.6865669,4.4066515,3.2427688,-0.6516745,1.9578817,-2.5686207,0.45013827,3.5671349,1.0461773,1.9364812,0.9558942,-3.4488537,1.1967771,-0.35765186,1.0303227,2.346457,2.004607,3.8390117,1.64161,-3.7947972,-0.84362656,-2.8715029,0.11631299,2.0514028,1.8331428,-0.023630707,-0.9890506,-2.1204233,2.3245173,1.9750935,-2.8685627,2.012293,-1.1576619,1
04026251-0cf6-4889-83b4-8a46881470b5.rna_seq.augmented_star_gene_counts,0.116943814,-0.10715425,0.27286378,0.0034097328,0.15432812,0.20548509,0.14646247,0.16821522,-0.025658509,-0.11116568,0.07479591,0.16199233,-0.024537778,-0.0017052134,-0.032826703,0.13885206,-0.07718115,0.15003395,0.083918534,-0.12293806,-0.048781984,-0.09595738,0.041636866,-0.05833615,0.10187473,-0.04089641,0.06244818,0.069309436,0.02119818,-0.056076027,-0.1386962,0.12138272,0.11858699,0.023622058,0.1572629,0.27153653,-0.12421758,0.3558707,-0.054560598,-0.010647791,-0.004673704,-0.026584262,0.10505915,-0.34631836,0.08383988,-0.37383214,0.07423294,0.09249932,0.04359969,0.12158679,-0.22871214,-0.021036403,0.34721687,-0.079184346,-0.098697275,0.010841749,-0.119748764,0.02696327,0.050175186,-0.12637825,0.072229,-0.1352117,-0.12270144,-0.16082187,0.10381462,0.17043848,0.15209109,0.07066152,0.12274912,-0.05552988,0.10354942,0.028152587,0.012197163,-0.2410791,-0.021576844,-0.0419001,0.010923522,0.047453668,0.044117708,-0.20332688,-0.047312755,-0.12534912,0.2390706,-0.14164694,-0.020972779,0.2272005,-0.016457897,-0.056236777,-0.23481923,-0.271029,0.10655573,-0.08896365,0.002640633,0.026040103,-0.002175243,0.0721894,0.22811885,-0.06541747,0.0040991553,-0.22724223,-0.036228117,-0.013898427,-0.14967209,-0.060571887,-0.15314023,0.034624062,0.01923798,0.15707268,-0.079652764,0.012929089,-0.15273342,-0.030127928,0.08817558,-0.09687906,-0.0695954,-0.022157978,0.17354554,0.01128804,-0.10055134,0.041561116,-0.31572446,0.0048957863,-0.20932041,-0.1794875,-0.04684754,0.16422884,0.10930123,0.10317674,0
0633890f-584c-43d9-aa3f-7a6555533dd8.rna_seq.augmented_star_gene_counts,0.21601498,-0.20868887,0.18084207,0.11984726,0.089421004,0.13450676,0.14654061,0.23371536,-0.03428947,0.2125196,0.00051866006,-0.043822743,-0.1532288,-0.22788088,-0.26830456,0.08051868,-0.07611476,-0.02236498,0.2986831,-0.056851745,-0.2668122,0.027395656,0.0049832966,-0.08435638,0.19414438,-0.022613093,0.055551123,-0.03293565,-0.038671494,0.076633394,-0.01716952,0.14553799,-0.032644592,-0.018430937,0.084107265,0.3896358,-0.34087703,0.38379306,-0.025732411,0.055802453,-0.047527734,0.036455706,-0.07603857,-0.17555834,0.20108463,-0.07598675,0.093693525,0.037474282,0.037224527,0.09250098,-0.114990816,-0.050869692,0.32129675,-0.014176872,-0.28677255,-0.17481215,-0.15658155,-0.02794683,-0.22478662,-0.13800168,0.075099096,-0.21705838,0.11249801,0.0030019835,0.09872063,0.27169225,-0.09565078,0.032347307,0.15020365,-0.07588489,-0.018344417,0.07213535,-0.016416634,-0.42214942,-0.03973737,-0.14362319,-0.018435111,0.10944606,-0.18166947,-0.14295822,-0.13322,-0.33786896,0.32807055,-0.2666253,-0.11501848,0.38267297,0.00097006117,-0.12337626,-0.13291162,-0.23544115,-0.02657229,-0.20852198,-0.08349011,0.17733207,0.112858064,-0.040856194,0.08969775,-0.14885584,0.073141396,-0.14745642,-0.05360396,-0.1003618,-0.14679545,-0.08283982,-0.2572033,0.09067215,0.19428867,0.0013830598,0.23355946,0.19974625,-0.15268876,-0.06532341,-0.09814797,-0.11101348,0.1303509,0.017754568,0.2725692,0.019916682,-0.05364617,0.0022602633,-0.30229285,-0.027966615,0.04213417,-0.16743347,-0.08667849,0.23692617,0.004500635,0.052509375,2
06a03e45-7315-4a8d-9fef-d841a4a8043c.rna_seq.augmented_star_gene_counts,-0.36758617,-0.2690342,-0.3850392,-0.08959014,0.18309876,-0.22928995,-0.8259936,-0.4960352,0.2778471,-0.297956,-0.20811562,0.29192933,0.3305449,0.52121484,0.24731426,-0.5279982,-0.22215332,0.15669364,-0.45157835,-0.4486197,0.2421789,0.29832098,-0.15373078,0.16702001,-0.074502185,-0.49857828,-0.74839675,-0.27277198,0.2623194,-0.361557,0.15468788,-0.050398104,0.65139365,0.5275916,-0.08095944,-0.35123864,0.38092178,-0.6043344,0.19522004,0.2042871,-0.23570068,0.020449422,0.5687898,0.43105206,-0.5213665,0.012070057,-0.41158652,0.004138158,0.4308308,-0.4553086,-0.41668275,-0.43741482,-0.7208949,0.3446691,0.14864682,0.31957236,0.16726996,0.3346837,0.18342528,0.012248295,-0.32261896,0.5253492,-0.49321032,-0.33877808,-0.18331164,-0.5301725,0.54468596,-0.24889489,0.26181677,0.11531126,0.24602777,-0.46272063,-0.57403004,0.8921875,0.28713033,0.21773684,-0.011655086,-0.31006965,0.17184962,-0.038714066,-0.31848013,0.40885216,0.031996097,0.6139187,-0.50749016,-0.34317982,0.21733762,0.49366266,0.2708752,1.0761709,0.40910193,0.5493128,0.2747055,-0.22299646,-0.31351635,0.38216054,0.12252689,-0.46704647,-0.42239144,-0.19346157,-0.09362235,-0.30967343,0.7141454,0.4911198,0.4302432,-0.18543266,-0.41335985,0.06249424,-0.3723164,0.3986029,0.23899701,0.34227592,0.97699046,0.36278304,-0.021932304,-0.08969335,-0.3748953,0.22853479,-0.5706099,-0.16969414,-0.030987542,0.006471262,-0.25763875,0.24188039,0.24096884,-0.27568278,0.74133563,-0.16164261,0
08ccd8d6-3e9d-4ece-a421-98acaf272569.rna_seq.augmented_star_gene_counts,0.010584324,-0.3383156,0.19738387,0.24675657,0.015022095,0.028886916,-0.26132634,0.17529267,-0.17174369,0.008113187,0.05598704,0.23838669,-0.02725498,-0.058242362,0.1304849,-0.083172366,-0.1680426,0.19784893,0.10988084,0.028586786,-0.12529823,0.18266203,0.065130256,-0.037542384,0.011955421,0.07094031,-0.2541936,-0.2218673,0.0772607,-0.14270298,-0.2691427,-0.10045372,0.07670125,0.33785713,-0.0050273957,0.14168599,-0.08535295,0.35847887,-0.01621826,0.054901667,-0.1419876,0.18650286,0.18560681,-0.003086568,-0.02312786,-0.15172866,-0.08695505,0.009552537,0.18050061,-0.24858609,-0.13315333,-0.20528233,0.031660154,0.055913247,-0.22535005,-0.06960553,0.021148201,-0.021474022,-0.10443872,-0.12041307,0.2680373,-0.038199674,-0.23529162,0.065830156,-0.119883254,0.20027165,-0.027398223,0.028223673,0.0055898493,-0.19169311,-0.35064,-0.20031431,0.11285671,0.0623462,0.05417011,0.22745235,-0.0010759949,0.060794167,-0.21306595,-0.50959235,-0.30569997,0.0788922,0.32762676,-0.091927975,-0.16115999,0.16079561,0.15835112,-0.059158545,0.028464487,0.35662192,0.022461418,0.13552879,0.041469563,-0.047744274,0.15608785,0.057301052,0.020622948,-0.36984128,0.007905054,-0.28763208,0.1783387,0.018157288,-0.068071134,0.08403121,-0.07016698,-0.06633049,0.2174313,-0.110349104,-0.12454966,0.0645172,-0.14538378,0.016388962,0.29366264,-0.21187252,0.3035255,0.011455301,0.19982745,-0.026322102,-0.25826496,-0.03628583,-0.2940545,0.16743818,-0.044028707,-0.20458938,0.09669666,0.21208112,0.0741376,0.17762852,0
0940092b-46da-4975-bde7-f205fe12707b.rna_seq.augmented_star_gene_counts,0.2248022,0.2547741,-0.18258817,-0.09982068,-0.4765991,0.25815853,0.76197785,0.012546374,0.1024574,0.8693101,0.17706102,-1.0740439,-0.8697988,-0.9295622,-0.12855455,-0.22477417,-0.40387908,-0.12658781,0.5316052,0.5033739,-0.914477,-0.09349047,-0.58734834,0.062415358,-0.15580375,0.3107533,-0.14864784,-0.11868319,0.5993491,0.26619703,0.13409778,-0.38648427,-0.22732721,-0.0993719,-0.5378371,0.10707821,-0.6502897,0.81779957,0.19998467,-0.1663303,0.23405439,0.35961694,0.09270841,-0.019212186,0.44989967,0.4437589,1.023104,-0.12918729,-0.48466402,-0.24816251,-0.27701387,-0.3492037,1.4575154,-0.2654317,-0.9924307,-0.22577886,0.19953705,-0.2054893,-0.6158367,-0.537639,-0.55215573,-1.0688088,0.8439243,-0.02695085,0.7191554,0.2152189,-0.884569,0.7147923,0.6221322,-0.5002224,-0.50907254,0.5480479,0.18465914,-0.67138314,-0.69250345,-0.69949746,-0.5673997,-0.06560387,0.3823595,-0.3452475,0.14528649,-0.7830484,1.2126846,-0.2677917,-0.6027301,0.20124434,-0.41534305,0.2060918,-1.2722503,-0.8990538,0.6551492,-0.61786765,-0.527961,0.21324529,0.43535107,-0.23958276,0.289813,0.62258327,0.011676678,0.03527592,-0.27820653,-0.66156167,-0.46837378,-0.17788404,-1.2748325,-0.76790833,0.64271224,-0.15890361,1.2321196,-0.13565548,-0.16026483,-0.36381394,-0.41330594,-0.09486285,0.5118744,-0.112493634,1.3797802,0.04231543,0.47765756,-0.023011183,0.007532248,0.21522978,0.24453443,-0.4349044,0.0065011214,0.81111646,-0.2744436,-0.76362634,2
0a9e33db-2527-4cc3-8669-a7c10fed7a7f.rna_seq.augmented_star_gene_counts,0.45495087,0.2716563,0.09670586,-0.08169141,-0.34274483,0.49135828,1.0684109,0.22931185,0.28012463,0.89998287,0.14708044,-0.90416783,-0.9930434,-1.043914,-0.06751172,-0.19374275,-0.3190006,-0.58455396,0.67139924,0.053344235,-0.6089345,-0.033829506,-0.31605992,-0.20336972,-0.076325126,0.31572068,-0.045957766,-0.17773849,0.44532704,0.22778423,0.5437747,-0.30094364,-0.30487862,-0.5686247,-0.6229845,0.32993212,-0.87395716,0.93962747,0.034307275,0.16806443,-0.10890128,0.48409382,-0.375788,0.0034367254,0.5624028,0.17240366,1.0562719,-0.10509299,-0.43444836,0.031537257,-0.12397214,0.003988284,1.3962296,-0.15002367,-0.79816926,-0.3193269,-0.04780531,-0.113774806,-0.54245985,-0.3284785,-0.28391895,-0.62904096,0.5754244,-0.08520379,0.65889454,0.26508066,-0.60912156,0.5546637,0.7816202,-0.5051299,-0.23342596,0.75652826,0.41516584,-0.98232675,-0.7202444,-0.58851546,-0.25407544,0.17920159,0.37157735,-0.19961613,-0.033403583,-0.73114973,0.940507,-0.47984537,-0.17088139,0.37732625,-0.4027292,-0.0796906,-0.90712434,-1.6266682,0.13820377,-1.0714477,-0.108450785,0.43111908,0.02752264,-0.46114412,0.45264024,0.31476128,0.38505527,0.1388877,0.040808666,-0.48489228,-0.14744952,-0.23875608,-1.099044,-0.542306,0.18019266,-0.15906009,1.0505437,0.17872053,-0.16965377,-0.011742275,-0.25635493,0.2511525,0.28830102,0.23569112,1.6039865,0.42693335,0.5512061,0.07529185,-0.15491402,-0.07285578,0.5791968,-0.56347513,0.029127413,0.6104713,-0.196432,-0.47570497,2
0ba03a16-3c4f-4118-91aa-53d4a7c00d38.rna_seq.augmented_star_gene_counts,0.31064993,-0.20293364,0.06353084,-0.09647055,-0.09615586,0.10248931,0.53597075,0.30987754,-0.20750913,0.47839123,0.035856713,-0.28772196,-0.47223413,-0.49942967,-0.42832923,-0.0050775036,-0.14893219,-0.45827386,0.44123185,0.1792307,-0.44218275,-0.012878635,-0.14792584,-0.14518106,0.32494667,0.29809585,0.15776634,-0.14520413,0.04208101,0.20438388,-0.001706432,-0.039280087,-0.20731805,-0.45250422,-0.24094363,0.36026537,-0.41960654,0.44752163,0.1024629,0.016837178,-0.021439716,-0.02641027,-0.44738883,0.093163274,0.47129068,0.16773665,0.51939756,-0.053819325,0.083278745,0.32724142,0.2875632,-0.09765285,0.3195332,-0.07926626,-0.40834385,-0.1668778,-0.04696125,-0.12940186,-0.60154456,0.076292776,-0.16522305,-0.25993007,0.20226921,0.16639388,0.1777904,-0.004947029,-0.12220867,0.19197883,0.21583523,-0.14877151,0.19036914,0.25558585,0.17204094,-0.5352472,-0.42580113,-0.43791822,0.09704006,0.16598524,-0.14432916,-0.068334475,-0.09004338,-0.39536044,0.27255732,-0.31709823,0.14762866,0.34194553,-0.030612143,-0.31047854,0.12961009,-0.8870838,-0.06948451,-0.31076917,0.14675626,0.08443924,0.057031397,-0.310846,-0.08994182,-0.11780254,0.63475,0.047442477,0.32234746,-0.13290976,-0.20822093,-0.23845442,-0.49388227,-0.15084013,0.07736239,0.046068247,0.3967894,-0.110382624,0.122824654,-0.01999905,-0.44309574,-0.0022555871,0.39538106,0.21186975,0.6751626,-0.08626763,0.07469888,-0.07001592,-0.25028968,-0.3427854,0.80008996,-0.21843235,-0.19006662,0.2757831,-0.16943288,-0.17709158,2
0c814cd9-5b2c-4764-9e6a-6ad0403fcd7d.rna_seq.augmented_star_gene_counts,-0.57198566,1.6604968,-0.8289534,-1.0122786,0.598853,-0.61869174,-0.78741556,-1.5639697,0.8432564,-0.17214854,-1.3512269,-1.4504056,1.2533082,1.6553922,-0.044612605,0.7745453,0.36403593,-0.9493238,-1.7813857,-1.6397017,0.9084023,-0.8471796,0.13830633,0.0893838,1.0478513,-1.3020172,1.2088221,1.2405219,0.29053596,-0.2032395,1.2802087,-0.03615608,1.5876826,-0.5425173,0.33735234,-1.2849293,1.0545768,-1.9065255,0.008200498,-0.3123402,0.46515805,-1.1557982,0.4336042,-0.11679389,-1.4232794,-0.54308313,-1.046901,0.7254352,-0.5433995,0.27356824,-0.3232763,1.6755679,-1.237533,1.2624341,1.8957956,1.3777835,0.4877175,0.5042922,0.8453808,-0.33146402,-1.301415,1.2260249,-0.8639043,-0.15523526,0.6765141,-0.47508717,1.0266172,-0.51866436,0.82398564,0.3762135,2.703205,-0.019113278,0.047445025,0.6021561,0.12996127,-0.1141878,-0.73294634,-0.4179888,0.2610482,1.5833671,0.19614887,0.5340367,-1.4273427,-0.101617545,0.9315528,-1.6035875,0.24470721,1.0743889,0.50173205,0.8522866,0.3436122,0.2825847,0.22101195,0.10061896,-1.3678724,-0.78343475,1.9495242,1.2250851,-0.21153866,0.8100449,-1.3401822,0.111686446,1.5797336,0.5801443,0.5497009,0.748501,-1.7976425,0.86543924,0.07620732,0.6079211,0.7159447,1.1170754,2.2990134,0.7886658,-1.9617399,-0.1521971,-1.0131234,-0.5084902,0.96762216,1.0299932,0.13795191,-0.18890107,-1.0937207,0.6099247,1.2359172,-1.1745024,0.9314627,-0.40871084,1
0e8857f9-6f8b-46c5-a019-9c69bdc50525.rna_seq.augmented_star_gene_counts,0.3321816,-0.07183656,0.056573223,-0.16592887,-0.20107625,-0.069972225,0.54464483,0.48261026,-0.28846812,0.4528398,-0.040189415,-0.10024688,-0.3350114,-0.45045817,-0.4894254,0.00599129,-0.12284998,-0.5472319,0.3815605,0.18218186,-0.4230754,-0.006082943,-0.15238097,-0.2193622,0.4108694,0.3241172,0.20554425,-0.1488702,-0.1822023,0.16219178,0.08634323,0.069026366,-0.35431212,-0.56543106,-0.40608016,0.23335484,-0.53498864,0.29835626,0.13106261,0.17220205,-0.016449746,-0.024756659,-0.43565995,0.10400268,0.59149694,0.27035785,0.4687735,-0.016054055,0.2950107,0.30114338,0.5172113,0.015856426,0.13446376,-0.20860878,-0.3592157,-0.12283336,-0.1726399,-0.108858585,-0.508451,0.06738041,-0.058066145,-0.1692863,0.17159584,0.241438,0.12734535,0.02830739,-0.040428914,0.23666948,0.08926832,-0.07326605,0.13144697,0.19625741,0.32582676,-0.59456164,-0.41399196,-0.3350038,0.17839783,0.06920037,-0.20856127,0.052421816,-0.10659796,-0.37972835,-0.015128985,-0.16616017,0.30241665,0.491847,0.093209185,-0.35917014,0.38528922,-0.8640343,-0.19193985,-0.41598535,0.21004966,0.12421017,-0.09955041,-0.54534364,-0.049618043,-0.3169563,0.5160685,-0.05375694,0.43237603,0.027280001,-0.35644868,-0.26585975,-0.33996177,-0.26362687,0.098455146,0.054384563,0.34366435,-0.23945966,0.27769116,-0.04904985,-0.34435216,0.08309552,0.32210058,0.19542187,0.6384398,-0.053532038,-0.05801571,0.007000133,-0.16805974,-0.5146431,0.8961464,-0.025630523,-0.25521323,0.17330953,-0.25172916,-0.18233009,2
0f382cf1-3e52-4078-bf12-cc6ba998ed3f.rna_seq.augmented_star_gene_counts,-0.6928856,-0.36156717,-0.17402755,0.41818863,0.14372368,-0.40295693,-1.1764932,-0.36619228,-0.8245308,-0.36402142,-0.10760815,1.1719229,0.04529104,0.63148195,0.78791356,-0.02906491,0.06850116,1.2369322,-0.6887216,0.47165868,-0.32110348,0.042806815,0.11905351,0.8858012,-1.1364747,-0.04512851,-1.1425428,-0.18201181,0.30644858,-0.8679502,-0.6744749,0.5939767,0.549047,1.3315634,0.11591155,0.06892141,0.7952689,0.41152316,-0.36512962,0.017626924,0.15347674,0.32031623,0.9757883,0.16364343,-0.54797226,-0.6692422,-0.55898035,0.067857504,-0.4614796,-1.3016506,-0.38446626,-0.78428066,-0.43220565,-0.3585315,-0.07464596,0.14371026,0.46517798,0.22946878,0.5327483,-0.3514542,0.45576826,-1.0631851,0.025446264,-0.19801393,0.05346167,-0.0057478016,-0.52118874,-0.75160956,-0.21689737,0.38256752,-1.0625548,-0.4943733,-1.4889963,0.23133063,1.2675579,0.97846293,0.18799794,-0.11145869,0.24207143,-0.9179153,0.30697453,0.32488632,0.85546494,0.29306534,-1.297888,-0.41680634,-0.21462925,0.0974829,-1.4031719,1.3559184,1.9279066,0.7918462,-0.95900327,-0.43359497,1.3589209,1.2171305,-1.1692967,0.18611783,-2.081659,-0.12025494,-0.6293871,-0.15014471,0.29810655,0.16253056,-0.230639,-0.65103537,0.69242656,-0.10785522,-0.5951745,0.59619004,-0.8906379,-0.56315136,-0.054333,-0.719894,-0.545077,-1.2949096,-0.7505406,0.82596385,-0.5326764,-0.8185652,-0.24080195,1.6045191,-1.8997997,-1.0449544,-0.11627429,0.39055964,0.5512829,-0.64460903,0
10376443-40df-451a-91e5-6be34850558c.rna_seq.augmented_star_gene_counts,-0.09380732,-0.0062804464,0.22800778,0.068745114,0.14794093,0.016886879,-0.041273564,0.20251612,-0.15933621,-0.14677715,0.021205012,0.12118816,-0.32824528,-0.06757054,-0.069355235,0.059065685,-0.17077279,0.3220439,0.02647907,0.122017965,-0.2931538,0.030734856,0.03869016,0.22400245,-0.19321218,-0.01651816,-0.050899025,-0.16943434,0.05777824,-0.28652436,-0.2587636,0.3984326,0.12765396,0.1777958,-0.04785365,0.2713034,0.12353538,0.143372,-0.25584465,-0.13278869,-0.042018756,0.12460541,0.27890843,-0.26716113,-0.07264648,-0.33624986,0.243535,0.051086884,-0.24064559,-0.15666093,-0.2465927,-0.19349185,0.45084998,-0.11570988,0.032062575,-0.19332829,0.14257462,-0.039335135,0.23996861,-0.13756596,0.09118319,-0.50736535,0.2210878,0.12557799,0.42990562,0.094738886,-0.11653287,-0.10904879,0.20725188,-0.09251826,-0.3139316,0.22536679,-0.1517096,-0.10662113,0.15120807,0.1934493,-0.15163977,0.09950511,-0.17655979,-0.11961347,0.0865213,-0.12981975,0.3798563,0.0012999917,-0.2747628,0.19990067,-0.17936505,-0.020394018,-0.26783466,0.032869402,0.22328983,-0.0007765736,-0.44512525,-0.07437391,0.2422523,0.25327972,0.038971446,0.024134979,-0.43140277,-0.19353715,-0.27515668,-0.18040188,-0.025453174,-0.036403447,-0.121262334,-0.0012178122,0.39634395,-0.030776352,-0.062434588,0.1550984,-0.22060116,-0.06692571,-0.14631943,-0.17889822,-0.18129884,-0.2313171,-0.15348235,0.0068129115,-0.02266066,0.07644209,-0.11477258,0.30721006,-0.5501637,-0.494353,-0.101612575,0.37784263,0.13994534,-0.18926902,0
10ce58cf-c9ee-4be2-899d-4c20c788effc.rna_seq.augmented_star_gene_counts,-0.22559372,-0.4525955,-0.14986409,0.2501424,-0.14547125,-0.14518428,-0.35371375,-0.071755655,-0.104505196,0.14535266,0.0612601,0.37222272,0.35901138,0.2867532,0.052054126,-0.006865109,-0.34689632,0.111753136,-0.098788284,-0.40230465,-0.07473252,0.30621845,0.047644835,0.05628659,-0.024807816,-0.26643488,-0.4053528,-0.428061,0.15693551,-0.23798294,-0.17523605,-0.28869697,0.12265895,0.29406375,-0.038670447,0.027439687,0.033867627,-0.136865,0.063377984,0.3486906,-0.06948986,0.25160098,0.29095355,0.18164934,-0.16393694,0.280228,-0.3374668,0.11819159,0.7568931,-0.025477117,0.036491986,-0.5078215,-0.27070346,-0.13350792,-0.17137167,0.09517067,-0.14096363,0.032435793,0.06322446,0.026711807,-0.06836644,0.18119395,0.08231484,0.023996212,-0.31342366,0.12359757,0.1642186,-0.24422076,-0.08710122,0.029180631,0.25420386,-0.44695732,-0.02012624,0.50805104,0.15303709,0.13602483,-0.09046044,-0.19715053,-0.09149659,-0.26173455,-0.27242142,0.3051372,0.030331533,0.2643036,-0.18719372,-0.108489975,0.38164526,0.12176696,0.29503173,0.3679049,-0.030963106,0.27442053,0.40779737,-0.07914219,-0.061875243,0.21105158,-0.038582098,-0.6243427,0.11896222,-0.22336037,0.18565556,-0.058686383,0.21245378,0.11684242,0.23697308,-0.08208376,-0.20621464,-0.119127646,-0.2196528,0.12712616,0.18549587,0.2380485,0.48429775,0.3876751,0.51229495,-0.018157417,0.09742252,-0.07651572,-0.45235252,-0.18624969,-0.22071059,-0.02321786,0.19255723,0.17363875,-0.11451263,-0.08731043,0.5177537,0.061139576,0
13295142-1853-417f-a798-60c41fd90166.rna_seq.augmented_star_gene_counts,0.23688054,-0.17875256,0.1425982,0.15523912,-0.07828553,0.40607724,0.063254,-0.015630808,0.029632235,0.16397911,0.03708261,-0.27014825,-0.33290607,-0.36492696,0.32352364,-0.12810546,-0.5017648,0.283334,0.1665967,0.13904609,-0.07668203,-0.14796354,0.043603063,0.04241385,0.047383383,0.086243376,-0.36681643,-0.098824315,0.64524883,0.050832026,0.16625525,-0.10786123,0.13201514,0.3463394,0.030903466,0.031887855,-0.18271892,0.906421,-0.00279541,-0.21849203,-0.21541373,0.2034016,0.17522895,-0.050650038,-0.07132231,-0.16542172,0.39531955,0.0032792403,-0.20165502,-0.24204768,-0.5204968,-0.3030059,0.61731786,-0.01347264,-0.48403832,-0.13843024,0.11724143,0.07898251,-0.07746153,-0.3840851,-0.12955761,-0.4387447,-0.052484132,-0.2026756,0.27129155,0.17129402,-0.218296,0.273535,0.38100973,-0.36417618,-0.6234143,0.17762965,-0.02781021,-0.2664474,0.0373336,-0.15383424,-0.23047481,0.022398766,0.03497317,-0.452685,-0.33404568,-0.38727474,0.81904,-0.39557412,-0.33580312,0.28785613,-0.17737381,0.1493446,-0.9556918,-0.04684235,0.26807395,-0.16692375,-0.033095486,-0.055280775,0.30476716,0.19068651,0.18033813,0.19090348,-0.074151754,-0.04748748,0.13973285,-0.2155201,-0.10116257,0.099341385,-0.38138026,-0.1171284,0.30035394,-0.05050317,0.3559898,0.2317028,-0.41306493,-0.0015050499,0.05556851,-0.089005984,0.18439823,-0.09613444,0.5595827,0.12532555,0.0061835665,-0.10526626,-0.09830548,0.62327516,-0.048884287,-0.2596355,0.048262622,0.2940828,-0.076542184,-0.15055363,2
139b1f70-02f6-4f5e-84b3-81d3677b3f8c.rna_seq.augmented_star_gene_counts,0.15382773,0.5362659,-0.22644791,0.03438455,-0.58146614,0.42476818,0.63812226,-0.0019600375,0.13988253,0.70862263,0.197363,-0.9604982,-0.99953836,-1.1565617,0.13860834,-0.55391383,-0.45125216,-0.37063843,0.34230372,0.43466604,-0.7493861,-0.19373447,-0.42149192,0.18383035,-0.4270507,0.37320766,-0.21060182,-0.17010495,1.0034763,0.06364113,0.19509046,-0.3141395,-0.03528213,-0.20072156,-0.54474914,0.04413758,-0.50701207,0.8447377,0.021096416,-0.21431676,-0.07089367,0.23368564,0.36416936,0.14791529,0.11506987,0.30897707,1.2454749,-0.6512403,-0.9744273,-0.53694284,-0.572491,-0.3337523,1.4640903,-0.37603372,-0.9674883,-0.39965737,0.1849884,-0.27993864,-0.3265626,-0.6221808,-0.65953743,-1.4167693,0.98169994,-0.42065722,0.99762475,0.5228437,-0.85885847,0.8897256,0.8717401,-0.5929673,-1.0006882,0.5367282,0.23718657,-0.7755714,-0.60761946,-0.55412024,-0.6206015,-0.05066554,0.29210895,-0.53908134,0.25331435,-0.62893486,1.2076573,-0.1607215,-0.6405962,0.110156454,-0.51823217,0.12353473,-1.7277501,-1.0802172,0.9815924,-0.68803,-0.9549212,0.23737957,0.08948862,-0.081195295,0.3226088,0.77212524,-0.42773256,0.15163077,-0.21528357,-0.7215568,-0.34446955,-0.35915723,-1.192587,-0.8925126,0.85994774,-0.2793637,1.4477843,0.12193639,-0.20858464,-0.43425933,-0.3360528,-0.047341395,-0.057637505,-0.13691776,1.2291642,0.23020442,0.690429,-0.065807566,0.12423718,0.5019822,-0.10536802,-0.71124864,0.21268068,0.6341733,-0.26455346,-1.0596,2
17efe3f1-a97a-4e26-b28a-98702fd3c42b.rna_seq.augmented_star_gene_counts,-0.36971375,-0.29463643,-0.08537782,0.18597186,-0.11120276,-0.72302544,-0.22373162,-0.23243509,-0.81215537,-0.22138129,0.09062819,0.40166277,-0.12552255,0.36432165,0.5446689,-0.057281163,0.04574811,0.6255644,-0.3089076,0.6000482,-0.42003116,0.17864919,0.21332365,0.8564223,-0.4346582,0.1798852,-0.5338202,-0.2534922,-0.14523312,-0.34420294,-0.53084904,0.17028521,-0.26906914,0.7747562,-0.02443045,0.28620663,0.18632405,0.0057037063,0.15194947,0.1725848,0.21716918,0.24243829,0.4277618,0.21157022,-0.3182693,0.105920844,-0.14930381,-0.12650515,-0.04130764,-0.4176911,0.18844205,-0.37371874,-0.013452568,-0.46586514,-0.16637716,-0.149559,0.25857633,-0.08453818,0.1885489,-0.34162232,0.17004226,-0.57200325,0.2591324,0.40294927,0.17880182,0.39929456,-0.40218356,-0.4135951,-0.4097296,0.5818368,-1.0497596,-0.53224134,-0.48226836,0.26147005,0.68648833,0.66400766,0.35193175,0.05898578,0.25282678,-0.3364827,0.17690669,0.21538602,0.33207956,0.005958416,-0.60088634,-0.1742503,-0.2684165,0.27664885,-0.60419905,0.8524887,0.8321952,0.46369275,-0.45892698,-0.41530296,0.84945685,0.56299007,-0.9187545,-0.05847345,-0.7955199,-0.067582965,-0.08984763,0.008172013,-0.17236999,0.012670429,-0.6406702,-0.32989702,0.43879628,-0.18750897,-0.11464991,-0.09686739,-0.43894586,-0.44196317,-0.61225855,-0.49723905,-0.12114002,-0.5569716,-0.43280953,0.298212,-0.38242316,-0.43746367,0.13448203,0.44858688,-0.81131095,-0.06509554,-0.07982151,0.537496,0.060086273,-0.2472018,0
18cbd510-bce2-4370-a00f-939d562ba7de.rna_seq.augmented_star_gene_counts,0.31419474,-0.10079086,-0.086217426,-0.15334845,-0.3460083,0.094521254,0.6709041,0.33577207,-0.048467826,0.8948176,0.030820372,-0.75022787,-0.564644,-1.0019463,-0.06996091,-0.058356907,-0.3598834,-0.1849892,0.5860775,0.27555135,-0.8799394,-0.030164998,-0.22325203,0.14813659,-0.020352544,0.3890155,0.013728497,-0.119619004,0.43793836,0.24376926,0.087226085,-0.13327594,-0.29419032,-0.061394755,-0.56534755,0.24227867,-0.6647262,0.80408156,0.17352195,-0.1318196,0.09834019,0.27908322,-0.08249841,0.23417337,0.49159554,0.43833694,0.94810885,-0.055544946,-0.4071532,0.038148563,-0.07996784,-0.37556338,1.063611,-0.205132,-0.6683294,-0.23140639,0.058112368,-0.4285335,-0.55159533,-0.30722168,-0.17967416,-0.6961737,0.5274417,-0.0034526861,0.58248496,0.20313932,-0.42623818,0.4990457,0.43459383,-0.4480276,-0.4716101,0.60928136,0.2270525,-0.5781178,-0.52928066,-0.5310194,-0.17354232,0.0053528645,0.22520001,-0.42500246,0.1365742,-0.7462448,0.9083201,-0.27094615,-0.26064515,0.29855728,-0.21151675,0.018422619,-0.8684244,-0.8028252,0.26120564,-0.5672789,-0.23944451,0.14421172,0.23999354,-0.2624495,0.32818255,0.05807923,0.21655849,-0.051033653,0.052100837,-0.3417486,-0.31495917,-0.22219591,-0.9914648,-0.40688145,0.36190623,-0.13391218,0.9719674,-0.12108272,0.013834499,-0.29054275,-0.49491712,-0.17250659,0.4344689,0.047147784,1.1409509,0.19196552,0.17513639,0.15555671,-0.04793065,-0.12440934,0.38890997,-0.31442586,-0.0956211,0.48915666,-0.20886546,-0.44056112,2
1a3dcc95-64bf-4886-9807-9511b24f30af.rna_seq.augmented_star_gene_counts,0.37654045,-0.048971176,-0.13230024,-0.27816692,-0.3961888,-0.40515393,0.83921033,0.5146539,-0.37226316,0.5539781,-0.059158284,-0.25050235,-0.39644742,-0.48676074,-0.6598076,-0.03288633,-0.10335485,-0.77613914,0.65300524,0.33308676,-0.56459826,0.042970948,-0.1662874,-0.20071994,0.38731745,0.6686979,0.3322168,-0.23925492,-0.50886923,0.3998502,0.19236729,0.09716554,-0.6917601,-0.988244,-0.66024786,0.04966074,-0.70260304,0.098507375,0.26638353,0.5085095,0.17956394,0.010367713,-0.65880185,0.14508314,0.99919575,0.55095524,0.6421343,-0.06013729,0.5884972,0.6014868,0.829199,-0.09058739,0.26387042,-0.40526435,-0.19662058,-0.05561557,-0.07076813,-0.18245558,-0.7160948,-0.061329797,-0.13576762,-0.14510973,0.513076,0.4699899,0.37518916,-0.12512213,-0.10492017,0.11983927,-0.12596597,-0.21865396,0.2558178,0.16086856,0.47486576,-0.61242455,-0.6988732,-0.3351953,0.17859012,-0.06509524,-0.07491097,0.2687827,-0.0694563,-0.40688375,-0.2895759,-0.12363248,0.4623282,0.4287399,0.115975395,-0.29685962,0.74045414,-1.2407488,-0.37242797,-0.4920649,0.39374697,0.040836513,-0.1713255,-0.99968874,0.030833546,-0.39979172,1.035958,0.07802305,0.5208492,0.040845715,-0.27302593,-0.5854738,-0.55476546,-0.33961752,0.17093433,0.1247979,0.37065902,-0.41441652,0.58887976,0.04566284,-0.54329985,0.30670252,0.5105952,0.15098576,0.9246697,-0.07437483,0.0661993,-0.05735235,0.0026655458,-1.0152906,1.2357144,0.17373736,-0.5122345,0.26203156,-0.34353814,-0.15917204,2
1c3dbd2f-1c07-48cb-a844-0b1b3eb14e0d.rna_seq.augmented_star_gene_counts,0.24911235,-0.1825756,-0.0052906726,-0.208769,-0.0960931,0.04122164,0.35922977,0.1993581,-0.16248246,0.50152737,-0.112208866,-0.38659394,-0.33656403,-0.5365336,-0.22534828,0.00336835,-0.23527724,-0.12129061,0.25399575,0.122474544,-0.5298634,-0.11378158,-0.08737381,0.002848701,0.18008727,0.14409302,0.034719612,-0.07338026,0.24045673,0.14266422,0.04315623,-0.03528443,-0.12998916,-0.1374409,-0.20326298,0.28110924,-0.38749552,0.49762553,0.048476413,-0.029812759,0.07186773,0.07596751,-0.15434349,-0.0034229415,0.3072904,0.115727276,0.2678036,0.0074936864,-0.077156626,0.05553737,0.10393826,-0.06897152,0.43365997,0.03094481,-0.46921647,-0.18402591,-0.039919708,-0.041144475,-0.44841388,-0.048986025,-0.11042029,-0.39673546,0.10292198,-0.0050173798,0.21197967,0.0288901,-0.15215153,0.25218236,0.19715779,-0.2362884,-0.092341855,0.3832978,0.027127929,-0.39743397,-0.39630574,-0.14258452,-0.040518817,0.09864584,-0.09562241,-0.17980087,-0.09480359,-0.3501722,0.45637596,-0.2619068,-0.07863631,0.26133677,-0.06715727,-0.14375903,-0.31974614,-0.47720867,0.16997288,-0.23537414,-0.019726675,-0.03834113,0.13926044,-0.18019596,-0.03722008,-0.044866268,0.43437836,0.0871182,0.18135805,-0.14500216,-0.18846807,-0.16236943,-0.5916387,-0.15965427,0.25208372,-0.12573236,0.3615211,-0.06170432,-0.05876882,-0.32291037,-0.38217887,-0.23820448,0.44881684,-0.0004359539,0.5772944,-0.10976788,0.117961,0.04715385,-0.18875271,-0.09493436,0.4456458,-0.06705641,0.0046041217,0.3842453,-0.20914498,-0.065940715,2
204cf188-2162-43ac-bad4-8304622f3090.rna_seq.augmented_star_gene_counts,0.44151783,0.14653532,0.29552263,-0.11861672,-0.3358343,0.3596295,0.8458419,0.47588238,-0.00814241,0.60025996,0.23540638,-0.6655847,-0.778538,-0.8859648,-0.4038832,0.07942605,-0.2768666,-0.4379764,0.59145623,0.059915338,-0.46506208,-0.022271434,-0.3345271,-0.34355184,0.14935014,0.32216024,0.22057983,-0.03732576,0.14334562,0.13681571,0.33087426,-0.19983535,-0.22968414,-0.5193721,-0.5883786,0.35306257,-0.6178867,0.60206074,0.17108391,0.058643617,-0.35192207,0.16091378,-0.544035,-0.06577374,0.5783445,0.34864798,0.7671751,-0.022376802,-0.19807515,0.19141531,0.04815715,0.029724665,0.9684174,-0.12339843,-0.6691198,-0.19424279,-0.17548724,-0.20695065,-0.55039054,-0.07710342,-0.23185508,-0.5629858,0.5343957,0.1482395,0.43155804,0.25096038,-0.36750892,0.485857,0.50110173,-0.21107659,-0.033979315,0.48278528,0.34494513,-0.6959345,-0.76557225,-0.50841814,-0.17511132,0.084889874,0.22028373,-0.14537807,0.03740359,-0.6567386,0.4821579,-0.43931243,-0.00011285047,0.5484552,-0.23135553,-0.4017789,-0.45828405,-1.224853,0.025209285,-0.9629115,-0.19326168,0.36309525,-0.08738482,-0.48804826,0.4035394,0.12053085,0.45105952,0.14201584,0.1582771,-0.40604028,-0.24615546,-0.32398096,-0.8091521,-0.5713412,0.4271767,-0.029251507,0.72474605,-0.02281062,-0.09240929,0.014261745,-0.237297,0.07634853,0.20271744,0.066877365,1.1358815,0.15829901,0.2685412,0.05037496,-0.23254536,-0.22367445,0.5433311,-0.5203592,-0.14036886,0.46317947,-0.24327064,-0.4781451,2
231b4ae3-8543-47f4-a9f6-0ac26210b26d.rna_seq.augmented_star_gene_counts,0.48986113,0.2868426,0.027819168,-0.2756807,-0.29452217,0.41451368,1.0548275,0.2469388,0.24104303,0.9663005,-0.036418397,-0.9317783,-0.8733912,-1.1317922,-0.15188,-0.21662788,-0.27491966,-0.44975144,0.59882796,0.09254334,-0.6865939,-0.11611821,-0.40663162,-0.08551113,-0.023554424,0.26490483,-0.11907259,-0.14063604,0.65969855,0.29434872,0.5504247,-0.3875059,-0.29620424,-0.32673058,-0.56784624,0.15870704,-0.9440029,0.8808449,0.08479297,-0.010540893,-0.0684203,0.32595974,-0.47060433,0.16284758,0.5754922,0.29381645,1.131742,-0.1721873,-0.56708205,0.05299225,0.037959803,-0.12852049,1.2924483,-0.055112917,-0.7229103,-0.17834513,-0.043269306,-0.16269961,-0.43157557,-0.37508467,-0.40760344,-0.6471445,0.48627102,-0.23187238,0.669461,0.2844285,-0.552901,0.6269349,0.72913104,-0.61050606,-0.58143204,0.7514372,0.4684608,-0.78100175,-0.64756507,-0.6730706,-0.33764583,-0.022402262,0.39394525,-0.12324364,-0.03653647,-0.65347606,0.980356,-0.38857213,-0.17918164,0.23390631,-0.37636742,0.06345193,-0.87152934,-1.3100088,0.241012,-0.9547252,-0.41461822,0.47656047,-0.012267352,-0.48982778,0.5043323,-0.025957374,0.39766935,0.0024307838,-0.07296982,-0.5321902,-0.0860444,-0.15009335,-1.1739613,-0.59632593,0.33701864,-0.12665497,1.1379818,-0.042646877,0.07602223,-0.31461793,-0.28763452,0.09166575,0.26232862,0.1175759,1.5884329,0.11611437,0.33116415,0.22158688,-0.19706552,-0.13867772,0.6466792,-0.48889142,-0.0324989,0.5287428,-0.2437819,-0.74761313,2
24c548e1-6368-464e-945c-933ee2f914ad.rna_seq.augmented_star_gene_counts,-0.17497358,-0.2466879,-0.12776096,0.091217294,-0.15873072,-0.41000858,-0.23693956,-0.021374803,-0.22638696,-0.070997044,-0.015600605,0.3872067,0.35615963,0.52169037,-0.35584143,-0.17628424,0.33203432,-0.54606026,0.13949129,0.19095868,0.43135768,0.13111779,0.08613922,0.2706923,0.21394293,0.22189388,0.18096621,-0.2539412,-0.67853665,0.115967125,-0.1523221,0.083408415,-0.58434737,-0.65067464,-0.35827807,-0.23651214,0.00673688,-0.5197373,0.4001499,0.36441576,0.32734233,0.090166084,-0.018166369,0.14120586,-0.05163149,0.34091273,-0.2323519,-0.10162973,0.7576913,0.7002466,0.8350501,-0.0498058,-0.616874,-0.42509168,0.42854258,-0.088982694,0.27024037,-0.054345462,-0.00036577403,0.29776156,0.14293136,0.2853694,0.2996617,0.55465126,-0.19859686,0.030473428,0.36419454,-0.3848279,-0.880005,0.35311994,-0.053452253,-0.6583351,0.3165267,0.15997475,-0.060001705,0.24903324,0.25645217,-0.14319083,0.31153655,0.15384617,-0.2757518,0.39023164,-0.62326336,0.43422452,0.67022806,-0.42220598,0.10777284,-0.06957876,0.9955778,0.51886797,-0.47645292,0.20725566,0.55988336,-0.4481024,-0.213528,-0.40791035,-0.41015372,-0.38867068,0.38137293,0.073049225,0.42324522,0.5359317,-0.27491206,-0.16845232,0.21007735,0.052781593,-0.2270452,-0.36584225,-0.033681095,-0.23019014,0.5282653,0.21461746,-0.29890126,0.36660296,0.113455,0.139322,-0.53336906,-0.3522907,-0.22238767,-0.041589897,0.14165115,-1.0464725,0.74413216,0.64029205,-0.26416424,-0.14648841,-0.27671024,0.28297356,0
27c65ed6-9e9d-4a9d-9b6f-76d2a12f7699.rna_seq.augmented_star_gene_counts,-0.7837728,-0.44912425,-0.15865251,0.35797033,0.009596616,-0.5029604,-0.72271127,-0.29689577,-0.7204944,-0.3372411,0.007789886,0.54102486,-0.029429603,0.43922108,0.5793153,-0.2170408,0.035603225,0.95489895,-0.4894408,0.71846104,-0.3094294,0.26210815,0.11003502,0.85666174,-0.8379231,0.17331143,-0.858387,-0.33897752,0.18465124,-0.4762382,-0.64605606,0.42335707,0.24341038,1.2008448,0.029995745,0.06546211,0.77298766,0.009450734,-0.035346024,0.13520117,0.045438565,0.3078675,0.7570933,0.20295534,-0.47152638,-0.1216126,-0.28419068,0.044209115,-0.38437313,-1.0811328,-0.2607459,-0.6871117,-0.24161391,-0.27450353,-0.24544324,0.058056112,0.32009834,0.27991134,0.55274993,-0.32161608,0.28009364,-0.9372244,0.25512406,0.04129706,0.011807691,0.19989774,-0.3461528,-0.58387727,-0.23449367,0.5331561,-1.0385444,-0.34953284,-1.0269393,0.25115514,0.8844769,0.6742502,0.16452047,0.010152122,0.19988337,-0.5912477,0.106702924,0.34226587,0.6185924,-0.020269303,-0.8686334,-0.3238427,-0.21066514,0.21427454,-1.0116946,1.0774205,1.3753589,0.5942889,-0.76510954,-0.42675,1.0939867,0.84216994,-1.0317267,0.07597246,-1.3808504,-0.10526745,-0.37897518,-0.2621268,0.049912587,0.18584868,-0.51521343,-0.49183422,0.64278597,0.0015163108,-0.2166527,0.28071535,-0.72928244,-0.58830804,-0.31375116,-0.62214404,-0.300622,-0.94665337,-0.45827463,0.65102655,-0.3627008,-0.7533488,0.050252296,1.181816,-1.4126452,-0.6832586,-0.040204767,0.554979,0.31011516,-0.48114374,0
28f1b708-bd3c-4ae7-935f-3282f75304a7.rna_seq.augmented_star_gene_counts,0.08460095,-0.28211108,0.0713016,0.10934618,0.07690343,-0.029045235,0.05948626,0.17110646,-0.31368184,0.12768361,0.09731749,0.27841783,0.023269683,-0.19182141,-0.08187338,-0.05150775,-0.09330197,0.03330272,0.15665142,0.20238474,-0.29606566,0.089660004,0.043139923,-0.11747695,0.18248829,0.13937832,0.047409035,-0.2166112,-0.054472372,0.1722699,-0.18514138,0.09885679,-0.071303606,0.05024664,-0.14932887,0.24077383,-0.120940804,0.17285131,0.030214988,0.22263253,-0.041183606,0.04909808,0.124849804,-0.1637653,0.15510525,0.032738756,0.026327606,-0.070222266,0.069951124,0.09270577,0.23431087,-0.08207842,0.01732096,-0.12355635,-0.20604835,-0.17048672,-0.19950902,-0.16504394,-0.13561702,-0.034587514,0.10423336,-0.20391321,0.021377167,0.23102543,-0.0017899397,0.04580471,0.058498394,-0.05309443,-0.15527973,-0.06490744,-0.14038648,0.058771435,0.08377,-0.14954457,0.02459151,-0.069583125,0.1372109,0.0846216,-0.2204783,-0.1550446,-0.060059864,-0.045353007,0.10557283,-0.17128615,-0.017828017,0.25617865,0.16353102,-0.26710203,0.025978383,-0.20051181,0.043211542,-0.053593848,0.11787019,-0.059856106,0.057009146,-0.026590595,-0.107626125,-0.32365993,0.1939049,-0.22586124,0.15359993,0.07120614,-0.20845583,-0.031105584,-0.17956156,-0.036353566,0.045088034,-0.048879053,-0.013872262,-0.046142448,-0.08862932,-0.10380687,-0.12993458,-0.19457941,0.23742339,0.07972442,0.19719487,-0.118055135,-0.16386749,-0.025953496,-0.15981202,-0.017156878,0.24179032,-0.15251619,-0.19806202,0.14588723,-0.06872274,0.07462713,0
2973fc8f-d20c-4cf3-b183-2ac32df73ae7.rna_seq.augmented_star_gene_counts,-0.25268838,0.61063576,-0.47284952,-0.438473,0.461578,-0.35773703,-1.1224637,-1.3240768,0.8990137,-0.4876162,-1.0866249,-0.42663828,1.0684235,0.9988924,-0.037247103,0.0033580565,0.2511056,-0.45186996,-1.1567173,-0.84446704,0.5913623,-0.27954724,-0.02679118,0.014223199,0.09303834,-0.89991397,0.19333225,0.7374413,0.22502531,-0.13726689,0.7500805,0.013837258,1.0942833,-0.0001950188,0.19251317,-0.7594742,0.8645466,-1.2406859,-0.01630881,-0.15058702,0.071227245,-0.6614983,0.5870645,-0.021651845,-0.8589006,-0.42575106,-0.78622925,-0.018641587,-0.725293,-0.15783714,-0.4765948,0.705437,-0.8509239,0.8325585,0.9116051,0.65557986,0.3888379,0.0992531,0.62694174,-0.03241067,-0.72499776,0.83470017,-0.66558766,-0.45506242,0.30111387,-0.26060945,0.7690543,-0.6536454,0.63520086,-0.029856943,1.1884674,0.006382124,-0.56591696,0.6840103,0.41518453,0.078027725,-0.12019984,0.058909107,0.122661084,0.5532027,-0.042798594,0.62395865,-0.86487895,-0.014059009,0.20343448,-1.0049771,0.11112809,0.8200076,0.17844136,0.75758547,0.8389947,0.499941,0.2051597,-0.16378222,-0.71060365,0.10458293,0.8405054,0.40045294,-0.48329362,0.24346754,-0.83660924,0.007289901,0.92716396,0.7114411,0.67962533,0.3791923,-0.92657924,0.7322971,-0.3375273,0.32620746,0.36796853,0.59754527,1.561341,0.27350187,-1.0122436,0.06967993,-0.68392265,-0.1424886,0.45270708,0.64967114,-0.0671859,-0.37893742,-1.0661534,0.35596833,0.83578026,-0.69241047,0.45413423,-0.3169853,0
2b67c3b5-330e-41e4-95cf-028d37fe91e1.rna_seq.augmented_star_gene_counts,0.15669537,-0.064863235,-0.09171269,0.014267999,-0.17456628,0.21489646,0.63799393,0.19601151,-0.09370902,0.6782163,-0.021114228,-0.5298266,-0.5830954,-0.72711563,-0.044293,-0.11676493,-0.30470118,-0.112138785,0.50547016,0.2938446,-0.6020782,0.009517106,-0.051964153,-0.013733834,-0.0077534067,0.23598848,-0.17414396,-0.030699672,0.348956,0.087430656,0.115960576,-0.2198047,-0.0745759,-0.09674348,-0.36664796,0.36167747,-0.46451914,0.8106118,0.04816195,-0.16352955,0.10908836,0.1599323,-0.08631302,0.20316009,0.34456605,0.22389106,0.57341474,-0.07202521,-0.26788145,0.089718156,-0.0056205704,-0.3375108,0.8852532,-0.03268328,-0.6910254,-0.18078922,0.066479184,-0.27922302,-0.46528885,-0.26896146,-0.11927759,-0.5612619,0.37335187,-0.050798368,0.39703435,0.15363023,-0.44982773,0.5277811,0.3076866,-0.35599783,-0.3233368,0.44125718,0.12429825,-0.51013744,-0.36780375,-0.42596,-0.1699067,0.13572876,0.01250679,-0.28271165,-0.013878181,-0.5691311,0.83489245,-0.4198436,-0.19455916,0.37010184,-0.2810304,-0.01833105,-0.65932816,-0.6619847,0.1795116,-0.43221447,-0.23307872,0.05145608,0.26854616,-0.080062196,0.11872701,0.114760086,0.18729514,0.04139712,0.04193661,-0.3260945,-0.2527682,-0.14098343,-0.80572,-0.3623545,0.4075249,-0.190034,0.7179237,-0.053464446,-0.08185852,-0.32277852,-0.31664494,-0.09128293,0.42701757,0.066469915,0.87351716,0.073521264,0.2149261,0.010659352,-0.15939723,0.17328346,0.2617858,-0.33901736,-0.14593616,0.41601178,-0.2253814,-0.30805743,2
2c1b1cbb-6e9f-4416-8faa-abb31d6b4e0e.rna_seq.augmented_star_gene_counts,-0.4520282,-0.42763707,-0.37794572,0.3468649,-0.18118902,0.06524274,-0.8254838,0.06191405,-0.028371433,-0.10048411,-0.050333433,0.2172403,-0.094077535,0.098745406,0.53571695,-0.15788306,-0.26323634,0.62171364,-0.49075663,0.50441015,-0.22846782,0.025889982,0.4248446,0.6490898,-0.6121603,-0.016897572,-0.77922195,0.21854408,0.65478504,-0.5675302,-0.22929211,0.29508847,0.45474607,1.1378418,0.20668438,-0.13206412,0.2566466,0.67561936,-0.50604624,-0.13122761,-0.23807107,0.028896654,0.84908897,-0.10457162,-0.557198,-0.5379773,0.20200229,-0.041066315,-0.2375823,-1.0699172,-0.78417295,-0.65600425,0.2716367,-0.43372056,-0.35720295,-0.2470024,0.092156805,0.30800742,0.13142,-0.3342537,0.05084286,-1.0908446,0.15647647,-0.52476025,0.3771002,-0.032469396,-0.03995977,-0.13261259,0.45139056,-0.31996122,-0.8293333,-0.06769855,-0.6303762,-0.26591745,0.8513267,0.32793495,-0.2470731,0.11513479,0.046255797,-0.93173885,-0.12011799,-0.036077175,1.0196947,0.031130392,-0.92181414,0.20014155,-0.001999719,0.43306178,-1.2993102,0.50540197,1.1327667,0.12678763,-0.56030214,-0.1754917,0.6227572,0.6317936,-0.36750218,0.2683432,-0.9376078,-0.17321004,-0.18982255,-0.48534507,0.03290909,0.16859937,-0.19733147,-0.33465964,0.7224517,-0.07471483,-0.0060496703,0.55798644,-0.6903743,-0.1390703,0.011056458,-0.3821248,-0.22691904,-0.44886914,0.06586794,0.17652409,-0.28487414,-0.3059808,-0.1806542,1.3160541,-1.197112,-0.50095105,0.18399422,0.37035042,0.08697,-0.4107876,0
2dc9eaca-6dfc-4e7f-a12b-1495986e1ad4.rna_seq.augmented_star_gene_counts,0.014105387,-0.20020975,0.05677489,0.075753525,0.035073824,0.0044542397,0.0044166194,0.17293116,-0.106621735,0.083404824,-0.007057914,-0.13318893,-0.21966365,-0.25467306,0.036891326,-0.01032854,-0.18200795,0.28594124,0.010515703,0.34874877,-0.26147994,0.11352019,0.028682616,0.053693738,-0.13038997,0.008547371,-0.1008511,0.02262052,0.25376678,-0.14562829,-0.30062512,0.103320725,0.036989618,0.4389922,-0.09597122,0.14798747,0.08540495,0.2531153,-0.0037859671,-0.09018494,0.067860864,0.11408486,0.35670662,0.06014077,-0.104384854,-0.115696676,0.23950495,-0.07506335,-0.22621906,-0.4345689,-0.2088906,-0.26975733,0.23488362,-0.064202756,-0.48210227,-0.27873895,0.05109274,-0.18680425,-0.18554844,-0.13629799,0.0054133083,-0.55090123,0.10235179,0.09186971,0.26320633,0.27861738,-0.11022909,0.18320723,0.09925931,-0.05947315,-0.43650776,0.0003069026,-0.14770828,-0.24267438,0.2484044,-0.037511528,-0.1834655,0.042443816,-0.07915776,-0.35501957,-0.031272464,-0.26005477,0.43270093,-0.23244181,-0.46797374,0.07800376,-0.16818324,0.11995182,-0.4463374,0.21972851,0.2778818,-0.09027135,-0.37077036,-0.20202322,0.3802663,0.09536436,-0.12914246,0.11620706,-0.30946925,-0.121302985,-0.011381465,-0.2939036,-0.22806706,-0.049297694,-0.3863268,-0.1422185,0.56077015,-0.07221498,0.20930427,0.14152762,-0.39806512,-0.22094649,-0.21810587,-0.2164584,0.053707536,-0.18689106,0.19228858,-0.18684307,-0.14623716,-0.06439503,-0.1912209,0.3669338,-0.3064834,-0.29125914,0.06845965,0.3636018,-0.033726547,-0.16003983,0
2dd0b954-db3e-402d-9c06-6160e199dedb.rna_seq.augmented_star_gene_counts,-0.0725219,0.08265001,0.14144458,0.37976128,0.0874324,-0.486974,-0.22730744,-0.3001661,-0.34061974,-0.17157753,-0.1322624,0.5562133,0.07989382,0.4730102,0.39523304,0.05363406,0.25725555,0.31359944,-0.33334872,0.27260053,-0.06633135,0.04701158,-0.043172218,0.5219186,-0.3235982,0.19637805,-0.16384059,-0.08122469,-0.21622527,-0.23701762,-0.341492,0.19395535,-0.11778486,-0.012981799,-0.11370255,-0.07806713,0.3324092,-0.22950625,0.2680244,0.22420043,0.17177987,0.15418844,0.25493997,0.024391295,-0.013590769,-0.08146277,-0.43726808,-0.083461225,-0.07800179,-0.25357273,0.28063723,-0.14032122,-0.51484627,-0.21520466,0.2265792,-0.0847863,0.3154851,-0.01610818,0.31125265,0.15562813,0.047503322,0.11535799,-0.12865786,0.21178098,-0.04815652,-0.019997466,-0.10320577,-0.4694267,-0.3999913,0.43022835,-0.5276448,-0.23239394,-0.3163149,0.3318991,0.39414188,0.5588194,0.403954,-0.061704114,0.1054013,0.020592673,0.09016303,0.42184764,-0.011765186,0.07693941,-0.18089764,-0.67116207,-0.104830176,0.29589745,0.21144812,0.8730697,0.35963032,0.51987624,-0.17681415,-0.492901,0.6003536,0.12144506,-0.6501207,-0.06039797,-0.7493437,0.22718725,0.0041239094,0.26430988,0.011334719,-0.23796418,0.029642945,-0.13475834,0.11731771,-0.21201564,-0.2669408,-0.1510525,-0.34637752,-0.059671316,-0.0930356,-0.40658772,-0.26147512,-0.58029413,-0.56401974,0.26719147,-0.21749023,-0.20947464,0.20742387,0.00086909503,-0.4823483,-0.05661016,-0.16568637,-0.0067203934,0.20106798,0.0076222382,0
2e41a573-7a9d-4f96-873f-48aa12b3ab96.rna_seq.augmented_star_gene_counts,-0.6145324,-0.230697,-0.5693455,0.30841118,0.117208906,0.17475784,-1.2170672,-0.12733465,-0.06723864,-0.3307999,-0.09378615,0.7465966,-0.035616904,0.50176793,0.41076973,-0.28653833,-0.3921377,0.9360395,-0.59211993,0.40108094,-0.15975666,0.05927566,0.44000867,0.8841589,-0.850599,-0.03721839,-1.119436,0.2022534,0.68624955,-0.623279,-0.11992058,0.56153286,0.98882514,1.267302,0.23375452,-0.0659388,0.32744363,0.8447578,-0.4519101,0.12835051,-0.22012804,0.086969085,0.88123286,-0.042882785,-0.77348113,-0.6864935,-0.14036784,-0.058764726,-0.44752634,-1.5097563,-0.98219657,-0.8740199,0.1257252,-0.554121,-0.19679917,-0.15578227,0.22303867,0.5681113,0.43599212,-0.25303727,0.4199896,-1.138343,-0.12866157,-0.97843975,0.3658262,-0.04754547,-0.08825695,-0.32267028,0.31755272,-0.35553268,-0.99635386,-0.20140605,-0.95374906,-0.2941695,1.1796067,0.36491284,-0.29776508,0.065655716,0.29326287,-1.1000439,-0.0007795716,0.34192154,1.1700766,0.1872589,-1.2272731,0.18787369,0.22346218,0.58139217,-1.7321565,0.5588125,1.469413,0.3361454,-0.695621,-0.058013853,0.6750906,0.7737563,-0.28272036,0.16988562,-1.453936,-0.38116398,-0.43430483,-0.59206253,0.32965043,0.28544763,0.020040942,-0.37040177,0.7191362,0.123168945,-0.26166973,0.76675075,-0.8962986,0.1432738,0.17982285,-0.6113389,-0.30121252,-0.59288037,-0.22595268,0.5586834,-0.62812614,-0.5546734,-0.4146517,1.5401171,-1.61879,-0.6388113,0.35357165,0.23213668,0.2682225,-0.59006214,0
2e4316d2-5fe5-4ee1-9b22-73f4c42b6202.rna_seq.augmented_star_gene_counts,-0.18276979,0.6251529,-0.1366368,-0.33327007,-0.3870642,-0.602292,-0.7246189,-0.1524579,-0.06866273,-0.32863948,-0.34982085,-0.122180395,0.68384135,1.1453006,-0.34676337,0.1553315,0.82925886,-0.591789,0.09749849,-0.3282493,0.900086,0.3517182,0.23207054,0.49503532,0.56449705,0.16894895,0.74251586,0.22636321,-0.9346578,0.08395564,0.18100888,0.43249446,-0.34782425,-0.807143,-0.38815558,-0.68877006,-0.057801075,-1.209033,0.6664376,0.33571702,0.24830891,-0.20454748,0.11903294,0.24707422,-0.3476038,0.45449144,-0.9231784,-0.004014545,1.035206,0.9622887,1.250771,0.16049959,-1.4820801,-0.3561683,1.1977255,0.3281694,0.23997286,0.015113682,0.329294,0.48593807,-0.34457394,1.0535581,0.20319444,0.69268847,-0.06560124,-0.23840712,0.3737482,-0.7267193,-1.2552739,0.6983069,0.6203768,-0.846341,0.30851692,0.5986277,-0.034849606,-0.0064891824,0.36677495,-0.40865555,0.6683506,1.2677228,0.2232927,0.9948709,-1.1998113,0.8046368,0.84976983,-1.1213391,-0.37503555,0.40205204,1.2102013,0.92172587,-1.0113637,0.77496725,0.64242166,-0.70301867,-0.25225794,-1.3398654,-0.066188335,0.27822256,0.3022994,0.7774146,0.10212525,1.3946509,0.15949932,-0.46158272,0.66457033,0.07400252,-0.4765706,-0.4194601,-0.13196827,-0.13146189,1.1843878,0.46937305,-0.248823,0.58398867,-0.7467582,-0.09875863,-1.0421623,-0.22328001,0.20906776,0.31836024,0.5936012,-1.6327558,0.53481466,1.6508327,0.0050806217,-0.9278193,0.19461496,0.7469121,0
315f3deb-74b5-4b71-afe5-759c85a0a6cc.rna_seq.augmented_star_gene_counts,-0.1258955,-0.056829903,0.2507597,-0.02383408,0.03572621,0.34607428,-0.33223763,-0.48019713,0.07846513,-0.13488585,0.10515568,0.3177995,0.12286196,0.2624794,0.23787344,-0.19510794,-0.10360993,0.07766281,-0.07492932,-0.42035505,0.2796431,0.018216686,-0.03738533,-0.15891562,-0.07198634,-0.20983946,-0.14111906,-0.006737158,0.35778496,-0.21974337,0.1707019,-0.14418378,0.16637877,0.20748161,0.20618762,-0.13976544,0.12712939,0.16217592,-0.051010415,-0.022427877,0.08121564,0.049344547,0.2431942,0.009510435,-0.33913082,-0.42420164,-0.0034349782,0.06999397,0.19844721,-0.49662697,-0.51687354,-0.04207282,0.0834028,0.119805776,-0.35952318,0.32473266,0.12533945,-0.0020298662,0.22416487,0.0972846,-0.108085684,0.082086705,-0.18268046,-0.4249784,-0.18907583,0.11024476,0.23152164,0.14766394,0.51766473,-0.19783224,0.20409925,-0.072211534,-0.085873544,0.07708041,0.3593019,-0.004057298,-0.12327778,-0.03820255,0.10445093,-0.14398955,-0.14655864,0.024347669,0.22888516,-0.009940981,-0.24480481,-0.16206306,0.15665834,0.14436474,-0.29784405,0.25998253,0.11262968,0.10990676,0.18959615,0.012440137,-0.25921178,0.08687672,0.48323104,-0.067224614,-0.18019326,-0.28470182,-0.17390162,0.03753521,0.21187659,0.28037515,0.033138074,0.18203983,-0.028356755,0.29778075,-0.02422514,0.33805516,-0.18104187,0.056465648,0.6664599,0.06361481,-0.06606743,0.08651501,0.1560113,0.14883743,-0.33178717,0.061216425,-0.25597072,0.01585223,-0.46226573,-0.024975436,0.19453242,-0.31166303,0.1375797,0.037727658,0
35120b68-e618-46a1-9641-1e635f633372.rna_seq.augmented_star_gene_counts,0.33946806,0.13378754,-0.045320127,-0.06514278,-0.30897537,0.116311364,0.9815245,0.5731203,-0.055670027,0.86186266,0.057133775,-0.69636893,-0.791588,-0.90035325,-0.34967777,-0.08933811,-0.34992126,-0.5512643,0.6682403,0.22810286,-0.80148745,0.050036497,-0.17031811,-0.084842496,0.13946481,0.59735507,0.17199644,-0.1835083,0.007878575,0.2098909,0.12924036,-0.13935338,-0.48844677,-0.6504783,-0.6237767,0.3340901,-0.9028074,0.6084376,0.17945854,0.13748269,-0.006266976,0.15330543,-0.4787478,0.25801757,0.7208518,0.52569723,0.90255696,-0.027199205,-0.18081753,0.2679425,0.29745403,-0.02927231,0.9549339,-0.11031195,-0.6734195,-0.11293694,0.015660616,-0.29592457,-0.6278336,-0.16360831,-0.249099,-0.4965228,0.6812613,0.08362462,0.47395593,0.28768322,-0.38424003,0.67951244,0.30966237,-0.32654494,-0.033909928,0.4256005,0.3605132,-0.8000453,-0.7305035,-0.64783067,-0.15193737,0.12870726,0.14511266,-0.13878748,0.106975354,-0.6323574,0.50713927,-0.35472855,0.0852145,0.43637186,-0.15664037,-0.1987187,-0.19292042,-1.3171661,0.031921025,-0.6861745,-0.2214776,0.30616415,0.09904053,-0.52291685,0.27648443,0.061725862,0.39197204,0.058186736,0.23266414,-0.36855826,-0.18345365,-0.34690025,-0.795691,-0.5284299,0.31607166,-0.067784995,0.85645896,-0.25640306,0.16870122,-0.17151959,-0.50748175,0.04508189,0.40832773,0.15971941,1.1906924,0.22246885,0.1763397,0.10027514,-0.16487256,-0.55178905,0.6262425,-0.36194128,-0.20965436,0.4455242,-0.3430358,-0.38646835,2
36125e17-48fd-4eea-874c-ed2e2e218402.rna_seq.augmented_star_gene_counts,-0.25482842,-0.10274426,-0.3291464,0.057116345,-0.2357509,-0.66865706,-0.3287192,-0.18267787,-0.45740128,-0.20974056,-0.18060155,0.34549353,0.33060196,0.5750539,-0.17312731,-0.04119837,0.37939835,0.008497906,-0.12285622,0.37824616,0.53408873,0.18345165,-0.0574018,0.5235217,0.02788585,0.14916295,-0.006951674,-0.21230282,-0.87550485,-0.10659759,-0.11499428,0.035735406,-0.4414116,-0.47188812,-0.3497229,-0.14734074,0.24762474,-0.57838917,0.5468573,0.36713532,0.3016946,0.18684076,0.26886162,0.08679917,0.08225926,0.38813582,-0.30900887,-0.15305726,0.47566763,0.40747458,0.8189295,-0.097581364,-0.64729965,-0.49713108,0.43515563,0.1350151,0.110029064,0.012737687,0.2561379,0.1506892,-0.15470542,0.22867325,0.46891358,0.40139705,-0.20771019,0.108114295,0.2060645,-0.63466513,-0.63982236,0.45730892,-0.26698768,-0.5053775,-0.06874838,0.34349236,0.23125055,0.13089414,0.42511594,-0.19520147,0.15298066,0.35214564,-0.15395539,0.6718222,-0.44648945,0.36646676,0.38035718,-0.6254839,0.023564976,0.28881913,0.8301679,0.7135886,-0.14958595,0.29690775,0.24941638,-0.52428746,0.083805084,-0.21372047,-0.37768763,-0.2690693,0.18703178,0.01722102,0.26761514,0.44015697,-0.05196588,-0.26951587,0.108042985,0.15294965,-0.102450415,-0.18571773,-0.20921275,-0.044368505,0.18332265,0.006683467,-0.3287827,0.24054186,-0.10496721,-0.32282656,-0.79981446,-0.096589416,-0.3431871,-0.09361361,0.056072183,-0.8720673,0.20852926,0.49162808,-0.4521316,0.021137763,0.12666622,0.26920673,0
36bbebb5-ba1e-4ac6-83b2-67ccd05e4939.rna_seq.augmented_star_gene_counts,0.48085013,-0.01518743,0.13339742,-0.16557802,-0.20690767,-0.024958199,0.6954258,0.50087833,-0.13806471,0.46564418,0.09757208,-0.26883203,-0.57427824,-0.70314455,-0.4288244,-0.00091873977,-0.10389676,-0.7695122,0.527202,0.2236287,-0.4486576,-0.039299645,-0.07445429,-0.3385446,0.474587,0.40346974,0.20514236,-0.14841172,-0.28402415,0.28295887,0.15517884,-0.074182674,-0.39924946,-0.8573844,-0.5325498,0.18909316,-0.6617396,0.38622326,0.09928428,0.18435197,-0.03261699,0.12351354,-0.7411441,0.044715874,0.62240815,0.35909045,0.5269939,-0.09153565,0.44518697,0.5145426,0.57350236,-0.013698482,0.34484476,-0.25059998,-0.4160948,-0.15480435,-0.12858431,-0.12253505,-0.58888835,-0.04454749,-0.1158982,-0.12803194,0.3244207,0.31737494,0.27701768,0.039227586,-0.21119046,0.24390873,0.095586136,-0.13329695,0.20666441,0.2067138,0.4188416,-0.6565245,-0.58808017,-0.36048648,0.010819684,0.07703257,-0.1329089,0.13399175,-0.09994939,-0.40916938,-0.05268413,-0.15358414,0.291918,0.48182988,0.08024444,-0.2764631,0.477988,-1.2326213,-0.4488337,-0.56437904,0.28520325,0.23951776,-0.11168039,-0.77684134,0.07246827,-0.29487467,0.7518689,0.1270852,0.5402995,-0.05630238,-0.23130481,-0.33570895,-0.48997974,-0.3875764,0.14752077,0.0071424763,0.3705122,-0.15327306,0.37230042,0.01862628,-0.31459507,0.25983155,0.44839436,0.06636644,0.88011,0.03602738,0.09936343,0.0032221847,-0.1910811,-0.48809713,1.0039451,-0.16634122,-0.34545702,0.24290372,-0.3458974,-0.18971108,2
370e6381-c31a-475b-b2c7-2c5de9e2c8ec.rna_seq.augmented_star_gene_counts,0.29418162,0.012040192,0.061044328,-0.15346849,-0.095427714,0.19556865,0.52749306,0.20182581,-0.012542937,0.4333958,0.053511117,-0.28865746,-0.40509433,-0.5154211,-0.2204052,-0.028402906,-0.23003219,-0.3032033,0.3974333,0.062495388,-0.47910324,-0.051964715,-0.14427549,-0.21426144,0.114117056,0.07927518,-0.13258822,-0.00901105,0.18687484,0.14039458,0.08257342,-0.2241116,-0.14430708,-0.039142914,-0.13588174,0.32194406,-0.57128316,0.69548154,0.1288709,-0.09442302,-0.009147034,0.1106537,-0.34802914,-0.0057081482,0.31797364,-0.000440505,0.2996733,-0.03232578,-0.040461935,0.20072517,0.11132764,0.0145323435,0.50105304,0.058748238,-0.50288707,-0.12058242,-0.07714006,-0.07382848,-0.47706276,-0.083113775,-0.06460437,-0.2071172,0.09880596,0.009734672,0.17606334,0.0736784,-0.3017214,0.1262226,0.21480423,-0.1535857,-0.1037294,0.2817496,0.24270038,-0.44313523,-0.37327698,-0.33021316,-0.122876264,0.084744506,-0.02189039,-0.042600416,-0.2623081,-0.36816055,0.5353916,-0.39927763,0.08798181,0.42749918,-0.15983167,-0.17367224,-0.33983168,-0.73740935,-0.13806152,-0.45069158,0.047982547,0.28443322,0.06333485,-0.24049704,-0.061370134,-0.17776829,0.39211297,-0.08153148,0.21889277,-0.07387236,-0.12407739,-0.12111266,-0.6023795,-0.072254755,0.18883389,0.024586713,0.43802202,-0.115373105,-0.0018519287,-0.19999737,-0.13058208,0.08306347,0.29708216,0.014968785,0.73237276,0.06827575,0.20064946,-0.088103056,-0.39968294,-0.05018479,0.64894134,-0.22466381,-0.04651965,0.26781768,-0.045822576,-0.17653015,2
39a75bde-24a0-4d26-8377-df045423f786.rna_seq.augmented_star_gene_counts,0.07291218,-0.25123903,-0.16274086,-0.029193053,-0.1713782,-0.27457714,0.219343,0.2676278,-0.39643198,0.16636844,-0.029377198,0.3328781,-0.011699575,-0.04009366,-0.4787781,-0.030499514,0.19413157,-0.67935073,0.3398453,0.30525514,-0.0025951185,0.093578435,-0.0048270198,-0.08685762,0.3301852,0.4230952,0.27639616,-0.20601249,-0.6316263,0.28047845,-0.08932194,0.01516028,-0.5765922,-0.90274566,-0.31716195,-0.12541074,-0.37470368,-0.17647243,0.19616847,0.39685237,0.30456883,0.020301655,-0.36962676,0.06292735,0.5008232,0.33775115,0.1902926,-0.0045066816,0.78541875,0.7742912,0.75366503,0.04740762,-0.170615,-0.44111556,0.14195451,-0.1834345,-0.025035333,0.03708918,-0.37388512,0.2544119,0.17643236,0.1282312,0.25067082,0.5034978,0.0017648272,-0.071402505,0.32278395,-0.29436228,-0.53811,0.12900726,0.0957332,-0.20195374,0.42573634,-0.18792693,-0.29733247,-0.0910676,0.169212,-0.0839707,0.09262629,0.25493094,-0.12208709,0.009509044,-0.41804582,0.16398305,0.7349958,0.03624293,0.20931928,-0.4133708,0.92319024,-0.3250424,-0.42300278,-0.04116179,0.5338689,-0.15938662,-0.1807495,-0.7329607,-0.18395983,-0.47258386,0.74667543,-0.026407644,0.68160415,0.41680735,-0.39486352,-0.33354273,-0.024781773,-0.083507486,0.0018688537,-0.005850927,0.2518788,-0.32016128,0.59594786,0.06791915,-0.4666467,0.31236383,0.31576693,0.22750133,0.061685696,-0.29841852,-0.22928327,-0.1376684,0.14556658,-1.0959272,0.95601356,0.31027937,-0.3425523,-0.03872405,-0.53091556,0.13816814,0
3a6cc4be-eff8-4725-a416-46ed35316192.rna_seq.augmented_star_gene_counts,-0.5493411,-0.08177526,-0.21796411,0.2814488,0.19413851,-0.62057906,-0.86452657,-0.60650796,-0.6220751,-0.40596032,-0.046306264,0.64138114,-0.06472799,0.28555351,0.55353,0.025642002,0.1682225,0.79297316,-0.74446696,0.6456934,-0.27986237,0.030277146,0.04793228,1.0483831,-0.9719994,-0.33983627,-0.6755636,-0.24097128,0.3963298,-0.6641958,-0.45443153,0.5322507,0.4161291,1.018719,-0.121023715,-0.04909524,0.7840193,-0.22393563,-0.4477923,-0.19167162,0.24340002,0.29175743,0.8646535,0.3376424,-0.6875349,-0.58377093,-0.12372186,-0.16380101,-0.44254878,-1.2763065,-0.54626065,-0.5756189,0.22455683,-0.27689725,0.045565736,-0.036445905,0.69521046,-0.08047985,0.7009647,-0.6017511,0.44101796,-1.0234984,0.04410985,0.42065623,0.39950195,0.013350681,-0.6710336,-0.6592477,0.058272533,0.23008601,-0.90613663,-0.4116832,-1.1771476,0.07290711,1.0882303,0.67585576,0.05789891,0.015176395,0.15810551,-0.5673992,0.34852737,0.21361473,0.7357083,0.22583401,-1.0800896,-0.5283983,-0.4612072,0.27717513,-1.4227082,1.0531626,1.672535,0.52728647,-1.0706265,-0.5056088,0.83020645,1.0524428,-0.85724956,0.43449903,-1.8313816,0.23147883,-0.83502954,0.027193364,0.14057665,0.07783368,-0.3909204,-0.7832246,0.73034936,-0.21474798,-0.033433743,0.6150802,-0.67387176,-0.79392713,-0.33568677,-0.59093225,-0.5936237,-1.2463384,-0.55876315,0.6654732,0.047829334,-0.68871343,0.018002035,1.284456,-1.7476355,-0.97739655,0.075158715,0.6239199,0.1067666,-0.8125359,0
3d05d072-d042-4c02-aaf6-ee2e589003d6.rna_seq.augmented_star_gene_counts,-0.72431546,-0.3149921,-0.12847386,0.2301678,0.01947107,-0.547058,-0.5513151,-0.33517495,-0.6107283,-0.31536713,0.121170476,0.55280584,-0.1061902,0.28283876,0.6187192,0.0469,0.10370094,0.94631064,-0.46484876,0.8452487,-0.4821502,0.061521575,-0.041505437,0.8689306,-0.99379164,0.0822577,-0.78338844,-0.27242193,0.4040648,-0.4911648,-0.71918553,0.5147597,0.099741206,1.2481247,0.050311323,0.0042817844,0.64460224,0.020012857,-0.15396893,-0.098801136,0.1603586,0.35913238,0.94464976,0.069873005,-0.61139363,-0.2586261,-0.091451794,-0.07850925,-0.5227306,-1.2139531,-0.40016547,-0.61261594,-0.09615891,-0.5825512,-0.2993256,-0.15737036,0.4005004,0.041317355,0.524612,-0.43419325,0.34113672,-1.216106,0.29130965,0.40077984,0.29337603,0.18462093,-0.6356366,-0.39357674,-0.16412857,0.34964535,-1.0357983,-0.6203236,-1.1413336,0.04535713,1.0443698,0.62658674,0.15489222,0.003999366,0.17137578,-0.70929444,0.15320142,0.07809944,0.64992124,0.04517218,-0.94514996,-0.21279855,-0.40904802,0.1789395,-1.3847703,0.9846602,1.4595656,0.3657223,-0.8969788,-0.42102155,1.0032358,1.043162,-1.0141284,0.21500948,-1.570624,-0.03993872,-0.40380317,-0.32789716,-0.026369296,0.08749454,-0.6684778,-0.69637114,0.82018185,-0.21331573,0.020490468,0.38660443,-0.7777398,-0.6902285,-0.32428634,-0.6425496,-0.40115744,-0.8758023,-0.44868955,0.64080924,-0.32973024,-0.655933,0.07131083,1.1683133,-1.6947569,-0.69184893,-0.11475895,0.4989686,0.119520515,-0.46366084,0
3ee530ee-274d-44de-9793-a75433ddf938.rna_seq.augmented_star_gene_counts,-0.6017552,1.0640141,-1.0250173,-1.5499007,0.995317,-1.1089053,-1.7238618,-2.631701,1.6753012,-0.850465,-2.3230827,-0.68668276,1.8867915,1.416566,0.29126737,-0.14691526,0.51552564,-0.8956603,-1.9493929,-1.5346504,1.2546602,-0.7855341,-0.27098575,0.15671891,0.6414156,-1.8143976,0.4384217,1.0305643,0.32294518,-0.36951593,1.8849294,0.1866027,1.9251685,-0.25008824,0.36367747,-1.7986556,1.4228956,-2.9037523,0.16201693,-0.6249165,0.21664119,-1.3297939,1.4424868,0.64813733,-1.6921034,-0.6772494,-1.5173075,-0.6629014,-1.2233187,0.025574002,-0.47864038,1.2553939,-2.3939748,1.8079844,2.380375,1.4836493,0.7665594,0.4613339,1.1688081,0.12765563,-1.6169363,1.9130529,-1.7278649,-0.7625646,1.0344096,-1.4604652,1.9158778,-1.153631,1.0356648,0.32269302,2.2479947,-0.23693417,-1.303746,1.3185897,0.40349168,0.39142376,0.11620429,-0.32561874,0.47774252,1.9535592,0.448067,1.077042,-1.8123901,0.3230027,0.47556543,-2.3566737,-0.54291797,1.775351,0.9178247,1.9355417,1.5508498,0.8445763,0.39069697,-0.65486526,-1.4891539,0.14738843,2.0880537,1.4525367,-0.6859444,0.66721636,-1.6856247,0.091768764,2.3440669,1.2054325,1.4430057,0.77801627,-2.034771,0.78792316,-0.453456,0.53322387,1.2028028,1.3981217,2.9346008,0.734441,-2.123631,-0.22250953,-1.5400108,-0.029880615,0.6938145,1.271524,0.10451121,-0.88720936,-1.215633,1.0689338,1.4682401,-1.8468391,1.2932336,-0.849571,1
3f32cdec-5a60-4147-b313-7c9a9dfefc78.rna_seq.augmented_star_gene_counts,0.33949652,-0.06700728,0.2609513,0.02356345,-0.06451786,0.24760094,0.5625311,0.21538657,-0.025791703,0.4113808,0.11317046,-0.32348862,-0.5798001,-0.5833744,-0.19287938,-0.02566607,-0.18997884,-0.42996544,0.46875763,0.09167628,-0.363744,-0.19312274,-0.12085769,-0.30573666,0.329402,0.17360292,0.112787984,-0.1760823,0.015693685,0.1415375,0.0858885,0.010541969,-0.03739223,-0.53388906,-0.281944,0.35565868,-0.341023,0.37992704,0.05516989,0.13658619,-0.2760963,0.15250506,-0.5651345,-0.09832287,0.454853,0.038687967,0.39033866,-0.061713338,-0.22839837,0.19712768,0.26067293,0.07815501,0.6686668,-0.04163499,-0.48885083,-0.18069586,-0.23697883,-0.024040014,-0.3426174,-0.011310426,-0.078676865,-0.34587464,0.30988818,0.1595194,0.27050513,0.06132069,-0.15138468,0.3725881,0.2157149,-0.112946846,0.16438387,0.30777442,0.22201106,-0.5491919,-0.4165856,-0.22609654,-0.037081596,0.050630882,-0.11129029,-0.075935826,-0.097998895,-0.3435281,0.46591648,-0.32070714,0.039493416,0.4133929,-0.09557747,-0.44094306,0.06264789,-1.1023849,-0.18404424,-0.5687497,-0.16398968,0.2597497,-0.045795795,-0.36308005,0.11255942,-0.057932556,0.44625416,0.008562541,0.3011223,-0.25357747,-0.2280998,-0.1800742,-0.46284688,-0.249198,0.16647148,0.023480978,0.45317477,-0.05425109,0.0010672478,0.0045329705,-0.28916442,0.013378216,0.35404015,0.13875557,0.7059005,0.046441928,0.3172404,-0.1564499,-0.39685738,-0.12302455,0.5446633,-0.32355118,-0.2508554,0.33785942,-0.2481619,-0.29298908,2
3f3b6a7b-94f0-40a3-9f16-32bab2854678.rna_seq.augmented_star_gene_counts,0.2834443,0.3209236,0.03985197,-0.180665,-0.34818608,0.20656364,1.1832223,0.5548876,0.02233536,1.0296998,0.024401166,-0.9060163,-0.97170764,-1.0828537,-0.5239378,-0.14381954,-0.42859057,-0.4585786,0.82554305,0.31211504,-0.88060576,0.04968788,-0.34174657,0.013752346,-0.018282484,0.6828311,0.3193888,-0.16233273,0.12941024,0.2814797,0.2759485,-0.17567681,-0.5229424,-0.6983268,-0.755254,0.38125214,-0.9230101,0.75218916,0.33652493,0.23022357,-0.02280152,0.23479187,-0.6479302,0.3120127,0.87051183,0.6657984,1.0570933,0.03435525,-0.31759202,0.3167031,0.21440576,-0.13055657,1.2317493,-0.30216092,-0.6538469,-0.14114513,0.055945564,-0.17648795,-0.8377726,-0.2146179,-0.35727182,-0.6044389,0.83338535,0.1329026,0.6534597,0.30710328,-0.4869604,0.866976,0.51774025,-0.53275645,-0.056587785,0.42081195,0.47697228,-0.83245456,-0.8813239,-0.6505164,-0.16552468,0.0802374,0.28801435,-0.22907823,0.17570582,-0.76524734,0.62294346,-0.3629258,-0.14027892,0.43163335,-0.31913644,-0.38603377,-0.38101098,-1.50208,0.24982132,-0.8857866,-0.24837975,0.39974326,-0.0015978126,-0.72945446,0.38780916,0.15633565,0.38163638,0.124868095,0.12792946,-0.4383649,-0.11623965,-0.44947997,-0.92102295,-0.7508074,0.5412219,-0.109829,0.91042304,-0.19399269,0.1210246,-0.13471676,-0.5345576,0.0921897,0.33679107,0.068594866,1.346463,0.14479181,0.39406028,0.23129164,-0.2332939,-0.5278263,0.65427125,-0.4668253,-0.2840715,0.6493269,-0.27025077,-0.6501318,2
40a4fc74-f345-4940-be5c-249013782e4f.rna_seq.augmented_star_gene_counts,0.5385538,0.2533794,0.25710586,-0.03960904,-0.38223973,0.58875835,0.9375678,-0.015738282,0.26266894,0.6835468,0.16496977,-0.74758154,-0.7935967,-0.91373354,-0.07888694,-0.14545292,-0.38590324,-0.5457065,0.5498605,-0.061809015,-0.36495546,-0.062208638,-0.31693095,-0.2948969,0.014369622,0.20436513,0.01632308,-0.14778246,0.453956,0.33038077,0.52639776,-0.37314576,-0.051903527,-0.51495034,-0.6033423,0.24910928,-0.722241,0.73042476,0.11699375,0.0594503,-0.25942665,0.5295162,-0.48929366,-0.068567395,0.4673336,-0.04983597,0.9719475,-0.064557545,-0.5470685,0.07188658,-0.13871013,0.1008293,1.1036005,-0.008789926,-0.5887599,-0.27059668,-0.08926514,-0.0739884,-0.3236287,-0.3020838,-0.38252956,-0.5269077,0.42685923,-0.18022971,0.5418896,0.39177892,-0.5620554,0.48696634,0.66034466,-0.41275185,-0.19659945,0.7064608,0.41586664,-0.8238572,-0.711823,-0.43478248,-0.25874388,0.15438552,0.29242882,-0.05363542,-0.08177935,-0.72277707,0.79492426,-0.6016386,0.0058451523,0.43807635,-0.3534886,-0.09923941,-0.77875334,-1.6688348,0.0005923461,-0.9282592,-0.15695973,0.5330106,-0.08280688,-0.40034607,0.39792395,0.23800911,0.402188,0.0016239401,0.13582626,-0.5360535,-0.1743489,-0.22259611,-0.8414732,-0.543551,0.15108657,-0.034241974,0.9142917,0.20077935,-0.055766903,0.027649188,-0.15145902,0.35154974,0.1571058,0.2644114,1.4793159,0.3455028,0.6029838,-0.04602832,-0.19160621,0.05330591,0.38186955,-0.51801974,-0.0009096853,0.3890528,-0.3385759,-0.5312529,2
4152a167-7b5f-4415-81f8-b22732cc6ef7.rna_seq.augmented_star_gene_counts,-0.3021566,-0.38171822,0.03959294,0.34453812,-0.12823533,-0.5062251,-0.20009331,-0.014898961,-0.6427712,-0.16723122,0.004785789,0.4474539,0.030702576,0.32040957,0.33432266,-0.12688665,0.022001762,0.66828465,-0.28532246,0.46423092,-0.3677698,0.15456834,0.056395143,0.6479831,-0.3754803,0.23255193,-0.5156422,-0.29880804,-0.14275618,-0.29925993,-0.52702373,0.24803866,-0.1876208,0.7044097,-0.16200869,0.21939282,0.34396628,0.12875542,0.09848143,0.17939869,0.146885,0.15613323,0.4054891,0.037841953,-0.13154872,0.010662844,-0.11022264,-0.018619511,-0.11053014,-0.40122032,0.19880031,-0.40327758,-0.19973712,-0.35474083,-0.16868053,-0.03706503,0.16634022,-0.066803545,0.2309289,-0.18798888,0.20769288,-0.57836497,0.2776647,0.36987805,-0.07198621,0.38200116,-0.26511815,-0.39468098,-0.3557953,0.52414817,-0.8769084,-0.38720343,-0.5954758,0.2254422,0.7228758,0.5216181,0.18825679,0.012872629,0.17348813,-0.42522627,0.21930733,0.09163923,0.28447866,-0.102106765,-0.45053664,-0.18923882,-0.17086717,0.0971696,-0.6086619,0.8173798,0.77553284,0.41482395,-0.3934947,-0.3229226,0.7887591,0.53614384,-0.88199574,-0.20698725,-0.76740724,-0.05197843,-0.039720584,0.028012434,-0.1471206,0.08269027,-0.36589,-0.3268535,0.39298737,-0.1372808,-0.17116457,-0.020692233,-0.41804805,-0.2902148,-0.48733178,-0.5031304,-0.11229005,-0.4867031,-0.42764807,0.20483719,-0.3842884,-0.31098893,0.14340667,0.52885497,-0.72009933,-0.19977579,-0.1273841,0.44272232,0.090322874,-0.13339925,0
4665ff5e-adb6-4b88-8a42-cb25c4fda0a0.rna_seq.augmented_star_gene_counts,-0.19440372,-0.026196634,0.036812462,0.3341494,0.06819115,-0.28906345,-0.43504488,-0.23613127,-0.16235006,-0.37802643,-0.14414692,0.48569056,0.47868714,0.5520335,0.1786576,-0.123130776,-0.08230631,0.37531653,-0.30140218,0.10873538,0.06626224,0.11181869,-0.13687386,0.44411746,-0.25688747,0.16416372,-0.40739486,0.0035777893,-0.2538918,-0.27616927,-0.3486131,0.03228541,0.038581297,0.14738476,-0.24366334,0.013910015,0.57390505,-0.26349893,0.30446875,0.25094226,0.075355366,0.22875015,0.2848354,-0.07219672,-0.13450171,0.05555437,-0.537754,-0.17798981,0.076977186,-0.339397,0.136469,-0.07654086,-0.56479245,0.024315886,0.29404935,-0.011178972,0.31890157,-0.07004694,0.4875323,0.16800915,-0.047048464,0.16222571,0.011596244,0.14818335,-0.13632068,-0.13857377,0.004665196,-0.5820794,-0.34202585,0.36710063,-0.28390414,-0.48340318,-0.45360175,0.48760292,0.3306192,0.41117722,0.30716494,-0.16616657,0.22064699,-0.05088827,0.16836762,0.36803016,-0.29260945,0.17022935,-0.21112598,-0.4800121,0.03401387,0.3639138,-0.006699789,0.84439784,0.35180274,0.6225046,-0.048502468,-0.44630855,0.44342324,0.31744567,-0.5838967,-0.3007797,-0.58658165,-0.086990505,0.12682126,0.028154014,0.08079356,0.055269286,0.008382499,-0.26914433,-0.12689796,-0.043289088,-0.3439032,0.038847733,-0.07398764,0.029172419,-0.021303315,-0.4285123,-0.12833172,-0.4176785,-0.418038,0.2942999,-0.30737063,-0.22237712,0.1359965,0.0971758,-0.3782471,-0.08658244,-0.1214705,0.08724143,0.26707518,0.028972162,0
4ab26a32-f816-4aee-9130-12a0b3604db0.rna_seq.augmented_star_gene_counts,0.22884683,0.16233224,0.2612587,0.008085477,0.008597093,0.54603153,0.42626426,-0.24527757,0.20414895,0.09458044,0.12484812,-0.305644,-0.32542846,-0.040332094,0.2476397,0.088760294,-0.2867549,-0.15176477,-0.0571458,-0.2673328,0.120948754,-0.12850724,0.12286508,-0.08570078,-0.019504104,-0.06437497,0.024886727,-0.043559294,0.4440616,-0.18264578,0.3427511,-0.11098704,0.3671579,-0.19931825,-0.043345153,0.049081955,-0.037050996,0.41945058,-0.23619713,-0.13129957,-0.032627,-0.014099921,0.07065263,-0.44116277,-0.12897404,-0.67600703,0.6503401,-0.1373762,-0.45944172,-0.023561057,-0.57658154,-0.046901006,1.0113169,-0.003882323,-0.05756568,0.04800587,0.15817407,0.17262968,0.08259648,-0.16978501,-0.10854765,-0.41597483,0.1661976,-0.50776875,0.3438296,0.24824034,-0.043764144,0.16464935,0.6873974,-0.2763224,-0.12510015,0.39652503,-0.044558525,-0.5380157,-0.06341644,-0.26334244,-0.24885629,0.077956,-0.12694363,-0.06331631,-0.30124348,-0.5839022,0.41366145,-0.32641524,-0.0010842982,0.107350856,-0.16072586,0.103588745,-0.7678544,-0.9022854,0.26705018,-0.54422754,-0.13920988,0.26081637,-0.20003727,0.06202936,0.5570576,0.3424788,0.012754431,-0.1380928,-0.18855798,-0.22915617,0.13104959,-0.10412246,-0.36836997,-0.022324841,-0.036120106,0.30592176,0.31346354,0.41677508,-0.22062865,0.047733262,-0.01385426,0.16494149,-0.20114301,0.037080344,0.58928525,0.19701065,0.46609443,0.097791374,-0.09005483,0.5582147,-0.33503675,-0.57787645,0.29483914,0.36620307,-0.19971173,-0.13766871,2
4abffa72-e45a-405a-b53b-73900d48253d.rna_seq.augmented_star_gene_counts,-0.101414785,-0.3075104,0.141018,0.20775025,-0.15059689,0.17717312,0.027713735,-0.1040269,-0.009832197,0.2850349,0.060047824,0.13807188,0.062077034,0.1291241,0.09093659,0.005491024,-0.21251161,0.059370305,0.11258595,-0.3414244,-0.1523714,0.058692567,-0.026899494,-0.013180461,0.058289096,-0.07501175,-0.2939367,-0.36691722,0.29518786,-0.046933156,0.021803318,-0.20999122,0.11312432,0.39189312,0.15733293,-0.050667528,-0.18567136,0.2750393,-0.03275956,0.14526619,0.08104619,0.14729306,0.116688155,-0.06369938,-0.21713084,0.06429078,-0.085453674,0.13414155,0.5380181,-0.12460707,-0.2940106,-0.3472714,-0.005075516,-0.17460495,-0.35052392,0.14816572,-0.13468876,-0.12380083,0.1681861,-0.12830992,-0.076090924,-0.054143965,0.0035794931,-0.14799699,-0.12926961,0.08664188,0.041418675,0.0137189245,0.25027487,-0.26466444,-0.044770285,-0.07329681,-0.010339987,0.06057749,0.16878049,0.04289706,-0.012457749,-0.075073205,-0.17795888,-0.21877146,-0.29796124,0.006864456,0.3969256,-0.048932757,-0.13826881,0.2182724,0.19696581,0.22193947,-0.15767135,0.03584682,0.17683075,-0.01520101,0.28296408,0.12937285,-0.12545866,0.0528017,0.10616815,-0.30399117,0.21231441,-0.1360185,0.044069033,0.05984666,0.08422129,0.06658509,-0.12614918,0.08246992,-0.047518108,0.030598614,-0.14968376,0.1021869,-0.10014583,0.08161233,0.4543554,0.108059675,0.52643543,-0.029558059,0.22125025,-0.096069455,-0.32513294,-0.16848351,-0.2710329,0.12658027,-0.08627572,0.05628416,-0.059162695,0.054324508,0.4728266,0.111965366,0
4ac28e68-1f0c-4e95-bdb3-4afc7dcfc34c.rna_seq.augmented_star_gene_counts,0.66645473,0.69906855,0.25703976,-0.1388675,-0.72504073,0.92558646,1.273887,-0.15618679,0.37660506,0.86594105,0.34245026,-1.1406878,-1.1302968,-1.0403223,-0.10092341,-0.28434044,-0.5542356,-0.61899334,0.68475693,-0.05779025,-0.45138094,-0.073592246,-0.48552203,-0.25125542,-0.2047321,0.36714253,-0.18212119,-0.3414865,0.94438696,0.28636223,0.6526072,-0.6152291,0.02109516,-0.44550797,-0.88229823,0.20486379,-0.80036163,0.99304026,-0.12284792,-0.09405093,-0.3544406,0.37301478,-0.20873736,-0.16708545,0.40813062,0.070970856,1.2525152,-0.46317086,-0.68128407,-0.0581114,-0.5752623,-0.13831665,1.7697525,-0.20846,-0.9480388,-0.2671484,0.04091005,-0.07830401,-0.57262135,-0.4713005,-0.56285393,-1.0955037,0.7739628,-0.5128533,0.88244295,0.6404365,-0.8827918,0.7508154,1.2933439,-0.55412686,-0.6723261,0.85002404,0.50116295,-1.0413162,-0.9959517,-0.629805,-0.5520251,0.23179038,0.3449216,-0.12224382,0.05185388,-0.9910212,1.2128897,-0.47355717,-0.1128438,0.30031317,-0.53224176,0.07283817,-1.5207691,-1.9740758,0.48518997,-1.187788,-0.560078,0.6947328,-0.08555598,-0.3731661,0.72496057,0.4211963,0.35207996,0.031198664,-0.17255531,-0.90279275,-0.3433802,-0.2876512,-1.4143379,-0.87881166,0.548564,-0.09369246,1.3646761,0.18218777,-0.17098463,-0.13674104,-0.070121564,0.27909085,0.1128273,0.15267144,1.9639148,0.43677786,0.8971097,-0.07439345,-0.13323417,0.23499674,0.18516788,-0.8738497,0.1827471,0.6294469,-0.31973502,-0.82646936,2
4bd484be-2364-4a9c-841e-b60bee25af79.rna_seq.augmented_star_gene_counts,-0.08997162,0.52745813,-0.074762315,-0.27047348,-0.3044903,-0.47803742,-0.5867389,-0.15128626,0.07869996,-0.3161517,-0.24944206,0.014339182,0.64232194,1.0635049,-0.4026758,-0.10938875,0.7756873,-0.8451586,0.21146365,-0.18712449,0.7961086,0.19818991,0.109490246,0.57740694,0.5376892,0.22262879,0.6293541,0.0320384,-0.9138014,0.124107935,0.11269375,0.522145,-0.57575125,-0.92109287,-0.5212033,-0.65743536,-0.07683792,-1.1825404,0.7516565,0.3750762,0.37321463,-0.14172144,0.0960891,0.36297035,-0.37925956,0.34777087,-0.88995075,-0.07818283,1.229656,1.077912,1.3402635,0.0591706,-1.6404052,-0.29086497,1.275817,0.14714833,0.4202873,-0.0260636,0.15785715,0.46576574,-0.16189142,1.0252894,0.27962708,0.6967568,-0.14836352,-0.2939506,0.42436194,-0.6045118,-1.6033703,0.7689542,0.6463164,-1.040927,0.43639156,0.58095247,0.012398322,0.16505693,0.48219192,-0.412907,0.6413882,1.2023896,0.1448158,0.9558452,-1.2473882,0.90941054,1.0003376,-0.9833927,-0.3371622,0.4390461,1.3266592,0.9830135,-1.08479,0.65025645,0.7191143,-0.9270483,-0.23761672,-1.2521352,-0.17423792,0.099802025,0.37400952,0.7735234,0.14135401,1.2760347,0.101827234,-0.37698,0.65058887,-0.026550736,-0.54454863,-0.59751874,-0.026235308,-0.42732915,1.2199651,0.5859084,-0.25078887,0.48559025,-0.46126553,0.25011164,-1.0217041,-0.53004557,0.1596797,0.253456,0.6968101,-1.7514278,0.89994663,1.6640345,0.009422525,-0.91774106,-0.01579098,0.6582461,0
4c6cb929-293d-452e-b7f8-d535b48cf073.rna_seq.augmented_star_gene_counts,0.29573658,-0.18307818,0.29587823,-0.101563185,0.092550956,0.016225783,0.23347768,0.30918473,-0.20109071,0.37798345,0.056911174,-0.0039400244,-0.4195623,-0.30853555,-0.4064311,-0.015064884,-0.17296404,-0.13891137,0.20370124,0.053056538,-0.30298373,-0.11275188,-0.07636671,-0.12215837,0.26426238,0.30731285,0.15757456,-0.151556,-0.15185805,0.02309441,-0.06727061,0.11290177,-0.02076325,-0.34744665,-0.1758028,0.3095523,-0.18750449,0.2758024,0.09762448,0.024075024,-0.024484947,-0.058047347,-0.21656395,0.01838141,0.31667063,0.0326813,0.2877091,-3.0953338e-06,0.040956143,0.27009973,0.12472503,0.14682513,0.34851074,-0.21797958,-0.3042839,-0.17418541,-0.18909872,-0.06634117,-0.2514538,0.007492262,0.011752877,-0.278988,0.060130015,0.20736861,0.1281779,0.010622252,0.022668228,0.232674,0.053165264,-0.057668705,0.10124008,0.14172858,0.1560799,-0.4858172,-0.25199717,-0.23913033,0.1553891,0.07776305,-0.12633476,-0.013880285,0.035458747,-0.21520288,0.10563218,-0.14405672,0.16731568,0.37214297,0.008420186,-0.29440925,0.28763965,-0.5685965,-0.03187666,-0.188439,0.024368562,0.12086495,0.103761844,-0.31941435,-0.014714208,-0.17886822,0.31939417,0.011984537,0.22471242,0.010000569,-0.103496596,-0.106637135,-0.23763812,-0.18551551,0.25584215,-0.067131884,0.14638808,-0.09359408,-0.016809076,-0.21749738,-0.18576472,-0.094761826,0.23164941,-0.06607283,0.45497045,-0.18344234,-0.010478003,-0.031665895,-0.33675188,-0.2593938,0.47508696,-0.18544477,-0.15293537,0.25130877,-0.096278906,-0.05029023,2
4fb219d8-519a-4ce9-a3f1-28fae295424f.rna_seq.augmented_star_gene_counts,0.16776477,-0.23630515,-0.09847809,-0.10653568,-0.24288696,-0.3271541,0.38578206,0.35254997,-0.45207027,0.2711795,-0.0114839785,0.17428344,-0.070260495,-0.26101613,-0.38656062,-0.035918634,-0.00421973,-0.73561805,0.38720012,0.21448764,-0.29692197,0.08307263,-0.049608596,-0.26052678,0.2801313,0.24458472,0.17172918,-0.23941644,-0.56339765,0.23477219,0.0625332,-0.020746116,-0.5864864,-0.6364325,-0.38746125,0.056727882,-0.5341494,-0.0032289322,0.2317118,0.37774128,0.15829317,0.077787474,-0.536045,0.13285944,0.6765735,0.33362088,0.44510055,-0.05280024,0.7660109,0.6352241,0.7755078,-0.07299961,-0.07678567,-0.38167575,-0.016904484,-0.11683465,-0.14788978,-0.21243916,-0.45114845,0.038263056,-0.03931176,0.06840921,0.22815098,0.4800476,0.087543905,-0.099790365,0.16103229,-0.09793159,-0.23686041,-0.02880336,0.15747842,0.033716884,0.4102744,-0.19197212,-0.35645923,-0.15476905,0.16439082,0.049204398,-0.17434622,0.17483197,-0.22045802,-0.072135575,-0.38791215,-0.07749516,0.47421113,0.3881832,0.17726202,-0.33146483,0.72312516,-0.5294903,-0.40147084,-0.23796026,0.6097602,-0.15072443,-0.22986208,-0.6445362,-0.16723008,-0.60856456,0.8278056,-0.18793109,0.43668646,0.28526896,-0.32201928,-0.36916515,-0.1478954,-0.010263314,-0.043945886,0.051940765,0.20870747,-0.32201856,0.62113893,0.03015791,-0.3236103,0.33188388,0.41424033,0.21932958,0.53149414,-0.2400932,-0.30210307,-0.067363605,-0.06600583,-0.8828137,1.0905461,0.17455181,-0.40015712,-0.033791177,-0.30166277,0.033908855,2
508e541e-c751-42cd-8f8c-a57a835daf1b.rna_seq.augmented_star_gene_counts,0.14621927,-0.10951645,-0.030854082,-0.03760822,-0.108377464,-0.04622661,0.5054563,0.32297963,-0.26752457,0.5971085,0.021367196,-0.31278378,-0.363395,-0.57420725,-0.21168728,0.031113721,-0.25263765,-0.36127663,0.4565498,0.10396416,-0.51695555,0.0493873,-0.113628104,-0.14189412,0.1808403,0.25940943,0.026673334,-0.15493526,0.048208386,0.15092619,0.086139835,-0.04484422,-0.10168655,-0.19818082,-0.390942,0.4064988,-0.3802376,0.54647195,0.05919744,0.12106149,0.021830855,-0.0138265975,-0.37441054,0.08965173,0.48254746,0.19946204,0.40365034,0.037665077,0.1264336,0.30195558,0.18729405,-0.26025617,0.47541863,-0.0835773,-0.27990413,-0.08096084,-0.07751994,-0.25849187,-0.48561212,-0.1540346,-0.07952593,-0.17275484,0.037724003,0.21146752,0.27938554,0.13911636,-0.16269144,0.277481,0.20314454,-0.2477187,-0.08464605,0.3489851,0.29616424,-0.24304086,-0.4828028,-0.29085195,0.039314885,0.2008811,-0.095759556,-0.07385148,-0.14726315,-0.3139285,0.26311076,-0.32985172,0.060176358,0.39656702,-0.021963637,-0.3854457,-0.05365625,-0.6950237,-0.013452003,-0.4462485,0.10509739,-0.064434655,-0.014882776,-0.23814301,0.0678769,-0.18306912,0.6801012,-0.11152524,0.23591869,0.033651467,-0.28071058,-0.2734658,-0.5985703,-0.17371486,0.1613289,0.008791678,0.3170278,-0.07197447,0.14033216,-0.10433907,-0.17929901,-0.044576176,0.5787051,0.07040035,0.73566926,-0.18174854,0.025194211,-0.11916099,-0.28015685,-0.13274884,0.67462915,-0.20798144,-0.1720815,0.33749324,-0.18128444,-0.15360247,2
52df14ea-5feb-481a-855e-0a6176744a73.rna_seq.augmented_star_gene_counts,0.47389647,0.11861809,0.36757895,-0.018832559,-0.09817759,0.4139953,0.777869,0.26920176,0.17409405,0.3747013,0.18023503,-0.5365604,-0.6123134,-0.6629868,-0.1734227,-0.062149115,-0.24905375,-0.38469335,0.55794775,0.12970138,-0.28004476,-0.032015946,-0.2826987,-0.32606173,0.1567,0.13697389,0.1741005,-0.05561067,0.09951694,0.08302223,0.23697647,-0.18384771,-0.042358313,-0.57735616,-0.46714538,0.28831103,-0.46733198,0.6149044,0.0019002622,0.18666066,-0.2446586,0.19986284,-0.52120227,-0.28072548,0.47935966,0.009595823,0.6442392,-0.03348417,-0.29520753,0.16270842,0.0120867,0.08187784,0.95350945,-0.05638285,-0.57281697,-0.20533445,-0.1529881,-0.038023304,-0.33344704,-0.13873792,-0.34286562,-0.4029061,0.46796882,0.057444584,0.43768084,0.22324085,-0.35991058,0.3181143,0.5037558,-0.2106245,-0.012594346,0.33875537,0.376792,-0.8487707,-0.49134237,-0.301531,-0.108696476,0.13804221,0.0107639935,-0.001154927,-0.0011732156,-0.5081303,0.6314964,-0.50863445,0.23522606,0.5072726,-0.21196516,-0.23510563,-0.3304815,-1.4020566,-0.10779829,-0.7496307,-0.13861525,0.52101743,0.008687092,-0.23968251,0.363586,0.19229575,0.23106866,0.030731209,0.09616563,-0.39919946,-0.1759067,-0.21826555,-0.6218583,-0.5688613,0.2689396,0.00019771577,0.6484597,0.15372021,0.0024595447,0.035092086,-0.14042492,0.15125205,0.13750675,0.023916835,1.1717653,0.16662432,0.5163225,-0.07141173,-0.32846695,-0.037690546,0.4965603,-0.5970579,-0.08133322,0.25904188,-0.4041423,-0.4066843,2
56bc1e6b-d1bf-4df9-b266-07ff567aad77.rna_seq.augmented_star_gene_counts,-0.49346074,0.9980004,-1.2997686,-0.7943539,1.2004483,-1.0937438,-1.7285836,-2.6121645,1.6138215,-0.877117,-2.4503312,-0.10559406,1.9541707,1.330338,0.4314418,-0.23114492,0.58146536,-0.35377458,-2.063697,-1.0936393,0.80566555,-0.64073956,-0.3456937,0.20400943,0.050733086,-1.1144555,-0.26799098,1.1776164,0.1664501,-0.40253922,1.2181895,0.26863608,1.8141123,0.31561422,0.28580135,-1.3969972,1.547737,-2.1590862,0.14514396,-0.47530755,0.1920652,-0.98573405,1.2561542,0.5501496,-1.4450586,-0.8876362,-1.62564,-0.3213382,-1.3673183,-0.44604275,-0.42530406,0.8911033,-1.801586,1.4876785,1.9879562,1.2064785,1.0712811,0.4642478,1.2570531,0.13109829,-1.0050186,1.4195246,-1.6495154,-0.77738357,0.7691292,-1.4552217,1.325776,-1.3236067,0.9147081,0.24954318,1.7027559,0.10976752,-1.5831838,1.4181417,0.62514466,0.78688383,0.3014618,-0.2625881,0.15265645,1.0894254,0.31596676,0.98579866,-1.391629,0.21991616,-0.268664,-2.1863708,-0.48990119,1.8085023,0.252144,1.8655125,2.0137415,0.9144736,0.40078437,-0.5009082,-0.9610652,0.6242095,1.3491863,0.87449926,-1.5287052,0.4351806,-1.4395958,-0.12620401,2.0433488,1.0205171,1.3838357,0.39294592,-1.4259872,0.5939639,-0.65407616,0.61680233,0.58637285,1.2316592,2.4678075,0.43382785,-1.6715715,-0.80243397,-1.3897853,0.6448143,0.32137156,0.4606041,-0.042881314,-0.6685068,-1.5628172,0.44875333,1.104716,-1.4228069,1.015594,-1.0310094,1
57730033-1db5-4e48-81ff-b6ee4f3c0ab4.rna_seq.augmented_star_gene_counts,0.13209441,0.19917914,0.17820665,-0.36308295,0.14715675,0.2168731,-0.18165764,-0.18802233,0.13503143,-0.15280455,-0.25181907,-0.31399134,-0.1652151,0.28167337,-0.18761057,0.3013786,-0.27235848,-0.23293774,-0.14366491,-0.307532,0.57881933,-0.09428161,0.099053614,-0.22598381,0.507307,-0.19778588,0.51887167,0.4767414,-0.074461944,-0.23983356,0.23240966,-0.19359882,0.4847821,-0.6125933,-0.011221399,-0.14749451,0.18400367,0.0688179,-0.40687576,0.031739965,-0.010163235,-0.41885966,-0.35408866,-0.20338139,-0.20277092,-0.09573972,-0.21560884,0.35752386,0.073660314,0.28924835,-0.014976717,0.39272237,-0.019186482,0.14678405,0.32377097,0.27799922,0.09595709,0.10699882,0.11644925,-0.039344925,-0.23132716,0.26563236,0.12220962,0.13812535,0.0006710285,0.13559335,0.14581461,-0.057026602,0.38192788,0.2391687,0.684962,-0.05435637,0.17025474,-0.115615994,-0.17730924,-0.15019417,-0.20907293,0.18939318,0.059839595,0.29599857,0.10052238,-0.0105840145,-0.2234264,-0.047508,0.5766238,-0.22022954,-0.006378556,0.27456143,0.057061486,-0.36729786,-0.37264246,-0.26667082,0.20124277,0.372505,-0.5146582,-0.44576526,0.5497749,0.26260602,0.17681383,0.1530191,-0.08517433,0.10197495,-0.010445085,-0.10481849,0.21930361,-0.0216141,-0.1810967,0.19237179,-0.05377931,-0.0046175295,0.1657671,0.10659667,0.30199727,0.22647966,-0.413081,0.014649161,0.021381466,-0.06728981,0.2894298,0.14031455,-0.08162096,-0.0951819,-0.26875585,0.18099678,-0.10673442,-0.1256097,0.1412203,0.050646685,0
5cc4350c-416e-4f2c-be73-12af68ad1ee4.rna_seq.augmented_star_gene_counts,0.03812068,-0.15239106,0.09627204,-0.02983887,0.08117286,0.19431806,-0.26278043,0.049693357,-0.15111822,-0.011321855,-0.07752116,0.11385274,0.030973377,0.16001098,-0.13488892,0.123468064,-0.025060415,-0.21344557,0.101765886,-0.14214401,0.11582723,-0.031685267,-0.048169035,-0.28991616,0.28836748,-0.12203525,0.21842618,0.15736833,-0.15548708,-0.1339892,-0.0018141858,0.028721023,0.05012007,-0.35939583,-0.02752388,-0.12285223,0.06666807,-0.20751503,-0.111544564,0.06982125,0.06304296,-0.24292175,-0.10265267,-0.09702079,-0.058644682,0.015955957,-0.07625612,0.043630626,0.37006375,0.4457236,-0.052073967,0.22164853,-0.09418213,0.08759299,0.1201726,0.121379815,-0.15070675,0.086784534,0.06106688,0.08012119,0.0445316,0.13488244,-0.13883655,0.18198226,0.042763922,-0.07949831,0.2579814,-0.11200884,-0.065911405,0.036473274,0.21880174,0.018363275,0.20528385,-0.08804917,-0.11980238,-0.1042637,0.043501835,0.20070674,0.05720092,0.0599108,0.039875392,0.17459719,-0.07997445,0.13952096,0.36551294,0.0017664414,0.042318765,-0.055772334,0.1684098,-0.052654043,-0.11557233,0.08021182,0.12926692,0.022645982,-0.2339151,-0.24484177,0.20091133,0.0042149313,0.100318804,0.04241967,0.068478145,0.26576018,-0.12839603,0.03565846,0.010379059,0.16600792,-0.27056602,0.14568754,-0.16581737,-0.018356565,0.1448931,-0.045453425,0.17054117,0.10118993,0.03693046,0.09356777,0.15105648,-0.15981668,-0.057384294,0.106860094,-0.14668177,-0.20585224,0.115737356,0.07007176,-0.0047847223,-0.033932734,0.0023815564,0.27348775,0
5dfb4024-ca51-4296-9fc7-0037b7b1e27b.rna_seq.augmented_star_gene_counts,-0.4462633,1.8085096,-0.6341211,-0.82865036,-0.15469974,-1.1347327,-1.2123855,-0.9415067,0.41703796,-0.4234564,-0.9538361,-0.86521643,1.3710064,1.8532162,-0.4218089,0.43753096,1.3582616,-1.2844956,-0.25472903,-0.87350535,1.3948036,0.07980313,0.110542916,0.49437,1.1767052,-0.6859635,1.4090104,0.8989487,-1.0486705,-0.11438548,0.8888587,0.89978033,0.40967914,-0.98809385,0.18252045,-1.2818261,0.06740878,-2.6433833,0.8990582,0.10447706,0.37985653,-1.0587085,0.35028905,0.5367993,-0.823644,0.5535504,-1.8012433,-0.06276954,1.2264628,1.2400533,1.3037554,0.7811639,-3.1611242,0.31307718,2.304924,0.7228854,0.30071858,-0.27775216,0.33901846,-0.020378143,-0.9058303,1.9323823,-0.2975194,0.46698177,0.22303917,-0.6015369,1.2335591,-0.8439295,-1.425807,1.0799303,1.7745603,-1.1173544,0.40605047,1.1920964,-0.21968134,0.2315448,0.15796939,-0.60588306,1.0138464,2.6605253,0.43463895,1.3493872,-2.3818893,1.12328,1.0888847,-1.6257442,-0.83556336,1.2095171,1.7879833,1.7582663,-1.2620621,1.1935266,0.7891398,-1.3176211,-1.0491332,-1.5357447,1.0309553,1.1285572,0.4362438,1.4772073,-0.5604985,1.6477454,1.2833589,-0.2842859,1.0272613,0.0687506,-1.2972702,-0.34385115,-0.0869662,-0.4306599,2.4061913,0.8364265,0.6399303,0.7358111,-1.8529366,0.09491949,-1.8831397,-0.6138531,0.6928023,0.9955338,0.6339908,-2.0583427,0.58034855,2.6108067,0.64597535,-2.086139,0.5995828,0.5980386,1
5fc65e17-1d90-411d-b01d-f6aaa72730f9.rna_seq.augmented_star_gene_counts,0.50386244,0.09868498,-0.012015753,-0.25464877,-0.3646868,0.13226764,0.9844411,0.50953156,-0.06279484,0.9592841,0.1512832,-0.84187764,-0.80042475,-0.9406467,-0.49088487,0.015773665,-0.42804468,-0.5447137,0.8233744,0.14544904,-0.74803245,0.15025117,-0.34338552,-0.16480762,0.17642601,0.57940143,0.12186338,-0.1469801,0.042893674,0.3108863,0.22837749,-0.14513515,-0.54938716,-0.6468231,-0.7236684,0.4182311,-0.8595519,0.69137067,0.09869358,0.12639596,-0.22025572,0.26608518,-0.596659,0.12343429,0.811162,0.52167964,0.91003615,0.003256135,-0.076148406,0.23436418,0.23915437,-0.102606215,0.9272394,-0.21470293,-0.70622545,-0.1296672,-0.041244935,-0.23612304,-0.70191777,-0.10654009,-0.22958717,-0.5008307,0.5906928,0.160442,0.4673372,0.14483705,-0.4813683,0.6660336,0.5097836,-0.3494856,0.12939402,0.54470825,0.40009683,-0.8155994,-0.8255223,-0.54333323,-0.09815691,0.1189036,0.10552039,-0.058144625,0.062243603,-0.7798002,0.50836104,-0.44906318,0.16585568,0.5138993,-0.10646204,-0.28826174,-0.23447059,-1.3889338,0.04197493,-0.8582654,-0.017922193,0.44450828,0.027166877,-0.61887264,0.23738629,0.06935408,0.53777623,0.22770007,0.24353148,-0.35585618,-0.40585753,-0.37992555,-0.8318823,-0.5104975,0.35062334,-0.081538305,0.84592897,-0.20483647,0.18801667,0.010749299,-0.54623663,0.1313261,0.47049066,0.19019167,1.3551414,0.19385439,0.3054635,0.14473453,-0.21585031,-0.45191476,0.70855135,-0.45556208,-0.17906867,0.46370593,-0.24919909,-0.4668138,2
602e3d24-a45d-4fe4-9b70-a679d93f470d.rna_seq.augmented_star_gene_counts,-0.061865747,-0.35409275,0.06277662,0.3098242,0.05553811,-0.010139229,-0.12500705,0.17775261,-0.26220226,0.05659973,0.006061638,0.20478898,0.11193445,0.06726952,0.13255782,-0.022323586,-0.08513972,0.07981128,0.109024145,0.032046642,-0.11455475,0.19995192,0.066701666,-0.048690245,0.069424026,-0.09232268,-0.25890234,-0.21438941,0.052071653,-0.09523638,-0.19257334,-0.14944214,0.04098521,0.2743411,0.05860627,0.07707896,-0.14007121,0.1855115,-0.061551474,0.15084553,-0.12971179,0.2892207,0.13779368,-0.045011967,0.043118812,0.010024004,-0.0867517,0.033186946,0.3185849,-0.09153454,-0.0020497032,-0.22279276,-0.09331441,0.029371435,-0.20442457,0.063191034,0.016019396,-0.12455951,-0.05702125,-0.113488674,0.149259,0.045487944,-0.1411681,0.10689074,-0.18391053,0.18475384,0.06337815,-0.13447139,0.047365103,-0.20818843,-0.14000566,-0.13242653,0.0734981,0.14046979,0.042598974,0.1650806,0.0364846,-0.039594267,-0.31060082,-0.37855265,-0.27740508,0.11248252,0.21236105,-0.08670939,-0.12232557,0.15635563,0.23362695,-0.11205531,0.12950492,0.25709972,0.030383892,0.12701426,0.14883532,0.029512234,0.07808795,0.11110963,-0.021761945,-0.4604078,0.073827565,-0.34507486,0.19380249,-0.011498942,-0.06291603,-0.027106393,-0.08956277,-0.07102433,0.014622936,-0.07151801,-0.16685012,0.02821369,-0.1285144,0.02542719,0.2762584,-0.08340845,0.29001778,0.015237154,0.17807214,-0.11506325,-0.25135237,-0.10408392,-0.17236419,0.039805662,0.12094758,-0.20003028,0.05063966,0.18341906,0.11227919,0.12443716,0
616b6b60-8c4a-4d85-9a24-f47df6ad497e.rna_seq.augmented_star_gene_counts,0.06323281,-0.14758031,-0.05873423,0.09752864,-0.002700428,0.13674864,0.20949101,0.14532292,-0.08896901,0.28331172,0.11019895,-0.40425202,-0.29206812,-0.5460491,0.08265521,-0.029404735,-0.22170284,0.06397158,0.24470596,0.38906097,-0.5478507,-0.13152708,-0.029339008,0.07338175,-0.04287816,0.036662757,-0.11392812,-0.03073143,0.4412339,-0.020209404,-0.04939021,-0.051677246,-0.010649148,0.3139571,-0.13703305,0.16850196,-0.13832322,0.4722086,0.012241464,-0.15111585,-0.016232613,0.27340123,0.37205485,0.12923808,0.046640765,-0.027271941,0.62144214,-0.21501672,-0.41787428,-0.37635046,-0.1744537,-0.3565938,0.62894326,-0.068720765,-0.66124934,-0.33215111,0.04130275,-0.2622095,-0.25963366,-0.20655462,-0.11790197,-0.68959147,0.31886274,-0.027611025,0.39403993,0.092998564,-0.29243186,0.5505964,0.18266161,-0.22086681,-0.57635397,0.24868959,-0.0471384,-0.41203168,-0.08401048,-0.17405818,-0.20476551,-0.02158036,0.18354027,-0.5226675,-0.06592019,-0.5173395,0.68812895,-0.35203913,-0.44976774,0.15846495,-0.3872012,0.16065334,-0.8323389,-0.23365141,0.26496735,-0.17141576,-0.41645354,-0.10052313,0.487992,0.122008525,0.04986887,0.34067798,-0.2965092,0.05207863,0.043307237,-0.36131626,-0.29018155,-0.16012058,-0.580902,-0.23789892,0.62519306,-0.15901786,0.60771525,0.077557266,-0.30265084,-0.27786434,-0.3860842,-0.16724788,0.11811953,-0.12600613,0.5646606,-0.0013075469,0.10205634,0.044583205,-0.08998971,0.37785625,-0.084537186,-0.29516542,0.13482465,0.3482516,-0.24433602,-0.37782484,2
619785ac-0041-4b26-a887-d8ca021eaab1.rna_seq.augmented_star_gene_counts,0.2019352,-0.14648944,0.10301227,-0.03503143,-0.12541339,0.07683558,-0.032246705,0.30315027,-0.18789141,0.061988376,0.00014356851,0.19372661,-0.026678395,0.079065815,-0.31258976,0.14928742,0.055717163,-0.5099736,0.26046562,0.048559424,0.04145482,0.052325375,0.09359525,-0.2767139,0.398788,0.025421623,0.32211584,0.0013860521,-0.44180638,0.13658158,0.05400739,0.03318602,-0.25302592,-0.66249937,-0.2177824,-0.09451887,-0.20061696,-0.12068994,0.013047681,0.23075485,0.18811877,-0.05800561,-0.38646936,0.036152907,0.3250799,0.1688524,0.035401095,0.15066679,0.66357845,0.601136,0.477132,0.20023721,-0.19258901,-0.16408695,0.059730664,-0.14536566,-0.12866202,0.15062965,-0.21394058,0.1606886,0.14839017,0.16569081,0.07233448,0.4521192,-0.09832968,-0.03863268,0.15769278,-0.13504896,-0.36546984,0.17611389,0.032930188,0.0077493363,0.40725788,-0.20826162,-0.2786646,-0.07262873,-0.02032788,0.102918185,-0.07732939,0.06849082,-0.10057125,0.007861834,-0.12393106,0.2696238,0.5316594,0.14526296,0.19073313,-0.3611065,0.53769624,-0.21714762,-0.3782756,0.012937271,0.31733873,-0.15813449,-0.21103106,-0.49583024,-0.14226973,-0.18583725,0.5219711,0.106534705,0.57136464,0.28422502,-0.34199756,-0.20649919,0.060476873,-0.15675066,-0.19532464,-0.018396586,0.12807333,-0.22447288,0.37505865,0.05429254,-0.10197987,0.23111024,0.05252983,0.15531985,0.14267993,-0.24650761,-0.17177849,-0.005725216,0.14915596,-0.5953422,0.7760303,0.07192955,-0.29442865,0.019772852,-0.18412751,0.17908564,0
61a614bb-2249-4611-8aac-1a8e53d4467b.rna_seq.augmented_star_gene_counts,-0.10745811,-0.04056598,-0.1145876,-0.27611065,-0.20837973,-0.4737232,-0.43454844,-0.044002485,-0.08695317,-0.1876995,-0.115880504,0.23841856,0.51499027,0.68676084,-0.44442755,-0.14271581,0.3787785,-0.72614557,0.215489,-0.091388874,0.6322279,0.29848674,0.1627751,0.33870146,0.31791583,0.15590197,0.36401573,-0.16707382,-0.9028249,0.12862514,0.014147115,0.22804838,-0.5565784,-0.92132354,-0.4227583,-0.4254411,-0.14173725,-0.80303544,0.6280073,0.31823385,0.28907537,-0.021433229,-0.05332789,0.32484496,-0.21839403,0.32078627,-0.48433727,0.074456,1.0315154,0.8513326,1.1447195,-0.07931408,-1.0004045,-0.3951176,0.71695435,0.0047506085,0.35055616,0.092584215,0.044015042,0.38400483,-0.025990808,0.7009683,0.38198942,0.60914344,-0.2068268,-0.05216358,0.36817226,-0.5308467,-1.2176279,0.37968883,0.383994,-0.93995684,0.38752043,0.35485858,0.0114737265,0.12686698,0.40951923,-0.20915483,0.47775954,0.64085025,-0.007409127,0.7206846,-1.0032601,0.70565283,0.84506106,-0.66279435,-0.099954754,0.1347773,1.3211365,0.75547874,-0.78813624,0.3389038,0.69577616,-0.61903304,-0.21113451,-0.890797,-0.32949594,-0.103007086,0.37782943,0.39546373,0.3168799,0.87310636,-0.1317229,-0.23415016,0.53894,0.0186255,-0.31252483,-0.60062516,-0.041946515,-0.3095362,0.92306423,0.3320661,-0.1443541,0.47085652,-0.08911062,0.13158756,-0.7761283,-0.4322454,-0.04586282,0.14217748,0.3777273,-1.4446295,0.82407653,1.1641461,-0.19927742,-0.67630637,-0.11609672,0.42860284,0
61f811cf-9dc1-4f48-ad62-c3ebfd1f0847.rna_seq.augmented_star_gene_counts,-0.22898687,-0.054487094,-0.09969176,-0.2519421,-0.15884246,-0.5202601,-0.46451497,-0.14822835,-0.094552554,-0.19479926,-0.09718788,0.15069239,0.6611567,0.5848646,-0.2614884,-0.2306746,0.155213,-0.36246127,0.035894938,-0.2661052,0.53555244,0.18646698,0.20114149,0.18278421,0.1659623,-0.056908153,0.15510277,-0.161497,-0.719865,0.04310049,0.0720472,0.16332431,-0.38246158,-0.5482593,-0.30678886,-0.23144838,0.110397175,-0.7719145,0.6063247,0.17115758,0.059483387,0.024786755,0.1307107,0.44866124,-0.364695,0.33699664,-0.34877583,-0.064299345,0.83605456,0.54028755,0.88703233,-0.2442023,-0.90753794,-0.16842332,0.56649405,0.0543347,0.27181694,0.08943052,0.10638137,0.2502199,-0.14901918,0.51980406,0.28634903,0.4984034,-0.18663627,-0.06664014,0.30225927,-0.43740034,-0.90086627,0.40079367,0.27409267,-0.7903755,0.18326998,0.40749758,0.016777718,0.16712075,0.33465412,-0.16504222,0.3736863,0.40745863,-0.21757482,0.7824825,-0.80310786,0.57203794,0.5972466,-0.47182983,-0.052145965,0.151221,1.1174995,0.76162744,-0.4928087,0.42523474,0.4409972,-0.47868183,-0.20754789,-0.50357443,-0.35289806,-0.25949186,0.24346396,0.07937934,0.21079445,0.43514055,0.12702756,-0.06799419,0.39600497,-0.004375348,-0.4370296,-0.46796203,-0.14923131,-0.18458188,0.7672779,0.14674795,0.055532057,0.44175634,-0.066966966,0.0064156135,-0.6765408,-0.3694436,-0.15429896,0.04987915,0.13878553,-0.9957779,0.7228102,0.9824461,-0.27278668,-0.5839043,0.058093414,0.32076994,0
6798cbfe-7aca-4f33-b4fc-162bf579a303.rna_seq.augmented_star_gene_counts,-0.077761516,-0.04771763,0.011814423,0.09944369,-0.024462502,0.01545083,-0.1982938,0.15421677,-0.10229954,0.026355999,-0.030420946,0.2861063,-0.15495223,0.112498686,0.12845826,-0.025633585,-0.11282856,0.4355396,-0.14293641,0.35154945,-0.115075596,0.15933515,0.34793544,0.19387089,-0.41392356,0.11588991,-0.37985033,-0.0094599435,0.1426203,-0.16351585,-0.1789339,0.3271988,0.17896351,0.49332365,0.07937084,0.22834603,0.2622052,0.29432178,-0.10358372,-0.0618329,-0.0013575678,0.049642637,0.37488312,-0.18162334,-0.097142115,-0.23094818,-0.11993931,0.05698682,-0.17343885,-0.57106805,-0.19447125,-0.36363173,-0.03737913,-0.07290503,-0.2903181,-0.045856252,0.07868047,0.012256193,0.08568861,-0.04555739,0.29773086,-0.4540743,0.16074254,-0.13843314,0.24783461,0.22237748,0.025196342,-0.060726747,0.07910068,0.015211255,-0.46826947,-0.021633131,-0.4081969,-0.17391814,0.42846495,0.0790793,-0.07564248,0.054773726,-0.18909633,-0.49481404,-0.123717055,-0.043386266,0.46901217,-0.08655049,-0.44217947,0.06608777,0.008084631,0.07443893,-0.4629576,0.3607355,0.6232596,0.11942851,-0.304249,-0.16413385,0.35588878,0.25720236,-0.26124296,-0.048568934,-0.6038743,-0.17095633,-0.16319476,-0.2652297,-0.1429366,0.073574126,-0.060764797,-0.17534903,0.29923403,-0.02811028,-0.09334349,0.23753038,-0.43206933,-0.14470468,-0.13852048,-0.34985787,-0.20218912,-0.18481089,0.0066577713,0.022816772,-0.30444142,-0.042921014,-0.1668545,0.4818631,-0.5773224,-0.35499188,-0.007236795,0.36026388,-0.038135484,-0.118251964,0
68503654-dd77-48f1-abab-aca55258dca4.rna_seq.augmented_star_gene_counts,-0.35676,0.6921495,-0.459527,0.26374316,0.6401272,-0.6276001,-0.8940069,-0.8944206,0.58867973,-0.41383842,-0.95577675,0.3635766,0.73193,0.58568543,0.49776852,0.10956158,0.23875885,-0.22528888,-0.7018755,-0.3154672,0.16174711,-0.2795497,-0.100323126,0.3308407,-0.19413891,0.06344867,-0.055709817,0.70719546,-0.18452221,-0.12961583,0.2095055,0.21116385,0.707408,0.2342269,0.08873777,-0.5581853,0.8739691,-0.65958613,0.023601362,-0.15836635,0.102374434,-0.2807607,0.296119,0.29056978,-0.5559999,-0.27822414,-0.87697715,-0.07506652,-0.27413037,-0.36547533,0.15675072,0.30939823,-0.9345169,0.4817801,0.9528074,0.49516797,0.5489701,0.16255948,0.71422666,0.33593693,-0.15118858,0.3428154,-0.48795843,0.033072006,0.33615017,-0.40955767,0.34483814,-0.6639724,-0.18665129,0.28539324,0.58091795,0.18588918,-0.7359635,0.9221527,0.032737415,0.74234605,0.14265792,-0.20959845,0.26129124,0.36243436,0.16254325,0.70936435,-0.5461627,0.16098043,-0.18867859,-1.2231452,0.072518,0.9324303,0.09771748,1.0632243,1.026059,0.6106678,0.17240945,-0.52649695,-0.1282291,0.30483755,0.24951752,0.36709294,-1.0088205,0.513511,-0.22904965,0.39653382,0.6017187,0.2941262,0.60910934,-0.04414598,-0.42651582,0.09282088,-0.504821,0.2190538,0.029881367,0.43583065,0.88580906,-0.055410765,-0.80285656,-0.69442105,-0.8526064,0.4211344,0.059761476,-0.0856839,-0.065002635,-0.28141537,-0.9364647,0.20429835,0.5019676,-0.6099311,0.38095018,-0.4037483,0
6cbfdf8b-fd71-4b6a-b360-1573ee5241a1.rna_seq.augmented_star_gene_counts,0.36010504,-0.08312392,0.14408064,-0.120021775,-0.051222414,0.13311532,0.46497366,0.38721755,-0.16404505,0.36873636,0.15721965,-0.045607477,-0.3447985,-0.5446214,-0.35648313,0.002339253,-0.077547744,-0.40279403,0.39636737,0.078513265,-0.43332586,0.04518816,-0.09153229,-0.37662116,0.30094624,0.046759818,0.00463696,-0.016466359,-0.07728915,0.15320015,0.07312659,-0.16270858,-0.1827819,-0.31103718,-0.24948879,0.2783432,-0.5369837,0.36154094,0.052167717,0.053009033,-0.045129027,0.036639012,-0.40426838,0.05210208,0.5235577,0.15413083,0.41178206,-0.016969634,0.28286278,0.31924438,0.3474524,-0.007922701,0.40135977,-0.06588848,-0.3306673,-0.10661213,-0.28290275,-0.1906972,-0.42143124,-0.0369653,0.018870052,-0.05760834,0.0321679,0.2502532,0.07496055,0.048221856,-0.11766896,0.10636329,0.11731926,-0.061455484,0.09609291,0.26615283,0.26570338,-0.38526806,-0.3613546,-0.19718944,-0.011168029,0.04488053,-0.14310195,0.0544961,-0.15687269,-0.25832435,0.25313523,-0.2802484,0.20583273,0.45622438,0.045563642,-0.37740928,0.09006659,-0.77319306,-0.19215287,-0.43762422,0.10374112,0.10174603,-0.10220312,-0.23875509,0.016882481,-0.25165224,0.48564616,-0.1300591,0.20432135,-0.022676088,-0.23934308,-0.13161938,-0.38774502,-0.0929265,0.07585764,0.081361875,0.3830943,-0.13116069,0.10533737,-0.066426374,-0.081577614,0.085956275,0.41508427,0.15933533,0.6293123,-0.05498399,-0.085030235,-0.018982472,-0.2770206,-0.21205825,0.70614535,-0.28789207,-0.1760274,0.14574863,-0.18205386,-0.20618008,2
6f72a3df-b4db-4f04-aa1f-644dca35d3ab.rna_seq.augmented_star_gene_counts,-0.14161451,-0.320493,0.02604168,0.25651446,0.010591892,0.15839736,-0.13637012,-0.16789953,-0.13873364,-0.08170635,-0.0053862897,0.31307858,-0.12561777,0.2824111,0.21748544,-0.20082322,-0.24145111,0.24021798,0.08558939,-0.15968756,-0.1325453,0.078817345,0.2654123,0.17346922,-0.079920225,-0.17028028,-0.40995383,-0.1950882,0.3311824,-0.26304308,-0.048166573,0.03871913,0.36369947,0.5430529,0.16780548,0.29357734,-0.15046681,0.6241538,-0.026358964,0.056791745,0.039257742,0.017399853,0.11732959,-0.044664096,-0.2117281,-0.33229956,-0.31426716,0.031451155,0.19079761,-0.44809324,-0.38125366,-0.34152418,-0.07512419,-0.061983544,-0.32057932,0.15510283,-0.09408243,0.0024679957,0.13477817,-0.08894915,0.20190176,-0.0132227475,-0.13013329,-0.20068003,-0.12489044,0.1912891,-0.109296076,-0.0069911666,0.19909717,-0.15849698,-0.22898422,-0.1363556,-0.21593584,-0.06756805,0.57254624,0.15744776,0.02567269,0.017564783,-0.23818828,-0.33046526,-0.34527418,-0.0032459607,0.51287246,-0.02710938,-0.45037535,0.0918431,0.19024576,0.24069098,-0.27739364,0.3898673,0.118047,0.12384164,-0.011812818,0.0549923,0.043150015,0.072728224,0.024194123,-0.37953416,-0.114671335,-0.22777453,0.09492735,-0.099552184,0.18361409,0.033773206,0.0044939145,0.082153365,0.02905331,0.16276862,-0.09322742,0.43894845,-0.2770573,-0.0007343048,0.49515948,-0.07161259,0.10546187,0.074892335,0.042982645,0.15986106,-0.35713878,-0.15494174,-0.3052937,0.26509774,-0.4027628,-0.11382515,0.17896608,0.049541302,0.18371096,-0.048084006,0
707fad7d-f284-456a-abfa-17289b40579f.rna_seq.augmented_star_gene_counts,0.012732807,-0.3610965,-0.15983875,0.11616367,-0.065804936,0.09591471,0.048874956,0.050802585,-0.14721076,0.27019486,-0.10070826,-0.27344185,-0.26312286,-0.32223248,0.12705638,-0.07666225,-0.12512334,0.22836776,0.022536187,0.41060647,-0.31040314,-0.039193597,-0.004299187,0.16042908,-0.07074265,0.018890828,-0.29188752,0.11026849,0.24802493,-0.12658165,-0.28081402,-0.07933854,0.13535589,0.52047867,-0.0369584,0.13737899,-0.032416653,0.46697325,0.062974356,-0.21279283,0.12734468,0.18824026,0.31971037,0.21924713,0.008167965,-0.015368346,0.310535,-0.123902835,-0.18207303,-0.34895226,-0.11312138,-0.33166492,0.2127822,-0.010454472,-0.58394116,-0.26838902,0.04949169,-0.17142539,-0.17557868,-0.30324346,-0.13050713,-0.6214782,0.17664246,0.041600402,0.33505,0.18220894,-0.117971584,0.28981233,0.19475748,-0.14665172,-0.50500196,0.15117353,-0.06862758,-0.1482382,0.07258696,-0.028628856,-0.16824608,0.003276458,0.043300543,-0.336078,-0.08534188,-0.37936077,0.59317434,-0.32918695,-0.6200451,0.16245043,-0.1268546,0.17361462,-0.5968545,0.24623862,0.36301157,-0.14303757,-0.25773108,-0.2343767,0.49367493,0.08262578,-0.029250655,0.24863547,-0.20251296,0.033929683,0.071172416,-0.27553934,-0.31555915,-0.033920188,-0.44159627,-0.31693128,0.6965683,-0.11394477,0.51874584,0.036106788,-0.24827196,-0.43775874,-0.13835087,-0.21033809,0.25199798,-0.2253046,0.32161954,-0.11120229,-0.037275113,-0.14286433,-0.09078967,0.40364912,-0.26582086,-0.2352183,0.15363745,0.35517564,0.031168083,-0.2733043,2
713df9b5-ea25-464c-b13e-fe8b61fe363d.rna_seq.augmented_star_gene_counts,-0.090193495,0.049318083,-0.11333999,0.12455473,0.44106445,-0.07608889,-0.72684014,-0.41738945,0.16650325,-0.4614087,-0.44660753,0.5415686,0.29818732,0.32469526,0.29748186,-0.20471895,-0.09607954,0.33940667,-0.5487622,-0.09846693,0.18156101,0.055743355,0.01619237,0.42635918,-0.3289539,0.09168786,-0.35775444,0.2551099,-0.062053222,-0.34361547,-0.06348271,0.35756278,0.52117676,0.4907401,0.014434401,-0.019871486,0.54026955,0.07965576,-0.0931716,0.021330418,0.024874477,0.006020307,0.2586471,-0.013417785,-0.05642238,-0.36162397,-0.49987972,0.023554966,-0.23384508,-0.53672606,-0.20077142,-0.15973455,-0.42751777,0.19700004,0.21318947,0.28492266,0.14006394,0.2715427,0.3747493,0.13994707,0.19325829,-0.0033598107,-0.3563796,-0.15416694,-0.06376765,0.011805303,0.2736975,-0.4692615,0.061801925,0.009774702,-0.15011008,0.017690405,-0.65674514,0.50464314,0.50295454,0.40059018,-0.028852833,-0.11615651,0.063568704,-0.19685954,-0.16607524,0.4821,0.03267548,0.028848432,-0.38340646,-0.37539026,0.14038533,0.39594746,-0.13738899,0.81766075,0.6388415,0.37363657,0.015479029,-0.1537097,0.17356206,0.33080086,-0.19113278,-0.26907152,-0.7998836,-0.10292862,-0.12883748,0.034337915,0.2355588,0.24971831,0.33806124,-0.11528481,0.15185067,0.11421376,-0.611063,0.30672458,-0.24316695,0.27183682,0.5244463,-0.18257287,-0.24067989,-0.35912785,-0.38148692,0.16416669,0.00026088904,-0.11694304,-0.3660471,0.27703837,-0.8775501,-0.38300854,0.2896557,0.13024803,0.31298658,-0.19729352,0
73e13f2d-a557-47f2-85e2-7bb8e3a48ef9.rna_seq.augmented_star_gene_counts,-0.22374612,-0.32601428,0.10855642,0.0066911383,0.013309049,-0.28900033,-0.10643343,-0.10944091,-0.0039425245,-0.10131738,0.023516137,0.29794753,0.31385955,0.4851592,-0.3292354,-0.11778693,0.14532232,-0.590141,0.22812715,0.046463057,0.16000582,0.16466472,0.03362503,0.14854595,0.38085046,-0.040453706,0.11233378,-0.088348165,-0.4290142,0.15142353,-0.16468254,0.056569036,-0.4096369,-0.3896992,-0.25089443,-0.23171225,-0.0015167822,-0.49745312,0.26500732,0.37904486,0.12621406,0.04997566,-0.14367487,0.18616158,-0.00025564973,0.29893535,-0.1039147,-0.08143335,0.80136716,0.55634385,0.59228575,-0.10014295,-0.6634365,-0.15552606,0.36654085,-0.055475973,-0.034929767,-0.07286472,-0.10016825,0.20703243,0.051308185,0.31755573,0.20158617,0.5183073,-0.29940864,-0.1660709,0.34499443,-0.23332241,-0.7539756,0.24392715,0.08570846,-0.5884927,0.4332701,0.16745405,-0.26322088,0.16614449,0.29778945,-0.16247179,0.26247013,0.12647805,-0.27168697,0.2692695,-0.46837032,0.36604634,0.5235007,-0.23113206,0.027382458,-0.10425423,0.9128798,0.42179018,-0.42580435,0.263807,0.5419022,-0.44916397,-0.17333932,-0.41867995,-0.4226245,-0.34978548,0.33735695,-0.011522866,0.30344474,0.43764943,-0.27852008,-0.091325596,0.056869116,-0.04112111,-0.3995524,-0.29113305,0.036034066,-0.16458102,0.7789234,0.112981535,-0.21480657,0.26842886,0.11770073,0.32144246,-0.2026369,-0.48583013,-0.1955898,-0.12291094,0.059944578,-0.7620335,0.7761311,0.5259944,-0.20604034,-0.1684958,-0.26059765,0.28601292,0
741fb6d6-364f-47a0-a262-f18235c48fc4.rna_seq.augmented_star_gene_counts,-0.21000548,0.17466228,0.008146378,-0.015748175,-0.22461233,-0.56212723,-0.31689626,-0.15667607,0.080950685,-0.18906061,-0.2726805,0.26227665,0.6356935,0.8364964,-0.36609697,-0.12724887,0.5985718,-0.49671638,0.1445178,-0.07394678,0.5273177,0.067368664,-0.0017130818,0.3654033,0.34779826,0.2679656,0.38886783,-0.039815534,-0.6037448,0.15222119,-0.052357145,0.4332538,-0.49295962,-0.54633564,-0.47243842,-0.42702937,0.081896394,-0.9250539,0.58039165,0.3615137,0.2728327,-0.1153592,0.10927833,0.24949998,-0.32920003,0.32027212,-0.6874939,-0.16107456,0.8435459,0.68572724,1.1298548,0.094642065,-1.1785212,-0.21494256,0.9557071,0.087725736,0.38533434,-0.018144907,0.18309534,0.3744485,-0.13225833,0.74225,0.26350588,0.58966976,-0.20128727,-0.18636805,0.3479293,-0.52999413,-1.1926457,0.5686326,0.16310233,-0.76791406,0.20224388,0.4560955,-0.17517675,0.19593953,0.44811922,-0.4130983,0.57815284,0.8138318,0.012293497,0.8197316,-0.79601365,0.6677445,0.6877765,-0.68274736,-0.18090321,0.30166054,1.0322325,0.8328489,-0.74087316,0.6391374,0.4332142,-0.8267698,-0.06771699,-0.94435203,-0.2999068,0.0380782,0.24613431,0.42959163,0.18855788,0.8970671,0.0068474333,-0.21723561,0.35567752,-0.014267875,-0.4291195,-0.4773652,-0.0055474928,-0.22444573,0.87393504,0.3423372,-0.31989068,0.30995062,-0.37345627,0.04460062,-0.79503864,-0.37070614,0.101250865,0.03752611,0.39274576,-1.3826894,0.65090764,1.1942918,-0.058454286,-0.6783993,-0.11069393,0.37749997,0
754df69c-2fab-4037-8673-fd3be673fc09.rna_seq.augmented_star_gene_counts,0.39216456,0.61381394,-0.16269049,-0.1040253,-0.56038284,0.5195597,1.0441393,0.041338157,0.3588309,1.0584168,0.3084105,-1.2714835,-1.0980028,-1.3464745,-0.049056202,-0.30507648,-0.4791337,-0.29586723,0.6995359,0.3610216,-0.9470874,0.05415135,-0.6093842,0.02168975,-0.3096783,0.49754372,-0.14778972,-0.25888792,0.8267904,0.37824675,0.4542687,-0.4193488,-0.3830784,-0.30243316,-0.7666284,0.029864304,-0.7942493,0.99997747,0.13557361,-0.17362788,0.020064447,0.40047643,-0.09157414,0.11376268,0.50421363,0.42956588,1.3875998,-0.4358879,-0.76237077,-0.24203788,-0.45819402,-0.25850827,1.7751505,-0.3498308,-1.1497673,-0.3968322,0.065695256,-0.22019117,-0.6260938,-0.67742044,-0.61550534,-1.2511607,0.93435997,-0.24279101,0.89822984,0.25565037,-1.1775876,1.0417005,0.9804896,-0.76132697,-0.6395456,0.816195,0.4985812,-0.775938,-0.8827158,-0.77860785,-0.55963254,0.112814575,0.53093714,-0.298693,0.1526916,-0.9043288,1.4077973,-0.345483,-0.55759597,0.13999869,-0.5601436,0.14262268,-1.6571741,-1.5650896,0.6700008,-0.948442,-0.69031334,0.37802383,0.2221614,-0.4066715,0.62717474,0.5356771,0.19053383,0.103879,-0.35381168,-0.8021224,-0.4096694,-0.29804525,-1.4661659,-0.9700693,0.644079,-0.25152767,1.6220477,0.055353027,-0.09674168,-0.3416331,-0.5234244,-0.093645304,0.40557778,0.002876971,1.8151451,0.26222137,0.8038268,0.061402474,0.087011,0.30515292,0.35807848,-0.60430783,0.05100837,0.83695436,-0.28764915,-1.0495639,2
7c9a2493-5667-48ec-8998-81e13722b4ab.rna_seq.augmented_star_gene_counts,-0.7396418,1.2092198,-1.0907112,-1.4821,0.9656891,-0.84228635,-1.7315298,-2.8396688,1.6924558,-0.5403274,-2.4710057,-0.8488778,1.9577925,1.4762036,0.24379493,-0.13592349,0.57304597,-0.82376665,-2.2611194,-1.6365649,1.3464096,-0.9583758,-0.019728635,0.17935215,0.387504,-1.6129559,0.6343827,1.121945,0.49584827,-0.35670713,2.015872,0.16483419,2.2166924,-0.18430775,0.50410324,-1.672645,1.4426805,-2.586381,-0.047276214,-0.7687212,0.30085528,-1.2764479,1.4819005,0.2927826,-1.7991761,-0.91521686,-1.3860025,-0.45577067,-1.4776222,-0.12893343,-0.52862215,1.3251212,-1.914757,1.7760522,2.288485,1.6514149,0.9300474,0.3582605,1.0673705,-0.11196459,-1.4675959,1.7618414,-1.5970318,-0.89588666,1.1261214,-1.513816,1.691326,-1.0586311,1.2504483,0.26393467,2.5242395,-0.08505127,-1.4862885,1.1084633,0.5614852,0.36516994,0.018404774,-0.21937783,0.13917044,1.7965605,0.17100206,0.9616798,-1.7679765,0.08530534,0.59850925,-2.2698917,-0.3903026,1.7854345,0.6479855,1.5444622,1.6457307,0.7348704,0.21307383,-0.32739747,-1.26368,0.08109767,2.292713,1.4303033,-1.0064105,0.48744515,-1.579299,-0.37244403,2.207157,1.0809742,1.3173878,1.0041033,-1.9359267,1.1086887,-0.26046374,0.72210324,0.9467208,1.3753653,3.0201511,0.7823302,-2.2374399,-0.13981502,-1.412112,0.37870803,0.72464764,1.2464216,0.12664665,-0.5877771,-1.538159,0.86776435,1.5269196,-1.5787413,0.9269048,-1.0661945,1
81395cc8-c7d5-4ea7-957a-b5cb8d6bfd1a.rna_seq.augmented_star_gene_counts,0.1650077,-0.0556333,0.041897897,0.10017477,0.060325827,0.033488333,-0.017565424,0.098268345,-0.11308682,0.088305265,0.070548095,0.2519417,-0.04836419,-0.14302842,-0.15453687,0.019670418,-0.0046475637,-0.20624277,0.122150585,0.033607863,-0.011387556,-0.040733337,-0.077775344,-0.24948388,0.24425697,-0.032756865,0.1680357,0.0046995976,-0.15690158,0.024506524,-0.042752743,0.025081126,-0.10556029,-0.23500599,0.06276238,0.16436729,-0.11152281,0.15874378,0.059936047,0.17186508,-0.030894674,-0.07218264,-0.1675151,-0.17158304,0.19527857,-0.033887547,0.02635765,-0.05683728,0.15786871,0.23171218,0.18919899,0.093682155,-0.05610522,0.04297929,-0.08123931,-0.050635308,-0.2583553,0.04869228,-0.1287974,-0.03845248,0.03604991,-0.1405954,-0.14274096,0.2557786,0.024658432,0.059176676,0.14151205,-0.041097466,0.036189213,-0.07890565,0.10004096,0.023673117,0.12427381,-0.2749696,-0.06793324,-0.081337914,0.09972097,0.09659093,-0.15302724,0.021490982,-0.1087787,-0.05534297,0.053632386,-0.07441379,0.18583633,0.3179023,0.11378582,-0.11611299,0.107874826,-0.26973602,-0.037630484,-0.21599346,0.21879312,0.1794819,-0.116330616,-0.12234507,-0.045465942,-0.30303937,0.17906411,-0.07551656,0.11128056,0.27788192,-0.18897364,0.01889891,-0.08671808,0.15413086,-0.08879555,0.087627254,-0.0074693854,-0.075274765,-0.035725188,-0.099335976,-0.028494917,-0.050532382,0.20658188,0.08879142,0.12890886,-0.15104288,-0.08629524,0.08159925,-0.23333424,-0.19563803,0.29178077,-0.029240364,-0.13289095,0.10167986,0.03896758,0.17265375,0
815b70e5-858d-416d-94aa-6749960883ce.rna_seq.augmented_star_gene_counts,0.39765814,0.5473198,0.06244314,0.05471216,-0.54338473,0.6929148,1.0660013,-0.002760015,0.4231468,0.6456269,0.6247113,-1.0936427,-1.0437473,-1.0993253,0.10758349,-0.1538783,-0.46539748,-0.4419445,0.6396065,0.15436868,-0.38194275,-0.04502746,-0.39431188,0.04362734,-0.24979798,0.4636132,-0.13092585,-0.27032894,0.8447727,-0.095737904,0.2907368,-0.50593036,0.026660724,-0.27001077,-0.47674644,0.15748595,-0.631384,1.0313087,-0.13242601,-0.35317543,-0.13072173,0.36114562,0.2564252,-0.051729962,0.15709902,0.025010439,1.3704766,-0.6019772,-0.75061584,-0.2899729,-0.5851021,-0.29028964,1.8820336,-0.3519984,-0.7597964,-0.49597526,0.023287822,-0.31343955,-0.24450183,-0.6421239,-0.5014849,-1.4006348,0.9612891,-0.6740589,0.8964257,0.585064,-0.9445511,0.9392207,1.1418282,-0.6813386,-0.9325355,0.84737235,0.47106034,-0.80624735,-0.6701952,-0.60257727,-0.64361405,0.20076708,0.21257731,-0.30123603,0.16954325,-0.8864768,1.0791728,-0.2964269,-0.6477371,0.066352844,-0.652375,0.26954925,-1.6218383,-1.4531378,0.65930176,-1.0937696,-0.6876056,0.44053397,0.038012326,-0.101022154,0.6005073,0.7193979,-0.11493408,0.009670003,-0.34686664,-0.8170322,-0.30520573,-0.25345567,-1.1802988,-0.8490033,0.74478865,-0.075403035,1.3626683,0.2812473,-0.24440932,-0.34627,-0.39367166,0.077967845,0.039384183,-0.103704765,1.5237216,0.28005576,0.6592036,-0.005248813,0.13976805,0.56465673,-0.12789145,-0.97323155,0.140594,0.62609667,-0.24793649,-0.86090434,2
828c9648-f725-4d7e-ad37-e33692e2c67f.rna_seq.augmented_star_gene_counts,-0.994843,-0.34675297,-0.22956887,0.2456308,-0.11430013,-0.62225646,-0.8688038,-0.2930627,-0.6927453,-0.37437916,0.08234318,0.60038745,-0.2734961,0.20025523,0.6362025,-0.108753644,-0.003961532,0.9499353,-0.74587965,0.9064446,-0.37297842,0.031570576,0.06584886,1.0206662,-1.1449705,-0.01957567,-0.99623084,-0.30251518,0.5048413,-0.70932084,-0.70407623,0.58550924,0.25206932,1.3883905,-0.038364515,-0.053828258,0.7620297,0.17984425,-0.3228215,-0.007174473,0.12000001,0.2413608,1.087097,0.3180397,-0.7351705,-0.394492,0.08270619,-0.18188445,-0.4415902,-1.4248246,-0.6541587,-0.72497594,-0.10296667,-0.61477184,-0.40376705,-0.07671042,0.5768199,0.07648242,0.5596483,-0.5134157,0.24012566,-1.3740151,0.42660463,0.16918182,0.28322905,0.15811159,-0.5531788,-0.44300508,-0.052438047,0.25853416,-1.2137955,-0.5745403,-1.247055,0.003142698,0.997119,0.6598173,-0.06835228,0.0012455088,0.3017045,-0.8839408,0.41746098,0.24841458,0.89840454,0.09560651,-1.3055848,-0.4298409,-0.40481907,0.11501437,-1.6463045,1.1205558,1.8311495,0.4095816,-1.2291889,-0.51134795,1.0762902,0.90470296,-1.0762205,0.2461712,-1.7776902,-0.07353329,-0.65687317,-0.23623063,-0.10504101,0.29515022,-0.7267171,-0.68015534,0.9730266,-0.18804054,0.036517244,0.4906596,-0.8248474,-0.9825534,-0.42699155,-0.55973846,-0.6408153,-1.0334622,-0.49724016,0.6070715,-0.25776872,-0.8373872,-0.0033144427,1.6428388,-1.7723019,-0.81786615,-0.04780661,0.48364872,0.28322664,-0.667188,0
834c833a-1e2d-48b6-87d5-e19bf2db6e1a.rna_seq.augmented_star_gene_counts,-0.21254693,-0.36757904,-0.0445267,-0.12378985,0.0154850595,-0.335385,-0.16782638,-0.06618197,-0.026410729,-0.010820553,-0.0043473244,0.3133637,0.41610146,0.3755208,-0.2740668,-0.18340486,0.15090835,-0.7219362,0.063217945,-0.26480016,0.1902309,0.22862355,0.09940019,0.004346028,0.32773405,-0.21657442,-0.037209745,-0.13549268,-0.38061875,0.07956287,-0.09797108,-0.029385623,-0.3619618,-0.44384786,-0.22263975,-0.2532042,0.07804189,-0.73434514,0.2609504,0.33775502,0.0346009,0.172456,-6.824511e-05,0.37821946,-0.1809216,0.27466717,-0.047606725,-0.025898645,0.90327555,0.4337229,0.59527266,-0.2573996,-0.6858434,-0.06908281,0.32300386,0.05093232,-0.015059858,0.028363267,0.07256539,0.30954722,-0.060660202,0.5103163,0.20212185,0.5574255,-0.3427334,-0.24882327,0.5267612,-0.17893593,-0.58028406,0.08124781,0.18132141,-0.6572174,0.4237054,0.3853719,-0.31724912,0.16690646,0.18562172,-0.23032138,0.26477352,0.0853437,-0.33622184,0.4495049,-0.48410568,0.39562312,0.4451614,-0.21811022,-0.011274415,-0.07737108,1.1224718,0.4884131,-0.27908263,0.25785738,0.70241356,-0.33474988,-0.3308234,-0.3336977,-0.307381,-0.38962802,0.3432834,0.029674197,0.23356302,0.37117547,-0.13087398,0.04226708,0.18031025,-0.038507357,-0.39478323,-0.26317745,-0.09519387,-0.27464488,0.8274629,0.073859245,0.05882242,0.505958,0.109250315,0.1889027,-0.18147218,-0.58820957,-0.33270484,-0.06459178,-0.017791616,-0.7614744,0.8020473,0.5585063,-0.18448758,-0.40744543,-0.038896322,0.19952862,0
898f9214-8dab-4b92-9233-70c06c60078c.rna_seq.augmented_star_gene_counts,-0.27637008,1.2678432,-0.32208902,-0.54494464,-0.26702756,-0.7398,-0.9838333,-0.41236106,0.31069368,-0.36625734,-0.6078727,-0.43255773,1.0718857,1.5040293,-0.38857558,0.18887338,1.1271114,-1.1282403,0.15232722,-0.5135951,1.2678479,0.22930445,0.1707768,0.670547,0.9703532,-0.15750536,1.0973176,0.51344323,-1.035087,0.030703787,0.40857273,0.7464986,-0.18612492,-0.9328661,-0.18015675,-0.92975754,0.011910293,-1.9376966,0.79937065,0.2605599,0.38144568,-0.5796018,0.1663782,0.37806854,-0.59255373,0.5926976,-1.3647468,-0.106452286,1.4032342,1.301329,1.4826384,0.351874,-2.5491273,-0.10693314,1.8524169,0.5300844,0.4287711,-0.1180053,0.2787748,0.3518744,-0.5725153,1.5705941,0.145569,0.6499789,0.07643906,-0.52890956,0.8573692,-0.8107379,-1.6470498,0.95029426,1.2389212,-1.162422,0.42302758,0.9364043,-0.13203238,0.22454102,0.47635478,-0.6090028,0.9227428,2.0656717,0.23017813,1.2349862,-1.971414,1.2000551,1.0519367,-1.3348882,-0.63056064,0.8811305,1.6429503,1.3416648,-1.287262,0.9866669,0.895844,-1.2180438,-0.6721498,-1.6270441,0.4237053,0.5554943,0.38266212,1.133458,-0.20347638,1.6359497,0.6246533,-0.4790418,0.88947403,0.11429682,-0.8316136,-0.43233153,-0.14398341,-0.39181313,1.9328351,0.75869507,0.07561738,0.7338289,-1.127515,0.26635268,-1.5113488,-0.56329924,0.4212367,0.5816735,0.7526067,-2.0527356,0.76262397,2.2330394,0.40910998,-1.5448653,0.23556529,0.8539536,0
8b5be676-9118-4038-9d54-6b80b14e43dc.rna_seq.augmented_star_gene_counts,0.14183706,-0.091058865,0.1416598,-0.0914757,-0.20843613,-0.09921887,0.3896652,0.29652694,-0.22292922,0.32949346,0.0807436,-0.14225756,-0.43967667,-0.31514174,-0.42408842,-0.019947082,-0.20010045,-0.20554703,0.2886005,0.26894608,-0.47074035,-0.112704225,-0.2135327,-0.047266047,0.24316502,0.43109363,0.18086156,-0.1695775,-0.10991503,0.11436302,-0.21107075,0.08856004,-0.1355868,-0.3146971,-0.23397793,0.351765,-0.23937033,0.27167737,0.14044154,-0.015819345,0.045398317,-7.706905e-05,-0.003920503,0.12052082,0.4487772,0.15660453,0.36166295,-0.13705155,0.0050225602,0.10718597,0.058670398,-0.0069553326,0.39993182,-0.28207046,-0.3004417,-0.30908814,-0.018731214,-0.2844168,-0.3951227,-0.06297037,-0.080786526,-0.43106064,0.10900062,0.28220266,0.050309144,0.06256718,-0.095698714,0.31946054,0.17237869,-0.08674366,0.074754715,0.2106409,0.10730788,-0.39680123,-0.2724924,-0.2177121,0.05475485,0.06839169,-0.09224237,-0.17761178,0.065163694,-0.30344385,0.23258258,-0.1920529,0.012026256,0.2233017,-0.02728196,-0.3427393,0.055980474,-0.53326845,0.15324326,-0.17962182,-0.076720566,0.04347835,0.18981068,-0.12941599,0.02158783,-0.019593986,0.21789181,-0.034400504,0.20271587,-0.14440078,-0.2707535,-0.067002095,-0.32825246,-0.3124505,0.3002822,0.031805623,0.3012978,-0.09037113,-0.01855497,-0.18548352,-0.35293832,-0.17060478,0.2746928,-0.067922115,0.4569642,-0.12449837,-0.05809574,0.110426374,-0.25411117,-0.23086917,0.3316007,-0.101774715,-0.12692729,0.4563889,-0.179449,-0.19180684,2
8d2f240f-43c3-4e0d-a6cc-79f6b174dace.rna_seq.augmented_star_gene_counts,0.061227504,0.095227435,0.3373109,0.13018411,0.05397597,0.15134892,0.49774614,0.36509272,0.017087188,0.50098777,0.22574161,-0.3922738,-0.65360314,-0.5753136,-0.31703144,-0.17656174,-0.25683093,-0.16215742,0.46166727,0.16139507,-0.3408098,-0.03228392,-0.1841853,0.019646147,-0.103842385,0.10723407,0.23952243,-0.2539428,0.065579854,0.13496937,0.105037265,0.22162609,-0.12724149,-0.615797,-0.13756771,0.5469096,-0.33400473,0.60869867,-0.062070783,0.06806945,-0.13289511,0.111888565,-0.07955993,0.15280922,0.3259398,0.07838849,0.7913594,0.0005797696,-0.40549636,-0.1265723,-0.19287623,-0.04475164,0.8762386,-0.13283198,-0.43425947,-0.29280043,0.18653136,-0.059966657,-0.08060003,-0.27647704,-0.24988733,-0.6004921,0.72017294,0.08332255,0.5476497,0.23115265,-0.20940302,0.57519406,0.31383735,-0.11710005,-0.105537765,0.47430032,0.23239407,-0.7155704,-0.3932173,-0.25446758,0.035830256,-0.0016037988,0.00023293505,-0.26028165,0.109424315,-0.3782614,0.6783231,-0.32441026,-0.13282062,0.3009462,-0.30817375,-0.24237475,-0.55389696,-0.8009636,0.062597066,-0.42021406,-0.33000806,0.42959836,0.030817164,-0.16650194,0.319042,0.27657217,-0.121444285,0.10658607,0.20319149,-0.35431337,-0.36170086,-0.3069829,-0.38068846,-0.35760698,0.25304565,-0.13933162,0.5557468,0.29929996,-0.12663753,-0.054923765,-0.45767123,0.14387088,-0.070617385,-0.0060439063,0.5927461,0.20378424,0.22693223,0.09250619,-0.28645444,0.074185744,0.21528244,-0.6058015,-0.23325618,0.653785,0.014674557,-0.24982269,2
8d3d544f-6d1a-4cdc-8091-490311487ebd.rna_seq.augmented_star_gene_counts,-0.61359286,-0.22987281,-0.16141048,0.22914356,0.05037189,-0.3874881,-0.49894005,-0.2210819,-0.7189647,-0.10987335,-0.08008953,0.57346773,0.14659144,0.08648811,0.61366636,-0.093443386,0.046646334,0.48839897,-0.30544713,0.5578043,-0.28059027,-0.011455964,0.10433785,0.6806024,-0.512123,0.3271802,-0.35547924,-0.1315454,0.22136228,-0.35647625,-0.53248554,0.48628163,0.12971738,0.9511946,-0.054608583,0.30045283,0.58176214,0.06702179,0.032543454,0.085977435,-0.01810426,0.3028767,0.6727959,0.38141525,-0.3564598,-0.056662887,-0.073630616,-0.13795803,-0.5010363,-0.79589164,-0.16289552,-0.54854584,-0.12588686,-0.16837402,-0.102346644,-0.21097697,0.030435298,0.059615467,0.30399844,-0.3064549,0.15768705,-0.79452217,0.06328035,0.16763808,0.19665202,0.4088065,0.012974854,-0.30535546,-0.26803702,0.3718361,-0.9545159,-0.3353243,-0.40495002,0.08370454,0.5361041,0.6237189,0.2283404,0.1682378,0.23503812,-0.34848917,-0.09034294,0.30553457,0.44553053,-0.13646376,-0.6786136,-0.2402389,-0.23496482,0.1066932,-0.4932029,0.8823111,0.93269455,0.35980928,-0.51908237,-0.27197984,0.7378997,0.50123745,-0.5987125,-0.018724138,-1.1536287,0.01250879,-0.18349645,-0.30779985,-0.048803896,0.12121477,-0.38989383,-0.38046354,0.6410978,-0.06902948,-0.0416342,0.2637866,-0.43436775,-0.6712409,-0.16604187,-0.38668033,-0.27944422,-0.70389205,-0.22784355,0.31304213,-0.35434744,-0.29555047,-0.16517425,0.87006426,-0.97775304,-0.45225242,-0.13212816,0.485486,-0.037196968,-0.35369724,0
92e64d91-88d8-4b1f-ab56-b593748b9f19.rna_seq.augmented_star_gene_counts,-0.23417601,0.4286003,0.026257867,-0.4308693,0.41107258,0.049185734,-0.3635775,-0.8189349,0.26163033,-0.1301758,-0.08570459,-0.5508119,0.27579516,0.7018176,-0.13790327,0.26847273,-0.064292155,-0.046924602,-0.5559897,-0.8197984,0.69729507,-0.371586,0.08966318,-0.008787536,0.29752406,-0.5595587,0.5150568,0.7113886,0.04764287,-0.25174809,0.41021115,-0.3570733,0.8514548,-0.6227126,0.29491413,-0.19215289,0.56975037,-0.14957501,-0.23745118,-0.11584386,0.17879587,-0.46436024,0.059992652,-0.6062662,-0.48164994,-0.5379038,-0.23739627,0.4290383,-0.43453103,0.17332023,-0.42421934,0.47718015,0.18376236,0.18321188,0.30188894,0.5139894,0.32482177,0.29649606,0.39968345,-0.06687452,-0.13978922,0.3231581,0.03674706,-0.09819335,0.09819529,0.011034065,0.10379257,0.056634158,0.66868484,0.40858892,1.1142077,0.1397622,0.037196152,0.02386675,-0.034656726,0.009094915,-0.38942757,0.09538009,-0.02320591,0.33752635,-0.008541845,-0.064261675,-0.27949384,-0.09803619,0.51211697,-0.54285854,0.23182203,0.43972075,-0.22318763,-0.135721,-0.045034964,-0.24098867,0.18935034,0.5584104,-0.55243444,-0.15963505,0.82245165,0.55028695,0.07398595,0.07369826,-0.31037107,0.04272932,0.40641564,0.17373385,0.06498127,0.27692327,-0.5216152,0.6400957,0.011986649,0.37977195,0.01275407,0.34824112,0.68557113,0.40102947,-0.54818654,-0.08783396,-0.23625256,-0.11945946,0.4321567,0.37838867,-0.013407883,0.46999493,-0.78966826,-0.04773574,0.3435336,-0.19641289,0.22013937,-0.03859434,0
92e7a9c0-ea88-419e-9afa-e7db5c8967b5.rna_seq.augmented_star_gene_counts,0.46268603,-0.053350132,0.09527105,-0.18177226,-0.26403284,0.28131276,0.7722303,0.33535728,0.030531446,0.7515939,0.20819575,-0.6604806,-0.62079334,-0.8353876,-0.18550284,0.09667785,-0.28344446,-0.3326059,0.6680106,-0.012467103,-0.6232976,-0.11675509,-0.23668988,-0.23626645,0.118392795,0.286908,-0.021954877,-0.11209233,0.18561038,0.2822146,0.2442829,-0.12242915,-0.1856163,-0.41909578,-0.45289326,0.4166227,-0.7197868,0.65063584,0.10666437,-0.02587223,-0.09658624,0.2617347,-0.45581028,0.0100747105,0.5690194,0.13426422,0.7191414,0.010704533,-0.20179963,0.22423676,0.050490588,-0.082171865,0.845211,-0.11286882,-0.6921118,-0.14892922,-0.07546121,-0.06309778,-0.5228012,-0.13215078,-0.12193211,-0.47684768,0.33918825,0.03101436,0.3221818,0.26075226,-0.31550276,0.35860124,0.4068136,-0.27877933,-0.07777592,0.6371288,0.32694867,-0.7211084,-0.64708483,-0.47213826,-0.03380516,-0.011405229,0.14528653,-0.09326196,-0.09101127,-0.7122811,0.65019846,-0.55831575,-0.011292349,0.5644138,-0.2115916,-0.20119293,-0.51764417,-1.1179974,-0.025589434,-0.78179175,-0.037941992,0.42154193,0.111070134,-0.3122832,0.17805013,0.083899714,0.5026828,0.050585385,0.23635949,-0.26206872,-0.23357524,-0.34337202,-0.7321119,-0.38441226,0.27058455,-0.102938354,0.71297413,-0.054496735,-0.007272163,-0.11281138,-0.28887716,0.005938988,0.3531894,0.021764906,1.2083037,0.1714094,0.35004395,-0.020617947,-0.32634798,-0.27649584,0.63654435,-0.4485154,-0.13463576,0.46236527,-0.1929884,-0.44931427,2
93f26994-d3de-4c8a-bfde-86af8d85b01a.rna_seq.augmented_star_gene_counts,0.006789329,-0.045239456,-0.010959029,-0.14594796,0.15688212,-0.05328881,-0.29527166,-0.04011424,0.017148247,-0.2138393,-0.12005071,0.04590645,0.16158825,0.41071776,-0.20043576,0.11568657,0.09574895,-0.53004897,0.096931376,-0.13159871,0.25001308,-0.031723812,0.032088395,-0.02861743,0.38186532,-0.24846305,0.3801279,0.1939124,-0.20325431,0.029059283,-0.0623704,0.17595378,0.06812305,-0.42042765,-0.16367753,-0.36193782,0.06031567,-0.455077,0.043152403,0.20031346,0.16447376,-0.21051846,-0.28270084,-0.055516716,-0.17630975,0.05529049,-0.362452,-0.0051830355,0.5244736,0.4605827,0.42788887,0.29562813,-0.523683,0.1606521,0.28637227,0.013413547,-0.056440804,0.051186908,0.13723986,0.13258189,-0.14107338,0.33258313,-0.060033817,0.3523149,-0.11202023,-0.14590627,0.3570388,-0.22703391,-0.48577362,0.1419683,0.35911626,-0.2614016,0.3834959,0.14619298,-0.24494904,0.037082866,0.13106377,-0.0042191856,0.25198916,0.21411346,-0.0042896145,0.31548095,-0.23902322,0.35600358,0.55553275,-0.2812102,-0.004490917,0.091609746,0.6342311,0.31361416,-0.40314463,0.2625547,0.2505998,-0.25085747,-0.295751,-0.44995028,-0.03571963,-0.05844357,0.13838284,0.37914085,0.21145615,0.410549,-0.07707658,0.06251334,0.052321646,0.11117335,-0.42900363,-0.1896679,-0.042806428,-0.21718185,0.5556555,0.028059939,0.16201065,0.31779456,-0.16492061,0.25207677,-0.15691608,-0.2205822,0.03186023,0.024283499,0.102968805,-0.4319044,0.40673503,0.46711636,-0.101966634,-0.317776,-0.12905896,0.36159647,0
93f8d395-2512-41fc-992e-236b706dd281.rna_seq.augmented_star_gene_counts,-0.038515523,-0.046257872,-0.19295752,0.17704633,-0.2660414,0.14747249,0.13946061,-0.009282559,0.016511707,0.32064196,0.07560796,-0.5153944,-0.42052922,-0.5690956,0.2606266,-0.20766446,-0.33908102,0.13760337,0.062026832,0.47377035,-0.39514855,-0.022033984,0.013600546,0.18969266,-0.118040204,0.0272231,-0.20190658,0.07861878,0.63370043,-0.027401501,-0.037568502,-0.17979248,0.20132025,0.44316486,-0.11652503,0.041556656,-0.13134153,0.8178924,-0.18706936,-0.23526964,0.10010787,0.19686656,0.573709,0.039678335,-0.082422264,-0.016020408,0.6859147,-0.2934747,-0.4577823,-0.55092746,-0.37007013,-0.4748042,0.70975167,-0.13371703,-0.66707,-0.3602227,-0.034580678,-0.16654037,-0.3015249,-0.3293434,-0.28359547,-0.83613545,0.45763668,-0.1271835,0.5837064,0.20167461,-0.44791847,0.512227,0.3469037,-0.2571636,-0.7247051,0.22812623,-0.12017154,-0.45419484,-0.03695209,-0.33538526,-0.42649716,0.0939513,0.14278696,-0.55561614,-0.037009645,-0.4998704,0.9677365,-0.25042048,-0.6328088,0.17713585,-0.31573212,0.31295374,-1.2713343,-0.112192795,0.6478176,-0.34439534,-0.54680866,-0.108715005,0.4810166,0.18333875,-0.007506693,0.49173766,-0.324837,0.038954433,-0.053290617,-0.5540323,-0.3559315,-0.013489616,-0.7124335,-0.53460854,0.6579757,-0.14372854,0.82398677,0.12186806,-0.43066987,-0.3622498,-0.36343816,-0.18728106,0.15095538,-0.14427283,0.62855905,-0.021055212,0.16979997,-0.21346994,-0.0038780323,0.7215825,-0.3205961,-0.30565742,0.18435258,0.44804344,-0.1282741,-0.56590575,2
94027f46-390c-4dda-ab89-cb1ac0a291cd.rna_seq.augmented_star_gene_counts,-0.02772898,-0.15979594,0.16105846,0.1622464,0.14944074,0.15931235,-0.2625526,-0.14120196,-0.05557925,-0.0812594,-0.02798857,0.29767594,0.1048363,0.23705699,0.005469829,-0.047014248,-0.08086097,0.113292575,-0.029565677,-0.28076982,-0.047147784,0.14083649,0.076328665,-0.14926733,0.057853866,-0.12749419,-0.13121928,0.1205893,-0.012738614,-0.14070359,-0.09129648,0.031056425,0.060431853,0.099224836,0.23219967,-0.036811974,0.13781217,0.10333586,-0.12879746,0.017394483,-0.035812866,0.04809067,-0.018348558,-0.14747474,-0.041420437,-0.25402945,-0.29191497,0.018755648,0.09099001,-0.06228044,-0.19742425,0.084188074,-0.025803685,0.030457249,-0.09122091,0.05906915,-0.113236554,0.09895184,0.13770908,0.028641703,0.13066845,0.12884714,-0.2640345,-0.06689594,0.0053063347,0.050270047,0.23087281,-0.058210175,0.19958384,-0.066478774,0.021818185,0.20784406,-0.059567306,0.020752123,0.27126488,0.0013771859,-0.01511374,0.07019584,-0.0047287126,-0.19338223,-0.29705796,0.12580562,0.023032904,0.024257,-0.05814724,-0.015128275,0.097203895,0.068708524,0.031024378,0.25798196,0.12545842,0.077924274,0.047975257,0.10023902,-0.10135017,-0.0346113,0.008148213,-0.22948271,-0.15462127,-0.111419745,-0.07001149,0.12142255,0.05949386,0.058085125,0.15349363,0.0071759704,-0.08557118,0.16430464,-0.186884,0.14566858,0.0068091485,0.0070381346,0.36925882,-0.014794126,0.011152742,0.08219087,0.032892626,0.010411789,-0.120120674,0.1872629,-0.3124287,-0.064212374,-0.40370926,-0.092357926,0.16496502,-0.014448386,-0.0067096483,0.053181347,0
948f1e9e-702b-4f42-a766-fb6b4976b14d.rna_seq.augmented_star_gene_counts,0.14555399,-0.06719823,0.2619475,0.05868703,0.23409446,0.28121275,0.10006314,0.10832799,0.07547483,-0.15448834,0.10374707,0.0739011,-0.039956644,0.06115581,0.019018542,0.21593975,-0.15704206,0.2084034,0.04359105,-0.17928585,0.035788752,0.094246395,0.19644834,0.011119088,0.05699341,0.018395986,-0.11038436,-0.023749866,0.083517574,-0.1775526,-0.16942659,0.02013921,0.29710189,-0.050512765,0.13304725,0.26335615,-0.07223694,0.31207952,-0.002291128,-0.008680943,0.09153443,0.0766499,0.1839357,-0.32002756,-0.006049092,-0.4277766,0.2973333,0.0045609456,-0.23312166,0.09999406,-0.39572152,-0.08077807,0.31383672,-0.011453203,-0.09621168,-0.01966524,-0.0659786,0.16329055,0.0727737,-0.039993614,0.060518485,-0.17352179,-0.19309512,-0.28586006,0.22645712,0.19870047,0.13617302,0.083575256,0.21746938,-0.07196824,-0.04269418,0.1576396,0.050398752,-0.30816656,0.09096134,-0.037929732,-0.10947401,-0.0060600294,-0.004708627,-0.07885868,-0.2592924,-0.22774023,0.13876304,-0.25889125,-0.09052566,0.082883,-0.046117797,0.08673374,-0.2936215,-0.2654265,0.13274589,-0.119885266,-0.0009605246,0.13741806,0.06944756,0.03251131,0.29809612,0.04953972,-0.010400178,-0.22295496,-0.1333727,-0.052911367,0.032259,-0.14772062,-0.039033104,-0.07301811,0.12021515,0.16977973,-0.13633303,0.18762282,-0.10143489,0.04449353,-0.02148751,-0.047586393,0.005308133,-0.03187057,0.16510862,0.054531034,0.089506656,0.13192251,-0.33267552,0.11345693,-0.21531121,-0.36877984,0.17544416,0.2539701,0.008302683,0.0018011273,0
9935bf3a-de25-401c-bf1b-5225a62b24f7.rna_seq.augmented_star_gene_counts,-0.30381864,0.27483732,-0.34682694,-0.639373,0.31501052,-0.16138324,-0.83318794,-1.0443728,0.5784415,-0.4857782,-0.5349109,-0.12176244,0.7259369,0.5060013,0.15258163,-0.17494051,-0.032926846,-0.26720816,-0.65891296,-0.62440103,0.6454088,-0.2303399,0.041377205,-0.109927624,0.07293857,-0.66614777,0.14895079,0.38659364,0.18399693,-0.1427468,0.6555861,-0.015455192,0.6805305,0.0028029731,0.13998884,-0.5575653,0.60034764,-0.9423049,-0.11989909,-0.28100413,0.101082616,-0.33951846,0.5142101,0.15147051,-0.59011513,-0.32358158,-0.55532205,-0.10800825,-0.33227754,-0.17075771,-0.22155413,0.29795852,-0.58546704,0.56521744,0.52482796,0.6147742,0.263831,0.059496198,0.45519784,-0.0013025051,-0.6367792,0.5929064,-0.41220474,-0.3317801,0.278993,-0.41077664,0.71376026,-0.33669794,0.58303696,0.13689026,0.80466956,-0.08961417,-0.62821287,0.55310374,0.31188008,0.041036587,0.06804165,0.0074328533,0.22779478,0.44345903,-0.02894285,0.50659317,-0.438205,-0.004913793,0.04571201,-0.66693026,-0.04036929,0.5683558,0.25313747,0.6699439,0.54119724,0.34602156,0.1617632,-0.18724191,-0.5149865,0.023349354,0.5700608,0.20740409,-0.3256959,0.049437672,-0.34943688,-0.036061343,0.69603497,0.5466931,0.37280238,0.4968829,-0.63048947,0.52748716,-0.20191571,0.30646998,0.19467564,0.4173569,1.1500081,0.23625292,-0.6299816,0.30494177,-0.36357495,0.14902805,0.047605094,0.41754025,-0.15786235,-0.33069444,-0.66178614,0.44076502,0.48616537,-0.6405552,0.28122953,-0.14634319,0
99d31369-3db2-4631-bc62-1aa6927476ad.rna_seq.augmented_star_gene_counts,0.3384567,0.30757374,0.13784471,0.09829309,-0.31730852,0.61978066,0.88170934,-0.07681745,0.4082944,0.60143477,0.4323559,-0.70797044,-0.7937396,-0.7059259,0.19981936,-0.05918463,-0.49041998,-0.25399077,0.4368817,-0.107200034,-0.019859014,-0.114029445,-0.16124874,-0.07518193,-0.051171448,0.2223212,-0.07228106,-0.32329214,0.6120511,0.11794922,0.45650318,-0.31019646,0.15085635,-0.3068272,-0.5051343,0.2671762,-0.4667164,0.9905032,-0.2428923,-0.23416281,-0.25608337,0.17189828,-0.058927167,-0.18736972,0.3403497,-0.24771771,1.1481563,-0.25124836,-0.46751335,-0.07328903,-0.51586056,-0.2064794,1.3977224,-0.25769728,-0.55360526,-0.22869307,0.13794918,-0.14181185,-0.18627885,-0.36504823,-0.46631947,-0.7523586,0.5978964,-0.5050527,0.5542199,0.437905,-0.5357141,0.45854822,0.90541023,-0.31017265,-0.42174134,0.6964643,0.13606663,-0.83152586,-0.4653539,-0.28850412,-0.31708318,0.38590756,0.12655018,-0.16555806,0.042675167,-0.76716727,0.78571117,-0.3131171,-0.24750192,0.2675173,-0.40443105,-0.08988195,-1.1618159,-1.4786228,0.23304603,-0.989186,-0.3294468,0.4331203,-0.051838137,0.026334774,0.4879492,0.4909163,0.22308853,-0.11418716,-0.18064561,-0.31251246,-0.26973146,-0.11962321,-0.7774214,-0.53380245,0.12975785,0.1280479,0.6796759,0.3335245,-0.29807463,-0.058323856,-0.29104203,0.20356396,0.08521856,0.025805473,1.2766178,0.4349247,0.62580633,0.009745854,-0.03302207,0.5142479,0.001107343,-0.6987297,0.092484124,0.53437006,-0.17863078,-0.4198759,2
9d515fd5-009a-4c32-95e7-042909d70b9f.rna_seq.augmented_star_gene_counts,-0.13312404,0.21714841,-0.14777257,-0.30734995,-0.20650397,-0.47885635,-0.48701748,-0.10645756,0.09481029,-0.25181374,-0.106157586,0.101857066,0.5947594,0.88210666,-0.4546927,-0.2479085,0.55759335,-0.97411597,0.27012414,-0.14649545,0.694279,0.23661283,0.11387548,0.4314179,0.52358174,0.060373206,0.49048433,-0.11044649,-0.98456407,0.12027029,0.095085554,0.3348599,-0.6708725,-0.97203076,-0.48831084,-0.58402747,-0.17823547,-1.0671749,0.7558198,0.3090126,0.40493107,-0.05461582,-0.03864724,0.46326977,-0.31874266,0.36075753,-0.6045615,-0.04953909,1.2697003,1.0427271,1.2960316,-0.094130814,-1.4628358,-0.29872468,1.0703748,-0.057047125,0.34863997,0.068784535,0.001311366,0.4442594,-0.060042776,0.8495048,0.39333025,0.6834945,-0.23106214,-0.2509149,0.44660935,-0.53625685,-1.5628939,0.5687057,0.5056856,-1.1045961,0.537796,0.44136333,-0.057536528,0.27153453,0.5593,-0.33112702,0.54821134,0.9942933,0.027043259,0.88786846,-1.2252257,0.8336147,0.8840228,-0.6668404,-0.27050623,0.23795931,1.4753568,0.87440825,-0.9103561,0.5350262,0.89143,-0.84112763,-0.21769607,-1.0841193,-0.2994482,-0.05359732,0.48379138,0.5050941,0.17372054,0.98136383,-0.058314435,-0.21881194,0.57024354,-0.041094188,-0.5674148,-0.60212576,-0.08079008,-0.5171071,1.1601577,0.46005097,-0.16188525,0.55122685,-0.14511496,0.30872402,-0.83846164,-0.73907703,-0.062285814,0.1345321,0.55221725,-1.6821468,1.1002964,1.451797,-0.1479806,-0.8164918,-0.11041374,0.5364218,0
9da89066-8d82-4ace-80e1-889d3c73c8eb.rna_seq.augmented_star_gene_counts,-0.009859409,-0.14921525,0.19153057,-0.20210741,-0.034387484,0.08502806,-0.3622004,0.056761444,-0.05739445,-0.13947113,0.10394971,0.04115781,0.06464091,0.25256437,-0.018741582,0.108244084,-0.011187228,-0.39268297,-0.0031460733,-0.24714749,0.16101836,-0.034839064,0.08108949,-0.2509726,0.29275653,-0.36047134,0.2991128,0.19865665,-0.19496152,-0.03746355,0.1515108,-0.030814532,0.056273937,-0.30191955,0.015243223,-0.19818968,0.015328001,-0.26585555,-0.11048873,0.059916515,-0.14103445,-0.14734635,-0.19802584,-0.053681415,-0.023284126,-0.10908195,-0.08820803,0.034019962,0.42968506,0.28345013,0.12640817,0.05314103,-0.18103936,0.042704117,-0.04777124,0.038809177,-0.16156955,0.092649564,0.064329304,0.070432045,-0.20187195,0.23289135,-0.11989025,0.21717817,-0.0015918039,0.021177575,0.21389809,-0.14139043,-0.08479534,0.05884278,0.28179687,-0.1286913,0.28813028,0.021025771,-0.07728728,0.0065074083,-0.0060595386,0.16741067,0.17265213,0.09794909,-0.089032464,0.16525516,-0.13172424,0.118159905,0.3667463,0.08331895,-0.041392248,0.020417888,0.2827647,0.033107154,-0.24771075,-0.01992458,0.26676401,-0.017550314,-0.2774353,-0.31604943,0.122307524,-0.06361632,0.13904221,-0.018668156,0.1623144,0.23825257,-0.12672494,0.14991206,0.11695709,0.08424161,-0.29969394,0.053670608,-0.12404305,0.029098649,0.25471678,-0.086296916,0.2623143,0.17863113,-0.013120809,0.22957644,0.07616798,-0.25215548,-0.024891865,0.14967039,-0.10041574,-0.21218058,0.11912745,0.16724998,-0.08162919,-0.1736328,-0.011191033,0.18846573,0
9fb65d01-d51d-4cbb-99f3-a09f5d6c206b.rna_seq.augmented_star_gene_counts,-0.051584654,-0.33564705,0.008120744,0.12785175,0.21279198,-0.19864713,-0.23205683,0.07733706,-0.2288889,-0.032428134,-0.115066774,0.18265043,0.0063770697,-0.08336458,0.23287301,0.027628671,-0.14559564,0.32554933,-0.14051013,0.29452252,-0.18906231,0.0076683084,-0.07373044,0.20130587,0.057307713,0.023381729,-0.25700894,-0.075002104,0.20372057,-0.17893943,-0.2743004,0.1661874,0.23303461,0.58368033,0.10496856,0.21686628,0.20977522,0.23504613,-0.0565344,0.042174608,0.03857515,0.0577606,0.2888533,-0.10464934,-0.13064086,-0.116499156,-0.11213599,-0.053655244,-0.11659573,-0.21177843,-0.2031351,-0.24786565,0.16173367,0.101161845,-0.4526952,-0.050128277,0.1514219,-0.002087879,-0.09605727,-0.18026824,-0.04913579,-0.34754324,-0.017155197,0.12321105,0.1316219,0.1819891,-0.010324839,-0.07324566,0.030595599,-0.038221963,-0.5474764,-0.038866132,-0.42969564,0.103784926,0.24348426,0.13472259,-0.0022163005,0.087212324,0.002702774,-0.38036132,-0.16074017,-0.003512054,0.38774282,-0.28509837,-0.44592118,0.14252496,0.0678466,0.21500278,-0.2929075,0.3036522,0.41942054,0.11637009,-0.22849691,-0.119291686,0.34966195,0.14166342,-0.19116032,-0.07725478,-0.31324375,-0.15571694,-0.030224554,-0.18752599,-0.22329496,0.094572134,-0.14515147,0.067488775,0.42306772,0.022922555,-0.04475738,0.063464925,-0.35255075,-0.16062145,-0.041050687,-0.33947152,0.15296194,-0.31436548,0.028514832,-0.10209793,-0.24147396,-0.27983773,-0.14682809,0.2544913,-0.35981792,-0.24472302,0.13302295,0.34195694,0.054776315,-0.020437628,0
a31cd337-8f1a-451d-9b90-b722590d3105.rna_seq.augmented_star_gene_counts,-0.013645484,-0.08192483,0.009303583,0.23336682,-0.06544004,0.061095424,0.09051008,0.21672882,-0.07969632,0.098518796,-0.03686962,-0.17535032,-0.26371968,-0.36968654,0.22027817,-0.08592068,-0.17695221,0.12057051,0.1551238,0.39785352,-0.40887582,-0.12615678,-0.052351553,0.04738425,-0.044251822,0.051679704,-0.2508474,0.14493172,0.2595653,-0.10377634,-0.10011646,0.026804453,0.06873168,0.42668417,-0.075560465,0.17190306,-0.04149945,0.4719941,0.043988463,-0.09994142,0.03879524,0.15697761,0.26073742,-0.038697716,0.03572879,-0.06277163,0.33406785,-0.06668101,-0.28149948,-0.24524581,-0.10725767,-0.30334452,0.3731703,-0.08757921,-0.53900564,-0.30970132,-0.07576585,-0.15892187,-0.29413337,-0.1647654,-0.19226466,-0.53504795,0.19989286,0.06367207,0.24789573,0.25815946,-0.19886152,0.25275493,0.123841114,-0.14339136,-0.5090418,0.10327585,-0.06595305,-0.24840999,-0.0412563,-0.030507695,-0.20468079,0.056314074,-0.053972717,-0.30328026,-0.17814368,-0.45097163,0.5676637,-0.28655827,-0.31864852,0.22038764,-0.25861427,0.11382471,-0.49844965,-0.011769886,0.31919235,-0.050882664,-0.4081421,-0.12055536,0.424907,0.3003866,-0.09072814,0.19888023,-0.20711905,-0.032693896,0.07661465,-0.28537044,-0.29231966,-0.11407919,-0.42632023,-0.3811407,0.5976639,-0.13413882,0.35913023,0.06499689,-0.28198254,-0.3550118,-0.25595346,-0.22839868,0.08923974,-0.099379085,0.31564718,-0.18788356,-0.07777307,0.05768304,-0.15640977,0.3289068,-0.27659315,-0.38937715,0.12638107,0.32661948,-0.23802073,-0.17605197,2
a3595c7e-948b-4d93-a623-477d7af84e15.rna_seq.augmented_star_gene_counts,-0.12664229,-0.25511852,-0.038539764,0.114876136,0.051038813,0.08410822,-0.38030934,0.14037108,-0.13832161,-0.047516428,-0.076892674,0.27863875,0.060404766,0.08808061,0.2780049,-0.17511463,-0.20831205,0.55964714,-0.20370321,0.28990555,-0.18211505,0.16053101,0.29415506,0.28600463,-0.33141688,0.08657256,-0.3776683,0.043113146,0.3574667,-0.32444155,-0.30300802,0.27948904,0.23047444,0.7975989,-0.03968962,0.10407472,0.28868148,0.33408326,-0.17290236,0.061204065,-0.022868745,0.001772138,0.47116542,-0.027640345,-0.18368487,-0.26601282,0.0055161132,-0.09239258,-0.2775799,-0.651238,-0.28894785,-0.43156433,0.046370998,-0.19384983,-0.36139417,-0.18021968,0.022800254,-0.022538656,-0.018276198,-0.16538101,0.14006445,-0.6010513,0.124738276,-0.14020562,0.16924182,0.26681954,0.020120509,-0.08238057,0.09337983,-0.006928757,-0.54165626,-0.12642935,-0.3858768,-0.021624003,0.53380257,0.20260319,-0.09707958,0.095451415,-0.07524357,-0.5482827,-0.15445101,0.06502364,0.47988167,-0.10156836,-0.5913003,0.17332666,-0.022279475,0.19957918,-0.5103445,0.49453136,0.54054064,0.11889386,-0.45135966,-0.13147084,0.43245688,0.24303444,-0.39276937,0.012908756,-0.6524522,-0.17482364,-0.09441266,-0.24250528,-0.027858023,0.0827678,-0.17231897,-0.23416403,0.5505618,-0.0060911532,-0.13520327,0.29155728,-0.49551317,-0.05078231,-0.05189486,-0.32929665,-0.106993586,-0.17475916,-0.029871397,-0.04519887,-0.21075726,-0.083840445,-0.27283582,0.7207899,-0.6956878,-0.40544456,0.11581289,0.38385177,0.028255055,-0.16859938,0
a3624554-07c8-41d7-9b6b-f4cbf9de9301.rna_seq.augmented_star_gene_counts,0.5501851,-0.083698526,0.40226215,-0.19005153,-0.27180994,0.1642087,0.49189416,0.66009086,-0.05480002,0.354231,0.0024514324,-0.24325493,-0.47585177,-0.6499653,-0.51034087,0.0831034,-0.17388482,-0.47971323,0.4259322,0.07096219,-0.16227062,-0.1296281,-0.19958858,-0.33496106,0.46265084,0.33200577,0.33216354,0.028505152,-0.14863293,0.06658123,0.34763744,-0.00425735,-0.26696616,-0.8343697,-0.43318313,0.116926596,-0.46108875,0.39435247,0.047442798,0.063846394,-0.18977532,0.03478068,-0.69525623,0.020869203,0.6204457,0.3755148,0.5544113,0.059245884,0.13972162,0.40477726,0.39881283,0.21120393,0.32009375,-0.15341328,-0.36861935,-0.16781653,-0.073554836,0.04307043,-0.32556066,-0.03854835,-0.24795616,-0.29655617,0.33220404,0.32117918,0.38171822,0.13107075,-0.17844333,0.1924743,0.09538836,-0.03056141,0.24026126,0.20474775,0.36755925,-0.7540511,-0.66440517,-0.36445233,-0.058914147,0.07204,-0.04139905,0.07015785,0.12808058,-0.4066981,0.018933868,-0.17086387,0.3786642,0.4439524,0.008272882,-0.40319675,0.17717405,-1.098447,-0.34908706,-0.55261743,0.048359815,0.32222998,-0.119048476,-0.675958,0.3124533,-0.03994933,0.61758846,0.15727362,0.5033734,-0.07315907,-0.29339665,-0.28050807,-0.3865223,-0.64366573,0.24761347,-0.030782597,0.2747894,-0.13828073,0.11606797,-0.0898144,-0.15183982,0.23685142,0.17912237,0.115151085,0.84072703,-0.03658039,0.17249517,-0.062101774,-0.0631913,-0.3975626,0.7496376,-0.23416713,-0.30729562,0.35461414,-0.31533772,-0.2477049,2
a7428d3b-f84b-4c2f-a996-14a11af6b6df.rna_seq.augmented_star_gene_counts,-0.29969534,0.034862373,0.14230555,0.113417335,-0.01289908,-0.64246166,-0.070650734,-0.031715665,-0.3047002,-0.09596187,-0.0948701,0.41418147,0.18182643,0.48515093,0.14237845,-0.021683173,0.43278834,0.1436599,-0.088913254,0.40683123,0.10080385,-0.026849817,-0.04327594,0.61808944,-0.09405225,0.4031423,-0.10629182,-0.2812104,-0.36951286,0.020837935,-0.46045357,0.23557673,-0.5033237,-0.14425041,-0.3078307,-0.10448385,0.2812521,-0.39753443,0.2730708,0.25639012,0.40102845,0.20037176,0.16268156,0.05567119,0.013772307,0.28057763,-0.36023098,-0.3930192,0.24144964,0.013495815,0.6370335,0.02358391,-0.6152631,-0.31333464,0.2731993,-0.15179184,0.36130744,-0.14992942,0.34931487,0.26655626,0.13324438,0.115951784,0.18321851,0.2902264,-0.19366293,-0.086781494,0.008199097,-0.3895394,-0.64013165,0.5482964,-0.48563263,-0.3445927,-0.18351422,0.38170388,0.14760691,0.43395898,0.4819507,-0.1924557,0.1789663,0.27432182,0.061013315,0.43195766,-0.34602752,0.089403965,0.108430274,-0.6365285,-0.043646224,0.19009608,0.43367898,0.6762983,-0.09722919,0.39870787,0.02604067,-0.5929363,0.51355976,-0.18494067,-0.61747193,-0.2920937,-0.16012774,0.09062214,0.10136614,0.44243562,-0.21045484,-0.26350942,-0.0987625,-0.22606766,0.11616167,-0.31909165,-0.14783372,-0.1716464,-0.013325139,-0.09154772,-0.44791004,-0.20384625,-0.064724945,-0.3067607,-0.41107145,0.02717643,-0.2629532,-0.2697109,0.2967856,-0.47780085,0.14092562,0.32573292,-0.25079352,0.11930706,0.013199262,0.09645366,0
a8e0466b-d106-44b7-b846-c4fb666715f5.rna_seq.augmented_star_gene_counts,0.24924694,-0.13229555,0.09680377,-0.016254751,-0.018195419,0.35173246,0.32915047,0.18541816,-0.056368,0.3650181,-0.046163276,-0.27868137,-0.42623648,-0.45911324,-0.14398998,-0.10162666,-0.24037911,-0.110803954,0.34614182,0.1913308,-0.28906772,-0.08610009,0.021633457,-0.17686923,0.1633931,0.116344385,-0.065920115,0.021201607,0.14487784,-0.029269077,0.12604755,-0.17290819,0.09185464,-0.109058484,-0.07790453,0.33570278,-0.32344562,0.5553082,0.15655005,-0.2187239,-0.114198804,0.19539207,-0.24392205,0.030368568,0.3245179,0.08213538,0.33703437,0.011423219,-0.18052755,0.046784304,0.023990981,-0.14780633,0.5320945,-0.06450043,-0.39521575,-0.18085538,-0.07396401,-0.06898602,-0.36560386,-0.12117823,-0.23783728,-0.29499018,0.114229165,-0.03945105,0.1278478,0.16974851,-0.19268769,0.32918897,0.35916588,-0.18598099,-0.18201171,0.37206626,0.1099921,-0.3687112,-0.20226625,-0.3482145,-0.036960628,0.092649214,-0.13396406,-0.12325218,-0.106361754,-0.3300208,0.43712062,-0.30747265,-0.014469053,0.26087686,-0.19817077,-0.13953917,-0.2569116,-0.51868653,0.015081681,-0.38113946,-0.05519305,0.08720133,0.048037052,-0.20158067,0.21881518,0.009593033,0.13654768,-0.03546111,0.05379277,-0.23234612,-0.17207281,-0.14766908,-0.5489372,-0.23689298,0.40082085,-0.003116062,0.43021694,0.07737959,-0.069141775,-0.19387342,-0.23155335,-0.025399873,0.16406937,0.013003066,0.7117765,-0.005624006,0.03318062,0.122963265,-0.30812266,-0.055094328,0.34385657,-0.2277412,-0.029939437,0.3121006,-0.1891553,-0.2673405,2
aad82145-5742-4ef6-9de3-2c57e84642fc.rna_seq.augmented_star_gene_counts,-0.19159654,0.20941313,-0.17199764,-0.2609508,0.3558626,-0.01696117,-0.76258576,-0.7076246,0.37975562,-0.4704613,-0.3223226,0.09391886,0.4474285,0.3883808,0.0950898,-0.23071751,-0.0016887219,-0.068791054,-0.37833855,-0.23115975,0.3715964,-0.115429565,-0.16132486,0.06997446,0.019143315,-0.38321137,-0.063987024,0.30267084,0.05741112,-0.16266824,0.26844493,-0.07923673,0.45360228,0.2259781,0.14280596,-0.26040393,0.5198815,-0.45035806,-0.06894917,-0.09086438,0.119016424,-0.095781974,0.2295235,-0.09140328,-0.40100443,-0.43164793,-0.3297606,-0.07598964,-0.22079867,-0.35511607,-0.29714903,0.10599644,-0.31256676,0.13047862,0.2784264,0.4091748,0.22924532,0.19201234,0.35935044,0.07019223,-0.2023349,0.5471023,-0.35829732,-0.13886532,-0.06965406,-0.20566677,0.23501341,-0.24460053,0.4579947,-0.12265329,0.5081768,-0.046546854,-0.44233516,0.51084226,0.49284035,-0.08451126,0.2011144,0.0644915,0.056117892,-0.041776065,-0.07863913,0.32770815,-0.29917812,0.07926413,-0.23245735,-0.32315874,0.034901917,0.45186603,-0.07535466,0.6215252,0.44654056,0.25143006,0.15240526,-0.03776923,-0.28394708,0.066146076,0.30577666,-0.1600018,-0.40241802,-0.040742956,-0.17545865,0.044533577,0.35821915,0.34894913,0.34476995,0.24210033,-0.32437906,0.32552645,-0.30484435,0.4063374,-0.047266286,0.22762795,0.7721247,0.14287113,-0.2664631,0.20219146,-0.28317553,-0.053599935,-0.018277733,0.1627733,-0.23335955,-0.13635164,-0.7249281,0.038564328,0.39021954,-0.18582636,0.1640887,-0.04180591,0
ad44b37b-0bd2-4289-b03f-d52858da2d0f.rna_seq.augmented_star_gene_counts,0.348331,-0.1311108,0.29660448,-0.03534096,-0.055026393,0.278059,0.3957674,0.21604088,0.11884839,0.27501056,0.11379824,-0.3243373,-0.42190757,-0.4412436,-0.12753609,0.08638675,-0.16251168,-0.21625425,0.45200998,0.097324386,-0.22853103,-0.12632108,-0.059554584,-0.24815811,-0.08875469,0.12992214,0.04593923,0.016153328,0.22183268,-0.032021366,0.07966015,-0.1360488,0.04117237,-0.24648863,-0.17512687,0.27455023,-0.39351514,0.6267838,0.06432569,-0.07602846,-0.0931861,0.27797177,-0.10652158,-0.042502176,0.22312416,-0.084398225,0.50568473,0.017358275,-0.23733898,-0.016957922,-0.1083098,0.032675263,0.7496881,0.014415036,-0.43683472,-0.19303605,-0.0789034,-0.0023071028,-0.2877846,-0.06617642,-0.13202389,-0.39587292,0.27770156,-0.10913306,0.23279434,0.29758874,-0.1751785,0.23989333,0.38301232,-0.23768984,-0.26638556,0.31753376,0.29106206,-0.65351695,-0.29540735,-0.33262345,-0.17831701,0.13886078,0.03191632,-0.14795114,0.009812134,-0.47071162,0.6065732,-0.36234003,-0.105151154,0.32266954,-0.07613795,-0.05801559,-0.4576386,-0.6798615,-0.034738485,-0.45707196,-0.11315015,0.18124837,0.08904199,-0.113431945,0.26316762,0.20945956,0.059388753,0.055024512,0.07373843,-0.3760657,-0.16949984,-0.15968317,-0.59064275,-0.3106101,0.29245788,-0.12062545,0.550511,0.2635833,-0.16046263,-0.13030519,-0.1518499,0.035851028,0.037816968,0.022788858,0.76951253,0.03246234,0.23507781,0.049833678,-0.39350867,-0.054515317,0.19983342,-0.4683994,-0.040983893,0.43704596,-0.065164365,-0.19159827,2
ad502a9c-1f1a-4118-a8f9-2cffb9b0c610.rna_seq.augmented_star_gene_counts,-0.062121674,-0.34688398,-0.05607962,0.2363946,0.013254972,0.06360025,-0.21704444,0.2057264,-0.12567854,0.11705514,-0.089483194,0.011261206,-0.010823219,-0.086250655,0.23260307,-0.13026269,-0.2684782,0.48385176,-0.06617061,0.32997027,-0.1335369,0.08142284,0.11118238,0.18912768,-0.13267319,0.039899983,-0.3911997,0.063248254,0.33421752,-0.23770379,-0.26568162,0.060422733,0.17046492,0.6151174,0.025386833,0.15490814,0.05919611,0.5204148,-0.12695524,-0.1317935,0.090321206,0.07870182,0.37023756,0.020898426,-0.18070745,-0.26918852,0.20158596,-0.07777504,-0.08516362,-0.43609264,-0.27572373,-0.43846753,0.09725482,-0.06589315,-0.44336194,-0.20022935,-0.02026146,0.020464223,-0.09343568,-0.21386907,0.15328476,-0.6126395,0.06323116,-0.057666503,0.24947442,0.2608114,-0.08388432,0.039206304,0.026235295,-0.1597036,-0.58297914,-0.10819491,-0.281497,-0.235223,0.47673157,-0.04720097,-0.15052068,0.1374736,-0.042607114,-0.636373,-0.1495494,-0.15066351,0.49611238,-0.18020357,-0.5353659,0.2189612,0.025374915,0.19905238,-0.58838814,0.37357926,0.3730503,-0.04923044,-0.34894806,-0.20992032,0.50636864,0.2458447,-0.23316337,-0.033174425,-0.4207976,-0.2702673,0.048956826,-0.21944079,-0.23751806,0.037930872,-0.2654492,-0.24539752,0.5466526,-0.10581549,0.12900865,0.16741368,-0.4169844,-0.21691668,-0.012865548,-0.2887573,0.03010038,-0.22658564,0.24922825,-0.06718208,-0.25517878,-0.1618408,-0.14962892,0.48499325,-0.55691814,-0.22248012,0.24981496,0.25446382,0.07499784,-0.05242478,0
af83a9af-a11f-4c29-a61f-8f0d2b5868c1.rna_seq.augmented_star_gene_counts,0.23357128,0.20478584,0.2963133,0.04016703,-0.37815824,0.5194155,0.8450097,-0.11647819,0.36639917,0.39535195,0.43076518,-0.69794506,-0.756133,-0.73309505,0.16954136,-0.0018136773,-0.3632118,-0.3255611,0.303813,0.009965147,-0.17648983,-0.029235115,-0.04549174,-0.045734845,-0.17818528,0.16316389,-0.06631193,-0.21214733,0.6195441,0.02164502,0.25830153,-0.2841132,0.21545652,-0.20203076,-0.45525947,0.27775392,-0.40957066,0.9504442,-0.26425996,-0.1927102,-0.073539615,0.20405199,0.123165324,-0.20635495,0.115812816,-0.13591127,0.79429936,-0.32001328,-0.50571686,0.018471023,-0.54571205,-0.19095598,1.4146086,-0.14942642,-0.47957033,-0.31337768,0.096720226,-0.1939958,-0.27198797,-0.3325332,-0.28443506,-0.85248613,0.55580336,-0.4401495,0.6039336,0.3602335,-0.53374183,0.52131194,0.7242733,-0.35972512,-0.4274289,0.65371305,0.11543321,-0.6773196,-0.34638932,-0.29511416,-0.36416006,0.39114225,-0.012370884,-0.30933547,0.038917,-0.6364234,0.8289749,-0.31066132,-0.42713824,0.28256887,-0.38261303,0.14920908,-1.0269684,-1.1677387,0.404466,-0.66352904,-0.5599079,0.23445019,-0.030038657,0.076195434,0.25551677,0.36197641,0.013789992,-0.17344272,-0.14041835,-0.5022428,-0.25570875,-0.19251023,-0.82968086,-0.45515504,0.22811483,0.034186844,0.8492875,0.26471552,-0.2516155,-0.369083,-0.29714552,0.01930698,0.08950313,0.022435168,1.0430076,0.30353728,0.5326496,-0.112367235,-0.017991522,0.5713193,-0.14148003,-0.667072,0.119400136,0.46227682,-0.17595233,-0.41799638,2
b25117ce-5a14-4b43-bbfe-513b957464d0.rna_seq.augmented_star_gene_counts,-0.73372996,-0.3953859,-0.21142359,0.5071892,0.11860571,-0.4810031,-0.8990727,-0.16794567,-0.69308966,-0.35757715,-0.07188075,0.75688976,0.10619018,0.40712368,0.61593956,-0.1511943,0.046677835,0.99635905,-0.5854594,0.6141189,-0.28236052,0.24902493,0.07704189,0.90694886,-0.79291195,0.06129498,-0.8551235,-0.22907017,0.20080234,-0.6806419,-0.63777274,0.40564185,0.31387594,1.2545279,0.12927677,0.093600325,0.8243735,0.056687377,-0.1855281,0.1724452,0.08265076,0.21936063,0.71277124,0.12749226,-0.39361632,-0.24740265,-0.49141803,0.16186368,-0.3172274,-1.0590564,-0.3307955,-0.7438323,-0.4378174,-0.3062722,-0.08869803,0.18602365,0.40631247,0.25333184,0.5303432,-0.31397444,0.33506078,-0.8227163,0.10796995,-0.029529754,-0.08432438,0.2857455,-0.2854407,-0.677613,-0.21171802,0.57881373,-0.95029306,-0.37048653,-1.2334441,0.40226907,0.9898455,0.8105524,0.26240605,-0.04449883,0.23219487,-0.6684156,0.13760357,0.41443765,0.43386215,-0.013014185,-1.0561877,-0.3424084,-0.1257301,0.13178733,-1.0780483,1.2384413,1.5291976,0.6644436,-0.8456708,-0.39828074,1.1413502,0.9497751,-1.1358029,0.10650098,-1.6737689,-0.14087743,-0.35952872,-0.28476587,0.1365594,0.099368475,-0.27178052,-0.50121737,0.5826534,-0.023457102,-0.36524007,0.36438876,-0.661987,-0.55608404,-0.15289727,-0.5964247,-0.36557418,-1.1978528,-0.5770288,0.64388984,-0.45419225,-0.7714663,0.0476619,1.2363529,-1.5699288,-0.7316024,-0.09113519,0.48343462,0.48377842,-0.52015746,0
b31c9e1c-be79-4264-81a3-40b67f1f0bde.rna_seq.augmented_star_gene_counts,0.04557401,-0.023588011,0.23208429,0.09032256,0.060436167,-0.1944319,-0.10523136,0.18718573,-0.11622748,0.16125217,-0.13794652,0.24653415,-0.1011422,0.15483658,-0.1620665,0.06404682,0.12967509,-0.097964786,0.005779244,0.20999697,-0.08237948,0.0031971438,0.04527171,0.020140752,0.23489629,0.24027298,0.14809151,-0.07934594,-0.12714101,0.06669483,-0.18053588,0.29165512,-0.1217093,-0.2037251,-0.0927543,0.004787551,0.15507992,-0.09153274,-0.018105494,0.2048,0.22405432,-0.15991692,-0.03148209,0.052667115,0.06457335,0.11906252,-0.15141053,-0.058206577,0.26931465,0.31156492,0.35106847,0.24021794,-0.1640953,-0.2158984,-0.02727011,-0.1668904,0.12178607,-0.03242222,-0.056383967,0.20687427,0.120979965,0.12000042,0.07580097,0.24555568,0.09031428,-0.08573126,0.14548972,-0.2029505,-0.34831175,0.276418,-0.09836103,-0.0771764,0.044615366,-0.07949698,-0.012377785,0.076862395,0.12713747,-0.0005495111,0.095924005,0.081258565,0.039393768,0.17512085,-0.1021624,0.20289418,0.14145412,-0.14343281,0.06567132,-0.2704088,0.3899204,0.16002393,-0.13525762,0.17207399,0.03433676,-0.056776196,-0.025871247,-0.31540808,-0.24768446,-0.19229503,0.07149998,0.11800667,0.23089914,0.34358644,-0.15796925,-0.013469261,-0.0961198,-0.06361617,-0.026406685,-0.08180319,-0.16058269,-0.14413491,0.06391769,-0.009439992,-0.09049923,-0.040011287,-0.07067413,-0.018923696,-0.109845504,-0.0068762484,-0.10688667,-0.10436797,0.018014818,-0.17912371,0.27769068,0.06264567,-0.30875245,0.021040153,-0.04604753,0.30498743,0
b35a11fb-548c-4b6c-99e7-c4114be6411a.rna_seq.augmented_star_gene_counts,-0.035592437,-0.25494465,-0.11866595,0.1055352,-0.09699621,-0.27280384,-0.13905768,0.12699915,-0.24065384,0.030224374,-0.075528964,0.38427812,0.24348639,0.24592145,-0.39590076,-0.013358759,0.23652713,-0.69854087,0.37004793,0.15932846,0.15717702,0.21899162,0.03676132,-0.028013835,0.31280884,0.09968624,0.2247359,-0.15868373,-0.68373036,0.20918487,-0.0025855429,-0.01076832,-0.5967641,-0.7902543,-0.21767625,-0.13045868,-0.18918227,-0.4589475,0.2138564,0.38249114,0.32739055,0.06850816,-0.21594988,0.121561825,0.19446851,0.1988888,-0.0376923,0.10916377,0.9323538,0.6814557,0.75462043,-0.038686298,-0.45249987,-0.27516532,0.31608352,-0.15576054,0.12156847,-0.0997536,-0.13107245,0.26717678,0.16220716,0.34020573,0.30538055,0.604112,-0.2304798,-0.11643206,0.42426503,-0.27871025,-0.7162665,0.18281986,0.08451742,-0.49931866,0.471877,0.10943312,-0.34054655,0.04171963,0.22396265,-0.111347325,0.19231993,0.2692802,-0.16994707,0.29245675,-0.5692101,0.2600543,0.6447513,-0.07211038,0.047018595,-0.20175458,1.011299,0.06505196,-0.48997146,0.09883948,0.64644516,-0.38470033,-0.19157617,-0.5974782,-0.26917377,-0.30186617,0.48470265,0.07942557,0.5341411,0.5039558,-0.46807402,-0.17220423,0.17997994,0.053726025,-0.12319515,-0.18895487,0.031932063,-0.35910153,0.7400207,0.11223638,-0.19131343,0.4425727,0.207355,0.28306732,-0.1747623,-0.42110127,-0.17078644,-0.097507775,0.19221501,-0.98125017,0.9408577,0.47604692,-0.27295926,-0.21265902,-0.18755955,0.30856335,0
b47b2efb-02e1-4729-95ad-de05fb551bc7.rna_seq.augmented_star_gene_counts,0.4137408,-0.07035183,0.09334488,-0.18937048,-0.22730054,0.37912694,0.7004781,0.22923742,0.009678388,0.7496242,0.06167961,-0.56372654,-0.7340383,-0.76736313,-0.2154908,-0.06719364,-0.29153943,-0.34502503,0.6401377,0.021201342,-0.5149322,-0.12797314,-0.1775575,-0.16966647,0.05619684,0.20816216,-0.05548173,-0.05902581,0.2693618,0.08139291,0.30739516,-0.24072528,-0.1288716,-0.27538496,-0.44487706,0.4116787,-0.6556558,0.6974856,0.12237866,-0.15815125,-0.17988846,0.17063259,-0.43327743,0.17424531,0.48575482,0.2167762,0.67630714,0.0274804,-0.21559282,0.14792618,0.1650734,-0.15850087,0.85750717,-0.03925028,-0.49312785,-0.11614107,-0.017681636,-0.2338741,-0.5030367,-0.20480332,-0.25901067,-0.48264247,0.31505615,-0.01583553,0.34119672,0.22598661,-0.3433587,0.4007093,0.4462374,-0.2950839,-0.2169701,0.47384813,0.33806115,-0.5823419,-0.4850632,-0.50775695,-0.14876534,0.06402191,0.055355076,-0.12650006,0.0039687054,-0.59782517,0.63388896,-0.36858281,-0.03927008,0.47263467,-0.1890036,-0.24735422,-0.41994995,-0.7963483,-0.033733085,-0.68271136,-0.08330383,0.27517217,0.027518399,-0.37171766,0.26748,-0.0063669686,0.37870917,0.063559756,0.15727465,-0.2652905,-0.14985086,-0.28747824,-0.7317684,-0.3614979,0.29120013,-0.17099816,0.73733205,0.0012429571,-0.07849907,-0.10774954,-0.18085116,0.040512554,0.35033816,0.18798845,1.109425,0.05046263,0.1648061,0.049804237,-0.24062067,-0.17350908,0.56926405,-0.41242245,-0.1363008,0.45109475,-0.17383175,-0.3541472,2
b773c30d-f37b-4aee-8330-a159d42d3019.rna_seq.augmented_star_gene_counts,0.19026564,-0.113993436,0.010478093,0.028583398,0.012942958,0.06082234,0.0490435,0.2582261,-0.20993508,0.12796289,0.025113335,0.19640708,-0.04221494,-0.102034725,-0.403863,0.040357534,0.0957401,-0.37532166,0.19058727,0.075405814,-0.098599404,-0.030703416,-0.16019149,-0.20544228,0.41233224,0.24141964,0.2818923,-0.07752931,-0.264824,0.1341335,-0.08255036,-0.024141548,-0.23075385,-0.56189096,-0.05297649,0.10902644,-0.21200138,-0.04116577,0.06946609,0.2474563,0.09496429,-0.11429482,-0.24572958,-0.006960784,0.27830657,0.07776715,0.1538397,-0.021935223,0.43108368,0.47247246,0.43679324,0.18236078,-0.07943074,-0.026277296,-0.03126275,-0.1497152,-0.11369295,0.08308609,-0.19971132,0.13625047,0.15230787,-0.11855962,-0.006711259,0.3210511,0.070010066,0.013195785,0.1443683,-0.13060382,-0.22176094,0.08678764,0.11878269,0.081738085,0.43892,-0.29650086,-0.20577888,-0.11669251,0.14216508,-0.03218435,-0.07464285,0.08287347,-0.02699751,-0.066461146,-0.074135736,0.0745905,0.3337323,0.1843603,0.06285485,-0.3750981,0.43204004,-0.24294585,-0.23381361,-0.07623376,0.27665162,0.07646125,-0.09205656,-0.3789327,-0.079111785,-0.33597705,0.48059243,-0.022736117,0.39267752,0.25238955,-0.35406336,-0.121059224,-0.096947566,0.006097769,-0.08859194,0.120640084,0.06822192,-0.18330002,0.15052244,0.040337525,-0.1841207,0.0012612863,0.26762113,0.19242409,0.13479002,-0.19508132,-0.20013563,-0.029621605,-0.03847782,-0.563912,0.68269175,0.023919212,-0.25876725,0.13661455,-0.11757335,0.1148901,0
b8542fa9-5521-48bc-ae1b-4e12a1744e0d.rna_seq.augmented_star_gene_counts,0.24718906,-0.1831188,0.16277963,-0.04370987,-0.10424975,0.12453478,0.35846898,0.357283,-0.16431282,0.34536865,0.023604766,-0.11161132,-0.41657344,-0.4669973,-0.31136456,-0.045556463,-0.10638293,-0.42474332,0.30939186,0.07340057,-0.29537922,-0.13569221,-0.10522665,-0.19521159,0.33079383,0.21331672,0.10663729,-0.050823722,0.10878216,0.073797435,0.06816674,-0.033794463,-0.07844787,-0.36966178,-0.15791267,0.38553634,-0.39143902,0.37441072,0.045296025,0.020571666,-0.040076725,0.006026335,-0.3948546,0.06680231,0.3753918,0.07252206,0.3458869,-0.016710645,0.039061535,0.18688372,0.2282696,0.00021656413,0.38663384,-0.04286389,-0.43694815,-0.15910687,-0.14146993,-0.14582933,-0.43349063,-0.011936336,-0.048599288,-0.26958567,0.1092396,0.15068164,0.14674191,0.094766185,-0.14166917,0.22562349,0.08854202,0.002967548,0.13305466,0.21111165,0.1750873,-0.52105325,-0.26318827,-0.3689322,0.111035705,0.086483456,-0.24256386,-0.08087839,-0.0329193,-0.29497772,0.22269166,-0.27604347,0.10398077,0.39642707,0.013402619,-0.39807484,0.12110949,-0.67681754,-0.1276476,-0.37050363,0.09158136,0.23447321,0.00015093315,-0.3566677,0.04754251,-0.30335018,0.4509146,-0.051452924,0.2313009,-0.09407242,-0.23002444,-0.1633157,-0.43667963,-0.22327678,0.14909393,0.076311484,0.31736195,-0.024892328,0.09530676,-0.012726066,-0.17779563,0.016447896,0.28769854,0.16704229,0.58523417,-0.10478763,-0.058356546,0.039184067,-0.35791633,-0.22433525,0.6653037,-0.1887072,-0.1200346,0.22692187,-0.14045723,-0.15139358,2
ba295155-272e-43eb-9d6a-e4c9c392e68b.rna_seq.augmented_star_gene_counts,0.37881532,-0.044267256,-0.008295585,-0.2685319,-0.28438398,-0.08968439,0.74354535,0.5538123,-0.2192918,0.69523776,0.0391701,-0.27004942,-0.532434,-0.77634776,-0.5765541,-0.046804518,-0.2248236,-0.64220953,0.5720145,0.2715939,-0.48016083,0.036838733,-0.2207943,-0.29480785,0.36604446,0.47973338,0.30503377,-0.14187373,-0.23837449,0.20011505,0.16318156,0.0064225644,-0.5337314,-0.7945929,-0.5817332,0.24308549,-0.62691045,0.3594236,0.23959164,0.2854363,0.049169775,-0.016370883,-0.6168136,0.17387033,0.80439794,0.4436568,0.70183074,0.004249652,0.22589509,0.402191,0.53307104,0.021726983,0.33801943,-0.25871292,-0.40874732,-0.1811967,-0.16263065,-0.046421073,-0.6056659,0.0865887,-0.059636902,-0.28866073,0.4607838,0.3407399,0.41725987,0.003734074,-0.1353548,0.31140846,0.07727248,-0.18522015,0.22901258,0.22807479,0.43244272,-0.69441175,-0.620343,-0.4652687,0.07550669,0.03273685,-0.08023492,0.061717544,-0.036434468,-0.41163903,0.075028874,-0.1939285,0.29799163,0.60355175,0.010734142,-0.37939817,0.3139873,-1.2397873,-0.269436,-0.6431526,0.12083123,0.21058466,-0.11112092,-0.6621313,0.09224813,-0.25617287,0.70052886,0.052217014,0.5475088,-0.07942638,-0.2647622,-0.40342662,-0.5311369,-0.4700949,0.25595033,0.06368182,0.46529716,-0.34105724,0.26119497,0.006850759,-0.41618246,0.09854718,0.35182077,0.088222,1.0135155,0.039183997,0.07480006,0.07452878,-0.15004799,-0.74515367,1.0612121,-0.091174744,-0.33273953,0.34861287,-0.32999563,-0.20275858,2
bb06ad3a-4d73-4f88-8f3c-954dce2b38ef.rna_seq.augmented_star_gene_counts,0.4810773,0.019290186,0.1579155,-0.295726,-0.37184513,-0.050513465,0.8418365,0.68088096,-0.17693081,0.7161897,0.054902155,-0.4954417,-0.5587819,-0.84344757,-0.6403824,0.019942295,-0.22486909,-0.66579497,0.58823985,0.24886139,-0.52069587,0.0004922992,-0.27803737,-0.2684006,0.37684214,0.66295433,0.40520325,-0.14318709,-0.28655818,0.19548379,0.23895626,-0.0025095283,-0.60361487,-0.95657116,-0.6099854,0.19280045,-0.7178812,0.34562495,0.22334959,0.34547913,-0.06296976,0.093624815,-0.64827543,0.18714602,0.8257036,0.51514995,0.80784875,0.026415613,0.20910329,0.39929992,0.46919623,0.09501891,0.5059567,-0.20249484,-0.41037017,-0.17665967,-0.17309369,-0.060760103,-0.6079742,-0.0015855174,-0.22872531,-0.37669343,0.51437986,0.4026578,0.46383443,0.08812973,-0.26413316,0.36626977,0.19713713,-0.20299965,0.26873076,0.15469319,0.43610933,-0.871887,-0.8881958,-0.48132265,0.03790993,-0.036740728,0.011455396,-0.012292364,0.10795906,-0.60024226,0.047679283,-0.25750723,0.33320954,0.56095064,0.04034971,-0.4498322,0.26455468,-1.3841879,-0.28234604,-0.6317637,-0.0034916701,0.36434773,-0.103512935,-0.8371333,0.19798435,-0.08157591,0.7069462,0.14045267,0.4699952,-0.12400126,-0.374652,-0.421832,-0.52032036,-0.64096713,0.3648969,-0.01891196,0.52297944,-0.296699,0.22838093,-0.010966561,-0.5049674,0.12803763,0.29502165,0.13135852,1.0861286,0.105677746,0.13381335,-0.029871045,-0.038551234,-0.7122819,0.98957837,-0.1323374,-0.28949296,0.42900637,-0.40090322,-0.3053413,2
bcbe88a9-729e-4af8-9bb8-1ac65aa4bd23.rna_seq.augmented_star_gene_counts,-0.16466765,0.81381965,-0.17734939,-0.54138637,-0.27900818,-0.4977339,-0.86334586,-0.31668922,0.166199,-0.38632476,-0.34154657,-0.32676163,0.8211588,1.1900493,-0.36361936,0.07894113,0.7541792,-0.96855026,0.17547818,-0.42813498,1.0301602,0.2646275,0.17922243,0.51763564,0.75312006,-0.15915841,0.81295276,0.275064,-0.9825948,-0.0057525933,0.2877154,0.6128277,-0.26951283,-0.8281395,-0.31863123,-0.76751953,-0.0030388355,-1.5351933,0.77227527,0.22777338,0.2665333,-0.35237408,0.051333275,0.39838853,-0.44592395,0.47423255,-1.0242846,-0.026461948,1.2611297,1.0918335,1.2995567,0.15762113,-1.9993637,-0.07232729,1.3793061,0.34099296,0.3444137,0.026178787,0.17893448,0.38557744,-0.35991555,1.2583953,0.22443049,0.58381397,-0.05494733,-0.35476094,0.6569683,-0.69575334,-1.4369595,0.7641871,0.90606016,-1.025398,0.44432288,0.70310265,-0.046999957,0.16293468,0.41498676,-0.41236767,0.7010983,1.5319961,0.18069923,1.094581,-1.5621969,1.0172035,1.0255531,-0.96908045,-0.44533202,0.49637163,1.4010637,1.176346,-1.1251833,0.78268987,0.79831976,-0.93215996,-0.4736759,-1.2599525,0.07644047,0.3767072,0.41955316,0.89208484,0.018230205,1.3011577,0.43865508,-0.32360148,0.71631896,0.02402159,-0.67750466,-0.4696508,-0.16489667,-0.44237706,1.5333372,0.61069864,-0.002614051,0.5836392,-0.69070494,0.2663208,-1.2130167,-0.64164674,0.26965147,0.50405085,0.6746905,-1.7319976,0.78705865,1.8163419,0.19371462,-1.1604675,0.17174383,0.73868674,0
bdba14fb-88aa-43b0-8c25-53948b9935b7.rna_seq.augmented_star_gene_counts,-0.8150297,-0.32464483,-0.53586423,0.39265883,0.45799002,-0.18157049,-1.0915467,-0.2680702,-0.42648363,-0.4469281,-0.15514383,0.9017613,0.16947332,0.60448223,0.55868495,-0.1916984,-0.2600977,0.8878708,-0.75315464,0.29366258,-0.20361787,0.077238664,0.014345176,0.8207205,-0.97004133,-0.048825726,-0.912103,-0.110095575,0.36013168,-0.6886036,-0.59372723,0.6178924,0.6403939,1.3001219,0.11728626,-0.0192449,0.9263384,0.4145334,-0.09960322,0.40127808,-0.14949307,0.09332102,0.8941246,0.16820519,-0.37895328,-0.3623713,-0.68543047,-0.07271291,-0.55718327,-1.2998163,-0.62027675,-0.58075446,-0.53751564,-0.122758426,-0.118199654,-0.041846167,0.281728,0.6008819,0.5288211,-0.24978489,0.33336726,-0.87011015,-0.043000806,-0.3815214,0.0036419374,0.15750726,-0.23227459,-0.5624454,-0.25097516,0.36755836,-0.83525527,-0.43040326,-1.129629,0.41337195,0.95083296,0.6775679,0.2146854,-0.050251067,0.37566656,-0.83385825,-0.04314134,0.47251028,0.65717995,0.21265899,-1.1828759,-0.31336573,0.04760363,0.24575156,-1.1555218,1.1466881,1.7049772,0.6403406,-0.66921717,-0.19683516,1.0517383,0.9757819,-0.7677802,-0.08100306,-1.6646641,-0.14169818,-0.42991617,-0.45748377,0.4680416,0.40008202,-0.039564837,-0.6633071,0.61668324,0.14943223,-0.32796308,0.58029455,-0.6782654,-0.20024276,0.16107081,-0.6251016,-0.43154913,-1.0443921,-0.36306512,0.6765746,-0.51932406,-0.82377857,-0.37887406,1.3164666,-1.5294156,-0.92402565,0.20000124,0.40598473,0.4831053,-0.47897476,0
bf3ea4a0-bcd6-4e9d-acbb-3416f6ce53b7.rna_seq.augmented_star_gene_counts,-0.107500516,0.16204101,-0.11276013,-0.25835678,-0.27806425,-0.51079535,-0.50224507,-0.21603853,-0.00026398242,-0.26635054,-0.14674471,0.14126156,0.64955866,0.89139247,-0.38293675,-0.23011501,0.5083118,-0.7847929,0.24639857,-0.2269095,0.7401278,0.25335827,0.11347341,0.42936707,0.39406487,0.21457109,0.436435,-0.068826996,-0.9408714,0.089443274,0.11314694,0.3638165,-0.6575268,-0.88808525,-0.48940098,-0.54028016,-0.03937822,-1.0421568,0.7569269,0.35476077,0.31312555,-0.040150736,0.075553834,0.46134195,-0.35622552,0.3615237,-0.6551267,-0.026951395,1.1534734,0.89880764,1.2688626,-0.075973056,-1.3294061,-0.2783217,1.0294679,0.03401343,0.43524456,0.051591035,0.10764847,0.47881663,-0.07487713,0.83788645,0.4167535,0.6588653,-0.21301126,-0.22891365,0.40868938,-0.5605323,-1.403798,0.5804236,0.43957046,-1.0248003,0.39662847,0.45439038,0.047192436,0.25336304,0.51205564,-0.33544272,0.57649153,0.90551275,-0.014986365,0.9174343,-1.2156298,0.81375295,0.87205833,-0.77778316,-0.23337674,0.3120455,1.4090307,0.9275069,-0.8520441,0.53555834,0.7381506,-0.76437557,-0.161293,-0.9581705,-0.29192743,-0.008230806,0.4148552,0.44383746,0.1551156,0.9893823,0.035199326,-0.26900333,0.57421005,-0.028027494,-0.4565881,-0.64824516,-0.082314946,-0.36131307,1.0495797,0.47906986,-0.17926306,0.48201478,-0.18087743,0.20868678,-0.950761,-0.50574255,-0.024334712,0.17498112,0.5394089,-1.6222645,0.9407695,1.4547626,-0.1331398,-0.77155805,-0.08176599,0.47438273,0
c07f871d-fea0-401a-b0c5-ec5685c311d7.rna_seq.augmented_star_gene_counts,0.36343575,-0.055396892,0.09036545,-0.19570415,-0.2283035,-0.01613476,0.6146,0.28566518,-0.30743933,0.6756184,-0.02149234,-0.35396752,-0.49663082,-0.6119932,-0.24884637,-0.0557479,-0.21341817,-0.48680454,0.4297595,-0.026381403,-0.60025275,0.039750453,-0.06362519,-0.17301056,0.21535705,0.23972896,-0.09589459,-0.16842303,0.117044136,0.20767526,0.18451954,-0.1620425,-0.20601644,-0.24173026,-0.43741155,0.26899046,-0.7651411,0.6009018,0.01189803,0.029659664,-0.08349851,0.0041818214,-0.4993641,0.24128784,0.62082994,0.24712089,0.46882522,0.042820606,0.12843111,0.30648544,0.27424192,-0.17770043,0.45622042,-0.101158455,-0.30207285,-0.0022593478,-0.04792499,-0.33657178,-0.5294316,-0.15446974,-0.09852431,-0.17048739,-0.03944835,0.11514133,0.28596595,0.09636582,-0.13939176,0.3524225,0.3848842,-0.31344113,-0.11798457,0.40987027,0.3375284,-0.32923463,-0.515081,-0.4211829,-0.013216338,0.09948455,-0.1518081,0.07948197,-0.18426313,-0.39519817,0.33891946,-0.33120242,0.22070247,0.46078897,-0.007918733,-0.33334947,-0.05301692,-0.7325412,-0.1012858,-0.52466184,0.12450574,0.19626546,-0.11124153,-0.41038996,0.09320351,-0.36015058,0.6957354,-0.057321984,0.17885743,-0.11596033,-0.14534155,-0.2447117,-0.5989029,-0.12979913,0.19993491,-0.05026562,0.40173486,-0.11943898,0.29878885,-0.16461343,-0.072102,0.12788545,0.60479325,0.10181436,0.9247597,-0.037900772,-0.039055124,-0.030652607,-0.28617674,-0.32081154,0.8766607,-0.2322995,-0.15489575,0.3050699,-0.21052243,-0.16761611,2
c1f95e8e-aaaa-4090-8f64-c619aa543d1b.rna_seq.augmented_star_gene_counts,0.050409857,-0.00792934,0.043860197,0.044109825,0.37284124,-0.16881047,-0.39477363,-0.16384894,0.01656167,-0.21079083,-0.08067251,0.23086195,-0.011061985,0.09001679,0.09086123,-0.2162121,-0.20724347,0.072839305,-0.09866175,-0.03459783,0.10712471,0.08197018,-0.060580052,-0.05460868,0.016540766,-0.083020836,-0.046403628,0.09537033,-0.03259881,-0.10937509,-0.046920754,0.2557196,0.14544632,0.040313896,0.01755922,-0.056466494,0.27427846,-0.019052753,-0.14265352,0.008914701,-0.05680019,-0.053242836,0.041421376,-0.01528339,-0.07895674,-0.24204804,-0.31803986,-0.17004319,-0.121983595,-0.13378452,-0.20576602,-0.014666107,-0.27464193,0.23234268,0.08852899,0.047639046,0.055129707,0.13138868,0.11849879,0.08388636,0.13416916,0.23626487,-0.4038539,0.22572152,-0.011636611,-0.019619675,-0.005069526,-0.1443362,0.103734806,-0.11338533,-0.06412905,-0.039288238,-0.2957027,0.07104592,0.20436119,0.15746677,0.19416228,0.17997289,0.04655875,-0.11220731,-0.045964774,0.33575696,0.006543832,0.109132305,-0.021880792,-0.07937321,-0.005911467,0.11300818,-0.07562257,0.3948203,0.21595238,0.29603478,0.07395911,0.000851457,-0.104340665,-0.02364908,-0.063037634,-0.3855421,-0.30637228,0.14411369,-0.050806228,0.18317923,0.19575587,0.32419357,0.10414567,0.14298354,-0.04672828,0.06484002,-0.13199472,0.078986235,0.046173066,0.043804508,0.36466333,-0.21217644,0.106523,0.043720044,-0.020369377,-0.07088988,-0.06069106,0.024300432,-0.18979889,-0.0569413,-0.45551926,0.005735132,0.07228021,-0.06479881,0.026769623,0.1365934,0
c2e73efe-8112-48fc-9dbd-29b4b5b89ad0.rna_seq.augmented_star_gene_counts,0.2884313,0.012896056,-0.10830619,-0.16080463,-0.24822523,0.11095316,0.58075976,0.20664686,-0.100324765,0.7274514,0.052014235,-0.5409701,-0.5080955,-0.7239449,-0.33203265,-0.011360317,-0.32030994,-0.10777678,0.5522466,0.20331128,-0.6096797,-0.069411956,-0.19737434,-0.060038127,0.068038434,0.20124772,0.0554038,-0.07258688,0.2617571,0.09248687,0.018913811,-0.12220687,-0.22048962,-0.18977074,-0.38319847,0.3449014,-0.5486713,0.45184338,0.2087686,-0.13502821,0.032628488,0.08850952,-0.21355578,0.23511946,0.46460268,0.3492729,0.5837912,0.00027599273,-0.18334892,-0.101050496,0.0026948373,-0.26254606,0.78891665,-0.13375634,-0.7192417,-0.31903714,0.13500655,-0.29789263,-0.42686146,-0.297208,-0.23996378,-0.5322807,0.40485683,0.058567602,0.37164137,0.17308772,-0.42007023,0.46235204,0.31763053,-0.19332284,-0.15894043,0.44859454,0.114555515,-0.40510583,-0.47146407,-0.4584818,-0.17098202,0.059312012,0.13092123,-0.25511715,0.13482316,-0.48335257,0.7080206,-0.36303204,-0.20585895,0.3511009,-0.20023382,-0.046708677,-0.540669,-0.66093624,0.24941045,-0.4850693,-0.17491332,0.16589336,0.26542503,-0.20466857,0.08326067,0.14575876,0.20211667,0.065710835,0.1245916,-0.25927776,-0.4151806,-0.20724417,-0.80204034,-0.36445144,0.3867143,0.025377372,0.7226769,-0.1319513,-0.05600779,-0.15436506,-0.40064326,-0.11109603,0.36899737,0.048330247,0.8820946,0.049018033,0.013815768,-0.034752738,-0.17466411,-0.09232535,0.34469712,-0.23333572,-0.11981163,0.440133,-0.16245103,-0.38942614,2
c33ecc28-d5ba-4416-b93d-445b7883b6e8.rna_seq.augmented_star_gene_counts,-0.009150494,-0.08198204,0.11817467,0.20905733,0.21184103,-0.07348391,-0.36876813,-0.08094329,-0.039666347,-0.08557031,-0.02725988,0.13989034,0.033219844,0.16678531,-0.024200536,0.033978287,-0.11688168,0.12551956,-0.056106642,-0.11945092,0.04703979,0.007466512,-0.088885345,-0.07829503,0.21489002,-0.10032405,0.10062449,0.020771036,-0.16035806,-0.07903938,-0.22995071,0.16260977,0.06555619,-0.045336533,0.16810395,0.09545011,0.18709806,0.07963558,-0.17720865,0.06860821,-0.065823935,-0.069448836,-0.052838672,-0.19669415,0.015146551,-0.21140213,-0.2204,-0.11441306,0.047790885,0.2257331,-0.014094104,0.0078113573,-0.1251307,0.08607756,0.11418258,0.07791604,-0.13510825,0.12695758,0.1097647,-0.036532357,0.09977024,0.07985681,-0.17274937,0.20325404,-0.037329026,0.026963575,0.15210907,-0.07679462,0.1837651,0.025298983,0.118238054,0.020108929,-0.15926118,0.09507859,0.103277646,-0.019923767,0.110904075,0.12987863,-0.089306355,-0.035809007,-0.054506935,0.17692003,-0.023472505,-0.096994355,0.045750618,0.057861745,0.12423081,0.08882172,0.096984684,0.052610632,0.029932793,0.18617366,0.05187684,0.052794974,-0.11922892,0.013435969,-0.011379264,-0.3006724,-0.07327799,-0.006851486,-0.035388444,0.19382122,0.0662851,0.15332785,0.13396753,0.19750251,-0.103236854,0.16949731,-0.12116519,0.13323502,0.14401013,-0.04846264,0.1296434,-0.12897281,0.16085334,-0.024377447,0.063044,-0.1592994,-0.024321413,0.107023634,-0.25946698,-0.02699027,-0.25639826,-0.017499939,-0.039384656,0.027781166,0.099115126,0.19156931,0
c4eb8167-4c62-4a41-b9a7-f3259f945d9d.rna_seq.augmented_star_gene_counts,-0.0969553,0.27315274,-0.18474042,0.053511612,0.42268023,-0.20078057,-0.6519044,-0.6609585,0.36513987,-0.2973226,-0.6505315,0.08108481,0.5201759,0.36210698,0.12702692,-0.046167877,-0.11102584,0.027331963,-0.53666055,-0.38460082,0.23249388,-0.15854713,0.0790421,0.14423993,-0.18639868,0.014258889,-0.050478574,0.52141255,-0.15250981,-0.13445853,0.25873858,0.08186416,0.6025167,0.061948143,0.07087657,-0.24572866,0.42375377,-0.042335603,-0.1619244,-0.16890822,0.15780607,-0.36461693,0.17826462,-0.116488345,-0.20097427,-0.38027433,-0.5688228,-0.002637753,-0.27712882,-0.21116148,0.01139527,0.119524956,-0.35513097,0.3840803,0.47568387,0.340536,0.22906491,-0.018562265,0.30409086,0.19873022,0.082221426,0.07048602,-0.43095013,-0.11170503,0.30750898,-0.24684069,0.33967873,-0.3979213,0.24283491,-0.036003012,0.48449227,0.13442008,-0.49036318,0.4849476,0.045965873,0.36248234,-0.1196693,0.006256075,0.10524019,0.15613955,0.14699467,0.4590501,-0.43178067,-0.03899268,-0.028001698,-0.60161763,0.1218561,0.6940682,-0.07920081,0.6177997,0.4626892,0.35404524,0.045447808,-0.14311837,-0.19675778,0.22202967,0.055609614,0.14197804,-0.7012208,0.048061468,-0.27283686,0.12779342,0.3745993,0.31102148,0.42037407,0.19319871,-0.15907864,0.19717753,-0.34260044,0.0961879,0.07423479,0.2654312,0.7520473,0.049173974,-0.35902306,-0.21641111,-0.20768689,0.28804287,0.091266796,0.13308968,-0.09883112,-0.1496418,-0.83497536,-0.008088888,0.4640042,-0.2664495,0.10968312,-0.22778825,0
c5c93338-4046-4247-b5c2-ef133609797e.rna_seq.augmented_star_gene_counts,0.07798026,-0.31457964,0.07705669,0.15618218,0.036488038,-0.021786889,-0.081033915,0.12732247,-0.28603023,0.12739296,-0.09258045,0.29213396,-0.05499263,-0.027392117,-0.01694917,-0.029580014,-0.0037596996,0.07237819,0.19387439,0.19792168,-0.21462493,0.08904666,0.019993642,-0.07074441,0.15649594,0.014051686,-0.2143853,-0.18802448,0.073865995,0.011584654,-0.22192912,-0.023217563,-0.009957423,0.13093442,0.053482734,0.2624489,-0.1200391,0.30798817,-0.003611291,0.040625803,-0.04719642,0.13500518,0.08062405,-0.09773081,0.13217193,0.011086259,-0.08488055,-0.003925187,0.10935718,0.009095198,0.14022693,-0.04981598,-0.062263194,0.034839425,-0.23054875,-0.016971583,-0.10364712,-0.17645426,-0.13428229,-0.0896148,0.11691126,-0.07253665,-0.17437564,0.19852057,-0.14981048,0.09938846,0.06792235,0.04496059,0.033802744,-0.07236568,-0.19508938,-0.027723558,0.073380254,0.027312074,0.01897274,-0.04354068,0.08580721,0.08696025,-0.3461164,-0.25469843,-0.2064145,-0.13515288,0.13976018,-0.14258547,-0.0043766373,0.22223641,0.15008435,-0.1532424,0.13239521,0.07561423,0.0034655107,-0.006275589,0.22697547,0.07524263,0.12059166,0.007063969,-0.10094235,-0.4867669,0.14468676,-0.24511993,0.16676328,0.15066078,-0.21194908,-0.05259766,-0.10959765,0.032852516,0.049673032,-0.031008573,-0.043975476,-0.07078705,0.0011499607,-0.08597724,0.09939064,-0.16628742,0.24843243,0.017229162,0.11659279,-0.20015705,-0.22871935,-0.045792308,-0.24341752,0.029310325,0.18937364,-0.25317833,0.02520867,0.14817084,0.038847253,0.14612022,0
c5d4a1ed-8fd3-4435-96f5-ea5e56326f20.rna_seq.augmented_star_gene_counts,0.037629087,-0.24542062,-0.026123898,-0.05289612,-0.0972386,-0.35087046,0.09834141,0.326222,-0.2590865,0.07800495,-0.0064443476,0.2888648,-0.0766466,0.12143199,-0.5628599,-0.01911495,0.3147458,-0.51031554,0.19625205,0.39677358,0.0567842,0.019144416,0.062182117,0.09957512,0.38898215,0.42406344,0.2861885,-0.21903966,-0.5461348,0.21289961,-0.046915475,0.13592298,-0.49831158,-0.848711,-0.20944011,-0.22784731,-0.27075472,-0.10139465,0.20168598,0.47346038,0.3103241,-0.07332154,-0.30683646,0.084207624,0.43746874,0.35284615,0.09044838,-0.08370997,0.62080705,0.80028033,0.7553609,0.17844656,-0.21756786,-0.45373598,0.23962747,-0.20542707,0.12238442,0.07798723,-0.2921747,0.17518295,0.07505009,0.12204126,0.255653,0.41996488,0.13259493,-0.041686196,0.29419538,-0.27003953,-0.49865273,0.1552679,0.1254635,-0.24541584,0.37250322,-0.25211093,-0.2993787,-0.10139197,0.19662246,-0.22382891,0.046139807,0.22418016,-0.08300709,0.03444929,-0.46106005,0.2655244,0.6495829,-0.12249898,0.11754588,-0.45000634,0.8883219,-0.18126875,-0.43616724,0.048559707,0.4038199,-0.11012774,-0.18992348,-0.7905741,-0.16507381,-0.37256122,0.662363,0.057778917,0.59526044,0.40831608,-0.2600474,-0.29554287,-0.014066562,-0.18784948,0.016881116,-0.19517128,0.14255549,-0.27842999,0.49996856,-0.007731076,-0.4050326,0.21910961,0.2791033,0.15527597,-0.0436139,-0.33879095,-0.21193974,-0.16034614,0.21531472,-1.1053262,0.8942883,0.4622221,-0.41032296,-0.025977038,-0.46243697,0.1701313,0
c62cda08-6134-47c6-8796-9da0788d9717.rna_seq.augmented_star_gene_counts,0.10544097,-0.23897342,-0.12397997,-0.14257528,-0.15145418,-0.21910961,0.30160248,0.33436033,-0.4658092,0.3311339,-0.07474631,0.17823629,-0.1931637,-0.22297741,-0.34396392,-0.04481012,0.0028933398,-0.7455766,0.36169833,0.09534275,-0.27525762,0.0034531609,-0.14996937,-0.22943027,0.3914836,0.13140011,0.10137264,-0.2829518,-0.33986244,0.22017078,-0.013206028,-0.07844084,-0.4906018,-0.57485485,-0.35408145,0.06103477,-0.54710853,-0.008922211,0.15611899,0.293995,0.07279001,0.041623052,-0.5172302,0.116545275,0.57634914,0.3092488,0.4320252,-0.02724533,0.71686584,0.5405847,0.65194017,-0.17228864,-0.059725173,-0.27366796,-0.033051394,-0.116151266,-0.1809166,-0.27663362,-0.4430996,0.053828664,0.033132125,0.121261016,0.15007539,0.5350764,-0.06509311,-0.077497475,0.16622074,-0.107382886,-0.23324637,0.023182532,0.12607664,0.019884225,0.49375728,-0.2083413,-0.4112445,-0.13294156,0.15241833,0.02854266,-0.13864909,0.1282615,-0.2492109,-0.09021406,-0.33675346,-0.011365064,0.55350626,0.3636841,0.10592691,-0.42095345,0.75754964,-0.5319256,-0.38638955,-0.24506275,0.5190852,-0.0139222,-0.242661,-0.52580476,-0.24475108,-0.5817724,0.7363028,-0.16541459,0.48615164,0.26913938,-0.36146367,-0.36177418,-0.15100439,-0.045134757,-0.11562685,-0.030263072,0.18918805,-0.30212283,0.5866204,0.036443878,-0.26568004,0.31884778,0.49700364,0.25143105,0.43730912,-0.32248902,-0.26556438,-0.16540207,-0.098816,-0.70892066,1.1074477,0.07603566,-0.30338487,0.013217675,-0.38228056,-0.0009606033,2
c63e3277-327a-4259-84f2-13d9a2c2d68a.rna_seq.augmented_star_gene_counts,-0.047173824,-0.1660829,0.21305105,0.0732802,0.19296254,-0.062095962,-0.02949278,0.39460084,-0.19172633,-0.07992138,0.17301722,0.1484451,-0.048714604,-0.20077501,-0.101526864,-0.01036071,-0.26436913,0.252654,-0.011629013,-0.16857731,-0.096537486,0.09173671,-0.08105971,-0.15016079,0.080070905,-0.078063026,-0.028616285,-0.068516806,0.013316576,-0.048103243,-0.3473504,0.16070507,0.033527404,0.20290512,0.05348041,0.2365633,-0.06774257,0.15455896,-0.043819755,-0.07303291,-0.20500658,0.02810599,0.046155404,-0.24947008,0.06381745,-0.20460378,0.017448591,0.13670653,0.0767933,0.13507187,-0.2854367,0.029505907,0.09483488,-0.008824559,-0.15040061,-0.083074495,-0.11900411,0.16537897,-0.020051776,-0.14815107,0.22392449,-0.21105525,-0.16352853,0.22129513,-0.12600905,0.23741882,-0.07180641,-0.0669361,0.03697854,0.026686257,-0.097870074,0.040574778,0.047686774,0.0549411,0.043264054,0.2082684,-0.18176918,0.025255583,0.104183204,-0.2030578,0.002357835,0.011741064,0.11516191,-0.11983266,-0.18213494,0.22175272,0.06069385,-0.10295285,-0.012413154,0.029564023,-0.11398737,-0.040451057,-0.16777492,-0.02666038,0.06608943,0.017251048,0.27654094,-0.254329,0.054033313,-0.2538352,-0.08457748,-0.14434373,-0.033858135,0.027687887,-0.12028265,-0.021255746,0.24968332,0.032937776,-0.12117182,0.036878966,-0.27193233,0.04680303,0.11013234,-0.30513552,0.15379392,0.032651644,0.12659043,-0.010333994,-0.1382251,-0.07638632,-0.24836758,-0.011326477,-0.15795377,-0.13574363,0.050643276,0.09073922,-0.039221894,0.110642135,0
c6a90de3-979b-46b0-9f84-2875c1e38742.rna_seq.augmented_star_gene_counts,-0.14029837,0.40133357,-0.05186653,-0.35327616,-0.18208253,-0.37643984,-0.5727592,-0.101224355,0.09450175,-0.2890871,-0.14003049,-0.030875754,0.54272306,0.89204276,-0.40290394,-0.098556995,0.5248297,-0.9058143,0.27154583,-0.20089611,0.7072094,0.17744386,0.11787229,0.42279512,0.5835019,0.020343037,0.6005769,-0.050608523,-0.86878735,0.09774643,0.06776242,0.36135152,-0.45250276,-0.85575646,-0.42645955,-0.57692367,-0.18783508,-0.99843675,0.69638985,0.22696821,0.28850213,-0.15802628,-0.069577046,0.3477582,-0.23758593,0.2692761,-0.7002587,0.07789063,1.1098034,1.0013636,1.1659464,0.025303233,-1.3617706,-0.26266584,0.9684844,-0.03195612,0.2684528,0.07974742,0.045259845,0.32109568,-0.1435117,0.85474956,0.30691507,0.63944495,-0.20263046,-0.1649222,0.43632495,-0.53145283,-1.4129689,0.6130106,0.51420254,-0.87907916,0.5163035,0.40447262,-0.068943724,0.1098119,0.5304988,-0.22944568,0.5572223,1.0334058,0.14251438,0.79960686,-1.1068033,0.7991767,0.83002424,-0.6580571,-0.3103897,0.25175586,1.2021838,0.84476376,-0.9532455,0.55322963,0.7638072,-0.69945604,-0.25047582,-1.0635012,-0.16041547,0.045001984,0.44437373,0.64670014,0.16613585,1.0285006,0.04894941,-0.23235892,0.50133705,-0.03341353,-0.5864616,-0.5150397,-0.04819933,-0.46785954,1.21023,0.3788297,-0.18399617,0.48550272,-0.2778206,0.26895723,-0.8115977,-0.6228639,0.09535341,0.23418343,0.5562749,-1.48928,0.86433035,1.3476799,-0.07720972,-0.7804114,-0.055649202,0.63247144,0
c9496c77-cfbf-42db-a862-af0b878b9852.rna_seq.augmented_star_gene_counts,-0.8384125,1.7940059,-1.2509035,-1.122519,1.1763905,-1.428354,-1.2519469,-2.1597874,1.5517577,-0.42188382,-2.368223,-1.129666,1.8884418,1.7284378,0.21143839,0.9187887,0.8368839,-0.99380344,-1.9214526,-1.6692722,0.7479563,-1.0586342,0.1155392,0.2662373,0.8769395,-1.5850732,1.197222,1.7040771,0.1087242,-0.058850434,1.5075812,0.26879922,1.7015002,-0.37548342,0.46714753,-1.7531046,1.2880788,-2.7710881,0.41566125,-0.39491966,0.6310885,-1.3715245,0.93979454,0.2098095,-1.8456874,-0.30908087,-1.6468271,0.47321022,-0.51350445,0.21560317,0.05998825,1.6721548,-2.3747404,1.7913771,2.6531754,1.3069412,0.6755739,0.5821821,1.5171735,-0.11345405,-1.5337964,1.7245239,-1.4346759,0.029598368,1.1649086,-1.2280616,1.4543949,-0.9074598,0.61128503,0.14099735,2.7298098,-0.10860688,-0.2930315,1.3100461,-0.18148616,0.35988057,-0.26820594,-0.64264715,0.4584497,2.1317904,0.6926872,1.0221969,-1.8547041,0.13894436,0.4709869,-2.4189332,-0.26874584,1.9960599,1.0729123,1.80953,1.1784661,1.128705,0.47381604,-0.51407146,-1.5409943,-0.583755,2.255361,1.4956528,-0.5153863,1.1337336,-1.6345931,0.5757131,1.9512843,0.74288434,1.2710799,0.663256,-2.2366312,0.610251,-0.14349349,0.52757496,1.2607567,1.4387115,2.7092023,0.48901013,-2.3858285,-0.6243505,-1.6026218,-0.23276912,0.9869841,1.1323955,0.0499224,-1.1207042,-0.9351237,1.3981335,1.5382352,-1.9065558,1.3344302,-0.8297537,1
c98940e5-aff4-4eec-9cd7-708584356a5f.rna_seq.augmented_star_gene_counts,0.45457613,0.21408243,0.17687479,-0.005843499,-0.37746742,0.75918406,0.68705845,-0.38941327,0.45580426,0.37202835,0.33239174,-0.78308076,-0.7610061,-0.6760176,0.16726172,-0.20279463,-0.6091039,-0.2803122,0.4256697,-0.16252154,-0.018661164,-0.024401486,-0.062915266,-0.18232842,-0.13702752,-0.012348383,-0.29531854,-0.47233143,1.0389323,0.15340269,0.45449525,-0.57615715,0.19509703,-0.057875942,-0.3488182,0.045477062,-0.60014147,1.0279491,-0.06331126,-0.24239026,-0.2612278,0.28894797,-0.0829535,-0.12349565,-0.016318124,-0.118077524,0.88475186,-0.27580705,-0.60698295,-0.35238189,-0.40223995,-0.027128333,1.3373657,-0.09138687,-0.72768295,-0.5062303,0.24853551,-0.12091954,-0.071150854,-0.63744575,-0.40911663,-0.9119096,0.5024291,-0.696208,0.7651232,0.18566653,-0.7205929,0.4525187,0.93770003,-0.53017527,-0.65560097,0.53283507,0.16134727,-0.64854467,-0.37050447,-0.5082585,-0.5178402,0.018501613,0.22472759,-0.38997665,-0.19273013,-0.55624217,1.154546,-0.3292016,-0.28634584,0.27914798,-0.29957077,0.10382973,-1.6182166,-1.236968,0.49977806,-0.8296851,-0.36802778,0.2633095,0.09170533,-0.048806503,0.35015488,0.49911436,-0.22770607,0.0058411895,-0.55656034,-0.5072945,-0.10393108,-0.02354136,-0.95611674,-0.40411094,0.29127875,-0.03306991,1.1335417,0.56293464,-0.40032005,-0.13225575,0.16707896,0.13312472,0.1636931,-0.061387587,1.421487,0.39471808,0.60953206,-0.12562424,0.24386603,0.69617575,-0.06639409,-0.6098721,0.04156211,0.41082528,-0.15675968,-0.6496121,2
ce52c9b2-ab83-4efa-8abf-97475dcf892d.rna_seq.augmented_star_gene_counts,0.33241695,-0.14345427,0.23345765,-0.081627876,-0.1659477,0.5586487,0.54765314,0.045995973,0.17534637,0.20715046,0.20023686,-0.27536872,-0.42729536,-0.29856884,-0.091386706,0.025414234,-0.3170889,-0.2220728,0.32369506,-0.11836991,-0.043376066,-0.07301486,0.07781184,-0.19072695,0.04439392,0.048639398,0.0327549,-0.015323787,0.21339062,0.014184058,0.20918633,-0.29301727,0.27254114,-0.09219513,-0.068382695,0.2434415,-0.36081588,0.63371783,0.0348654,-0.16525769,-0.084866315,0.083132535,-0.11227888,-0.26206085,0.06126503,-0.3142288,0.45592728,0.08001193,-0.19182956,0.15256456,-0.220894,-0.004803444,0.7114902,-0.07957439,-0.33420855,-0.23828745,0.026643658,0.11853722,-0.14068525,-0.20490402,-0.08968918,-0.37935194,0.14544302,-0.32187894,0.17285424,0.13738152,-0.23472232,0.12006791,0.29591843,-0.2020069,-0.23688795,0.28942737,0.0794038,-0.44476044,-0.2233646,-0.3497599,-0.22378187,0.044854254,-0.029184485,-0.2004565,-0.10633866,-0.45613095,0.575742,-0.4967137,0.07298384,0.42822957,-0.12217692,-0.0037322016,-0.64352965,-0.9033528,0.051659185,-0.5494256,0.03634814,0.1962025,0.06553218,-0.018913005,0.20450622,0.21513076,0.37183154,-0.10705669,0.11574071,-0.20920652,-0.12916848,-0.12357586,-0.5097715,-0.053192403,0.2368652,0.19425729,0.29098022,0.039515834,-0.22404663,-0.07693919,-0.15154503,0.11044271,0.20532936,0.127223,0.6071402,0.20614947,0.22928177,-0.14425033,-0.22466865,0.24973245,0.045427203,-0.34928876,-0.14634562,0.26638654,-0.05572597,-0.17216596,2
ce76e826-0792-4dec-ace7-7efa3bb8db94.rna_seq.augmented_star_gene_counts,-0.28639984,-0.24690412,-0.09813363,0.25822562,-0.092659585,-0.21200487,-0.61265683,-0.13136737,-0.15864122,-0.06277752,-0.0543576,0.45078802,0.4322265,0.43302798,0.123358235,-0.12530705,-0.34959224,0.4023781,-0.28576645,-0.287399,-0.13221881,0.2835414,0.0737766,0.17586929,-0.19316266,-0.18471573,-0.44875783,-0.26317358,0.13922802,-0.32373476,-0.2591362,-0.17775238,0.2618551,0.43933317,-0.05234173,0.07582837,0.36766082,-0.11041464,0.19377466,0.46638313,-0.14155197,0.18593703,0.38661185,0.16486868,-0.23452596,0.18873343,-0.48298806,0.18473712,0.5300656,-0.17005381,-0.06349342,-0.51174337,-0.46354738,-0.023780204,-0.023979219,0.062497377,0.036987398,0.1596645,0.12046805,0.013917072,-0.061504263,0.06999829,0.0042784363,-0.045776684,-0.3173462,0.09697741,0.12273831,-0.4548958,-0.19354178,0.23946878,-0.12124873,-0.5187623,-0.34081334,0.61755425,0.31840107,0.16776972,0.06158015,-0.19459952,-0.0073855,-0.2669607,-0.25645167,0.43907398,0.12815106,0.34049857,-0.3067813,-0.16845061,0.26269186,0.25133482,0.15242903,0.6992187,0.20885158,0.4200696,0.17466404,-0.22762921,0.09653687,0.30320707,-0.39945558,-0.55868137,-0.3223942,-0.302296,0.32229805,-0.14298941,0.28716767,0.15147892,0.31082642,-0.31320938,-0.1740174,-0.013077529,-0.29555917,0.24134594,0.040439405,0.27554995,0.3949992,0.1383954,0.15671116,-0.3082557,-0.19678827,0.077120125,-0.52424586,-0.27550182,-0.1575754,0.1476862,-0.17491071,0.06168686,-0.1434033,0.01432089,0.43683115,0.105327,0
cf4160bb-9ef4-43c1-ac83-f6ca897101ee.rna_seq.augmented_star_gene_counts,0.16620947,0.031575028,0.30491528,-0.0275167,0.04117232,0.42792732,0.2856335,0.0074910033,0.12087049,-0.008267406,0.09692127,-0.13026287,-0.24160662,-0.08134074,0.042689845,0.06804671,-0.3272837,0.02215775,0.19435649,-0.19514775,0.10354944,-0.009296478,0.20863721,-0.07539127,0.045225877,-0.011253392,-0.12380378,0.06787476,0.27043164,-0.0697949,0.05155639,-0.08194018,0.26301637,-0.05632537,0.042997774,0.121298514,-0.10090819,0.525418,0.006466014,-0.037594333,-0.15069677,0.055730272,0.046888754,-0.24170543,-0.020058392,-0.50138646,0.39398512,-0.008576091,-0.14182617,-0.10357697,-0.36371183,-0.10662761,0.5726712,0.008201389,-0.14534098,-0.11476963,0.09353179,0.028826293,-0.023881143,-0.11253636,0.04714882,-0.20432629,0.03366366,-0.29083905,0.2167755,0.25839952,-0.13568754,0.13728645,0.3223188,-0.1775575,-0.19567333,0.28056493,0.12921014,-0.412979,0.018760772,-0.19650088,-0.17382333,0.10796386,0.016417734,-0.1375739,-0.3385108,-0.4250812,0.37315863,-0.3607875,-0.080438145,0.22104901,-0.20576473,0.06713697,-0.51715755,-0.44298616,0.163838,-0.3386452,-0.034332108,0.19874187,-0.036596086,0.07739878,0.25662336,0.2449902,-0.02717475,-0.24552894,0.020963188,-0.25255832,-0.15807691,-0.17590623,-0.21577226,0.067498624,0.038649682,0.15359369,0.13539208,0.32051492,-0.2732858,0.02017281,0.031485748,0.079595804,0.01431998,-0.0030379556,0.4112781,0.15631053,0.078704305,-0.025440596,-0.1968159,0.32968125,-0.14777231,-0.3779206,-0.061628968,0.2668815,-0.09887924,-0.14688352,2
d05914c2-e76a-4050-b0bf-db3a08c1892e.rna_seq.augmented_star_gene_counts,-0.21516398,0.47449106,0.0982009,0.16295828,0.09810206,-0.6405406,-0.33350134,-0.14097486,0.088735454,-0.030762916,-0.28816622,0.27196765,0.46614623,0.72225326,-0.009981018,0.013337247,0.69359714,-0.16911995,-0.2149301,-0.1250908,0.35552013,-0.04810813,-0.04703841,0.44097558,0.11352173,0.45061213,0.25195011,0.17574312,-0.2655862,0.04921832,-0.16553931,0.36499688,-0.40350652,-0.49275234,-0.2549919,-0.43210104,0.22553554,-0.7389036,0.2537351,0.12766801,0.36657184,-0.24105059,0.13848159,0.0004861772,-0.21939726,0.2697138,-0.77660817,-0.22826806,0.5768655,0.31134826,0.8431275,0.18156198,-0.7891657,-0.30083543,0.7831602,0.11222019,0.4630624,-0.09828406,0.33765152,0.18113795,-0.014368103,0.63062847,0.030030357,0.43582234,-0.0887066,-0.5051582,0.19416507,-0.40381932,-0.6364563,0.6105361,0.10640342,-0.40202126,-0.0062614325,0.57891357,-0.28746164,0.42584655,0.3887918,-0.459577,0.38804802,0.6266549,0.17234764,0.7584599,-0.7238638,0.5350144,0.30767322,-0.91587067,-0.29321918,0.33561364,0.66730154,0.53675985,-0.28627506,0.73453707,0.1464096,-0.56507415,-0.071478374,-0.79408693,-0.15299618,-0.042960558,-0.09661668,0.51662403,0.0033674818,0.8841844,0.017572151,-0.14504565,0.23724161,-0.12667888,-0.39759097,-0.20989074,-0.15473686,-0.088571385,0.31270123,0.15252782,-0.19993861,0.096904434,-0.40458566,-0.21404025,-0.64775354,0.06406937,-0.0766728,-0.10659594,0.39752606,-0.7407406,0.09743071,0.6765384,-0.058108397,-0.55431795,-0.10376007,0.32584155,0
d078b2ae-790a-4220-98a0-18d311996ed5.rna_seq.augmented_star_gene_counts,-0.3614011,-0.30583337,-0.64895326,0.111796916,0.28846478,0.26865402,-1.0523754,-0.4947646,0.1399552,-0.09123478,-0.12576869,0.18656036,0.10116507,0.56301033,0.41180632,-0.38552842,-0.24441417,0.3922729,-0.23420613,-0.27373165,0.39397728,0.017648153,-0.14203279,0.47475252,-0.41472545,-0.24279429,-0.83556885,-0.45211414,0.7005806,-0.5478846,0.07470054,-0.06303513,0.9921526,1.057763,0.18354025,-0.34485364,0.19855455,0.11563138,0.0052017034,0.26375633,-0.034255106,0.32377648,0.8718822,0.13317423,-0.83591187,-0.3002169,-0.19329804,0.1461474,0.25732544,-1.1670139,-0.95977217,-0.41920134,-0.30633065,-0.11224652,-0.26618776,0.34391564,0.141097,0.36438212,0.56600183,-0.30111817,-0.16316004,0.056448977,-0.42477807,-0.70814204,-0.16510871,-0.40352863,0.22954482,0.049215984,0.6010922,-0.14997998,0.10565006,-0.36324832,-0.72798043,0.46343774,0.73120767,0.29949635,-0.045312267,-0.38917935,0.08060111,-0.5414639,-0.47287682,0.32845423,0.6330118,0.42214307,-1.2598088,-0.010609644,0.40136555,0.56600595,-0.6384013,0.8313659,0.8254154,0.4544042,0.11300672,0.119509675,0.028975692,0.48849562,0.49118528,-0.5277746,-0.6173332,-0.22958463,-0.21139857,-0.55228853,0.7112581,0.55989575,0.2410016,0.06459191,-0.11905895,0.16252415,-0.2629366,0.5693305,-0.20162094,0.5928879,1.0624771,0.038492184,-0.0007170667,-0.038390096,-0.178635,0.76829344,-0.8665106,-0.4376655,-0.26772428,0.45177582,-0.59075403,-0.011858054,0.48559895,-0.40404126,0.85741097,-0.19099012,0
d1ad6c3b-4e2a-40cd-b3e6-098b845d59cb.rna_seq.augmented_star_gene_counts,0.051256742,-0.2741767,-0.07846621,0.023841787,-0.1438581,-0.23488016,0.28856802,0.25302583,-0.42450237,0.24999188,0.057937983,0.28175005,-0.098470464,-0.16201925,-0.43069127,-0.065390356,0.04646775,-0.72195905,0.4664101,0.27607405,-0.21177688,0.07318025,-0.049924366,-0.20971492,0.4334292,0.31035018,0.16331749,-0.2750303,-0.46562293,0.2692009,-0.1067524,-0.05452938,-0.49350873,-0.7357508,-0.3219946,0.048988372,-0.48821768,-0.01309076,0.1632986,0.30856287,0.17763594,-0.021106144,-0.48896462,0.038454738,0.54905576,0.25739104,0.32617018,0.024021167,0.7002482,0.6647771,0.7847969,-0.08161792,-0.16131951,-0.38606068,0.03948194,-0.2001796,-0.08286788,-0.23385055,-0.45903224,0.15391415,0.031877857,0.07079117,0.2767815,0.51050353,-0.08107989,-0.048178364,0.28433275,-0.12228464,-0.44976866,0.05478638,0.009695576,-0.08108299,0.5419843,-0.29295975,-0.30276862,-0.08862417,0.19248408,0.02378577,0.02088748,0.13648184,-0.23066844,-0.050753564,-0.39870283,0.040105276,0.6211932,0.3606035,0.118310705,-0.35396063,0.8009338,-0.45596194,-0.43145707,-0.1657668,0.50965357,-0.16106339,-0.14486708,-0.6180886,-0.33000097,-0.5821283,0.70858043,-0.14377438,0.5902301,0.2780725,-0.40481254,-0.3385602,-0.12081799,0.007562484,-0.033439532,-0.0032021226,0.20129882,-0.28310403,0.65332055,0.05065207,-0.4012092,0.3127654,0.4249501,0.25813782,0.27114722,-0.2702798,-0.27580413,-0.14228651,-0.0118455645,-0.8583629,1.0922897,0.25281557,-0.3765302,-0.07151295,-0.31550372,0.14584546,2
d636f6ce-e820-4e8a-969f-c3ac2d46b191.rna_seq.augmented_star_gene_counts,0.38615033,-0.07835041,0.37001026,0.06649328,-0.1530835,0.41163427,0.30978078,0.35802478,-0.14173202,0.09606676,0.2655142,-0.099105924,-0.33540526,-0.3542834,-0.11307165,-0.007476541,-0.29443812,-0.3931076,0.38742775,-0.06603081,0.07755929,-0.121987715,-0.07148114,-0.343233,0.18981564,0.052238725,0.22789007,0.060931664,0.08359586,-0.063575774,0.18871222,-0.19978335,0.08827173,-0.31446773,-0.1779696,0.25615093,-0.2468783,0.37237772,-0.081951365,0.057359625,-0.08761068,0.25309223,-0.39671922,-0.2307831,0.26352757,5.710026e-05,0.5249729,0.1185083,-0.059369422,0.2836034,-0.012999518,0.14167377,0.72703457,-0.23488295,-0.2765529,-0.22264262,0.027827442,0.04185463,-0.13831756,-0.052820187,-0.06846355,-0.13335672,0.21165588,0.0895476,0.3147404,0.35442895,-0.091042586,0.08785026,0.044082798,0.0963133,0.013633758,0.40879178,0.26776505,-0.5415184,-0.3931738,-0.23695691,-0.12493449,0.05270184,0.015492281,-0.19207881,-0.116498604,-0.3971375,0.31292796,-0.3835127,0.25159845,0.40357196,-0.15289503,-0.22256991,-0.35620308,-0.9962471,0.0071564447,-0.67362785,-0.12641981,0.33856902,-0.18561552,-0.15886904,0.33931607,0.18281868,0.20573004,-0.05606323,0.13072328,-0.13740684,-0.43651316,-0.05995543,-0.3667963,-0.30871794,0.14543341,0.26591447,0.24725181,0.18830824,0.03520839,0.08019343,-0.0008090712,0.18874174,0.09212474,0.16709264,0.78429675,0.10345614,0.1347087,-0.01138714,-0.27545294,0.09217035,0.13120893,-0.45627844,-0.15819137,0.12460242,-0.10920899,-0.015696432,2
d769bce5-c92f-472f-8bb8-4bf4593e29d7.rna_seq.augmented_star_gene_counts,-0.08505206,-0.2227279,-0.21064746,0.1806904,0.2569397,0.29061478,-0.7462673,-0.48443484,0.180684,-0.2178667,-0.0005803909,0.07334101,0.13476542,0.1568921,0.19157879,-0.29307824,-0.2251466,0.44906014,-0.13722326,-0.19941197,0.23718226,0.010518314,-0.13613701,0.22390589,-0.51799273,-0.10127667,-0.657052,-0.3244405,0.57829434,-0.36604375,0.09663811,-0.08202437,0.6084467,0.8326819,0.31041354,-0.2867471,0.18608151,0.24858928,0.025415186,0.14937972,-0.18058005,0.488765,0.63090074,-0.05914648,-0.61987233,-0.33952683,-0.116491534,0.15301384,-0.04077955,-0.9775537,-0.8779356,-0.33404335,-0.077987745,0.05893657,-0.2682221,0.21726716,0.29283342,0.34497878,0.6343025,-0.40702686,-0.02943936,-0.010719339,-0.47042993,-0.49933645,0.10474861,-0.30655193,0.24936076,0.21315524,0.50551957,-0.29380405,0.10328598,-0.17048004,-0.41835436,0.27893162,0.50703084,0.35331762,-0.12562954,-0.23987964,0.06124632,-0.49789006,-0.29015827,0.14232585,0.663845,0.041275043,-0.9343169,0.13016525,0.26757354,0.42786974,-0.80338025,0.54691625,0.64147395,0.22950846,0.18632808,0.21974224,0.087703265,0.3316073,0.7197029,-0.28383213,-0.454325,-0.1905383,-0.20391805,-0.44713628,0.43379816,0.5519511,0.12682489,0.16850111,0.22268857,0.17924458,-0.113772914,0.3259198,-0.2743105,0.64561635,0.8518831,-0.22266248,0.05952891,0.09293081,0.18507837,0.6308443,-0.44891712,-0.3001044,-0.31067133,0.33932474,-0.72447175,-0.07783986,0.40271777,-0.31693813,0.38455328,-0.08688063,0
db01aba1-3a00-4bf9-9f24-8fba144144f3.rna_seq.augmented_star_gene_counts,0.3721876,-0.011038628,0.16955723,-0.07386009,-0.2114788,0.18446843,0.84265375,0.53247344,-0.04004562,0.7474834,0.12116648,-0.4893527,-0.66183186,-0.75861317,-0.46390083,-0.050932843,-0.33958346,-0.55522853,0.63153684,0.16558813,-0.5457222,-0.118457414,-0.25408313,-0.11541966,0.19907711,0.46088076,0.1863698,-0.14531906,-0.041557007,0.19523138,0.1504141,-0.07066089,-0.33752975,-0.68610734,-0.539435,0.43290964,-0.5926173,0.52213395,0.15103425,0.11460365,-0.044627354,0.0663343,-0.62776285,0.04866802,0.7025387,0.3342251,0.6333846,-0.055439126,-0.08807628,0.33949512,0.20509541,-0.011422241,0.73003495,-0.13883232,-0.6629702,-0.16910452,-0.103951395,-0.124148734,-0.61229473,-0.0030212272,-0.21003273,-0.4216383,0.4658797,0.1966191,0.3084276,0.1028926,-0.22627164,0.53149605,0.24497887,-0.24396515,0.29406524,0.35820988,0.22767372,-0.697686,-0.6661693,-0.45912835,0.03920889,0.08409222,0.0007805833,-0.13363904,0.01855598,-0.5725314,0.35542476,-0.36889318,0.094094895,0.51102585,-0.0635979,-0.42177913,0.095464066,-1.3327527,-0.018715436,-0.67592645,-0.08241234,0.36335126,0.021468215,-0.51539856,0.06595675,-0.1303248,0.5794727,0.054246776,0.29632893,-0.14074478,-0.2972774,-0.3051735,-0.58655375,-0.39874166,0.27305824,-0.02135191,0.597001,-0.20507593,0.06635155,-0.07029484,-0.5170944,-0.008269547,0.4207278,0.1634287,0.99006516,0.11226623,0.29709738,0.03374715,-0.2830653,-0.39670387,0.72587204,-0.2600632,-0.15746574,0.37014157,-0.25850594,-0.33067164,2
db5dab56-838e-4784-a7cf-f05296e356f7.rna_seq.augmented_star_gene_counts,-1.3326192,2.8290977,-1.5749419,-1.9207871,1.2043314,-1.000652,-2.1952002,-3.6621642,1.8860519,-0.4849677,-3.2665615,-2.0051768,2.8759496,2.888148,0.30142748,0.8398159,0.9455645,-1.2803879,-3.6837566,-2.8539646,2.180599,-1.686485,0.223591,0.3858044,1.3226894,-2.0846987,1.6952337,1.8340017,0.7350203,-0.39209127,2.727219,-0.23811068,3.5639758,-0.46942064,0.7364761,-2.7271285,2.2704566,-3.7196503,-0.12513761,-0.6351327,0.4252086,-2.3589182,1.7641873,-0.11755105,-2.9047918,-1.443825,-1.8944029,0.52537507,-1.6711866,0.33391777,-0.662225,2.8779566,-2.4090338,2.7369578,3.7165287,2.7308745,1.477673,0.7981655,1.726234,-0.5910597,-2.3084977,2.3579268,-1.9030551,-0.98936737,1.3743124,-1.5283135,1.8445984,-1.130818,2.051301,0.68930984,4.8484125,0.15894616,-1.1269257,1.1269237,0.60082513,0.13670808,-0.85640156,-0.5585423,-0.15335341,2.8485515,0.44092524,1.0664965,-2.6892943,0.047362104,1.3323864,-3.5280323,0.15059349,2.6092694,0.6111346,1.7783504,1.5507388,0.8225308,0.44942772,-0.042685956,-2.1858861,-0.71615654,3.8013709,2.3782077,-0.936912,1.1284099,-2.704871,-0.16082306,3.2358532,1.2624372,1.7426416,1.3037062,-3.197508,1.8843796,0.28446054,1.460334,1.2420086,2.3713365,4.6213503,1.3957623,-3.6263034,-0.47559175,-2.0870378,0.023897383,1.627458,2.0923266,0.2674138,-0.62693584,-2.4550276,1.0781349,2.5913355,-2.0887349,1.3994181,-1.4917032,1
dbb2f12c-e200-412a-9023-0126d6d69a52.rna_seq.augmented_star_gene_counts,-1.0701224,-0.29028428,-0.98283374,0.48247284,0.6043016,-0.19501907,-1.8520452,-0.76063025,-0.22041433,-0.61265975,-0.21517912,1.2195554,0.44746536,0.8909915,0.6981556,-0.46296063,-0.2263853,1.2920566,-1.0158114,0.23753306,-0.36522403,-0.089195505,-0.082667865,0.8166739,-1.2454497,-0.35326493,-1.4321114,-0.04975844,0.714084,-1.1422209,-0.5818186,0.5743334,1.26347,1.7665343,0.22447294,-0.016017409,0.66308933,0.5547609,-0.16916597,0.5640191,-0.20573598,0.35585254,1.1951329,0.17990136,-1.0256369,-0.7617988,-1.0849739,0.04966448,-0.5944428,-1.6478014,-1.0269896,-0.83133435,-0.53996,-0.4765611,-0.26046482,0.16323598,0.5675245,1.0852731,0.81080115,-0.10448972,0.46038193,-0.7815165,-0.29610753,-0.99573755,-0.046835937,-0.12177166,-0.34111694,-0.8217132,0.21070337,0.17775097,-0.8140507,-0.5405233,-1.7665478,0.4648967,1.265862,1.0113522,-0.030104455,-0.24377789,0.39840084,-1.0914723,0.07971233,0.5324917,1.0635536,0.39243045,-1.6344305,-0.22323789,0.02215556,0.4980726,-1.6625098,1.2849113,2.231786,0.8865658,-0.5695825,-0.10370753,0.9871874,1.4033202,-0.78327745,0.07108601,-1.9458842,-0.36863726,-0.6715577,-0.9527285,0.6929882,0.5320057,0.11681522,-0.72262734,0.2800806,0.12977318,-0.583863,0.82355,-0.837767,0.22784336,0.6114134,-0.506006,-0.50960124,-1.2762643,-0.77110434,1.2306864,-1.1443014,-1.2995502,-0.45338982,1.5313617,-2.1259384,-1.1854467,0.19726588,0.2912017,0.7138547,-0.5242306,0
deb7967f-9339-4bb1-ae0b-81a72a472bba.rna_seq.augmented_star_gene_counts,-0.24794583,0.53204256,-0.71929085,-0.26618713,0.88717425,-0.69553757,-1.4704325,-1.6811641,1.0185119,-0.8170839,-1.3096019,0.2531728,1.3159243,0.71390927,0.2103896,-0.44000876,0.21504332,-0.036186546,-1.0525451,-0.6333062,0.5660753,-0.3472618,-0.22817665,0.096289136,-0.23187132,-0.6255904,-0.26651886,0.64470667,0.19916023,-0.35953185,0.6375691,0.22850971,1.2754184,0.41279724,0.15322477,-0.7461456,0.93332684,-1.2644923,0.11050671,0.0026113444,-0.051196944,-0.50011885,0.8939069,0.20126785,-0.7891457,-0.41152692,-1.2199919,-0.27757815,-0.5220067,-0.43311837,-0.28139365,0.14557175,-1.2278303,1.0158436,1.1327631,0.7356838,0.65298915,0.23821822,0.837941,0.17595328,-0.62896824,0.91666865,-0.8632114,-0.37052122,0.27019128,-0.99561155,0.9269867,-0.93267596,0.5697808,0.028157024,0.8393316,-0.16969366,-1.1479715,1.1527297,0.33339843,0.6524412,0.16814995,-0.13979624,0.23724854,0.54646343,0.098221056,0.8254973,-0.8500433,0.63413775,-0.3255757,-1.1949869,-0.09269056,1.1227763,0.18120551,1.2631049,1.4202663,1.0091543,0.3761901,-0.38072032,-0.30431592,0.54638666,0.4237875,0.3045013,-1.3071839,0.20744632,-0.75579464,-0.34285846,1.0785565,0.7569769,0.8270608,0.25253528,-0.8529398,0.5258059,-0.5397374,0.43227723,0.26254514,0.8121031,1.6944634,0.10425277,-0.81818825,-0.564783,-0.7311453,0.6287147,-0.029097395,0.34042037,-0.21748546,-0.23162928,-1.0613663,0.24203163,0.5275266,-0.70962745,0.5766309,-0.34823063,0
dede0990-1733-4473-bc48-78605f16834c.rna_seq.augmented_star_gene_counts,0.30778432,-0.021841526,0.068887055,-0.17129768,-0.2977409,0.20072386,0.76823217,0.19476952,-0.06825068,0.9162931,0.16731507,-0.59931225,-0.6171264,-0.825639,-0.2919797,-0.01086141,-0.26305097,-0.34248236,0.61927253,0.00984629,-0.59208345,0.017576752,-0.13297455,-0.111296356,0.092992105,0.31434307,-0.15152134,-0.3295593,0.24964176,0.21424103,0.23816827,-0.20344138,-0.21885057,-0.14314274,-0.33862945,0.27353638,-0.89327186,0.7147756,0.0044762422,0.13727187,-0.17321354,0.20587794,-0.47790635,0.17478406,0.5575707,0.27623886,0.5398744,0.1137609,0.089445874,0.21647744,0.15841353,-0.32295558,0.83207166,-0.13333277,-0.47021326,-0.056629784,-0.06725873,-0.23841226,-0.55617464,-0.14824748,-0.085446216,-0.3584918,0.21018103,0.019618273,0.37643912,0.13174863,-0.19493267,0.3616402,0.4180778,-0.47152516,-0.10917967,0.5357374,0.30075353,-0.38556865,-0.42373115,-0.3295392,-0.07095099,0.078043886,0.13628252,-0.007244187,-0.2055734,-0.6768906,0.5271001,-0.4790901,-0.06878913,0.5755146,-0.17343889,-0.35935083,-0.427609,-0.9010432,0.0458109,-0.7374384,0.1330098,0.249427,0.024794023,-0.43030515,0.115035295,-0.1448775,0.6853598,-0.1749106,0.1269655,-0.10391415,-0.21625516,-0.32906404,-0.77408826,-0.127856,0.25955454,-0.01596926,0.59030163,-0.16556866,0.0133062005,-0.058803994,-0.091459855,0.16723603,0.6871941,0.03735581,1.2059952,0.089622736,0.2242333,0.017858282,-0.2031168,-0.26986325,0.7021136,-0.2545553,-0.22079986,0.4358757,-0.03992545,-0.4207327,2
df45fb41-4511-4dab-b865-fcdfcda0400a.rna_seq.augmented_star_gene_counts,-0.2191822,-0.29541194,-0.11373752,0.28231323,0.106687784,-0.15878275,-0.07677673,0.06413444,-0.16397355,-0.18330406,0.0025031685,0.19370373,-0.072526984,0.035495006,0.24279918,0.013426641,-0.18371664,0.6213457,-0.21383536,0.34260055,-0.24796957,0.025116682,0.01403461,0.32213894,-0.2878983,0.15791893,-0.50001055,-0.1593076,0.31379887,-0.25264966,-0.42469713,0.1767519,0.050019782,0.8205357,-0.08098946,0.06384837,0.17421494,0.15426333,-0.17947783,-0.069192775,0.06332392,0.026521467,0.54006267,0.012048178,-0.23258668,-0.14142366,0.054037508,-0.09650926,-0.21636708,-0.47207355,-0.17645246,-0.34352523,0.12194632,-0.20510735,-0.34927654,-0.114665225,0.15507789,-0.014120574,0.0060564177,-0.22091873,0.13246697,-0.6261147,0.101954535,0.15132973,0.21280414,0.26311433,-0.093271084,-0.25192124,-0.027473988,0.1044183,-0.67504656,-0.3224469,-0.41823205,-0.019421339,0.5338153,0.3365519,-0.109713584,0.15325712,0.08143556,-0.31638393,-0.051117934,-0.058872234,0.44225,-0.09288852,-0.5198533,0.19367078,-0.19356088,0.030282268,-0.77008915,0.6058483,0.7027959,0.30950952,-0.30810377,-0.21602665,0.6725433,0.4992701,-0.45721847,-0.052198328,-0.69706583,-0.2107944,-0.18938509,-0.26073188,-0.08490156,0.088271186,-0.26098144,-0.21592192,0.54865295,-0.06365213,0.10664351,0.12790371,-0.48936567,-0.24717325,-0.21751906,-0.42974067,-0.008469701,-0.27807638,-0.027196875,0.109736085,-0.19185336,-0.16575135,-0.044965167,0.61749446,-0.7693864,-0.44213486,-0.041966878,0.34097368,-0.0067300983,-0.21663877,0
df6189e5-bd61-4be2-9d31-efef56cb4739.rna_seq.augmented_star_gene_counts,0.43725705,0.22969243,0.1488727,-0.14297503,-0.40079206,0.30474627,1.1644781,0.4980682,0.052707497,0.88146865,0.11657824,-0.8310395,-0.9216077,-1.0518314,-0.38699058,-0.10444298,-0.4116366,-0.57681406,0.8320144,0.17437734,-0.76060927,-0.025354559,-0.29710898,-0.14040087,0.12681644,0.6298985,0.23653832,-0.058178987,0.078319564,0.24678662,0.27036873,-0.19780384,-0.47602633,-0.6964149,-0.74430037,0.39907008,-0.87333703,0.68075216,0.13519348,0.008101656,-0.105666704,0.28510815,-0.60140216,0.19948396,0.7490427,0.48948753,0.9485272,-0.044397395,-0.3287436,0.30595955,0.09456745,0.0057692016,1.1931585,-0.22243483,-0.6853722,-0.13649462,-0.039765134,-0.22434051,-0.5974901,-0.2397867,-0.39180613,-0.6351732,0.76460767,-0.028536633,0.55098534,0.36133555,-0.4818149,0.75326794,0.5261863,-0.41509634,-0.15195176,0.58679706,0.47337404,-0.8039062,-0.83213264,-0.6572466,-0.13695586,0.10272415,0.18149346,-0.1115141,0.1930215,-0.7730131,0.5310505,-0.50562394,-0.09569125,0.47791287,-0.13556139,-0.17233017,-0.4220861,-1.4712898,0.10746087,-0.8984715,-0.24078383,0.55191135,-0.020884704,-0.59566003,0.39372507,0.1434256,0.46652803,0.084683254,0.22933806,-0.47116432,-0.2303378,-0.33123675,-0.9238973,-0.7884204,0.41945708,-0.103738755,0.95038253,-0.15127109,0.16587433,-0.09587289,-0.43148276,0.116790935,0.30007672,0.13623348,1.3162644,0.17642565,0.34345528,0.17100589,-0.17719777,-0.45432746,0.5455667,-0.5305452,-0.1764066,0.55420333,-0.30162886,-0.5334423,2
e0527b4b-de23-4b9f-8871-13f64f6976cd.rna_seq.augmented_star_gene_counts,-0.6737421,-0.3701688,-0.20241533,0.21908304,0.085136965,-0.47788298,-0.8261667,-0.24503201,-0.6467868,-0.29232663,0.0005882948,0.7001822,-0.09882163,0.42500073,0.64961255,-0.14522932,-0.13003531,0.86797434,-0.56766,0.6597175,-0.26793513,0.17142476,0.06600469,0.85228777,-0.8154927,0.123008355,-0.86373156,-0.21090557,0.19968618,-0.7033426,-0.63079727,0.37106776,0.2728943,1.1875932,0.12134442,0.1481213,0.6953725,0.14382206,-0.18887375,0.06951026,0.09766422,0.36451876,0.67217106,0.16462372,-0.387842,-0.32267314,-0.397526,-0.1389294,-0.38910314,-1.0400187,-0.2655091,-0.58551675,-0.31583446,-0.3275496,-0.2419592,0.09829074,0.32397652,0.25950837,0.50537837,-0.2412271,0.25003034,-0.84718484,0.0472101,-0.044136237,0.10635535,0.18817006,-0.36378637,-0.4912035,-0.24818075,0.46592617,-0.96454877,-0.484095,-1.1100314,0.24232,0.8879078,0.6663565,0.1838655,0.054410256,0.30602688,-0.60912067,0.040682737,0.39996418,0.45862347,0.060960554,-0.9418992,-0.3116449,-0.26568952,0.08668352,-0.9707192,1.0756682,1.4018775,0.7050746,-0.7721528,-0.31355977,1.1656455,0.904007,-1.0165906,0.01286307,-1.4838357,-0.21369411,-0.36231744,-0.2566692,0.053500265,0.12549,-0.40055346,-0.47010204,0.57832205,0.023464875,-0.37986833,0.25907817,-0.6560357,-0.55366755,-0.20400633,-0.6424691,-0.28799033,-0.91222066,-0.48266825,0.6310592,-0.48993433,-0.6532472,-0.08565057,1.2196128,-1.3938686,-0.7619972,-0.05097334,0.55032367,0.40490866,-0.59707886,0
e5bcd6f9-680e-4d57-81f3-c8e6b40bb2af.rna_seq.augmented_star_gene_counts,-0.29665133,0.1565096,0.018442253,0.39379793,0.34733912,-0.36180404,-0.5110184,-0.16473368,-0.29909754,-0.31909525,-0.1068163,0.74989974,0.17170008,0.30838838,0.4143988,-0.17304584,-0.04293855,0.33404455,-0.36996186,0.18994294,0.019834958,0.15390514,0.010384181,0.7172258,-0.4931332,0.27263853,-0.37508285,0.008429408,-0.03921967,-0.34554425,-0.43889832,0.27571285,0.22049943,0.4952915,-0.12881842,0.018181337,0.6809926,-0.10555198,0.14324188,0.1976109,-0.007618632,0.23235647,0.37746552,0.12845014,-0.12258033,-0.034115724,-0.5295995,-0.093611285,-0.30032074,-0.56743664,0.01079694,-0.20073915,-0.5943889,0.13540603,0.1730786,0.034195457,0.19802909,0.20059213,0.3024054,0.17140396,0.20037353,-0.21072052,-0.13792638,0.10727835,-0.035005476,0.11009038,0.056093678,-0.4160333,-0.5351322,0.57014537,-0.6156808,-0.220465,-0.51393205,0.5509497,0.5374286,0.5944044,0.32674855,-0.13106768,0.27611452,-0.16838825,-0.06440866,0.42860547,0.061023794,0.037440553,-0.354846,-0.4014912,0.011638349,0.35672668,-0.06811814,0.96322936,0.73383415,0.55554384,-0.2777127,-0.35555062,0.57036346,0.2937586,-0.5721178,-0.24194868,-0.88312644,-0.01713171,-0.02394214,0.027847992,0.23858829,0.093159154,0.164756,-0.42533162,0.122451015,0.036247797,-0.4573035,0.09842084,-0.3204595,-0.094390534,0.11030649,-0.50507617,-0.37272564,-0.63698775,-0.44337448,0.27915666,-0.23896171,-0.35115707,-0.108736284,0.4374883,-0.86556166,-0.36228207,0.001034977,0.21420585,0.19808248,-0.21833354,0
e7c2b898-cd11-42a1-b309-b4de1ab01965.rna_seq.augmented_star_gene_counts,0.28601977,-0.035123523,0.21715014,-0.10848042,-0.15701853,0.28415024,0.47138622,0.16429612,0.016309403,0.42422858,0.1657485,-0.33425096,-0.49876255,-0.39158872,-0.04594871,-0.0265986,-0.16922426,-0.32259613,0.4080279,-0.046893034,-0.3207027,0.104782015,-0.0077275466,-0.25361055,0.19941248,-0.0119795455,-0.22206007,-0.107764974,0.17440496,0.1402298,0.26217255,-0.25570774,-0.016100438,-0.06741495,-0.08071124,0.3032359,-0.576731,0.6791689,0.058212787,0.05939631,-0.20130844,0.092208266,-0.27182028,-0.038186874,0.4551252,-0.035228003,0.33522668,0.06814396,0.05410467,0.14157371,0.0065387455,-0.121958666,0.67940193,-0.17822693,-0.34765476,-0.114822015,-0.14086252,-0.2557983,-0.31123358,-0.23530158,-0.1457501,-0.18336108,0.05319391,0.052262995,0.14749256,0.23634933,-0.24014992,0.14519717,0.3427604,-0.20285195,-0.18096481,0.38540462,0.2166364,-0.4295113,-0.33730617,-0.16970266,-0.10382666,0.10761129,0.03944268,-0.123176575,-0.3409802,-0.39925292,0.51117295,-0.42909005,0.073366284,0.49556723,-0.17650032,-0.23155564,-0.2676459,-0.77616125,-0.029334962,-0.531078,0.022934273,0.16292988,-0.19354115,-0.12922442,0.11044346,7.920991e-05,0.41527897,-0.13477574,0.11229162,-0.19168444,-0.19751492,-0.14645013,-0.4649503,-0.09817004,0.04373223,-0.035621487,0.248424,0.040160287,-0.05306071,-0.11329831,0.01828022,0.062606536,0.4287152,0.1271467,0.88761514,0.086516626,0.19636384,-0.06947288,-0.23730446,-0.00054606324,0.4280071,-0.218341,-0.07434444,0.302423,-0.058238864,-0.2624672,2
eb44c266-8b8f-4012-ad67-f4ac40698391.rna_seq.augmented_star_gene_counts,0.19899957,-0.23587838,0.23911124,0.058273904,0.067586765,0.14422294,0.08734676,0.097404435,-0.0124745825,0.16890977,0.07660136,0.08439021,0.020237507,-0.02647411,-0.16634625,-0.0016632263,-9.569565e-05,-0.24068725,0.2751086,-0.07258142,-0.122494556,0.0011470651,0.03498094,-0.22334939,0.2933209,-0.092961855,0.05125829,-0.09836881,-0.066085145,0.07391995,0.0062342207,0.083667114,-0.053521376,-0.052507203,-0.050326016,0.13859974,-0.15386876,0.24980012,0.041690692,0.1499229,-0.07047811,-0.07738941,-0.122344516,-0.078137845,0.15912671,-0.17324805,0.0038826377,-0.02872953,0.26430368,0.3513492,0.2463286,0.012269522,0.16194472,-0.13915966,-0.094752,0.058258314,-0.18800092,-0.114692904,-0.10142021,-0.14670621,-0.037593693,0.03763337,-0.03120398,0.16288652,0.009208845,-0.017528018,0.0853678,-0.09661449,-0.014422147,-0.08657608,-0.048609238,0.23707652,0.20751482,-0.24411215,-0.09798788,-0.18313073,0.13806072,0.098998725,-0.13658655,-0.09292051,-0.26001543,-0.08581905,0.08535642,-0.14654778,0.19077319,0.30540094,0.0629679,-0.14098562,0.09739755,-0.28784728,-0.08406415,-0.1602455,0.20442437,-0.04054162,-0.078325555,-0.10906824,-0.011521422,-0.29497403,0.39174595,-0.06567202,0.18673965,0.043669824,-0.16508363,-0.024986997,-0.18065558,0.13392179,-0.18657023,0.09498346,0.056956038,0.0086928345,0.16849478,-0.17879961,0.080909155,0.13676623,0.1630045,0.071704604,0.20355025,-0.21517397,-0.097673476,0.041503847,-0.37161767,-0.086907074,0.288437,-0.11474356,-0.11073141,0.04312741,0.017549118,-0.0042730765,0
ecdac97e-eec5-4753-a572-8aff707178e5.rna_seq.augmented_star_gene_counts,-0.09437668,-0.17096405,0.14609793,0.2114401,0.17883088,-0.021096615,-0.3051327,-0.05833092,-0.038396724,-0.20041789,-0.03622013,0.28135076,0.06570265,0.14907043,0.059339937,-0.15450737,-0.06590499,0.13075949,0.043427862,-0.11393978,0.003053242,0.044324208,-0.080903195,0.098777376,0.062534004,-0.22774424,-0.22402202,-0.0030112416,0.07511598,-0.17269053,-0.007975783,-0.042140193,0.088305,0.2198269,0.29726037,0.053468984,0.09506916,0.20706087,-0.07938121,0.14674313,-0.047825575,0.190324,0.095537454,-0.17720585,-0.04089413,-0.2131932,-0.30292705,-0.03745878,0.21747679,-0.19511381,-0.16435726,-0.1312794,-0.13566822,0.069929436,-0.24889518,0.14115195,-0.09636035,0.11657338,0.11433812,-0.0049077654,0.14477094,0.17013909,-0.1537991,0.047654264,-0.04978352,0.059078064,0.0807139,-0.03612022,0.1249726,-0.122444615,-0.10827608,-0.12483905,-0.22012548,0.151977,0.28879666,0.11113698,0.06395516,0.056631923,-0.07175582,-0.16169257,-0.2527693,0.14617045,0.14923862,-0.012433017,-0.15577696,0.08821988,0.17395325,0.20583715,-0.0047517223,0.33882812,0.2432349,0.19050862,0.12831734,0.04314262,-0.03938232,0.042243276,-0.02510403,-0.37447238,-0.17518908,-0.19965573,0.037614252,0.092758186,0.043069135,0.22102048,0.049808428,0.20510049,0.00015125376,0.13691698,-0.21717724,0.13421968,-0.12743577,-0.032799363,0.38143042,-0.10196692,0.065066494,0.030227326,0.05794862,-0.078327864,-0.2594622,-0.05793212,-0.28460577,0.09687064,-0.36564505,-0.15374704,0.08611823,0.05764707,0.14329499,0.17785329,0
f0024165-4df2-454e-a0cb-17720455c0c9.rna_seq.augmented_star_gene_counts,-0.6797457,-0.3529673,-0.12862648,0.15152043,0.035590842,-0.5217457,-0.39229736,-0.1941334,-0.48666528,-0.23145325,0.106501356,0.53715885,-0.03625336,0.1956264,0.49282745,0.015471747,-0.012513156,0.8284332,-0.2937549,0.64777744,-0.4455735,0.13210994,0.04080505,0.6391457,-0.74137557,0.06792629,-0.6602454,-0.26903072,0.31781036,-0.29866236,-0.64390814,0.55543464,0.15084708,1.130158,-0.044355806,0.10328389,0.4806953,-0.018575942,-0.21992792,-0.09548806,0.09664665,0.35311672,0.7913911,0.17834443,-0.44088018,-0.23467034,0.025990365,-0.24115495,-0.43870994,-0.99224085,-0.40174252,-0.65090466,0.12135763,-0.49272183,-0.23616156,-0.19137365,0.20300871,-0.07162854,0.49314824,-0.3705937,0.2830308,-0.9406356,0.24782737,0.32397997,0.31971455,0.20253502,-0.35482377,-0.39817795,-0.18087894,0.12791477,-0.978022,-0.48594627,-0.86874986,0.0075708805,0.8283049,0.45108473,0.007420378,0.14176542,0.24246258,-0.50308526,0.32984546,0.14236306,0.6102767,0.04346981,-0.8697858,-0.20324965,-0.33926967,0.12333317,-1.2441201,0.701785,1.3729296,0.3830889,-0.76124424,-0.27780995,0.9840214,0.6939527,-0.80378115,0.0618472,-1.322514,-0.07711111,-0.43042347,-0.24276994,-0.21459776,0.09550666,-0.59898794,-0.6274484,0.7903571,-0.22266836,0.047976974,0.26303503,-0.53325665,-0.61299473,-0.41653576,-0.54667985,-0.2574125,-0.63001966,-0.24711479,0.47918478,-0.27652726,-0.47263914,-0.096149966,1.1383225,-1.3160442,-0.6561223,-0.13509531,0.561516,-0.009581601,-0.43709847,0
f13d5df0-7293-4453-942f-2b49a3d33057.rna_seq.augmented_star_gene_counts,-0.20321475,-0.3078988,-0.15461917,0.1512303,0.1194793,-0.33180285,-0.13860796,-0.0153740635,-0.1670787,0.031583287,0.033984404,0.41451332,0.16246088,0.34879583,-0.3088999,-0.09848293,0.20620798,-0.50160164,0.15591383,0.13734473,0.104868166,0.107500896,0.010059038,0.15979494,0.3532857,0.051927373,0.090477295,-0.25480118,-0.37024286,0.17528795,-0.2729894,0.03529168,-0.5196189,-0.4947216,-0.10613002,-0.027277257,-0.047753148,-0.37985438,0.17310193,0.3782444,0.19666669,0.06543401,-0.10521652,0.09340661,0.12854247,0.3050724,0.018970424,-0.015982466,0.66945225,0.62644017,0.6217984,-0.078906775,-0.5008622,-0.17748341,0.29676524,-0.121726915,0.043702506,-0.12004381,-0.12304712,0.18538626,0.11601785,0.2491525,0.1435659,0.55884796,-0.2116359,-0.053992312,0.37586674,-0.35016632,-0.52062744,0.20886788,0.057360653,-0.43097064,0.41272983,0.15465048,-0.12382969,0.11181218,0.33575666,-0.08103189,0.17422919,0.14259791,-0.276821,0.21604934,-0.46893385,0.30783147,0.49654517,-0.20588909,0.07159259,-0.17401588,0.9254608,0.18673386,-0.3608331,0.07376165,0.6057111,-0.19382414,-0.1845496,-0.3899258,-0.3471809,-0.46968052,0.3055694,-0.13252729,0.4373293,0.54379255,-0.3528916,-0.18471509,0.061272938,0.1802328,-0.22833972,-0.16868165,0.017906899,-0.24258547,0.6143925,0.11701772,-0.27444568,0.27810952,0.3149976,0.3603827,-0.279615,-0.4394961,-0.29704666,-0.14548267,0.06402926,-0.8445492,0.69605565,0.3803586,-0.13171619,-0.10905438,-0.29108417,0.281181,0
f2dda955-5a39-43c1-93a2-83953b2b91d1.rna_seq.augmented_star_gene_counts,-0.1445922,-0.32166064,-0.01314349,0.30511844,0.261638,0.029115435,-0.3511217,-0.051775422,-0.06437003,-0.2012588,-0.14328723,0.24401572,-0.09995647,0.13222921,0.0848491,-0.28731227,-0.274985,0.28125983,-0.059514668,-0.003081048,0.0042708023,0.074809425,0.11418657,0.2216446,-0.148327,-0.059685785,-0.40812472,-0.09562198,0.23941807,-0.38388905,-0.09691343,0.04973889,0.30568045,0.48677957,0.16192617,0.078110166,0.07849479,0.40718502,-0.10310251,0.12072798,-0.05228176,0.1781651,0.11987689,-0.081106186,-0.21778628,-0.23639885,-0.19757704,-0.08492754,0.08040367,-0.45889828,-0.48253396,-0.32540008,-0.08480126,-0.04117531,-0.26240918,0.1481054,0.07897025,0.13950913,0.2403213,-0.027526598,0.25122166,0.04059419,-0.27908888,-0.16422285,-0.057528608,0.11271887,-0.049120326,-0.05049242,0.29149786,-0.21712978,-0.25235835,0.0098462645,-0.29209635,0.054375596,0.48292315,0.07759539,0.024945602,-0.008682364,-0.14170553,-0.41517863,-0.39284897,0.16367468,0.3596741,-0.05405633,-0.43360567,0.04042311,0.2890824,0.16119596,-0.30858362,0.5519106,0.18705434,0.23057161,0.043375313,-0.08168352,0.21379226,0.13420632,-0.002686906,-0.36650744,-0.27413428,-0.17667371,0.030610971,-0.14378639,0.17672572,0.16041283,0.05617664,-0.010419112,0.1367506,0.17744134,-0.215068,0.2876422,-0.28791013,0.09300896,0.48779845,-0.21586758,0.00766269,-0.04676246,0.10887122,0.20309003,-0.26163745,-0.1547985,-0.22858563,0.2536761,-0.6838335,-0.19932222,0.3663942,0.044467866,0.16810651,-0.026008181,0
f532a6be-de3e-420c-960a-23627589e7ad.rna_seq.augmented_star_gene_counts,-0.38721338,-0.08518425,-0.4047956,0.51013917,0.30035225,-0.5270787,-1.5033967,-0.7655399,-0.44660646,-0.42151278,-0.54558027,1.1793886,0.3521298,0.796464,0.8598133,-0.18481997,0.047354814,0.7719312,-1.1269968,0.2425799,-0.10210475,0.011214108,0.11102724,0.75831664,-1.1546052,-0.053669877,-1.0491234,0.12861903,0.15284829,-0.8245996,-0.57857096,0.6562408,1.0412273,1.1367532,0.053128615,-0.1659301,1.1710042,0.3181898,-0.49291095,-0.06075455,-0.024964003,0.16131334,1.0125955,0.36611816,-0.48485655,-0.95682037,-1.0937133,0.22621949,-0.46505418,-1.5126871,-0.4376343,-0.61113185,-0.75093246,-0.13522533,0.42690715,0.36603606,0.62470144,0.331554,0.48087177,-0.09116286,0.33086687,-0.47933352,-0.254118,-0.23647612,-0.040811896,-0.17808484,-0.24886365,-1.0473742,-0.0596454,0.30489913,-0.5656531,-0.058820125,-1.5555793,0.48810735,1.1518196,1.1881657,0.20554818,-0.14366706,0.40839487,-0.62456554,0.1841921,0.63730496,0.51411635,0.32805416,-1.0859854,-0.98488593,-0.13270643,0.5928448,-0.9484659,1.327693,1.8810629,0.7958817,-0.70893615,-0.46253785,1.1248937,1.079614,-0.90537375,0.4904877,-2.140896,0.1302678,-0.7108758,-0.24400891,0.5214513,0.23302364,0.26559407,-0.4557968,0.43403453,-0.03642745,-0.82477945,0.69238436,-0.58313596,-0.41630164,0.3186575,-0.71037084,-0.8553576,-1.4793348,-1.0015973,0.9436188,-0.33927795,-0.6771505,-0.43025377,1.3709852,-1.9108187,-1.0960835,-0.087755084,0.21380027,0.8189758,-0.5800352,0
f7c6320e-0c39-4b92-9a25-fd4e03b70362.rna_seq.augmented_star_gene_counts,-0.35758543,0.23505053,-0.32936484,0.4938071,0.38531023,-0.5493576,-1.0549166,-0.7686037,-0.24287948,-0.49075523,-0.53065425,0.8711258,0.44330403,0.48330542,0.6256562,-0.27531475,0.078319795,0.6748008,-0.84583634,0.11684253,0.047969934,0.046870597,-0.024476262,0.6799137,-0.66439617,0.14909998,-0.6703501,0.038627196,0.21818797,-0.41753423,-0.4955655,0.47325712,0.7126677,0.917424,0.09816045,-0.24058338,0.9372711,-0.05869634,0.031420898,0.018783402,-0.1282816,0.04595477,0.7295293,0.20044042,-0.3748347,-0.3759997,-0.9623946,0.08411187,-0.41111618,-1.174663,-0.063734196,-0.19566566,-0.9330033,0.0807949,0.41392565,0.21969922,0.6002128,0.14330573,0.5873707,-0.024904534,0.27854583,-0.38842085,-0.23027785,-0.0682679,0.11459568,-0.35554743,-0.120525986,-0.79734355,-0.25771424,0.58304435,-0.5031012,-0.11231629,-1.3302734,0.61442477,0.73373026,0.93332934,0.3431308,-0.14792375,0.25648513,-0.2563002,-0.026031354,0.53304464,0.07967479,0.26536417,-0.71670073,-0.8940669,-0.034047116,0.7806158,-0.6716641,1.2244074,1.2620541,0.821709,-0.4763192,-0.44283825,0.92360353,0.8279547,-0.69497114,0.08528331,-1.6910912,0.16482,-0.43617094,-0.16708541,0.5801679,0.050178304,0.09833971,-0.4282604,0.14836258,-0.084194034,-0.5788242,0.28603157,-0.35356778,-0.067400284,0.43295762,-0.5425357,-0.68984073,-1.2303119,-0.7776864,1.0241531,-0.30929247,-0.59989583,-0.061163,0.7448263,-1.5667557,-0.7556018,-0.0007473715,0.073466934,0.63364357,-0.4152349,0
f7efa9c4-e7e2-406a-98e5-596f787c810e.rna_seq.augmented_star_gene_counts,-0.00089795527,-0.099221386,0.08479516,0.0964408,0.1479255,-0.07789187,-0.41114244,-0.0613158,-0.1475634,-0.13402188,-0.030790392,0.30551416,0.08467364,0.11134716,0.13757282,-0.2358727,-0.18137243,0.10008893,-0.0021781067,0.032480452,0.0746257,0.12163058,-0.0834677,0.040842067,0.086458325,0.0076373806,-0.17507568,-0.01328332,0.050360702,-0.08330478,-0.2272919,0.1123455,0.002633862,0.060776424,-0.02536984,0.00070126663,0.08222737,-0.09449567,-0.1095663,0.20566307,-0.036021173,0.12053977,0.17763989,-0.016572542,-0.045399915,-0.1164508,-0.32973495,-0.20203729,0.09597058,-0.04632411,-0.0349105,-0.04018365,-0.31729922,0.11683184,-0.05912243,0.005397532,-0.0714307,0.051719226,0.048714884,0.0777726,0.14787099,0.16228087,-0.20738135,0.1605213,-0.15134378,0.10740423,0.087480925,-0.16375811,-0.021776963,0.020390041,-0.15755536,-0.09663812,-0.14945927,0.09787952,0.2012737,0.19085035,0.120274335,0.07487164,-0.052893188,-0.15856831,-0.27538562,0.28521043,0.05634725,-0.014401866,-0.0032964144,-0.034210335,0.12263416,0.09446459,0.13983229,0.45666265,0.11488912,0.27452388,0.14011264,0.043180246,-0.04463881,0.030280065,-0.2489705,-0.41368195,-0.14010666,-0.1219924,0.032545988,0.115373746,0.014854737,0.10984159,0.026957886,0.064046234,-0.057571366,-0.01321962,-0.28561988,0.086159095,0.040329453,-0.034222405,0.24193451,-0.25203738,0.07614538,0.0948067,-0.035351776,-0.02929622,-0.14720409,-0.071236804,-0.11220282,0.047086142,-0.19937767,-0.1789068,0.012544799,0.10324314,0.0027398826,0.1964356,0
f8efdeb0-a8f8-4e2d-a52e-43d033e4ce6f.rna_seq.augmented_star_gene_counts,-0.08212628,-0.32782713,-0.18166062,0.23058677,-0.046404727,0.25154892,-0.27769306,-0.061205868,-0.16743264,0.10223029,0.010178359,-0.04900296,-0.13192227,0.026325867,0.3161541,-0.20742972,-0.24533668,0.32463062,0.031315193,0.005957008,-0.079846054,-0.024840811,0.30095288,0.27787143,-0.12733872,0.016075632,-0.49567106,-0.12547687,0.55630326,-0.07334105,-0.09792646,0.047044825,0.3990361,0.6572798,0.18198077,0.078895964,-0.16546443,0.74883455,-0.05332299,-0.10560544,-0.07746899,0.22592786,0.4883575,-0.023971792,-0.386651,-0.24928974,-0.034788594,-0.04743271,0.13355786,-0.6199356,-0.5381967,-0.36580312,0.1516164,-0.05473975,-0.3653264,-0.039569236,-0.04057719,0.13179865,-0.049480904,-0.38381597,0.15769826,-0.42085162,0.0024992952,-0.44202387,0.11620625,-0.045645107,-0.21997322,0.06844391,0.39198166,-0.33016908,-0.3879823,0.011528096,-0.2906559,-0.2530006,0.45544422,0.11386002,-0.2517095,-0.08748727,-0.15801401,-0.49513113,-0.24506614,-0.14004593,0.7626271,-0.058505066,-0.5548186,0.35369843,0.35717267,0.451712,-0.81768316,0.3396829,0.42788675,0.032805488,0.013374813,-0.019586954,0.22163521,0.21368802,0.043897882,-0.026461735,-0.11356946,-0.12680861,-0.10734608,-0.3204144,0.08204141,0.078021936,-0.18891597,-0.076957464,0.33878252,0.020937642,0.23101285,0.27743685,-0.30445167,0.022881832,0.37254462,-0.25316516,0.03607179,-0.19607596,0.27874514,0.14414635,-0.2638694,-0.23041286,-0.23449628,0.6211415,-0.48133862,-0.15786901,0.26052883,0.120963134,0.27364016,-0.023070177,0
f8ff90c6-3554-4e19-ae56-18f30f51f9b5.rna_seq.augmented_star_gene_counts,0.34983227,-0.07949897,0.17370906,0.069526955,-0.009125393,-0.060463272,0.17193134,0.2669263,-0.17199382,0.20032719,0.22021589,0.0006234151,-0.34822685,-0.31624943,-0.3713347,0.032811597,-0.025711143,-0.072965614,0.21481709,0.29165336,-0.029117499,-0.0639352,-0.13279709,-0.17738326,0.2924269,0.31547588,0.20363319,-0.09151939,-0.11094478,0.13947491,-0.058937307,0.17175435,-0.06122183,-0.5852254,-0.0048740422,0.19482929,-0.20188504,0.22334537,0.073224984,0.20622256,-0.18223426,-0.007596014,-0.27741024,-0.106889874,0.32506314,0.0954269,0.36982253,-0.04085251,0.023275496,0.23325428,0.169642,0.1261066,0.20435171,-0.087623976,-0.21983384,-0.18236372,-0.02989228,-0.010478891,-0.16995691,-0.0996609,-0.23534179,-0.37358475,0.082259685,0.22779721,0.16051306,0.10047208,0.10171064,0.13550802,0.08098205,0.0153945405,0.25610334,0.1971147,0.19960451,-0.4529302,-0.35239786,-0.3164346,0.013995289,-0.013424054,-0.0690776,-0.07981931,-0.019688496,-0.21434955,0.109413795,-0.10789488,0.13278845,0.26051867,-0.070029184,-0.31115246,0.046715476,-0.5431204,-0.2224667,-0.29497936,-0.008949325,0.19086692,-0.18323426,-0.3380301,0.112418376,-0.16090426,0.47023666,0.11384142,0.20009254,-0.10806988,-0.22428907,-0.115203075,-0.28811762,-0.1947593,0.12213861,0.035959695,0.13140342,-0.02260234,-0.09824168,-0.05115425,-0.33709407,-0.097249694,0.24020839,0.11997863,0.34419164,0.05166449,-0.04782701,0.008217458,-0.14786664,-0.23608717,0.48972037,-1.652015e-05,-0.273259,0.2820849,-0.05273161,0.038870286,2
fb49b14e-d40f-4270-98b3-458ce60f2cde.rna_seq.augmented_star_gene_counts,0.2841206,-0.08265868,0.05558851,-0.1848588,-0.16401425,0.13927759,0.4974466,0.29311332,-0.10426653,0.5412885,0.120802306,-0.3377655,-0.4765595,-0.58319914,-0.23145905,0.001694684,-0.23225112,-0.28340504,0.45723137,0.042227298,-0.4874596,0.02722254,-0.15018062,-0.18762755,0.21266049,0.2785482,0.03204405,-0.016286712,0.05852889,0.18482068,0.20759793,-0.13733424,-0.15407814,-0.1397091,-0.33270365,0.35808608,-0.5646687,0.51565087,0.052146815,0.13030638,-0.15469958,0.034975532,-0.27050394,0.029538412,0.44578537,0.2118424,0.38559783,-0.018161912,0.04791644,0.2583643,0.19334644,-0.14338395,0.65411407,-0.117462754,-0.44772765,-0.08614731,-0.09060337,-0.23585242,-0.4722853,-0.1456286,-0.0012619721,-0.3333988,0.16254006,0.16314147,0.25284195,0.16711514,-0.26730454,0.19096102,0.24714765,-0.26952428,-0.07699808,0.25793377,0.20028834,-0.48816782,-0.36914945,-0.2550657,-0.06369361,0.11925883,-0.14796442,-0.065523766,-0.08755953,-0.34130543,0.5200552,-0.3656311,0.07964896,0.43678743,-0.07653109,-0.3323239,-0.16575459,-0.73036194,0.08413506,-0.41225955,-0.0010393598,0.17408328,0.017136356,-0.1881115,0.049034126,-0.10941885,0.37189835,-0.11228982,0.13249813,-0.19015035,-0.21293259,-0.27165753,-0.6165353,-0.16873285,0.16402645,-0.010685701,0.42025125,-0.14626767,-0.07563779,-0.10718959,-0.08070618,-0.077164486,0.4110296,0.007899359,0.88467497,0.011475863,0.10303703,0.05786055,-0.2849454,-0.24230231,0.5769738,-0.2378525,-0.24242751,0.36821696,-0.13590156,-0.24110167,2
fb9c23f2-8694-41ca-a126-a5a131abeac1.rna_seq.augmented_star_gene_counts,0.14071488,0.2001141,0.20525794,0.14564186,0.2366021,-0.022163842,0.0971798,0.31176183,0.11524352,0.16815232,-0.18564901,0.07730261,-0.18687807,0.09675568,-0.31788754,0.03107263,-0.12456758,-0.009868909,0.023192985,0.14753482,0.06351206,-0.098492056,-0.12596525,0.009700638,0.33069038,0.3634764,0.38154042,-0.007136589,-0.31886417,0.16239285,-0.09308016,0.4430162,0.078858815,-0.7348786,0.073595524,0.058483187,-0.05166987,0.06530982,-0.14051792,0.08252255,0.07154238,-0.13309328,-0.14866628,0.10536496,0.19019802,0.15062828,0.07767219,0.13750473,-0.035578925,0.16079924,0.2038342,0.30189702,0.016479691,-0.16812465,0.17593388,-0.027020993,-0.09720481,0.17052649,0.09451776,0.051034883,-0.07449165,-0.14599611,0.24836835,0.25415957,0.18602443,-0.013483889,0.11582895,0.05247437,0.1377167,0.2647272,0.16995995,0.03732143,2.8265318e-05,-0.32275525,-0.3240761,-0.15640648,0.013214496,-0.22731502,-0.009419566,0.1525971,0.17542158,-0.18503927,0.06909143,0.09327649,0.30065295,-0.14551854,-0.060791712,-0.24211559,0.23963886,-0.22728108,-0.20054516,0.124856606,-0.10254104,0.22441487,-0.15243518,-0.6108094,0.2634033,0.01936873,0.116598465,0.33413193,0.1612583,0.00015089726,-0.11228141,-0.2413299,0.084481515,-0.107410595,0.11967698,-0.15159848,-0.035221703,-0.15034264,0.01478,-0.10542283,-0.23573676,0.09012887,-0.043123815,-0.26158944,0.107626796,0.045885913,0.06025134,-0.057446238,-0.0007298357,-0.35030308,0.14877333,0.10103826,-0.38282165,0.24937269,0.170685,-0.026791789,0
fd71e0e9-e77a-465b-b118-b1f9665d5797.rna_seq.augmented_star_gene_counts,-0.035735194,-0.34215692,0.05913145,-0.010343118,-0.00826913,-0.064086094,-0.023911268,0.053421047,-0.111803316,0.17234361,-0.04195724,0.2553849,0.13103963,-0.076440714,-0.14414454,0.015449746,0.11496082,-0.42599374,0.15501948,-0.19513288,-0.06200099,0.06058901,0.07856925,-0.302896,0.23816909,-0.17903171,-0.19315892,-0.25026545,-0.10473435,0.078368604,0.025191655,-0.100566424,-0.2244339,-0.1668651,-0.017771114,-0.06256273,-0.22436503,0.02230287,0.0041147796,0.12058406,-0.14576809,0.073680334,-0.11366322,0.16797751,0.13850743,0.13796093,0.090578616,0.07319637,0.5668734,0.24155074,0.46596944,-0.093097575,-0.16643181,-0.011711034,-0.04117394,0.094795644,-0.30780518,-0.24308315,-0.05346339,0.065594666,-0.004044702,0.19207194,-0.032107443,0.23708633,-0.11441365,-0.15491101,0.33576185,-0.036226794,0.12937887,-0.1944781,0.10822806,-0.06132071,0.30231783,0.08894352,-0.23835427,-0.03326094,-0.027793296,-0.01542434,-0.22955762,-0.076141015,-0.3143763,0.09786452,-0.21158856,0.040601823,0.23425317,0.15745327,0.1358039,-0.20191264,0.5573991,0.029398128,-0.073109,0.0035185234,0.46648696,0.036079362,-0.2552469,-0.24362068,-0.13402973,-0.44278198,0.36027637,-0.19616126,0.18459445,0.26165926,-0.16639337,-0.064255275,0.01758998,0.092005104,-0.14460868,-0.038940825,-0.03800491,-0.052828033,0.38732243,-0.14643548,0.15056977,0.2147424,0.385459,0.16472587,0.28091377,-0.3297051,-0.28038985,-0.050632983,-0.1581644,-0.3237744,0.56303847,-0.021257455,-0.18169825,-0.08869972,0.07323926,0.11422581,0
ff0feb3e-6d14-4297-ac23-1eb397663ec3.rna_seq.augmented_star_gene_counts,-0.061450414,0.08364944,0.11402014,-0.2951384,0.0938349,0.40423888,-0.43642375,-0.532677,0.39739397,-0.2000418,0.0076563526,0.22005324,0.13303296,0.30954334,0.1848029,-0.24533707,0.0031353626,0.106969304,-0.3192292,-0.5536297,0.39884844,0.0056024464,0.07371631,-0.014686407,-0.22743198,-0.15217532,-0.156959,-0.1479403,0.5183814,-0.15194227,0.47231805,-0.11212546,0.56695503,0.34142876,0.45317477,-0.23405601,0.25899896,0.00627851,0.016679844,-0.15383938,0.037883703,-0.028015299,0.54516715,-0.12483786,-0.495866,-0.46396187,-0.06929137,0.13342325,-0.20532826,-0.6924867,-0.8127223,0.1413853,0.08610302,0.26264995,-0.2075708,0.44849858,0.3472001,0.092020676,0.35142338,-0.20690675,-0.34137577,0.14213347,-0.40071502,-0.7360198,-0.14112332,0.13437146,0.40182924,0.2190347,0.7350679,-0.07540479,0.36337364,-0.08506961,-0.3615391,0.15253776,0.4102406,-0.006157169,-0.19172199,-0.2625273,0.03642994,-0.15423983,-0.2243984,-0.029355127,0.22404522,0.014868851,-0.396812,-0.19640896,0.20630178,0.10563589,-0.6177858,0.10583202,0.45379126,-0.0876278,0.25976306,0.06853198,-0.41663545,-0.0047112303,0.89315116,-0.1803443,-0.32953438,-0.41099635,-0.19997846,-0.29905406,0.39599615,0.41678017,0.07266361,0.35351336,-0.19974895,0.53614783,0.0039536273,0.5227693,-0.27948192,0.43589878,0.8975264,0.0507435,-0.24141873,0.14998063,0.17695372,0.43070334,-0.25224814,0.17107719,-0.060544543,0.2860595,-0.5577251,-0.021588352,0.19997351,-0.40397123,0.41479552,-0.16294624,0
